Workbook
Name SegmentaciónDeDatos_FECHA: #N/A
Name SegmentaciónDeDatos_FECHA1: #N/A
Name SegmentaciónDeDatos_FECHA2: #N/A

Sheet INVENTARIO Y CONSUMO GEM  
A1: FECHA | B1: DIA | C1: ANALISIS TURNO | D1: # TURNO | E1: DILIGENCIAR BITACORA | F1: FINAL ACIDO (L) | G1: FINAL COAGULANTE (L) | H1: FINAL DECOLORANTE (L) | I1: FINAL POL ANIONICO (KG) | J1: FINAL POL CATIONICO (KG) | K1: Lectura Horometro INICIAL (06:00) | L1: CAUDAL TOTAL TRATADO GEM | M1: CAUDAL DE TRATAMIENTO | N1: CONSUMO LITROS ACIDO (L) | O1: CONSUMO LITROS COAGULANTE (L) | P1: CONSUMO LITROS DECOLORANTE (L) | Q1: CONSUMO POL ANIONICO (KG) | R1: CONSUMO POL CATIONICO (KG) | S1: KG ACIDO | T1: KG COAGULANTE | U1: KG DECOLORANTE | V1: KG POL ANIONICO | W1: KG POL CATIONICO | X1: PPM ACIDO | Y1: PPM COAGULANTE | Z1: PPM DECOLORANTE | AA1: PPM POL ANIONICO | AB1: PPM POL CATIONICO | AC1: DENSIDAD ACIDO | AD1: DENSIDAD COAGULANTE | AE1: DENSIDAD DECOLORANTE | AF1: DENSIDAD ANIONICO | AG1: DENSIDAD CATIONICO | AH1: PRECIO (KG) ACIDO | AI1: PRECIO (KG) COAGULANTE | AJ1: PRECIO (KG) DECOLORANTE | AK1: PRECIO (KG) ANIONICO | AL1: PRECIO (KG) CATIONICO | AM1: COSTO OPERATIVO ACIDO | AN1: COSTO OPERATIVO COAGULANTE | AO1: COSTO OPERATIVO DECOLORANTE | AP1: COSTO OPERATIVO ANIONICO | AQ1: COSTO OPERATIVO CATIONICO | AR1: COSTO QUIMICA | AS1: LIMITE INDICADOR M3 | AT1: $ m3
A2: 46054 | B2: =DAY(Tabla1[[#This Row],[FECHA]]) -> 1 | C2: 1 (NOCHE) | D2: 1 | E2: FINAL TURNO 3 | F2: 4360 | G2: 6480 | H2: 1510 | I2: 165 | J2: 60 | K2: 16839 | L2: =+(K3-Tabla1[[#This Row],[Lectura Horometro INICIAL (06:00)]])*Tabla1[[#This Row],[CAUDAL DE TRATAMIENTO]] -> 0 | M2: 75 | N2: =F2-F3 -> 0 | O2: =G2-G3 -> 0 | P2: =H2-H3 -> 0 | Q2: =I2-I3 -> 0 | R2: 0 | S2: =(N2*$AC$2) -> 0 | T2: =(O2*$AD$2) -> 0 | U2: =(P2*$AE$2) -> 0 | V2: =Tabla1[[#This Row],[CONSUMO POL ANIONICO (KG)]] -> 0 | W2: =Tabla1[[#This Row],[CONSUMO POL CATIONICO (KG)]] -> 0 | X2: =(S2*1000)/L2 -> #DIV/0! | Y2: =(T2*1000)/L2 -> #DIV/0! | Z2: =(U2*1000)/L2 -> #DIV/0! | AA2: =(V2*1000)/L2 -> #DIV/0! | AB2: =(W2*1000)/L2 -> #DIV/0! | AC2: 1.3 | AD2: 1.325 | AE2: 1.25 | AF2: 2500 | AG2: 2500 | AH2: 830 | AI2: 2900 | AJ2: 6295 | AK2: 19050 | AL2: 22050 | AM2: =S2*AH2 -> 0 | AN2: =T2*AI2 -> 0 | AO2: =U2*AJ2 -> 0 | AP2: =V2*AK2 -> 0 | AQ2: =W2*AL2 -> 0 | AR2: =SUM(Tabla1[[#This Row],[COSTO OPERATIVO ACIDO]:[COSTO OPERATIVO CATIONICO]]) -> 0 | AS2: 5250 | AT2: =AR2/L2 -> #DIV/0!
A3: =A2 -> 46054 | B3: =DAY(Tabla1[[#This Row],[FECHA]]) -> 1 | C3: 2 (MAÑANA) | D3: 2 | E3: FINAL TURNO 1 | F3: 4360 | G3: 6480 | H3: 1510 | I3: 165 | J3: 60 | K3: 16839 | L3: =+(K4-Tabla1[[#This Row],[Lectura Horometro INICIAL (06:00)]])*Tabla1[[#This Row],[CAUDAL DE TRATAMIENTO]] -> 0 | M3: 75 | N3: =F3-F4 -> 0 | O3: =G3-G4 -> 0 | P3: =H3-H4 -> 0 | Q3: =I3-I4 -> 0 | R3: 0 | S3: =(N3*$AC$2) -> 0 | T3: =(O3*$AD$2) -> 0 | U3: =(P3*$AE$2) -> 0 | V3: =Tabla1[[#This Row],[CONSUMO POL ANIONICO (KG)]] -> 0 | W3: =Tabla1[[#This Row],[CONSUMO POL CATIONICO (KG)]] -> 0 | X3: =(S3*1000)/L3 -> #DIV/0! | Y3: =(T3*1000)/L3 -> #DIV/0! | Z3: =(U3*1000)/L3 -> #DIV/0! | AA3: =(V3*1000)/L3 -> #DIV/0! | AB3: =(W3*1000)/L3 -> #DIV/0! | AC3: 1.3 | AD3: 1.325 | AE3: 1.25 | AF3: 2500 | AG3: 2500 | AH3: 830 | AI3: 2900 | AJ3: 6295 | AK3: 19050 | AL3: 22050 | AM3: =S3*AH3 -> 0 | AN3: =T3*AI3 -> 0 | AO3: =U3*AJ3 -> 0 | AP3: =V3*AK3 -> 0 | AQ3: =W3*AL3 -> 0 | AR3: =SUM(Tabla1[[#This Row],[COSTO OPERATIVO ACIDO]:[COSTO OPERATIVO CATIONICO]]) -> 0 | AS3: 5250 | AT3: =AR3/L3 -> #DIV/0!
A4: =A3 -> 46054 | B4: =DAY(Tabla1[[#This Row],[FECHA]]) -> 1 | C4: 3(TARDE) | D4: 3 | E4: FINAL TURNO 2 | F4: 4360 | G4: 6480 | H4: 1510 | I4: 165 | J4: 60 | K4: 16839 | L4: =+(K5-Tabla1[[#This Row],[Lectura Horometro INICIAL (06:00)]])*Tabla1[[#This Row],[CAUDAL DE TRATAMIENTO]] -> 0 | M4: 75 | N4: =F4-F5 -> 0 | O4: =G4-G5 -> 0 | P4: =H4-H5 -> 0 | Q4: =I4-I5 -> 0 | R4: 0 | S4: =(N4*$AC$2) -> 0 | T4: =(O4*$AD$2) -> 0 | U4: =(P4*$AE$2) -> 0 | V4: =Tabla1[[#This Row],[CONSUMO POL ANIONICO (KG)]] -> 0 | W4: =Tabla1[[#This Row],[CONSUMO POL CATIONICO (KG)]] -> 0 | X4: =(S4*1000)/L4 -> #DIV/0! | Y4: =(T4*1000)/L4 -> #DIV/0! | Z4: =(U4*1000)/L4 -> #DIV/0! | AA4: =(V4*1000)/L4 -> #DIV/0! | AB4: =(W4*1000)/L4 -> #DIV/0! | AC4: 1.3 | AD4: 1.325 | AE4: 1.25 | AF4: 2500 | AG4: 2500 | AH4: 830 | AI4: 2900 | AJ4: 6295 | AK4: 19050 | AL4: 22050 | AM4: =S4*AH4 -> 0 | AN4: =T4*AI4 -> 0 | AO4: =U4*AJ4 -> 0 | AP4: =V4*AK4 -> 0 | AQ4: =W4*AL4 -> 0 | AR4: =SUM(Tabla1[[#This Row],[COSTO OPERATIVO ACIDO]:[COSTO OPERATIVO CATIONICO]]) -> 0 | AS4: 5250 | AT4: =AR4/L4 -> #DIV/0!
A5: 46055 | B5: =DAY(Tabla1[[#This Row],[FECHA]]) -> 2 | C5: 2 (NOCHE) | D5: 4 | E5: FINAL TURNO 3 | F5: 4360 | G5: 6480 | H5: 1510 | I5: 165 | J5: 60 | K5: 16839 | L5: =+(K6-Tabla1[[#This Row],[Lectura Horometro INICIAL (06:00)]])*Tabla1[[#This Row],[CAUDAL DE TRATAMIENTO]] -> 225 | M5: 75 | N5: =F5-F6 -> 70 | O5: =G5-G6 -> 300 | P5: =H5-H6 -> 30 | Q5: =I5-I6 -> 0 | R5: =J5-J6 -> 5 | S5: =(N5*$AC$2) -> 91 | T5: =(O5*$AD$2) -> 397.5 | U5: =(P5*$AE$2) -> 37.5 | V5: =Tabla1[[#This Row],[CONSUMO POL ANIONICO (KG)]] -> 0 | W5: =Tabla1[[#This Row],[CONSUMO POL CATIONICO (KG)]] -> 5 | X5: =(S5*1000)/L5 -> 404.44444 | Y5: =(T5*1000)/L5 -> 1766.6667 | Z5: =(U5*1000)/L5 -> 166.66667 | AA5: =(V5*1000)/L5 -> 0 | AB5: =(W5*1000)/L5 -> 22.222222 | AC5: 1.3 | AD5: 1.325 | AE5: 1.25 | AF5: 2500 | AG5: 2500 | AH5: 830 | AI5: 2900 | AJ5: 6295 | AK5: 19050 | AL5: 22050 | AM5: =S5*AH5 -> 75530 | AN5: =T5*AI5 -> 1152750 | AO5: =U5*AJ5 -> 236062.5 | AP5: =V5*AK5 -> 0 | AQ5: =W5*AL5 -> 110250 | AR5: =SUM(Tabla1[[#This Row],[COSTO OPERATIVO ACIDO]:[COSTO OPERATIVO CATIONICO]]) -> 1574592.5 | AS5: 5250 | AT5: =AR5/L5 -> 6998.1889
A6: =A5 -> 46055 | B6: =DAY(Tabla1[[#This Row],[FECHA]]) -> 2 | C6: 3 (MAÑANA) | D6: 5 | E6: FINAL TURNO 1 | F6: 4290 | G6: 6180 | H6: 1480 | I6: 165 | J6: 55 | K6: 16842 | L6: =+(K7-Tabla1[[#This Row],[Lectura Horometro INICIAL (06:00)]])*Tabla1[[#This Row],[CAUDAL DE TRATAMIENTO]] -> 300 | M6: 75 | N6: =F6-F7 -> 340 | O6: =G6-G7 -> 340 | P6: =H6-H7 -> 100 | Q6: =I6-I7 -> 0 | R6: =J6-J7 -> 5 | S6: =(N6*$AC$2) -> 442 | T6: =(O6*$AD$2) -> 450.5 | U6: =(P6*$AE$2) -> 125 | V6: =Tabla1[[#This Row],[CONSUMO POL ANIONICO (KG)]] -> 0 | W6: =Tabla1[[#This Row],[CONSUMO POL CATIONICO (KG)]] -> 5 | X6: =(S6*1000)/L6 -> 1473.3333 | Y6: =(T6*1000)/L6 -> 1501.6667 | Z6: =(U6*1000)/L6 -> 416.66667 | AA6: =(V6*1000)/L6 -> 0 | AB6: =(W6*1000)/L6 -> 16.666667 | AC6: 1.3 | AD6: 1.325 | AE6: 1.25 | AF6: 2500 | AG6: 2500 | AH6: 830 | AI6: 2900 | AJ6: 6295 | AK6: 19050 | AL6: 22050 | AM6: =S6*AH6 -> 366860 | AN6: =T6*AI6 -> 1306450 | AO6: =U6*AJ6 -> 786875 | AP6: =V6*AK6 -> 0 | AQ6: =W6*AL6 -> 110250 | AR6: =SUM(Tabla1[[#This Row],[COSTO OPERATIVO ACIDO]:[COSTO OPERATIVO CATIONICO]]) -> 2570435 | AS6: 5250 | AT6: =AR6/L6 -> 8568.1167
A7: =A6 -> 46055 | B7: =DAY(Tabla1[[#This Row],[FECHA]]) -> 2 | C7: 3(TARDE) | D7: 6 | E7: FINAL TURNO 2 | F7: 3950 | G7: 5840 | H7: 1380 | I7: 165 | J7: 50 | K7: 16846 | L7: =+(K8-Tabla1[[#This Row],[Lectura Horometro INICIAL (06:00)]])*Tabla1[[#This Row],[CAUDAL DE TRATAMIENTO]] -> 600 | M7: 75 | N7: =F7-F8 -> 30 | O7: =G7-G8 -> 180 | P7: =H7-H8 -> 40 | Q7: =I7-I8 -> 2.5 | R7: =J7-J8 -> 5 | S7: =(N7*$AC$2) -> 39 | T7: =(O7*$AD$2) -> 238.5 | U7: =(P7*$AE$2) -> 50 | V7: =Tabla1[[#This Row],[CONSUMO POL ANIONICO (KG)]] -> 2.5 | W7: =Tabla1[[#This Row],[CONSUMO POL CATIONICO (KG)]] -> 5 | X7: =(S7*1000)/L7 -> 65 | Y7: =(T7*1000)/L7 -> 397.5 | Z7: =(U7*1000)/L7 -> 83.333333 | AA7: =(V7*1000)/L7 -> 4.1666667 | AB7: =(W7*1000)/L7 -> 8.3333333 | AC7: 1.3 | AD7: 1.325 | AE7: 1.25 | AF7: 2500 | AG7: 2500 | AH7: 830 | AI7: 2900 | AJ7: 6295 | AK7: 19050 | AL7: 22050 | AM7: =S7*AH7 -> 32370 | AN7: =T7*AI7 -> 691650 | AO7: =U7*AJ7 -> 314750 | AP7: =V7*AK7 -> 47625 | AQ7: =W7*AL7 -> 110250 | AR7: =SUM(Tabla1[[#This Row],[COSTO OPERATIVO ACIDO]:[COSTO OPERATIVO CATIONICO]]) -> 1196645 | AS7: 5250 | AT7: =AR7/L7 -> 1994.4083
A8: 46056 | B8: =DAY(Tabla1[[#This Row],[FECHA]]) -> 3 | C8: 3 (NOCHE) | D8: 7 | E8: FINAL TURNO 3 | F8: =+AVERAGE(F7,F9) -> 3920 | G8: =+AVERAGE(G7,G9) -> 5660 | H8: =+AVERAGE(H7,H9) -> 1340 | I8: =+AVERAGE(I7,I9) -> 162.5 | J8: =+AVERAGE(J7,J9) -> 45 | K8: 16854 | L8: =+(K9-Tabla1[[#This Row],[Lectura Horometro INICIAL (06:00)]])*Tabla1[[#This Row],[CAUDAL DE TRATAMIENTO]] -> 600 | M8: 75 | N8: =F8-F9 -> 30 | O8: =G8-G9 -> 180 | P8: =H8-H9 -> 40 | Q8: =I8-I9 -> 2.5 | R8: =J8-J9 -> 5 | S8: =(N8*$AC$2) -> 39 | T8: =(O8*$AD$2) -> 238.5 | U8: =(P8*$AE$2) -> 50 | V8: =Tabla1[[#This Row],[CONSUMO POL ANIONICO (KG)]] -> 2.5 | W8: =Tabla1[[#This Row],[CONSUMO POL CATIONICO (KG)]] -> 5 | X8: =(S8*1000)/L8 -> 65 | Y8: =(T8*1000)/L8 -> 397.5 | Z8: =(U8*1000)/L8 -> 83.333333 | AA8: =(V8*1000)/L8 -> 4.1666667 | AB8: =(W8*1000)/L8 -> 8.3333333 | AC8: 1.3 | AD8: 1.325 | AE8: 1.25 | AF8: 2500 | AG8: 2500 | AH8: 830 | AI8: 2900 | AJ8: 6295 | AK8: 19050 | AL8: 22050 | AM8: =S8*AH8 -> 32370 | AN8: =T8*AI8 -> 691650 | AO8: =U8*AJ8 -> 314750 | AP8: =V8*AK8 -> 47625 | AQ8: =W8*AL8 -> 110250 | AR8: =SUM(Tabla1[[#This Row],[COSTO OPERATIVO ACIDO]:[COSTO OPERATIVO CATIONICO]]) -> 1196645 | AS8: 5250 | AT8: =AR8/L8 -> 1994.4083
A9: =A8 -> 46056 | B9: =DAY(Tabla1[[#This Row],[FECHA]]) -> 3 | C9: 4 (MAÑANA) | D9: 8 | E9: FINAL TURNO 1 | F9: 3890 | G9: 5480 | H9: 1300 | I9: 160 | J9: 40 | K9: 16862 | L9: =+(K10-Tabla1[[#This Row],[Lectura Horometro INICIAL (06:00)]])*Tabla1[[#This Row],[CAUDAL DE TRATAMIENTO]] -> 525 | M9: 75 | N9: =F9-F10 -> 210 | O9: =G9-G10 -> 340 | P9: =H9-H10 -> 120 | Q9: =I9-I10 -> 5 | R9: =J9-J10 -> 5 | S9: =(N9*$AC$2) -> 273 | T9: =(O9*$AD$2) -> 450.5 | U9: =(P9*$AE$2) -> 150 | V9: =Tabla1[[#This Row],[CONSUMO POL ANIONICO (KG)]] -> 5 | W9: =Tabla1[[#This Row],[CONSUMO POL CATIONICO (KG)]] -> 5 | X9: =(S9*1000)/L9 -> 520 | Y9: =(T9*1000)/L9 -> 858.09524 | Z9: =(U9*1000)/L9 -> 285.71429 | AA9: =(V9*1000)/L9 -> 9.5238095 | AB9: =(W9*1000)/L9 -> 9.5238095 | AC9: 1.3 | AD9: 1.325 | AE9: 1.25 | AF9: 2500 | AG9: 2500 | AH9: 830 | AI9: 2900 | AJ9: 6295 | AK9: 19050 | AL9: 22050 | AM9: =S9*AH9 -> 226590 | AN9: =T9*AI9 -> 1306450 | AO9: =U9*AJ9 -> 944250 | AP9: =V9*AK9 -> 95250 | AQ9: =W9*AL9 -> 110250 | AR9: =SUM(Tabla1[[#This Row],[COSTO OPERATIVO ACIDO]:[COSTO OPERATIVO CATIONICO]]) -> 2682790 | AS9: 5250 | AT9: =AR9/L9 -> 5110.0762
A10: =A9 -> 46056 | B10: =DAY(Tabla1[[#This Row],[FECHA]]) -> 3 | C10: 3(TARDE) | D10: 9 | E10: FINAL TURNO 2 | F10: 3680 | G10: 5140 | H10: 1180 | I10: 155 | J10: 35 | K10: 16869 | L10: =+(K11-Tabla1[[#This Row],[Lectura Horometro INICIAL (06:00)]])*Tabla1[[#This Row],[CAUDAL DE TRATAMIENTO]] -> 525 | M10: 75 | N10: =F10-F11 -> 310 | O10: =G10-G11 -> 240 | P10: =H10-H11 -> 130 | Q10: 0 | R10: 0 | S10: =(N10*$AC$2) -> 403 | T10: =(O10*$AD$2) -> 318 | U10: =(P10*$AE$2) -> 162.5 | V10: =Tabla1[[#This Row],[CONSUMO POL ANIONICO (KG)]] -> 0 | W10: =Tabla1[[#This Row],[CONSUMO POL CATIONICO (KG)]] -> 0 | X10: =(S10*1000)/L10 -> 767.61905 | Y10: =(T10*1000)/L10 -> 605.71429 | Z10: =(U10*1000)/L10 -> 309.52381 | AA10: =(V10*1000)/L10 -> 0 | AB10: =(W10*1000)/L10 -> 0 | AC10: 1.3 | AD10: 1.325 | AE10: 1.25 | AF10: 2500 | AG10: 2500 | AH10: 830 | AI10: 2900 | AJ10: 6295 | AK10: 19050 | AL10: 22050 | AM10: =S10*AH10 -> 334490 | AN10: =T10*AI10 -> 922200 | AO10: =U10*AJ10 -> 1022937.5 | AP10: =V10*AK10 -> 0 | AQ10: =W10*AL10 -> 0 | AR10: =SUM(Tabla1[[#This Row],[COSTO OPERATIVO ACIDO]:[COSTO OPERATIVO CATIONICO]]) -> 2279627.5 | AS10: 5250 | AT10: =AR10/L10 -> 4342.1476
A11: 46057 | B11: =DAY(Tabla1[[#This Row],[FECHA]]) -> 4 | C11: 4 (NOCHE) | D11: 10 | E11: FINAL TURNO 3 | F11: 3370 | G11: 4900 | H11: 1050 | I11: 155 | J11: 30 | K11: 16876 | L11: =+(K12-Tabla1[[#This Row],[Lectura Horometro INICIAL (06:00)]])*Tabla1[[#This Row],[CAUDAL DE TRATAMIENTO]] -> 525 | M11: 75 | N11: =F11-F12 -> 280 | O11: =G11-G12 -> 210 | P11: =H11-H12 -> 110 | Q11: 0 | R11: 0 | S11: =(N11*$AC$2) -> 364 | T11: =(O11*$AD$2) -> 278.25 | U11: =(P11*$AE$2) -> 137.5 | V11: =Tabla1[[#This Row],[CONSUMO POL ANIONICO (KG)]] -> 0 | W11: =Tabla1[[#This Row],[CONSUMO POL CATIONICO (KG)]] -> 0 | X11: =(S11*1000)/L11 -> 693.33333 | Y11: =(T11*1000)/L11 -> 530 | Z11: =(U11*1000)/L11 -> 261.90476 | AA11: =(V11*1000)/L11 -> 0 | AB11: =(W11*1000)/L11 -> 0 | AC11: 1.3 | AD11: 1.325 | AE11: 1.25 | AF11: 2500 | AG11: 2500 | AH11: 830 | AI11: 2900 | AJ11: 6295 | AK11: 19050 | AL11: 22050 | AM11: =S11*AH11 -> 302120 | AN11: =T11*AI11 -> 806925 | AO11: =U11*AJ11 -> 865562.5 | AP11: =V11*AK11 -> 0 | AQ11: =W11*AL11 -> 0 | AR11: =SUM(Tabla1[[#This Row],[COSTO OPERATIVO ACIDO]:[COSTO OPERATIVO CATIONICO]]) -> 1974607.5 | AS11: 5250 | AT11: =AR11/L11 -> 3761.1571
A12: =A11 -> 46057 | B12: =DAY(Tabla1[[#This Row],[FECHA]]) -> 4 | C12: 5 (MAÑANA) | D12: 11 | E12: FINAL TURNO 1 | F12: 3090 | G12: 4690 | H12: 940 | I12: 150 | J12: 25 | K12: 16883 | L12: =+(K13-Tabla1[[#This Row],[Lectura Horometro INICIAL (06:00)]])*Tabla1[[#This Row],[CAUDAL DE TRATAMIENTO]] -> 525 | M12: 75 | N12: =F12-F13 -> 280 | O12: =G12-G13 -> 280 | P12: =H12-H13 -> 40 | Q12: 0 | R12: 0 | S12: =(N12*$AC$2) -> 364 | T12: =(O12*$AD$2) -> 371 | U12: =(P12*$AE$2) -> 50 | V12: =Tabla1[[#This Row],[CONSUMO POL ANIONICO (KG)]] -> 0 | W12: =Tabla1[[#This Row],[CONSUMO POL CATIONICO (KG)]] -> 0 | X12: =(S12*1000)/L12 -> 693.33333 | Y12: =(T12*1000)/L12 -> 706.66667 | Z12: =(U12*1000)/L12 -> 95.238095 | AA12: =(V12*1000)/L12 -> 0 | AB12: =(W12*1000)/L12 -> 0 | AC12: 1.3 | AD12: 1.325 | AE12: 1.25 | AF12: 2500 | AG12: 2500 | AH12: 830 | AI12: 2900 | AJ12: 6295 | AK12: 19050 | AL12: 22050 | AM12: =S12*AH12 -> 302120 | AN12: =T12*AI12 -> 1075900 | AO12: =U12*AJ12 -> 314750 | AP12: =V12*AK12 -> 0 | AQ12: =W12*AL12 -> 0 | AR12: =SUM(Tabla1[[#This Row],[COSTO OPERATIVO ACIDO]:[COSTO OPERATIVO CATIONICO]]) -> 1692770 | AS12: 5250 | AT12: =AR12/L12 -> 3224.3238
A13: =A12 -> 46057 | B13: =DAY(Tabla1[[#This Row],[FECHA]]) -> 4 | C13: 3(TARDE) | D13: 12 | E13: FINAL TURNO 2 | F13: 2810 | G13: 4410 | H13: 900 | I13: 150 | J13: 65 | K13: 16890 | L13: =+(K14-Tabla1[[#This Row],[Lectura Horometro INICIAL (06:00)]])*Tabla1[[#This Row],[CAUDAL DE TRATAMIENTO]] -> 525 | M13: 75 | N13: =F13-F14 -> 310 | O13: =G13-G14 -> 290 | P13: =H13-H14 -> 100 | Q13: 0 | R13: 0 | S13: =(N13*$AC$2) -> 403 | T13: =(O13*$AD$2) -> 384.25 | U13: =(P13*$AE$2) -> 125 | V13: =Tabla1[[#This Row],[CONSUMO POL ANIONICO (KG)]] -> 0 | W13: =Tabla1[[#This Row],[CONSUMO POL CATIONICO (KG)]] -> 0 | X13: =(S13*1000)/L13 -> 767.61905 | Y13: =(T13*1000)/L13 -> 731.90476 | Z13: =(U13*1000)/L13 -> 238.09524 | AA13: =(V13*1000)/L13 -> 0 | AB13: =(W13*1000)/L13 -> 0 | AC13: 1.3 | AD13: 1.325 | AE13: 1.25 | AF13: 2500 | AG13: 2500 | AH13: 830 | AI13: 2900 | AJ13: 6295 | AK13: 19050 | AL13: 22050 | AM13: =S13*AH13 -> 334490 | AN13: =T13*AI13 -> 1114325 | AO13: =U13*AJ13 -> 786875 | AP13: =V13*AK13 -> 0 | AQ13: =W13*AL13 -> 0 | AR13: =SUM(Tabla1[[#This Row],[COSTO OPERATIVO ACIDO]:[COSTO OPERATIVO CATIONICO]]) -> 2235690 | AS13: 5250 | AT13: =AR13/L13 -> 4258.4571
A14: 46058 | B14: =DAY(Tabla1[[#This Row],[FECHA]]) -> 5 | C14: 5 (NOCHE) | D14: 13 | E14: FINAL TURNO 3 | F14: 2500 | G14: 4120 | H14: 800 | I14: 145 | J14: 60 | K14: 16897 | L14: =+(K15-Tabla1[[#This Row],[Lectura Horometro INICIAL (06:00)]])*Tabla1[[#This Row],[CAUDAL DE TRATAMIENTO]] -> 600 | M14: 75 | N14: =F14-F15 -> 110 | O14: =G14-G15 -> 120 | P14: =H14-H15 -> 80 | Q14: 0 | R14: 0 | S14: =(N14*$AC$2) -> 143 | T14: =(O14*$AD$2) -> 159 | U14: =(P14*$AE$2) -> 100 | V14: =Tabla1[[#This Row],[CONSUMO POL ANIONICO (KG)]] -> 0 | W14: =Tabla1[[#This Row],[CONSUMO POL CATIONICO (KG)]] -> 0 | X14: =(S14*1000)/L14 -> 238.33333 | Y14: =(T14*1000)/L14 -> 265 | Z14: =(U14*1000)/L14 -> 166.66667 | AA14: =(V14*1000)/L14 -> 0 | AB14: =(W14*1000)/L14 -> 0 | AC14: 1.3 | AD14: 1.325 | AE14: 1.25 | AF14: 2500 | AG14: 2500 | AH14: 830 | AI14: 2900 | AJ14: 6295 | AK14: 19050 | AL14: 22050 | AM14: =S14*AH14 -> 118690 | AN14: =T14*AI14 -> 461100 | AO14: =U14*AJ14 -> 629500 | AP14: =V14*AK14 -> 0 | AQ14: =W14*AL14 -> 0 | AR14: =SUM(Tabla1[[#This Row],[COSTO OPERATIVO ACIDO]:[COSTO OPERATIVO CATIONICO]]) -> 1209290 | AS14: 5250 | AT14: =AR14/L14 -> 2015.4833
A15: =A14 -> 46058 | B15: =DAY(Tabla1[[#This Row],[FECHA]]) -> 5 | C15: 6 (MAÑANA) | D15: 14 | E15: FINAL TURNO 1 | F15: 2390 | G15: 4000 | H15: 720 | I15: 145 | J15: 55 | K15: 16905 | L15: =+(K16-Tabla1[[#This Row],[Lectura Horometro INICIAL (06:00)]])*Tabla1[[#This Row],[CAUDAL DE TRATAMIENTO]] -> 525 | M15: 75 | N15: =F15-F16 -> 90 | O15: =G15-G16 -> 260 | P15: =H15-H16 -> 70 | Q15: =I15-I16 -> 5 | R15: =J15-J16 -> 5 | S15: =(N15*$AC$2) -> 117 | T15: =(O15*$AD$2) -> 344.5 | U15: =(P15*$AE$2) -> 87.5 | V15: =Tabla1[[#This Row],[CONSUMO POL ANIONICO (KG)]] -> 5 | W15: =Tabla1[[#This Row],[CONSUMO POL CATIONICO (KG)]] -> 5 | X15: =(S15*1000)/L15 -> 222.85714 | Y15: =(T15*1000)/L15 -> 656.19048 | Z15: =(U15*1000)/L15 -> 166.66667 | AA15: =(V15*1000)/L15 -> 9.5238095 | AB15: =(W15*1000)/L15 -> 9.5238095 | AC15: 1.3 | AD15: 1.325 | AE15: 1.25 | AF15: 2500 | AG15: 2500 | AH15: 830 | AI15: 2900 | AJ15: 6295 | AK15: 19050 | AL15: 22050 | AM15: =S15*AH15 -> 97110 | AN15: =T15*AI15 -> 999050 | AO15: =U15*AJ15 -> 550812.5 | AP15: =V15*AK15 -> 95250 | AQ15: =W15*AL15 -> 110250 | AR15: =SUM(Tabla1[[#This Row],[COSTO OPERATIVO ACIDO]:[COSTO OPERATIVO CATIONICO]]) -> 1852472.5 | AS15: 5250 | AT15: =AR15/L15 -> 3528.519
A16: =A15 -> 46058 | B16: =DAY(Tabla1[[#This Row],[FECHA]]) -> 5 | C16: 3(TARDE) | D16: 15 | E16: FINAL TURNO 2 | F16: 2300 | G16: 3740 | H16: 650 | I16: 140 | J16: 50 | K16: 16912 | L16: =+(K17-Tabla1[[#This Row],[Lectura Horometro INICIAL (06:00)]])*Tabla1[[#This Row],[CAUDAL DE TRATAMIENTO]] -> 375 | M16: 75 | N16: =F16-F17 -> 100 | O16: =G16-G17 -> 150 | P16: =H16-H17 -> 50 | Q16: =I16-I17 -> 5 | R16: =J16-J17 -> 5 | S16: =(N16*$AC$2) -> 130 | T16: =(O16*$AD$2) -> 198.75 | U16: =(P16*$AE$2) -> 62.5 | V16: =Tabla1[[#This Row],[CONSUMO POL ANIONICO (KG)]] -> 5 | W16: =Tabla1[[#This Row],[CONSUMO POL CATIONICO (KG)]] -> 5 | X16: =(S16*1000)/L16 -> 346.66667 | Y16: =(T16*1000)/L16 -> 530 | Z16: =(U16*1000)/L16 -> 166.66667 | AA16: =(V16*1000)/L16 -> 13.333333 | AB16: =(W16*1000)/L16 -> 13.333333 | AC16: 1.3 | AD16: 1.325 | AE16: 1.25 | AF16: 2500 | AG16: 2500 | AH16: 830 | AI16: 2900 | AJ16: 6295 | AK16: 19050 | AL16: 22050 | AM16: =S16*AH16 -> 107900 | AN16: =T16*AI16 -> 576375 | AO16: =U16*AJ16 -> 393437.5 | AP16: =V16*AK16 -> 95250 | AQ16: =W16*AL16 -> 110250 | AR16: =SUM(Tabla1[[#This Row],[COSTO OPERATIVO ACIDO]:[COSTO OPERATIVO CATIONICO]]) -> 1283212.5 | AS16: 5250 | AT16: =AR16/L16 -> 3421.9
A17: 46059 | B17: =DAY(Tabla1[[#This Row],[FECHA]]) -> 6 | C17: 6 (NOCHE) | D17: 16 | E17: FINAL TURNO 3 | F17: 2200 | G17: 3590 | H17: 600 | I17: 135 | J17: 45 | K17: 16917 | L17: =+(K18-Tabla1[[#This Row],[Lectura Horometro INICIAL (06:00)]])*Tabla1[[#This Row],[CAUDAL DE TRATAMIENTO]] -> 525 | M17: 75 | N17: =F17-F18 -> 50 | O17: =G17-G18 -> 340 | P17: =H17-H18 -> 90 | Q17: =I17-I18 -> 0 | R17: =J17-J18 -> 10 | S17: =(N17*$AC$2) -> 65 | T17: =(O17*$AD$2) -> 450.5 | U17: =(P17*$AE$2) -> 112.5 | V17: =Tabla1[[#This Row],[CONSUMO POL ANIONICO (KG)]] -> 0 | W17: =Tabla1[[#This Row],[CONSUMO POL CATIONICO (KG)]] -> 10 | X17: =(S17*1000)/L17 -> 123.80952 | Y17: =(T17*1000)/L17 -> 858.09524 | Z17: =(U17*1000)/L17 -> 214.28571 | AA17: =(V17*1000)/L17 -> 0 | AB17: =(W17*1000)/L17 -> 19.047619 | AC17: 1.3 | AD17: 1.325 | AE17: 1.25 | AF17: 2500 | AG17: 2500 | AH17: 830 | AI17: 2900 | AJ17: 6295 | AK17: 19050 | AL17: 22050 | AM17: =S17*AH17 -> 53950 | AN17: =T17*AI17 -> 1306450 | AO17: =U17*AJ17 -> 708187.5 | AP17: =V17*AK17 -> 0 | AQ17: =W17*AL17 -> 220500 | AR17: =SUM(Tabla1[[#This Row],[COSTO OPERATIVO ACIDO]:[COSTO OPERATIVO CATIONICO]]) -> 2289087.5 | AS17: 5250 | AT17: =AR17/L17 -> 4360.1667
A18: =A17 -> 46059 | B18: =DAY(Tabla1[[#This Row],[FECHA]]) -> 6 | C18: 7 (MAÑANA) | D18: 17 | E18: FINAL TURNO 1 | F18: 2150 | G18: 3250 | H18: 510 | I18: 135 | J18: 35 | K18: 16924 | L18: =+(K19-Tabla1[[#This Row],[Lectura Horometro INICIAL (06:00)]])*Tabla1[[#This Row],[CAUDAL DE TRATAMIENTO]] -> 450 | M18: 75 | N18: =F18-F19 -> 50 | O18: =G18-G19 -> 240 | P18: =H18-H19 -> 70 | Q18: =I18-I19 -> 5 | R18: =J18-J19 -> 5 | S18: =(N18*$AC$2) -> 65 | T18: =(O18*$AD$2) -> 318 | U18: =(P18*$AE$2) -> 87.5 | V18: =Tabla1[[#This Row],[CONSUMO POL ANIONICO (KG)]] -> 5 | W18: =Tabla1[[#This Row],[CONSUMO POL CATIONICO (KG)]] -> 5 | X18: =(S18*1000)/L18 -> 144.44444 | Y18: =(T18*1000)/L18 -> 706.66667 | Z18: =(U18*1000)/L18 -> 194.44444 | AA18: =(V18*1000)/L18 -> 11.111111 | AB18: =(W18*1000)/L18 -> 11.111111 | AC18: 1.3 | AD18: 1.325 | AE18: 1.25 | AF18: 2500 | AG18: 2500 | AH18: 830 | AI18: 2900 | AJ18: 6295 | AK18: 19050 | AL18: 22050 | AM18: =S18*AH18 -> 53950 | AN18: =T18*AI18 -> 922200 | AO18: =U18*AJ18 -> 550812.5 | AP18: =V18*AK18 -> 95250 | AQ18: =W18*AL18 -> 110250 | AR18: =SUM(Tabla1[[#This Row],[COSTO OPERATIVO ACIDO]:[COSTO OPERATIVO CATIONICO]]) -> 1732462.5 | AS18: 5250 | AT18: =AR18/L18 -> 3849.9167
A19: =A18 -> 46059 | B19: =DAY(Tabla1[[#This Row],[FECHA]]) -> 6 | C19: 3(TARDE) | D19: 18 | E19: FINAL TURNO 2 | F19: 2100 | G19: 3010 | H19: 440 | I19: 130 | J19: 30 | K19: 16930 | L19: =+(K20-Tabla1[[#This Row],[Lectura Horometro INICIAL (06:00)]])*Tabla1[[#This Row],[CAUDAL DE TRATAMIENTO]] -> 375 | M19: 75 | N19: =F19-F20 -> 100 | O19: =G19-G20+4000 -> 210 | P19: =H19-H20 -> 50 | Q19: =I19-I20 -> 0 | R19: =J19-J20+100 -> 5 | S19: =(N19*$AC$2) -> 130 | T19: =(O19*$AD$2) -> 278.25 | U19: =(P19*$AE$2) -> 62.5 | V19: =Tabla1[[#This Row],[CONSUMO POL ANIONICO (KG)]] -> 0 | W19: =Tabla1[[#This Row],[CONSUMO POL CATIONICO (KG)]] -> 5 | X19: =(S19*1000)/L19 -> 346.66667 | Y19: =(T19*1000)/L19 -> 742 | Z19: =(U19*1000)/L19 -> 166.66667 | AA19: =(V19*1000)/L19 -> 0 | AB19: =(W19*1000)/L19 -> 13.333333 | AC19: 1.3 | AD19: 1.325 | AE19: 1.25 | AF19: 2500 | AG19: 2500 | AH19: 830 | AI19: 2900 | AJ19: 6295 | AK19: 19050 | AL19: 22050 | AM19: =S19*AH19 -> 107900 | AN19: =T19*AI19 -> 806925 | AO19: =U19*AJ19 -> 393437.5 | AP19: =V19*AK19 -> 0 | AQ19: =W19*AL19 -> 110250 | AR19: =SUM(Tabla1[[#This Row],[COSTO OPERATIVO ACIDO]:[COSTO OPERATIVO CATIONICO]]) -> 1418512.5 | AS19: 5250 | AT19: =AR19/L19 -> 3782.7
A20: 46060 | B20: =DAY(Tabla1[[#This Row],[FECHA]]) -> 7 | C20: 7 (NOCHE) | D20: 19 | E20: FINAL TURNO 3 | F20: 2000 | G20: 6800 | H20: 390 | I20: 130 | J20: 125 | K20: 16935 | L20: =+(K21-Tabla1[[#This Row],[Lectura Horometro INICIAL (06:00)]])*Tabla1[[#This Row],[CAUDAL DE TRATAMIENTO]] -> 600 | M20: 75 | N20: =F20-F21 -> 250 | O20: =G20-G21 -> 500 | P20: =H20-H21 -> 60 | Q20: =I20-I21 -> 5 | R20: =J20-J21 -> 5 | S20: =(N20*$AC$2) -> 325 | T20: =(O20*$AD$2) -> 662.5 | U20: =(P20*$AE$2) -> 75 | V20: =Tabla1[[#This Row],[CONSUMO POL ANIONICO (KG)]] -> 5 | W20: =Tabla1[[#This Row],[CONSUMO POL CATIONICO (KG)]] -> 5 | X20: =(S20*1000)/L20 -> 541.66667 | Y20: =(T20*1000)/L20 -> 1104.1667 | Z20: =(U20*1000)/L20 -> 125 | AA20: =(V20*1000)/L20 -> 8.3333333 | AB20: =(W20*1000)/L20 -> 8.3333333 | AC20: 1.3 | AD20: 1.325 | AE20: 1.25 | AF20: 2500 | AG20: 2500 | AH20: 830 | AI20: 2900 | AJ20: 6295 | AK20: 19050 | AL20: 22050 | AM20: =S20*AH20 -> 269750 | AN20: =T20*AI20 -> 1921250 | AO20: =U20*AJ20 -> 472125 | AP20: =V20*AK20 -> 95250 | AQ20: =W20*AL20 -> 110250 | AR20: =SUM(Tabla1[[#This Row],[COSTO OPERATIVO ACIDO]:[COSTO OPERATIVO CATIONICO]]) -> 2868625 | AS20: 5250 | AT20: =AR20/L20 -> 4781.0417
A21: =A20 -> 46060 | B21: =DAY(Tabla1[[#This Row],[FECHA]]) -> 7 | C21: 8 (MAÑANA) | D21: 20 | E21: FINAL TURNO 1 | F21: 1750 | G21: 6300 | H21: 330 | I21: 125 | J21: 120 | K21: 16943 | L21: =+(K22-Tabla1[[#This Row],[Lectura Horometro INICIAL (06:00)]])*Tabla1[[#This Row],[CAUDAL DE TRATAMIENTO]] -> 300 | M21: 75 | N21: =F21-F22 -> 0 | O21: =G21-G22 -> 0 | P21: =H21-H22 -> 0 | Q21: =I21-I22 -> 5 | R21: =J21-J22 -> 5 | S21: =(N21*$AC$2) -> 0 | T21: =(O21*$AD$2) -> 0 | U21: =(P21*$AE$2) -> 0 | V21: =Tabla1[[#This Row],[CONSUMO POL ANIONICO (KG)]] -> 5 | W21: =Tabla1[[#This Row],[CONSUMO POL CATIONICO (KG)]] -> 5 | X21: =(S21*1000)/L21 -> 0 | Y21: =(T21*1000)/L21 -> 0 | Z21: =(U21*1000)/L21 -> 0 | AA21: =(V21*1000)/L21 -> 16.666667 | AB21: =(W21*1000)/L21 -> 16.666667 | AC21: 1.3 | AD21: 1.325 | AE21: 1.25 | AF21: 2500 | AG21: 2500 | AH21: 830 | AI21: 2900 | AJ21: 6295 | AK21: 19050 | AL21: 22050 | AM21: =S21*AH21 -> 0 | AN21: =T21*AI21 -> 0 | AO21: =U21*AJ21 -> 0 | AP21: =V21*AK21 -> 95250 | AQ21: =W21*AL21 -> 110250 | AR21: =SUM(Tabla1[[#This Row],[COSTO OPERATIVO ACIDO]:[COSTO OPERATIVO CATIONICO]]) -> 205500 | AS21: 5250 | AT21: =AR21/L21 -> 685
A22: =A21 -> 46060 | B22: =DAY(Tabla1[[#This Row],[FECHA]]) -> 7 | C22: 3(TARDE) | D22: 21 | E22: FINAL TURNO 2 | F22: 1750 | G22: 6300 | H22: 330 | I22: 120 | J22: 115 | K22: 16947 | L22: =+(K23-Tabla1[[#This Row],[Lectura Horometro INICIAL (06:00)]])*Tabla1[[#This Row],[CAUDAL DE TRATAMIENTO]] -> 0 | M22: 75 | N22: =F22-F23 -> 0 | O22: =G22-G23 -> 0 | P22: =H22-H23 -> 0 | Q22: =I22-I23 -> 0 | R22: =J22-J23 -> 0 | S22: =(N22*$AC$2) -> 0 | T22: =(O22*$AD$2) -> 0 | U22: =(P22*$AE$2) -> 0 | V22: =Tabla1[[#This Row],[CONSUMO POL ANIONICO (KG)]] -> 0 | W22: =Tabla1[[#This Row],[CONSUMO POL CATIONICO (KG)]] -> 0 | X22: =(S22*1000)/L22 -> #DIV/0! | Y22: =(T22*1000)/L22 -> #DIV/0! | Z22: =(U22*1000)/L22 -> #DIV/0! | AA22: =(V22*1000)/L22 -> #DIV/0! | AB22: =(W22*1000)/L22 -> #DIV/0! | AC22: 1.3 | AD22: 1.325 | AE22: 1.25 | AF22: 2500 | AG22: 2500 | AH22: 830 | AI22: 2900 | AJ22: 6295 | AK22: 19050 | AL22: 22050 | AM22: =S22*AH22 -> 0 | AN22: =T22*AI22 -> 0 | AO22: =U22*AJ22 -> 0 | AP22: =V22*AK22 -> 0 | AQ22: =W22*AL22 -> 0 | AR22: =SUM(Tabla1[[#This Row],[COSTO OPERATIVO ACIDO]:[COSTO OPERATIVO CATIONICO]]) -> 0 | AS22: 5250 | AT22: =AR22/L22 -> #DIV/0!
A23: 46061 | B23: =DAY(Tabla1[[#This Row],[FECHA]]) -> 8 | C23: 8 (NOCHE) | D23: 22 | E23: FINAL TURNO 3 | F23: 1750 | G23: 6300 | H23: 330 | I23: 120 | J23: 115 | K23: 16947 | L23: =+(K24-Tabla1[[#This Row],[Lectura Horometro INICIAL (06:00)]])*Tabla1[[#This Row],[CAUDAL DE TRATAMIENTO]] -> 0 | M23: 75 | N23: =F23-F24 -> 0 | O23: =G23-G24 -> 0 | P23: =H23-H24 -> 0 | Q23: =I23-I24 -> 0 | R23: =J23-J24 -> 0 | S23: =(N23*$AC$2) -> 0 | T23: =(O23*$AD$2) -> 0 | U23: =(P23*$AE$2) -> 0 | V23: =Tabla1[[#This Row],[CONSUMO POL ANIONICO (KG)]] -> 0 | W23: =Tabla1[[#This Row],[CONSUMO POL CATIONICO (KG)]] -> 0 | X23: =(S23*1000)/L23 -> #DIV/0! | Y23: =(T23*1000)/L23 -> #DIV/0! | Z23: =(U23*1000)/L23 -> #DIV/0! | AA23: =(V23*1000)/L23 -> #DIV/0! | AB23: =(W23*1000)/L23 -> #DIV/0! | AC23: 1.3 | AD23: 1.325 | AE23: 1.25 | AF23: 2500 | AG23: 2500 | AH23: 830 | AI23: 2900 | AJ23: 6295 | AK23: 19050 | AL23: 22050 | AM23: =S23*AH23 -> 0 | AN23: =T23*AI23 -> 0 | AO23: =U23*AJ23 -> 0 | AP23: =V23*AK23 -> 0 | AQ23: =W23*AL23 -> 0 | AR23: =SUM(Tabla1[[#This Row],[COSTO OPERATIVO ACIDO]:[COSTO OPERATIVO CATIONICO]]) -> 0 | AS23: 5250 | AT23: =AR23/L23 -> #DIV/0!
A24: =A23 -> 46061 | B24: =DAY(Tabla1[[#This Row],[FECHA]]) -> 8 | C24: 9 (MAÑANA) | D24: 23 | E24: FINAL TURNO 1 | F24: 1750 | G24: 6300 | H24: 330 | I24: 120 | J24: 115 | K24: 16947 | L24: =+(K25-Tabla1[[#This Row],[Lectura Horometro INICIAL (06:00)]])*Tabla1[[#This Row],[CAUDAL DE TRATAMIENTO]] -> 0 | M24: 75 | N24: =F24-F25 -> 0 | O24: =G24-G25 -> 0 | P24: =H24-H25 -> 0 | Q24: =I24-I25 -> 5 | R24: =J24-J25 -> 0 | S24: =(N24*$AC$2) -> 0 | T24: =(O24*$AD$2) -> 0 | U24: =(P24*$AE$2) -> 0 | V24: =Tabla1[[#This Row],[CONSUMO POL ANIONICO (KG)]] -> 5 | W24: =Tabla1[[#This Row],[CONSUMO POL CATIONICO (KG)]] -> 0 | X24: =(S24*1000)/L24 -> #DIV/0! | Y24: =(T24*1000)/L24 -> #DIV/0! | Z24: =(U24*1000)/L24 -> #DIV/0! | AA24: =(V24*1000)/L24 -> #DIV/0! | AB24: =(W24*1000)/L24 -> #DIV/0! | AC24: 1.3 | AD24: 1.325 | AE24: 1.25 | AF24: 2500 | AG24: 2500 | AH24: 830 | AI24: 2900 | AJ24: 6295 | AK24: 19050 | AL24: 22050 | AM24: =S24*AH24 -> 0 | AN24: =T24*AI24 -> 0 | AO24: =U24*AJ24 -> 0 | AP24: =V24*AK24 -> 95250 | AQ24: =W24*AL24 -> 0 | AR24: =SUM(Tabla1[[#This Row],[COSTO OPERATIVO ACIDO]:[COSTO OPERATIVO CATIONICO]]) -> 95250 | AS24: 5250 | AT24: =AR24/L24 -> #DIV/0!
A25: =A24 -> 46061 | B25: =DAY(Tabla1[[#This Row],[FECHA]]) -> 8 | C25: 3(TARDE) | D25: 24 | E25: FINAL TURNO 2 | F25: 1750 | G25: 6300 | H25: 330 | I25: 115 | J25: 115 | K25: 16947 | L25: =+(K26-Tabla1[[#This Row],[Lectura Horometro INICIAL (06:00)]])*Tabla1[[#This Row],[CAUDAL DE TRATAMIENTO]] -> 0 | M25: 75 | N25: =F25-F26 -> 0 | O25: =G25-G26 -> 0 | P25: =H25-H26 -> 0 | Q25: =I25-I26 -> 0 | R25: =J25-J26 -> 0 | S25: =(N25*$AC$2) -> 0 | T25: =(O25*$AD$2) -> 0 | U25: =(P25*$AE$2) -> 0 | V25: =Tabla1[[#This Row],[CONSUMO POL ANIONICO (KG)]] -> 0 | W25: =Tabla1[[#This Row],[CONSUMO POL CATIONICO (KG)]] -> 0 | X25: =(S25*1000)/L25 -> #DIV/0! | Y25: =(T25*1000)/L25 -> #DIV/0! | Z25: =(U25*1000)/L25 -> #DIV/0! | AA25: =(V25*1000)/L25 -> #DIV/0! | AB25: =(W25*1000)/L25 -> #DIV/0! | AC25: 1.3 | AD25: 1.325 | AE25: 1.25 | AF25: 2500 | AG25: 2500 | AH25: 830 | AI25: 2900 | AJ25: 6295 | AK25: 19050 | AL25: 22050 | AM25: =S25*AH25 -> 0 | AN25: =T25*AI25 -> 0 | AO25: =U25*AJ25 -> 0 | AP25: =V25*AK25 -> 0 | AQ25: =W25*AL25 -> 0 | AR25: =SUM(Tabla1[[#This Row],[COSTO OPERATIVO ACIDO]:[COSTO OPERATIVO CATIONICO]]) -> 0 | AS25: 5250 | AT25: =AR25/L25 -> #DIV/0!
A26: 46062 | B26: =DAY(Tabla1[[#This Row],[FECHA]]) -> 9 | C26: 9 (NOCHE) | D26: 25 | E26: FINAL TURNO 3 | F26: 1750 | G26: 6300 | H26: 330 | I26: 115 | J26: 115 | K26: 16947 | L26: =+(K27-Tabla1[[#This Row],[Lectura Horometro INICIAL (06:00)]])*Tabla1[[#This Row],[CAUDAL DE TRATAMIENTO]] -> 525 | M26: 75 | N26: =F26-F27+1000 -> 80 | O26: =G26-G27 -> 370 | P26: =H26-H27+2000 -> 80 | Q26: =I26-I27+50 -> 5 | R26: =J26-J27 -> 5 | S26: =(N26*$AC$2) -> 104 | T26: =(O26*$AD$2) -> 490.25 | U26: =(P26*$AE$2) -> 100 | V26: =Tabla1[[#This Row],[CONSUMO POL ANIONICO (KG)]] -> 5 | W26: =Tabla1[[#This Row],[CONSUMO POL CATIONICO (KG)]] -> 5 | X26: =(S26*1000)/L26 -> 198.09524 | Y26: =(T26*1000)/L26 -> 933.80952 | Z26: =(U26*1000)/L26 -> 190.47619 | AA26: =(V26*1000)/L26 -> 9.5238095 | AB26: =(W26*1000)/L26 -> 9.5238095 | AC26: 1.3 | AD26: 1.325 | AE26: 1.25 | AF26: 2500 | AG26: 2500 | AH26: 830 | AI26: 2900 | AJ26: 6295 | AK26: 19050 | AL26: 22050 | AM26: =S26*AH26 -> 86320 | AN26: =T26*AI26 -> 1421725 | AO26: =U26*AJ26 -> 629500 | AP26: =V26*AK26 -> 95250 | AQ26: =W26*AL26 -> 110250 | AR26: =SUM(Tabla1[[#This Row],[COSTO OPERATIVO ACIDO]:[COSTO OPERATIVO CATIONICO]]) -> 2343045 | AS26: 5250 | AT26: =AR26/L26 -> 4462.9429
A27: =A26 -> 46062 | B27: =DAY(Tabla1[[#This Row],[FECHA]]) -> 9 | C27: 10 (MAÑANA) | D27: 26 | E27: FINAL TURNO 1 | F27: 2670 | G27: 5930 | H27: 2250 | I27: 160 | J27: 110 | K27: 16954 | L27: =+(K28-Tabla1[[#This Row],[Lectura Horometro INICIAL (06:00)]])*Tabla1[[#This Row],[CAUDAL DE TRATAMIENTO]] -> 525 | M27: 75 | N27: =F27-F28 -> 0 | O27: =G27-G28 -> 130 | P27: =H27-H28 -> 20 | Q27: =I27-I28 -> 0 | R27: =J27-J28 -> 5 | S27: =(N27*$AC$2) -> 0 | T27: =(O27*$AD$2) -> 172.25 | U27: =(P27*$AE$2) -> 25 | V27: =Tabla1[[#This Row],[CONSUMO POL ANIONICO (KG)]] -> 0 | W27: =Tabla1[[#This Row],[CONSUMO POL CATIONICO (KG)]] -> 5 | X27: =(S27*1000)/L27 -> 0 | Y27: =(T27*1000)/L27 -> 328.09524 | Z27: =(U27*1000)/L27 -> 47.619048 | AA27: =(V27*1000)/L27 -> 0 | AB27: =(W27*1000)/L27 -> 9.5238095 | AC27: 1.3 | AD27: 1.325 | AE27: 1.25 | AF27: 2500 | AG27: 2500 | AH27: 830 | AI27: 2900 | AJ27: 6295 | AK27: 19050 | AL27: 22050 | AM27: =S27*AH27 -> 0 | AN27: =T27*AI27 -> 499525 | AO27: =U27*AJ27 -> 157375 | AP27: =V27*AK27 -> 0 | AQ27: =W27*AL27 -> 110250 | AR27: =SUM(Tabla1[[#This Row],[COSTO OPERATIVO ACIDO]:[COSTO OPERATIVO CATIONICO]]) -> 767150 | AS27: 5250 | AT27: =AR27/L27 -> 1461.2381
A28: =A27 -> 46062 | B28: =DAY(Tabla1[[#This Row],[FECHA]]) -> 9 | C28: 3(TARDE) | D28: 27 | E28: FINAL TURNO 2 | F28: 2670 | G28: 5800 | H28: 2230 | I28: 160 | J28: 105 | K28: 16961 | L28: =+(K29-Tabla1[[#This Row],[Lectura Horometro INICIAL (06:00)]])*Tabla1[[#This Row],[CAUDAL DE TRATAMIENTO]] -> 300 | M28: 75 | N28: =F28-F29 -> 70 | O28: =G28-G29 -> 200 | P28: =H28-H29 -> 40 | Q28: =I28-I29 -> 5 | R28: =J28-J29 -> 5 | S28: =(N28*$AC$2) -> 91 | T28: =(O28*$AD$2) -> 265 | U28: =(P28*$AE$2) -> 50 | V28: =Tabla1[[#This Row],[CONSUMO POL ANIONICO (KG)]] -> 5 | W28: =Tabla1[[#This Row],[CONSUMO POL CATIONICO (KG)]] -> 5 | X28: =(S28*1000)/L28 -> 303.33333 | Y28: =(T28*1000)/L28 -> 883.33333 | Z28: =(U28*1000)/L28 -> 166.66667 | AA28: =(V28*1000)/L28 -> 16.666667 | AB28: =(W28*1000)/L28 -> 16.666667 | AC28: 1.3 | AD28: 1.325 | AE28: 1.25 | AF28: 2500 | AG28: 2500 | AH28: 830 | AI28: 2900 | AJ28: 6295 | AK28: 19050 | AL28: 22050 | AM28: =S28*AH28 -> 75530 | AN28: =T28*AI28 -> 768500 | AO28: =U28*AJ28 -> 314750 | AP28: =V28*AK28 -> 95250 | AQ28: =W28*AL28 -> 110250 | AR28: =SUM(Tabla1[[#This Row],[COSTO OPERATIVO ACIDO]:[COSTO OPERATIVO CATIONICO]]) -> 1364280 | AS28: 5250 | AT28: =AR28/L28 -> 4547.6
A29: 46063 | B29: =DAY(Tabla1[[#This Row],[FECHA]]) -> 10 | C29: 10 (NOCHE) | D29: 28 | E29: FINAL TURNO 3 | F29: 2600 | G29: 5600 | H29: 2190 | I29: 155 | J29: 100 | K29: 16965 | L29: =+(K30-Tabla1[[#This Row],[Lectura Horometro INICIAL (06:00)]])*Tabla1[[#This Row],[CAUDAL DE TRATAMIENTO]] -> 525 | M29: 75 | N29: =F29-F30 -> 20 | O29: =G29-G30 -> 20 | P29: =H29-H30 -> 10 | Q29: =I29-I30 -> 0 | R29: =J29-J30 -> 5 | S29: =(N29*$AC$2) -> 26 | T29: =(O29*$AD$2) -> 26.5 | U29: =(P29*$AE$2) -> 12.5 | V29: =Tabla1[[#This Row],[CONSUMO POL ANIONICO (KG)]] -> 0 | W29: =Tabla1[[#This Row],[CONSUMO POL CATIONICO (KG)]] -> 5 | X29: =(S29*1000)/L29 -> 49.52381 | Y29: =(T29*1000)/L29 -> 50.47619 | Z29: =(U29*1000)/L29 -> 23.809524 | AA29: =(V29*1000)/L29 -> 0 | AB29: =(W29*1000)/L29 -> 9.5238095 | AC29: 1.3 | AD29: 1.325 | AE29: 1.25 | AF29: 2500 | AG29: 2500 | AH29: 830 | AI29: 2900 | AJ29: 6295 | AK29: 19050 | AL29: 22050 | AM29: =S29*AH29 -> 21580 | AN29: =T29*AI29 -> 76850 | AO29: =U29*AJ29 -> 78687.5 | AP29: =V29*AK29 -> 0 | AQ29: =W29*AL29 -> 110250 | AR29: =SUM(Tabla1[[#This Row],[COSTO OPERATIVO ACIDO]:[COSTO OPERATIVO CATIONICO]]) -> 287367.5 | AS29: 5250 | AT29: =AR29/L29 -> 547.36667
A30: =A29 -> 46063 | B30: =DAY(Tabla1[[#This Row],[FECHA]]) -> 10 | C30: 11 (MAÑANA) | D30: 29 | E30: FINAL TURNO 1 | F30: 2580 | G30: 5580 | H30: 2180 | I30: 155 | J30: 95 | K30: 16972 | L30: =+(K31-Tabla1[[#This Row],[Lectura Horometro INICIAL (06:00)]])*Tabla1[[#This Row],[CAUDAL DE TRATAMIENTO]] -> 300 | M30: 75 | N30: =F30-F31 -> 80 | O30: =G30-G31 -> 170 | P30: =H30-H31 -> 20 | Q30: =I30-I31 -> 5 | R30: =J30-J31 -> 5 | S30: =(N30*$AC$2) -> 104 | T30: =(O30*$AD$2) -> 225.25 | U30: =(P30*$AE$2) -> 25 | V30: =Tabla1[[#This Row],[CONSUMO POL ANIONICO (KG)]] -> 5 | W30: =Tabla1[[#This Row],[CONSUMO POL CATIONICO (KG)]] -> 5 | X30: =(S30*1000)/L30 -> 346.66667 | Y30: =(T30*1000)/L30 -> 750.83333 | Z30: =(U30*1000)/L30 -> 83.333333 | AA30: =(V30*1000)/L30 -> 16.666667 | AB30: =(W30*1000)/L30 -> 16.666667 | AC30: 1.3 | AD30: 1.325 | AE30: 1.25 | AF30: 2500 | AG30: 2500 | AH30: 830 | AI30: 2900 | AJ30: 6295 | AK30: 19050 | AL30: 22050 | AM30: =S30*AH30 -> 86320 | AN30: =T30*AI30 -> 653225 | AO30: =U30*AJ30 -> 157375 | AP30: =V30*AK30 -> 95250 | AQ30: =W30*AL30 -> 110250 | AR30: =SUM(Tabla1[[#This Row],[COSTO OPERATIVO ACIDO]:[COSTO OPERATIVO CATIONICO]]) -> 1102420 | AS30: 5250 | AT30: =AR30/L30 -> 3674.7333
A31: =A30 -> 46063 | B31: =DAY(Tabla1[[#This Row],[FECHA]]) -> 10 | C31: 3(TARDE) | D31: 30 | E31: FINAL TURNO 2 | F31: 2500 | G31: 5410 | H31: 2160 | I31: 150 | J31: 90 | K31: 16976 | L31: =+(K32-Tabla1[[#This Row],[Lectura Horometro INICIAL (06:00)]])*Tabla1[[#This Row],[CAUDAL DE TRATAMIENTO]] -> 600 | M31: 75 | N31: =F31-F32 -> 170 | O31: =G31-G32 -> 140 | P31: =H31-H32 -> 50 | Q31: =I31-I32 -> 0 | R31: =J31-J32 -> 5 | S31: =(N31*$AC$2) -> 221 | T31: =(O31*$AD$2) -> 185.5 | U31: =(P31*$AE$2) -> 62.5 | V31: =Tabla1[[#This Row],[CONSUMO POL ANIONICO (KG)]] -> 0 | W31: =Tabla1[[#This Row],[CONSUMO POL CATIONICO (KG)]] -> 5 | X31: =(S31*1000)/L31 -> 368.33333 | Y31: =(T31*1000)/L31 -> 309.16667 | Z31: =(U31*1000)/L31 -> 104.16667 | AA31: =(V31*1000)/L31 -> 0 | AB31: =(W31*1000)/L31 -> 8.3333333 | AC31: 1.3 | AD31: 1.325 | AE31: 1.25 | AF31: 2500 | AG31: 2500 | AH31: 830 | AI31: 2900 | AJ31: 6295 | AK31: 19050 | AL31: 22050 | AM31: =S31*AH31 -> 183430 | AN31: =T31*AI31 -> 537950 | AO31: =U31*AJ31 -> 393437.5 | AP31: =V31*AK31 -> 0 | AQ31: =W31*AL31 -> 110250 | AR31: =SUM(Tabla1[[#This Row],[COSTO OPERATIVO ACIDO]:[COSTO OPERATIVO CATIONICO]]) -> 1225067.5 | AS31: 5250 | AT31: =AR31/L31 -> 2041.7792
A32: 46064 | B32: =DAY(Tabla1[[#This Row],[FECHA]]) -> 11 | C32: 11 (NOCHE) | D32: 31 | E32: FINAL TURNO 3 | F32: 2330 | G32: 5270 | H32: 2110 | I32: 150 | J32: 85 | K32: 16984 | L32: =+(K33-Tabla1[[#This Row],[Lectura Horometro INICIAL (06:00)]])*Tabla1[[#This Row],[CAUDAL DE TRATAMIENTO]] -> 225 | M32: 75 | N32: =F32-F33 -> 130 | O32: =G32-G33 -> 90 | P32: =H32-H33 -> 10 | Q32: =I32-I33 -> 5 | R32: =J32-J33 -> 5 | S32: =(N32*$AC$2) -> 169 | T32: =(O32*$AD$2) -> 119.25 | U32: =(P32*$AE$2) -> 12.5 | V32: =Tabla1[[#This Row],[CONSUMO POL ANIONICO (KG)]] -> 5 | W32: =Tabla1[[#This Row],[CONSUMO POL CATIONICO (KG)]] -> 5 | X32: =(S32*1000)/L32 -> 751.11111 | Y32: =(T32*1000)/L32 -> 530 | Z32: =(U32*1000)/L32 -> 55.555556 | AA32: =(V32*1000)/L32 -> 22.222222 | AB32: =(W32*1000)/L32 -> 22.222222 | AC32: 1.3 | AD32: 1.325 | AE32: 1.25 | AF32: 2500 | AG32: 2500 | AH32: 830 | AI32: 2900 | AJ32: 6295 | AK32: 19050 | AL32: 22050 | AM32: =S32*AH32 -> 140270 | AN32: =T32*AI32 -> 345825 | AO32: =U32*AJ32 -> 78687.5 | AP32: =V32*AK32 -> 95250 | AQ32: =W32*AL32 -> 110250 | AR32: =SUM(Tabla1[[#This Row],[COSTO OPERATIVO ACIDO]:[COSTO OPERATIVO CATIONICO]]) -> 770282.5 | AS32: 5250 | AT32: =AR32/L32 -> 3423.4778
A33: =A32 -> 46064 | B33: =DAY(Tabla1[[#This Row],[FECHA]]) -> 11 | C33: 12 (MAÑANA) | D33: 32 | E33: FINAL TURNO 1 | F33: 2200 | G33: 5180 | H33: 2100 | I33: 145 | J33: 80 | K33: 16987 | L33: =+(K34-Tabla1[[#This Row],[Lectura Horometro INICIAL (06:00)]])*Tabla1[[#This Row],[CAUDAL DE TRATAMIENTO]] -> 450 | M33: 75 | N33: =F33-F34 -> 100 | O33: =G33-G34-150 -> 120 | P33: =H33-H34 -> 30 | Q33: =I33-I34 -> 5 | R33: =J33-J34 -> 5 | S33: =(N33*$AC$2) -> 130 | T33: =(O33*$AD$2) -> 159 | U33: =(P33*$AE$2) -> 37.5 | V33: =Tabla1[[#This Row],[CONSUMO POL ANIONICO (KG)]] -> 5 | W33: =Tabla1[[#This Row],[CONSUMO POL CATIONICO (KG)]] -> 5 | X33: =(S33*1000)/L33 -> 288.88889 | Y33: =(T33*1000)/L33 -> 353.33333 | Z33: =(U33*1000)/L33 -> 83.333333 | AA33: =(V33*1000)/L33 -> 11.111111 | AB33: =(W33*1000)/L33 -> 11.111111 | AC33: 1.3 | AD33: 1.325 | AE33: 1.25 | AF33: 2500 | AG33: 2500 | AH33: 830 | AI33: 2900 | AJ33: 6295 | AK33: 19050 | AL33: 22050 | AM33: =S33*AH33 -> 107900 | AN33: =T33*AI33 -> 461100 | AO33: =U33*AJ33 -> 236062.5 | AP33: =V33*AK33 -> 95250 | AQ33: =W33*AL33 -> 110250 | AR33: =SUM(Tabla1[[#This Row],[COSTO OPERATIVO ACIDO]:[COSTO OPERATIVO CATIONICO]]) -> 1010562.5 | AS33: 5250 | AT33: =AR33/L33 -> 2245.6944
A34: =A33 -> 46064 | B34: =DAY(Tabla1[[#This Row],[FECHA]]) -> 11 | C34: 3(TARDE) | D34: 33 | E34: FINAL TURNO 2 | F34: 2100 | G34: 4910 | H34: 2070 | I34: 140 | J34: 75 | K34: 16993 | L34: =+(K35-Tabla1[[#This Row],[Lectura Horometro INICIAL (06:00)]])*Tabla1[[#This Row],[CAUDAL DE TRATAMIENTO]] -> 600 | M34: 75 | N34: =F34-F35 -> 70 | O34: =G34-G35 -> 110 | P34: =H34-H35 -> 70 | Q34: =I34-I35 -> 0 | R34: =J34-J35 -> 5 | S34: =(N34*$AC$2) -> 91 | T34: =(O34*$AD$2) -> 145.75 | U34: =(P34*$AE$2) -> 87.5 | V34: =Tabla1[[#This Row],[CONSUMO POL ANIONICO (KG)]] -> 0 | W34: =Tabla1[[#This Row],[CONSUMO POL CATIONICO (KG)]] -> 5 | X34: =(S34*1000)/L34 -> 151.66667 | Y34: =(T34*1000)/L34 -> 242.91667 | Z34: =(U34*1000)/L34 -> 145.83333 | AA34: =(V34*1000)/L34 -> 0 | AB34: =(W34*1000)/L34 -> 8.3333333 | AC34: 1.3 | AD34: 1.325 | AE34: 1.25 | AF34: 2500 | AG34: 2500 | AH34: 830 | AI34: 2900 | AJ34: 6295 | AK34: 19050 | AL34: 22050 | AM34: =S34*AH34 -> 75530 | AN34: =T34*AI34 -> 422675 | AO34: =U34*AJ34 -> 550812.5 | AP34: =V34*AK34 -> 0 | AQ34: =W34*AL34 -> 110250 | AR34: =SUM(Tabla1[[#This Row],[COSTO OPERATIVO ACIDO]:[COSTO OPERATIVO CATIONICO]]) -> 1159267.5 | AS34: 5250 | AT34: =AR34/L34 -> 1932.1125
A35: 46065 | B35: =DAY(Tabla1[[#This Row],[FECHA]]) -> 12 | C35: 12 (NOCHE) | D35: 34 | E35: FINAL TURNO 3 | F35: 2030 | G35: 4800 | H35: 2000 | I35: 140 | J35: 70 | K35: 17001 | L35: =+(K36-Tabla1[[#This Row],[Lectura Horometro INICIAL (06:00)]])*Tabla1[[#This Row],[CAUDAL DE TRATAMIENTO]] -> 375 | M35: 75 | N35: =F35-F36 -> 100 | O35: =G35-G36 -> 120 | P35: =H35-H36 -> 0 | Q35: =I35-I36 -> 5 | R35: =J35-J36 -> 5 | S35: =(N35*$AC$2) -> 130 | T35: =(O35*$AD$2) -> 159 | U35: =(P35*$AE$2) -> 0 | V35: =Tabla1[[#This Row],[CONSUMO POL ANIONICO (KG)]] -> 5 | W35: =Tabla1[[#This Row],[CONSUMO POL CATIONICO (KG)]] -> 5 | X35: =(S35*1000)/L35 -> 346.66667 | Y35: =(T35*1000)/L35 -> 424 | Z35: =(U35*1000)/L35 -> 0 | AA35: =(V35*1000)/L35 -> 13.333333 | AB35: =(W35*1000)/L35 -> 13.333333 | AC35: 1.3 | AD35: 1.325 | AE35: 1.25 | AF35: 2500 | AG35: 2500 | AH35: 830 | AI35: 2900 | AJ35: 6295 | AK35: 19050 | AL35: 22050 | AM35: =S35*AH35 -> 107900 | AN35: =T35*AI35 -> 461100 | AO35: =U35*AJ35 -> 0 | AP35: =V35*AK35 -> 95250 | AQ35: =W35*AL35 -> 110250 | AR35: =SUM(Tabla1[[#This Row],[COSTO OPERATIVO ACIDO]:[COSTO OPERATIVO CATIONICO]]) -> 774500 | AS35: 5250 | AT35: =AR35/L35 -> 2065.3333
A36: =A35 -> 46065 | B36: =DAY(Tabla1[[#This Row],[FECHA]]) -> 12 | C36: 13 (MAÑANA) | D36: 35 | E36: FINAL TURNO 1 | F36: 1930 | G36: 4680 | H36: 2000 | I36: 135 | J36: 65 | K36: 17006 | L36: =+(K37-Tabla1[[#This Row],[Lectura Horometro INICIAL (06:00)]])*Tabla1[[#This Row],[CAUDAL DE TRATAMIENTO]] -> 225 | M36: 75 | N36: =F36-F37 -> 130 | O36: =G36-G37 -> 170 | P36: =H36-H37 -> 30 | Q36: =I36-I37 -> 0 | R36: =J36-J37 -> 5 | S36: =(N36*$AC$2) -> 169 | T36: =(O36*$AD$2) -> 225.25 | U36: =(P36*$AE$2) -> 37.5 | V36: =Tabla1[[#This Row],[CONSUMO POL ANIONICO (KG)]] -> 0 | W36: =Tabla1[[#This Row],[CONSUMO POL CATIONICO (KG)]] -> 5 | X36: =(S36*1000)/L36 -> 751.11111 | Y36: =(T36*1000)/L36 -> 1001.1111 | Z36: =(U36*1000)/L36 -> 166.66667 | AA36: =(V36*1000)/L36 -> 0 | AB36: =(W36*1000)/L36 -> 22.222222 | AC36: 1.3 | AD36: 1.325 | AE36: 1.25 | AF36: 2500 | AG36: 2500 | AH36: 830 | AI36: 2900 | AJ36: 6295 | AK36: 19050 | AL36: 22050 | AM36: =S36*AH36 -> 140270 | AN36: =T36*AI36 -> 653225 | AO36: =U36*AJ36 -> 236062.5 | AP36: =V36*AK36 -> 0 | AQ36: =W36*AL36 -> 110250 | AR36: =SUM(Tabla1[[#This Row],[COSTO OPERATIVO ACIDO]:[COSTO OPERATIVO CATIONICO]]) -> 1139807.5 | AS36: 5250 | AT36: =AR36/L36 -> 5065.8111
A37: =A36 -> 46065 | B37: =DAY(Tabla1[[#This Row],[FECHA]]) -> 12 | C37: 3(TARDE) | D37: 36 | E37: FINAL TURNO 2 | F37: 1800 | G37: 4510 | H37: 1970 | I37: 135 | J37: 60 | K37: 17009 | L37: =+(K38-Tabla1[[#This Row],[Lectura Horometro INICIAL (06:00)]])*Tabla1[[#This Row],[CAUDAL DE TRATAMIENTO]] -> 600 | M37: 75 | N37: =F37-F38 -> 100 | O37: =G37-G38 -> 110 | P37: =H37-H38 -> 20 | Q37: =I37-I38 -> 5 | R37: =J37-J38 -> 5 | S37: =(N37*$AC$2) -> 130 | T37: =(O37*$AD$2) -> 145.75 | U37: =(P37*$AE$2) -> 25 | V37: =Tabla1[[#This Row],[CONSUMO POL ANIONICO (KG)]] -> 5 | W37: =Tabla1[[#This Row],[CONSUMO POL CATIONICO (KG)]] -> 5 | X37: =(S37*1000)/L37 -> 216.66667 | Y37: =(T37*1000)/L37 -> 242.91667 | Z37: =(U37*1000)/L37 -> 41.666667 | AA37: =(V37*1000)/L37 -> 8.3333333 | AB37: =(W37*1000)/L37 -> 8.3333333 | AC37: 1.3 | AD37: 1.325 | AE37: 1.25 | AF37: 2500 | AG37: 2500 | AH37: 830 | AI37: 2900 | AJ37: 6295 | AK37: 19050 | AL37: 22050 | AM37: =S37*AH37 -> 107900 | AN37: =T37*AI37 -> 422675 | AO37: =U37*AJ37 -> 157375 | AP37: =V37*AK37 -> 95250 | AQ37: =W37*AL37 -> 110250 | AR37: =SUM(Tabla1[[#This Row],[COSTO OPERATIVO ACIDO]:[COSTO OPERATIVO CATIONICO]]) -> 893450 | AS37: 5250 | AT37: =AR37/L37 -> 1489.0833
A38: 46066 | B38: =DAY(Tabla1[[#This Row],[FECHA]]) -> 13 | C38: 13 (NOCHE) | D38: 37 | E38: FINAL TURNO 3 | F38: 1700 | G38: 4400 | H38: 1950 | I38: 130 | J38: 55 | K38: 17017 | L38: =+(K39-Tabla1[[#This Row],[Lectura Horometro INICIAL (06:00)]])*Tabla1[[#This Row],[CAUDAL DE TRATAMIENTO]] -> 375 | M38: 75 | N38: =F38-F39 -> 100 | O38: =G38-G39 -> 200 | P38: =H38-H39 -> 40 | Q38: =I38-I39 -> 0 | R38: =J38-J39 -> 5 | S38: =(N38*$AC$2) -> 130 | T38: =(O38*$AD$2) -> 265 | U38: =(P38*$AE$2) -> 50 | V38: =Tabla1[[#This Row],[CONSUMO POL ANIONICO (KG)]] -> 0 | W38: =Tabla1[[#This Row],[CONSUMO POL CATIONICO (KG)]] -> 5 | X38: =(S38*1000)/L38 -> 346.66667 | Y38: =(T38*1000)/L38 -> 706.66667 | Z38: =(U38*1000)/L38 -> 133.33333 | AA38: =(V38*1000)/L38 -> 0 | AB38: =(W38*1000)/L38 -> 13.333333 | AC38: 1.3 | AD38: 1.325 | AE38: 1.25 | AF38: 2500 | AG38: 2500 | AH38: 830 | AI38: 2900 | AJ38: 6295 | AK38: 19050 | AL38: 22050 | AM38: =S38*AH38 -> 107900 | AN38: =T38*AI38 -> 768500 | AO38: =U38*AJ38 -> 314750 | AP38: =V38*AK38 -> 0 | AQ38: =W38*AL38 -> 110250 | AR38: =SUM(Tabla1[[#This Row],[COSTO OPERATIVO ACIDO]:[COSTO OPERATIVO CATIONICO]]) -> 1301400 | AS38: 5250 | AT38: =AR38/L38 -> 3470.4
A39: =A38 -> 46066 | B39: =DAY(Tabla1[[#This Row],[FECHA]]) -> 13 | C39: 14 (MAÑANA) | D39: 38 | E39: FINAL TURNO 1 | F39: 1600 | G39: 4200 | H39: 1910 | I39: 130 | J39: 50 | K39: 17022 | L39: =+(K40-Tabla1[[#This Row],[Lectura Horometro INICIAL (06:00)]])*Tabla1[[#This Row],[CAUDAL DE TRATAMIENTO]] -> 450 | M39: 75 | N39: =F39-F40 -> 110 | O39: =G39-G40 -> 230 | P39: =H39-H40 -> 60 | Q39: =I39-I40 -> 5 | R39: =J39-J40 -> 5 | S39: =(N39*$AC$2) -> 143 | T39: =(O39*$AD$2) -> 304.75 | U39: =(P39*$AE$2) -> 75 | V39: =Tabla1[[#This Row],[CONSUMO POL ANIONICO (KG)]] -> 5 | W39: =Tabla1[[#This Row],[CONSUMO POL CATIONICO (KG)]] -> 5 | X39: =(S39*1000)/L39 -> 317.77778 | Y39: =(T39*1000)/L39 -> 677.22222 | Z39: =(U39*1000)/L39 -> 166.66667 | AA39: =(V39*1000)/L39 -> 11.111111 | AB39: =(W39*1000)/L39 -> 11.111111 | AC39: 1.3 | AD39: 1.325 | AE39: 1.25 | AF39: 2500 | AG39: 2500 | AH39: 830 | AI39: 2900 | AJ39: 6295 | AK39: 19050 | AL39: 22050 | AM39: =S39*AH39 -> 118690 | AN39: =T39*AI39 -> 883775 | AO39: =U39*AJ39 -> 472125 | AP39: =V39*AK39 -> 95250 | AQ39: =W39*AL39 -> 110250 | AR39: =SUM(Tabla1[[#This Row],[COSTO OPERATIVO ACIDO]:[COSTO OPERATIVO CATIONICO]]) -> 1680090 | AS39: 5250 | AT39: =AR39/L39 -> 3733.5333
A40: =A39 -> 46066 | B40: =DAY(Tabla1[[#This Row],[FECHA]]) -> 13 | C40: 3(TARDE) | D40: 39 | E40: FINAL TURNO 2 | F40: 1490 | G40: 3970 | H40: 1850 | I40: 125 | J40: 45 | K40: 17028 | L40: =+(K41-Tabla1[[#This Row],[Lectura Horometro INICIAL (06:00)]])*Tabla1[[#This Row],[CAUDAL DE TRATAMIENTO]] -> 300 | M40: 75 | N40: =F40-F41 -> 100 | O40: =G40-G41 -> 70 | P40: =H40-H41 -> 50 | Q40: =I40-I41 -> 0 | R40: =J40-J41 -> 5 | S40: =(N40*$AC$2) -> 130 | T40: =(O40*$AD$2) -> 92.75 | U40: =(P40*$AE$2) -> 62.5 | V40: =Tabla1[[#This Row],[CONSUMO POL ANIONICO (KG)]] -> 0 | W40: =Tabla1[[#This Row],[CONSUMO POL CATIONICO (KG)]] -> 5 | X40: =(S40*1000)/L40 -> 433.33333 | Y40: =(T40*1000)/L40 -> 309.16667 | Z40: =(U40*1000)/L40 -> 208.33333 | AA40: =(V40*1000)/L40 -> 0 | AB40: =(W40*1000)/L40 -> 16.666667 | AC40: 1.3 | AD40: 1.325 | AE40: 1.25 | AF40: 2500 | AG40: 2500 | AH40: 830 | AI40: 2900 | AJ40: 6295 | AK40: 19050 | AL40: 22050 | AM40: =S40*AH40 -> 107900 | AN40: =T40*AI40 -> 268975 | AO40: =U40*AJ40 -> 393437.5 | AP40: =V40*AK40 -> 0 | AQ40: =W40*AL40 -> 110250 | AR40: =SUM(Tabla1[[#This Row],[COSTO OPERATIVO ACIDO]:[COSTO OPERATIVO CATIONICO]]) -> 880562.5 | AS40: 5250 | AT40: =AR40/L40 -> 2935.2083
A41: 46067 | B41: =DAY(Tabla1[[#This Row],[FECHA]]) -> 14 | C41: 14 (NOCHE) | D41: 40 | E41: FINAL TURNO 3 | F41: 1390 | G41: 3900 | H41: 1800 | I41: 125 | J41: 40 | K41: 17032 | L41: =+(K42-Tabla1[[#This Row],[Lectura Horometro INICIAL (06:00)]])*Tabla1[[#This Row],[CAUDAL DE TRATAMIENTO]] -> 525 | M41: 75 | N41: =F41-F42 -> 40 | O41: =G41-G42 -> 300 | P41: =H41-H42 -> 0 | Q41: =I41-I42 -> 5 | R41: =J41-J42 -> 5 | S41: =(N41*$AC$2) -> 52 | T41: =(O41*$AD$2) -> 397.5 | U41: =(P41*$AE$2) -> 0 | V41: =Tabla1[[#This Row],[CONSUMO POL ANIONICO (KG)]] -> 5 | W41: =Tabla1[[#This Row],[CONSUMO POL CATIONICO (KG)]] -> 5 | X41: =(S41*1000)/L41 -> 99.047619 | Y41: =(T41*1000)/L41 -> 757.14286 | Z41: =(U41*1000)/L41 -> 0 | AA41: =(V41*1000)/L41 -> 9.5238095 | AB41: =(W41*1000)/L41 -> 9.5238095 | AC41: 1.3 | AD41: 1.325 | AE41: 1.25 | AF41: 2500 | AG41: 2500 | AH41: 830 | AI41: 2900 | AJ41: 6295 | AK41: 19050 | AL41: 22050 | AM41: =S41*AH41 -> 43160 | AN41: =T41*AI41 -> 1152750 | AO41: =U41*AJ41 -> 0 | AP41: =V41*AK41 -> 95250 | AQ41: =W41*AL41 -> 110250 | AR41: =SUM(Tabla1[[#This Row],[COSTO OPERATIVO ACIDO]:[COSTO OPERATIVO CATIONICO]]) -> 1401410 | AS41: 5250 | AT41: =AR41/L41 -> 2669.3524
A42: =A41 -> 46067 | B42: =DAY(Tabla1[[#This Row],[FECHA]]) -> 14 | C42: 15 (MAÑANA) | D42: 41 | E42: FINAL TURNO 1 | F42: 1350 | G42: 3600 | H42: 1800 | I42: 120 | J42: 35 | K42: 17039 | L42: =+(K43-Tabla1[[#This Row],[Lectura Horometro INICIAL (06:00)]])*Tabla1[[#This Row],[CAUDAL DE TRATAMIENTO]] -> 300 | M42: 75 | N42: =F42-F43 -> 50 | O42: =G42-G43-150 -> 190 | P42: =H42-H43 -> 20 | Q42: =I42-I43 -> 0 | R42: =J42-J43 -> 5 | S42: =(N42*$AC$2) -> 65 | T42: =(O42*$AD$2) -> 251.75 | U42: =(P42*$AE$2) -> 25 | V42: =Tabla1[[#This Row],[CONSUMO POL ANIONICO (KG)]] -> 0 | W42: =Tabla1[[#This Row],[CONSUMO POL CATIONICO (KG)]] -> 5 | X42: =(S42*1000)/L42 -> 216.66667 | Y42: =(T42*1000)/L42 -> 839.16667 | Z42: =(U42*1000)/L42 -> 83.333333 | AA42: =(V42*1000)/L42 -> 0 | AB42: =(W42*1000)/L42 -> 16.666667 | AC42: 1.3 | AD42: 1.325 | AE42: 1.25 | AF42: 2500 | AG42: 2500 | AH42: 830 | AI42: 2900 | AJ42: 6295 | AK42: 19050 | AL42: 22050 | AM42: =S42*AH42 -> 53950 | AN42: =T42*AI42 -> 730075 | AO42: =U42*AJ42 -> 157375 | AP42: =V42*AK42 -> 0 | AQ42: =W42*AL42 -> 110250 | AR42: =SUM(Tabla1[[#This Row],[COSTO OPERATIVO ACIDO]:[COSTO OPERATIVO CATIONICO]]) -> 1051650 | AS42: 5250 | AT42: =AR42/L42 -> 3505.5
A43: =A42 -> 46067 | B43: =DAY(Tabla1[[#This Row],[FECHA]]) -> 14 | C43: 3(TARDE) | D43: 42 | E43: FINAL TURNO 2 | F43: 1300 | G43: 3260 | H43: 1780 | I43: 120 | J43: 30 | K43: 17043 | L43: =+(K44-Tabla1[[#This Row],[Lectura Horometro INICIAL (06:00)]])*Tabla1[[#This Row],[CAUDAL DE TRATAMIENTO]] -> 300 | M43: 75 | N43: =F43-F44 -> 0 | O43: =G43-G44 -> 0 | P43: =H43-H44 -> 0 | Q43: =I43-I44 -> 5 | R43: =J43-J44 -> 0 | S43: =(N43*$AC$2) -> 0 | T43: =(O43*$AD$2) -> 0 | U43: =(P43*$AE$2) -> 0 | V43: =Tabla1[[#This Row],[CONSUMO POL ANIONICO (KG)]] -> 5 | W43: =Tabla1[[#This Row],[CONSUMO POL CATIONICO (KG)]] -> 0 | X43: =(S43*1000)/L43 -> 0 | Y43: =(T43*1000)/L43 -> 0 | Z43: =(U43*1000)/L43 -> 0 | AA43: =(V43*1000)/L43 -> 16.666667 | AB43: =(W43*1000)/L43 -> 0 | AC43: 1.3 | AD43: 1.325 | AE43: 1.25 | AF43: 2500 | AG43: 2500 | AH43: 830 | AI43: 2900 | AJ43: 6295 | AK43: 19050 | AL43: 22050 | AM43: =S43*AH43 -> 0 | AN43: =T43*AI43 -> 0 | AO43: =U43*AJ43 -> 0 | AP43: =V43*AK43 -> 95250 | AQ43: =W43*AL43 -> 0 | AR43: =SUM(Tabla1[[#This Row],[COSTO OPERATIVO ACIDO]:[COSTO OPERATIVO CATIONICO]]) -> 95250 | AS43: 5250 | AT43: =AR43/L43 -> 317.5
A44: 46068 | B44: =DAY(Tabla1[[#This Row],[FECHA]]) -> 15 | C44: 15 (NOCHE) | D44: 43 | E44: FINAL TURNO 3 | F44: 1300 | G44: 3260 | H44: 1780 | I44: 115 | J44: 30 | K44: 17047 | L44: =+(K45-Tabla1[[#This Row],[Lectura Horometro INICIAL (06:00)]])*Tabla1[[#This Row],[CAUDAL DE TRATAMIENTO]] -> 0 | M44: 75 | N44: =F44-F45 -> 0 | O44: =G44-G45 -> 0 | P44: =H44-H45 -> 0 | Q44: =I44-I45 -> 0 | R44: =J44-J45 -> 0 | S44: =(N44*$AC$2) -> 0 | T44: =(O44*$AD$2) -> 0 | U44: =(P44*$AE$2) -> 0 | V44: =Tabla1[[#This Row],[CONSUMO POL ANIONICO (KG)]] -> 0 | W44: =Tabla1[[#This Row],[CONSUMO POL CATIONICO (KG)]] -> 0 | X44: =(S44*1000)/L44 -> #DIV/0! | Y44: =(T44*1000)/L44 -> #DIV/0! | Z44: =(U44*1000)/L44 -> #DIV/0! | AA44: =(V44*1000)/L44 -> #DIV/0! | AB44: =(W44*1000)/L44 -> #DIV/0! | AC44: 1.3 | AD44: 1.325 | AE44: 1.25 | AF44: 2500 | AG44: 2500 | AH44: 830 | AI44: 2900 | AJ44: 6295 | AK44: 19050 | AL44: 22050 | AM44: =S44*AH44 -> 0 | AN44: =T44*AI44 -> 0 | AO44: =U44*AJ44 -> 0 | AP44: =V44*AK44 -> 0 | AQ44: =W44*AL44 -> 0 | AR44: =SUM(Tabla1[[#This Row],[COSTO OPERATIVO ACIDO]:[COSTO OPERATIVO CATIONICO]]) -> 0 | AS44: 5250 | AT44: =AR44/L44 -> #DIV/0!
A45: =A44 -> 46068 | B45: =DAY(Tabla1[[#This Row],[FECHA]]) -> 15 | C45: 16 (MAÑANA) | D45: 44 | E45: FINAL TURNO 1 | F45: 1300 | G45: 3260 | H45: 1780 | I45: 115 | J45: 30 | K45: 17047 | L45: =+(K46-Tabla1[[#This Row],[Lectura Horometro INICIAL (06:00)]])*Tabla1[[#This Row],[CAUDAL DE TRATAMIENTO]] -> 0 | M45: 75 | N45: =F45-F46 -> 0 | O45: =G45-G46 -> 0 | P45: =H45-H46 -> 0 | Q45: =I45-I46 -> 0 | R45: =J45-J46 -> 0 | S45: =(N45*$AC$2) -> 0 | T45: =(O45*$AD$2) -> 0 | U45: =(P45*$AE$2) -> 0 | V45: =Tabla1[[#This Row],[CONSUMO POL ANIONICO (KG)]] -> 0 | W45: =Tabla1[[#This Row],[CONSUMO POL CATIONICO (KG)]] -> 0 | X45: =(S45*1000)/L45 -> #DIV/0! | Y45: =(T45*1000)/L45 -> #DIV/0! | Z45: =(U45*1000)/L45 -> #DIV/0! | AA45: =(V45*1000)/L45 -> #DIV/0! | AB45: =(W45*1000)/L45 -> #DIV/0! | AC45: 1.3 | AD45: 1.325 | AE45: 1.25 | AF45: 2500 | AG45: 2500 | AH45: 830 | AI45: 2900 | AJ45: 6295 | AK45: 19050 | AL45: 22050 | AM45: =S45*AH45 -> 0 | AN45: =T45*AI45 -> 0 | AO45: =U45*AJ45 -> 0 | AP45: =V45*AK45 -> 0 | AQ45: =W45*AL45 -> 0 | AR45: =SUM(Tabla1[[#This Row],[COSTO OPERATIVO ACIDO]:[COSTO OPERATIVO CATIONICO]]) -> 0 | AS45: 5250 | AT45: =AR45/L45 -> #DIV/0!
A46: =A45 -> 46068 | B46: =DAY(Tabla1[[#This Row],[FECHA]]) -> 15 | C46: 3(TARDE) | D46: 45 | E46: FINAL TURNO 2 | F46: 1300 | G46: 3260 | H46: 1780 | I46: 115 | J46: 30 | K46: 17047 | L46: =+(K47-Tabla1[[#This Row],[Lectura Horometro INICIAL (06:00)]])*Tabla1[[#This Row],[CAUDAL DE TRATAMIENTO]] -> 0 | M46: 75 | N46: =F46-F47 -> 0 | O46: =G46-G47 -> 0 | P46: =H46-H47 -> 0 | Q46: =I46-I47 -> 0 | R46: =J46-J47 -> 0 | S46: =(N46*$AC$2) -> 0 | T46: =(O46*$AD$2) -> 0 | U46: =(P46*$AE$2) -> 0 | V46: =Tabla1[[#This Row],[CONSUMO POL ANIONICO (KG)]] -> 0 | W46: =Tabla1[[#This Row],[CONSUMO POL CATIONICO (KG)]] -> 0 | X46: =(S46*1000)/L46 -> #DIV/0! | Y46: =(T46*1000)/L46 -> #DIV/0! | Z46: =(U46*1000)/L46 -> #DIV/0! | AA46: =(V46*1000)/L46 -> #DIV/0! | AB46: =(W46*1000)/L46 -> #DIV/0! | AC46: 1.3 | AD46: 1.325 | AE46: 1.25 | AF46: 2500 | AG46: 2500 | AH46: 830 | AI46: 2900 | AJ46: 6295 | AK46: 19050 | AL46: 22050 | AM46: =S46*AH46 -> 0 | AN46: =T46*AI46 -> 0 | AO46: =U46*AJ46 -> 0 | AP46: =V46*AK46 -> 0 | AQ46: =W46*AL46 -> 0 | AR46: =SUM(Tabla1[[#This Row],[COSTO OPERATIVO ACIDO]:[COSTO OPERATIVO CATIONICO]]) -> 0 | AS46: 5250 | AT46: =AR46/L46 -> #DIV/0!
A47: 46069 | B47: =DAY(Tabla1[[#This Row],[FECHA]]) -> 16 | C47: 16 (NOCHE) | D47: 46 | E47: FINAL TURNO 3 | F47: 1300 | G47: 3260 | H47: 1780 | I47: 115 | J47: 30 | K47: 17047 | L47: =+(K48-Tabla1[[#This Row],[Lectura Horometro INICIAL (06:00)]])*Tabla1[[#This Row],[CAUDAL DE TRATAMIENTO]] -> 480 | M47: 80 | N47: =F47-F48 -> 200 | O47: =G47-G48 -> 380 | P47: =H47-H48 -> 80 | Q47: =I47-I48 -> 5 | R47: =J47-J48 -> 5 | S47: =(N47*$AC$2) -> 260 | T47: =(O47*$AD$2) -> 503.5 | U47: =(P47*$AE$2) -> 100 | V47: =Tabla1[[#This Row],[CONSUMO POL ANIONICO (KG)]] -> 5 | W47: =Tabla1[[#This Row],[CONSUMO POL CATIONICO (KG)]] -> 5 | X47: =(S47*1000)/L47 -> 541.66667 | Y47: =(T47*1000)/L47 -> 1048.9583 | Z47: =(U47*1000)/L47 -> 208.33333 | AA47: =(V47*1000)/L47 -> 10.416667 | AB47: =(W47*1000)/L47 -> 10.416667 | AC47: 1.3 | AD47: 1.325 | AE47: 1.25 | AF47: 2500 | AG47: 2500 | AH47: 830 | AI47: 2900 | AJ47: 6295 | AK47: 19050 | AL47: 22050 | AM47: =S47*AH47 -> 215800 | AN47: =T47*AI47 -> 1460150 | AO47: =U47*AJ47 -> 629500 | AP47: =V47*AK47 -> 95250 | AQ47: =W47*AL47 -> 110250 | AR47: =SUM(Tabla1[[#This Row],[COSTO OPERATIVO ACIDO]:[COSTO OPERATIVO CATIONICO]]) -> 2510950 | AS47: 5250 | AT47: =AR47/L47 -> 5231.1458
A48: =A47 -> 46069 | B48: =DAY(Tabla1[[#This Row],[FECHA]]) -> 16 | C48: 17 (MAÑANA) | D48: 47 | E48: FINAL TURNO 1 | F48: 1100 | G48: 2880 | H48: 1700 | I48: 110 | J48: 25 | K48: 17053 | L48: =+(K49-Tabla1[[#This Row],[Lectura Horometro INICIAL (06:00)]])*Tabla1[[#This Row],[CAUDAL DE TRATAMIENTO]] -> 320 | M48: 80 | N48: =F48-F49 -> 100 | O48: =G48-G49 -> 240 | P48: =H48-H49 -> 60 | Q48: =I48-I49 -> 0 | R48: =J48-J49 -> 5 | S48: =(N48*$AC$2) -> 130 | T48: =(O48*$AD$2) -> 318 | U48: =(P48*$AE$2) -> 75 | V48: =Tabla1[[#This Row],[CONSUMO POL ANIONICO (KG)]] -> 0 | W48: =Tabla1[[#This Row],[CONSUMO POL CATIONICO (KG)]] -> 5 | X48: =(S48*1000)/L48 -> 406.25 | Y48: =(T48*1000)/L48 -> 993.75 | Z48: =(U48*1000)/L48 -> 234.375 | AA48: =(V48*1000)/L48 -> 0 | AB48: =(W48*1000)/L48 -> 15.625 | AC48: 1.3 | AD48: 1.325 | AE48: 1.25 | AF48: 2500 | AG48: 2500 | AH48: 830 | AI48: 2900 | AJ48: 6295 | AK48: 19050 | AL48: 22050 | AM48: =S48*AH48 -> 107900 | AN48: =T48*AI48 -> 922200 | AO48: =U48*AJ48 -> 472125 | AP48: =V48*AK48 -> 0 | AQ48: =W48*AL48 -> 110250 | AR48: =SUM(Tabla1[[#This Row],[COSTO OPERATIVO ACIDO]:[COSTO OPERATIVO CATIONICO]]) -> 1612475 | AS48: 5250 | AT48: =AR48/L48 -> 5038.9844
A49: =A48 -> 46069 | B49: =DAY(Tabla1[[#This Row],[FECHA]]) -> 16 | C49: 3(TARDE) | D49: 48 | E49: FINAL TURNO 2 | F49: 1000 | G49: 2640 | H49: 1640 | I49: 110 | J49: 20 | K49: 17057 | L49: =+(K50-Tabla1[[#This Row],[Lectura Horometro INICIAL (06:00)]])*Tabla1[[#This Row],[CAUDAL DE TRATAMIENTO]] -> 640 | M49: 80 | N49: =F49-F50 -> 100 | O49: =G49-G50 -> 240 | P49: =H49-H50 -> 40 | Q49: =I49-I50 -> 0 | R49: =J49-J50 -> 5 | S49: =(N49*$AC$2) -> 130 | T49: =(O49*$AD$2) -> 318 | U49: =(P49*$AE$2) -> 50 | V49: =Tabla1[[#This Row],[CONSUMO POL ANIONICO (KG)]] -> 0 | W49: =Tabla1[[#This Row],[CONSUMO POL CATIONICO (KG)]] -> 5 | X49: =(S49*1000)/L49 -> 203.125 | Y49: =(T49*1000)/L49 -> 496.875 | Z49: =(U49*1000)/L49 -> 78.125 | AA49: =(V49*1000)/L49 -> 0 | AB49: =(W49*1000)/L49 -> 7.8125 | AC49: 1.3 | AD49: 1.325 | AE49: 1.25 | AF49: 2500 | AG49: 2500 | AH49: 830 | AI49: 2900 | AJ49: 6295 | AK49: 19050 | AL49: 22050 | AM49: =S49*AH49 -> 107900 | AN49: =T49*AI49 -> 922200 | AO49: =U49*AJ49 -> 314750 | AP49: =V49*AK49 -> 0 | AQ49: =W49*AL49 -> 110250 | AR49: =SUM(Tabla1[[#This Row],[COSTO OPERATIVO ACIDO]:[COSTO OPERATIVO CATIONICO]]) -> 1455100 | AS49: 5250 | AT49: =AR49/L49 -> 2273.5938
A50: 46070 | B50: =DAY(Tabla1[[#This Row],[FECHA]]) -> 17 | C50: 17 (NOCHE) | D50: 49 | E50: FINAL TURNO 3 | F50: 900 | G50: 2400 | H50: 1600 | I50: 110 | J50: 15 | K50: 17065 | L50: =+(K51-Tabla1[[#This Row],[Lectura Horometro INICIAL (06:00)]])*Tabla1[[#This Row],[CAUDAL DE TRATAMIENTO]] -> 400 | M50: 80 | N50: =F50-F51 -> 140 | O50: =G50-G51 -> 100 | P50: =H50-H51 -> 0 | Q50: =I50-I51 -> 5 | R50: =J50-J51 -> 5 | S50: =(N50*$AC$2) -> 182 | T50: =(O50*$AD$2) -> 132.5 | U50: =(P50*$AE$2) -> 0 | V50: =Tabla1[[#This Row],[CONSUMO POL ANIONICO (KG)]] -> 5 | W50: =Tabla1[[#This Row],[CONSUMO POL CATIONICO (KG)]] -> 5 | X50: =(S50*1000)/L50 -> 455 | Y50: =(T50*1000)/L50 -> 331.25 | Z50: =(U50*1000)/L50 -> 0 | AA50: =(V50*1000)/L50 -> 12.5 | AB50: =(W50*1000)/L50 -> 12.5 | AC50: 1.3 | AD50: 1.325 | AE50: 1.25 | AF50: 2500 | AG50: 2500 | AH50: 830 | AI50: 2900 | AJ50: 6295 | AK50: 19050 | AL50: 22050 | AM50: =S50*AH50 -> 151060 | AN50: =T50*AI50 -> 384250 | AO50: =U50*AJ50 -> 0 | AP50: =V50*AK50 -> 95250 | AQ50: =W50*AL50 -> 110250 | AR50: =SUM(Tabla1[[#This Row],[COSTO OPERATIVO ACIDO]:[COSTO OPERATIVO CATIONICO]]) -> 740810 | AS50: 5250 | AT50: =AR50/L50 -> 1852.025
A51: =A50 -> 46070 | B51: =DAY(Tabla1[[#This Row],[FECHA]]) -> 17 | C51: 18 (MAÑANA) | D51: 50 | E51: FINAL TURNO 1 | F51: 760 | G51: 2300 | H51: 1600 | I51: 105 | J51: 10 | K51: 17070 | L51: =+(K52-Tabla1[[#This Row],[Lectura Horometro INICIAL (06:00)]])*Tabla1[[#This Row],[CAUDAL DE TRATAMIENTO]] -> 400 | M51: 80 | N51: =F51-F52 -> 60 | O51: =G51-G52 -> 150 | P51: =H51-H52 -> 50 | Q51: =I51-I52 -> 0 | R51: =J51-J52 -> 5 | S51: =(N51*$AC$2) -> 78 | T51: =(O51*$AD$2) -> 198.75 | U51: =(P51*$AE$2) -> 62.5 | V51: =Tabla1[[#This Row],[CONSUMO POL ANIONICO (KG)]] -> 0 | W51: =Tabla1[[#This Row],[CONSUMO POL CATIONICO (KG)]] -> 5 | X51: =(S51*1000)/L51 -> 195 | Y51: =(T51*1000)/L51 -> 496.875 | Z51: =(U51*1000)/L51 -> 156.25 | AA51: =(V51*1000)/L51 -> 0 | AB51: =(W51*1000)/L51 -> 12.5 | AC51: 1.3 | AD51: 1.325 | AE51: 1.25 | AF51: 2500 | AG51: 2500 | AH51: 830 | AI51: 2900 | AJ51: 6295 | AK51: 19050 | AL51: 22050 | AM51: =S51*AH51 -> 64740 | AN51: =T51*AI51 -> 576375 | AO51: =U51*AJ51 -> 393437.5 | AP51: =V51*AK51 -> 0 | AQ51: =W51*AL51 -> 110250 | AR51: =SUM(Tabla1[[#This Row],[COSTO OPERATIVO ACIDO]:[COSTO OPERATIVO CATIONICO]]) -> 1144802.5 | AS51: 5250 | AT51: =AR51/L51 -> 2862.0062
A52: =A51 -> 46070 | B52: =DAY(Tabla1[[#This Row],[FECHA]]) -> 17 | C52: 3(TARDE) | D52: 51 | E52: FINAL TURNO 2 | F52: 700 | G52: 2150 | H52: 1550 | I52: 105 | J52: 5 | K52: 17075 | L52: =+(K53-Tabla1[[#This Row],[Lectura Horometro INICIAL (06:00)]])*Tabla1[[#This Row],[CAUDAL DE TRATAMIENTO]] -> 400 | M52: 80 | N52: =F52-F53 -> 50 | O52: =G52-G53 -> 50 | P52: =H52-H53 -> 60 | Q52: =I52-I53 -> 0 | R52: =J52-J53 -> 5 | S52: =(N52*$AC$2) -> 65 | T52: =(O52*$AD$2) -> 66.25 | U52: =(P52*$AE$2) -> 75 | V52: =Tabla1[[#This Row],[CONSUMO POL ANIONICO (KG)]] -> 0 | W52: =Tabla1[[#This Row],[CONSUMO POL CATIONICO (KG)]] -> 5 | X52: =(S52*1000)/L52 -> 162.5 | Y52: =(T52*1000)/L52 -> 165.625 | Z52: =(U52*1000)/L52 -> 187.5 | AA52: =(V52*1000)/L52 -> 0 | AB52: =(W52*1000)/L52 -> 12.5 | AC52: 1.3 | AD52: 1.325 | AE52: 1.25 | AF52: 2500 | AG52: 2500 | AH52: 830 | AI52: 2900 | AJ52: 6295 | AK52: 19050 | AL52: 22050 | AM52: =S52*AH52 -> 53950 | AN52: =T52*AI52 -> 192125 | AO52: =U52*AJ52 -> 472125 | AP52: =V52*AK52 -> 0 | AQ52: =W52*AL52 -> 110250 | AR52: =SUM(Tabla1[[#This Row],[COSTO OPERATIVO ACIDO]:[COSTO OPERATIVO CATIONICO]]) -> 828450 | AS52: 5250 | AT52: =AR52/L52 -> 2071.125
A53: 46071 | B53: =DAY(Tabla1[[#This Row],[FECHA]]) -> 18 | C53: 18 (NOCHE) | D53: 52 | E53: FINAL TURNO 3 | F53: 650 | G53: 2100 | H53: 1490 | I53: 105 | J53: 0 | K53: 17080 | L53: =+(K54-Tabla1[[#This Row],[Lectura Horometro INICIAL (06:00)]])*Tabla1[[#This Row],[CAUDAL DE TRATAMIENTO]] -> 320 | M53: 80 | N53: =F53-F54 -> 70 | O53: =G53-G54 -> 0 | P53: =H53-H54 -> 80 | Q53: =I53-I54 -> 5 | R53: =J53-J54+300 -> 5 | S53: =(N53*$AC$2) -> 91 | T53: =(O53*$AD$2) -> 0 | U53: =(P53*$AE$2) -> 100 | V53: =Tabla1[[#This Row],[CONSUMO POL ANIONICO (KG)]] -> 5 | W53: =Tabla1[[#This Row],[CONSUMO POL CATIONICO (KG)]] -> 5 | X53: =(S53*1000)/L53 -> 284.375 | Y53: =(T53*1000)/L53 -> 0 | Z53: =(U53*1000)/L53 -> 312.5 | AA53: =(V53*1000)/L53 -> 15.625 | AB53: =(W53*1000)/L53 -> 15.625 | AC53: 1.3 | AD53: 1.325 | AE53: 1.25 | AF53: 2500 | AG53: 2500 | AH53: 830 | AI53: 2900 | AJ53: 6295 | AK53: 19050 | AL53: 22050 | AM53: =S53*AH53 -> 75530 | AN53: =T53*AI53 -> 0 | AO53: =U53*AJ53 -> 629500 | AP53: =V53*AK53 -> 95250 | AQ53: =W53*AL53 -> 110250 | AR53: =SUM(Tabla1[[#This Row],[COSTO OPERATIVO ACIDO]:[COSTO OPERATIVO CATIONICO]]) -> 910530 | AS53: 5250 | AT53: =AR53/L53 -> 2845.4062
A54: =A53 -> 46071 | B54: =DAY(Tabla1[[#This Row],[FECHA]]) -> 18 | C54: 19 (MAÑANA) | D54: 53 | E54: FINAL TURNO 1 | F54: 580 | G54: 2100 | H54: 1410 | I54: 100 | J54: 295 | K54: 17084 | L54: =+(K55-Tabla1[[#This Row],[Lectura Horometro INICIAL (06:00)]])*Tabla1[[#This Row],[CAUDAL DE TRATAMIENTO]] -> 160 | M54: 80 | N54: =F54-F55 -> 80 | O54: =G54-G55 -> 0 | P54: =H54-H55 -> 40 | Q54: =I54-I55 -> 0 | R54: =J54-J55 -> 5 | S54: =(N54*$AC$2) -> 104 | T54: =(O54*$AD$2) -> 0 | U54: =(P54*$AE$2) -> 50 | V54: =Tabla1[[#This Row],[CONSUMO POL ANIONICO (KG)]] -> 0 | W54: =Tabla1[[#This Row],[CONSUMO POL CATIONICO (KG)]] -> 5 | X54: =(S54*1000)/L54 -> 650 | Y54: =(T54*1000)/L54 -> 0 | Z54: =(U54*1000)/L54 -> 312.5 | AA54: =(V54*1000)/L54 -> 0 | AB54: =(W54*1000)/L54 -> 31.25 | AC54: 1.3 | AD54: 1.325 | AE54: 1.25 | AF54: 2500 | AG54: 2500 | AH54: 830 | AI54: 2900 | AJ54: 6295 | AK54: 19050 | AL54: 22050 | AM54: =S54*AH54 -> 86320 | AN54: =T54*AI54 -> 0 | AO54: =U54*AJ54 -> 314750 | AP54: =V54*AK54 -> 0 | AQ54: =W54*AL54 -> 110250 | AR54: =SUM(Tabla1[[#This Row],[COSTO OPERATIVO ACIDO]:[COSTO OPERATIVO CATIONICO]]) -> 511320 | AS54: 5250 | AT54: =AR54/L54 -> 3195.75
A55: =A54 -> 46071 | B55: =DAY(Tabla1[[#This Row],[FECHA]]) -> 18 | C55: 3(TARDE) | D55: 54 | E55: FINAL TURNO 2 | F55: 500 | G55: 2100 | H55: 1370 | I55: 100 | J55: 290 | K55: 17086 | L55: =+(K56-Tabla1[[#This Row],[Lectura Horometro INICIAL (06:00)]])*Tabla1[[#This Row],[CAUDAL DE TRATAMIENTO]] -> 480 | M55: 80 | N55: =F55-F56 -> 130 | O55: =G55-G56 -> 0 | P55: =H55-H56 -> 80 | Q55: =I55-I56 -> 0 | R55: =J55-J56 -> 5 | S55: =(N55*$AC$2) -> 169 | T55: =(O55*$AD$2) -> 0 | U55: =(P55*$AE$2) -> 100 | V55: =Tabla1[[#This Row],[CONSUMO POL ANIONICO (KG)]] -> 0 | W55: =Tabla1[[#This Row],[CONSUMO POL CATIONICO (KG)]] -> 5 | X55: =(S55*1000)/L55 -> 352.08333 | Y55: =(T55*1000)/L55 -> 0 | Z55: =(U55*1000)/L55 -> 208.33333 | AA55: =(V55*1000)/L55 -> 0 | AB55: =(W55*1000)/L55 -> 10.416667 | AC55: 1.3 | AD55: 1.325 | AE55: 1.25 | AF55: 2500 | AG55: 2500 | AH55: 830 | AI55: 2900 | AJ55: 6295 | AK55: 19050 | AL55: 22050 | AM55: =S55*AH55 -> 140270 | AN55: =T55*AI55 -> 0 | AO55: =U55*AJ55 -> 629500 | AP55: =V55*AK55 -> 0 | AQ55: =W55*AL55 -> 110250 | AR55: =SUM(Tabla1[[#This Row],[COSTO OPERATIVO ACIDO]:[COSTO OPERATIVO CATIONICO]]) -> 880020 | AS55: 5250 | AT55: =AR55/L55 -> 1833.375
A56: 46072 | B56: =DAY(Tabla1[[#This Row],[FECHA]]) -> 19 | C56: 19 (NOCHE) | D56: 55 | E56: FINAL TURNO 3 | F56: 370 | G56: 2100 | H56: 1290 | I56: 100 | J56: 285 | K56: 17092 | L56: =+(K57-Tabla1[[#This Row],[Lectura Horometro INICIAL (06:00)]])*Tabla1[[#This Row],[CAUDAL DE TRATAMIENTO]] -> 320 | M56: 80 | N56: =F56-F57 -> 70 | O56: =G56-G57 -> 40 | P56: =H56-H57 -> 70 | Q56: =I56-I57 -> 5 | R56: =J56-J57 -> 5 | S56: =(N56*$AC$2) -> 91 | T56: =(O56*$AD$2) -> 53 | U56: =(P56*$AE$2) -> 87.5 | V56: =Tabla1[[#This Row],[CONSUMO POL ANIONICO (KG)]] -> 5 | W56: =Tabla1[[#This Row],[CONSUMO POL CATIONICO (KG)]] -> 5 | X56: =(S56*1000)/L56 -> 284.375 | Y56: =(T56*1000)/L56 -> 165.625 | Z56: =(U56*1000)/L56 -> 273.4375 | AA56: =(V56*1000)/L56 -> 15.625 | AB56: =(W56*1000)/L56 -> 15.625 | AC56: 1.3 | AD56: 1.325 | AE56: 1.25 | AF56: 2500 | AG56: 2500 | AH56: 830 | AI56: 2900 | AJ56: 6295 | AK56: 19050 | AL56: 22050 | AM56: =S56*AH56 -> 75530 | AN56: =T56*AI56 -> 153700 | AO56: =U56*AJ56 -> 550812.5 | AP56: =V56*AK56 -> 95250 | AQ56: =W56*AL56 -> 110250 | AR56: =SUM(Tabla1[[#This Row],[COSTO OPERATIVO ACIDO]:[COSTO OPERATIVO CATIONICO]]) -> 985542.5 | AS56: 5250 | AT56: =AR56/L56 -> 3079.8203
A57: =A56 -> 46072 | B57: =DAY(Tabla1[[#This Row],[FECHA]]) -> 19 | C57: 20 (MAÑANA) | D57: 56 | E57: FINAL TURNO 1 | F57: 300 | G57: 2060 | H57: 1220 | I57: 95 | J57: 280 | K57: 17096 | L57: =+(K58-Tabla1[[#This Row],[Lectura Horometro INICIAL (06:00)]])*Tabla1[[#This Row],[CAUDAL DE TRATAMIENTO]] -> 320 | M57: 80 | N57: =F57-F58 -> 200 | O57: =G57-G58 -> 160 | P57: =H57-H58 -> 50 | Q57: =I57-I58 -> 0 | R57: =J57-J58 -> 5 | S57: =(N57*$AC$2) -> 260 | T57: =(O57*$AD$2) -> 212 | U57: =(P57*$AE$2) -> 62.5 | V57: =Tabla1[[#This Row],[CONSUMO POL ANIONICO (KG)]] -> 0 | W57: =Tabla1[[#This Row],[CONSUMO POL CATIONICO (KG)]] -> 5 | X57: =(S57*1000)/L57 -> 812.5 | Y57: =(T57*1000)/L57 -> 662.5 | Z57: =(U57*1000)/L57 -> 195.3125 | AA57: =(V57*1000)/L57 -> 0 | AB57: =(W57*1000)/L57 -> 15.625 | AC57: 1.3 | AD57: 1.325 | AE57: 1.25 | AF57: 2500 | AG57: 2500 | AH57: 830 | AI57: 2900 | AJ57: 6295 | AK57: 19050 | AL57: 22050 | AM57: =S57*AH57 -> 215800 | AN57: =T57*AI57 -> 614800 | AO57: =U57*AJ57 -> 393437.5 | AP57: =V57*AK57 -> 0 | AQ57: =W57*AL57 -> 110250 | AR57: =SUM(Tabla1[[#This Row],[COSTO OPERATIVO ACIDO]:[COSTO OPERATIVO CATIONICO]]) -> 1334287.5 | AS57: 5250 | AT57: =AR57/L57 -> 4169.6484
A58: =A57 -> 46072 | B58: =DAY(Tabla1[[#This Row],[FECHA]]) -> 19 | C58: 3(TARDE) | D58: 57 | E58: FINAL TURNO 2 | F58: 100 | G58: 1900 | H58: 1170 | I58: 95 | J58: 275 | K58: 17100 | L58: =+(K59-Tabla1[[#This Row],[Lectura Horometro INICIAL (06:00)]])*Tabla1[[#This Row],[CAUDAL DE TRATAMIENTO]] -> 560 | M58: 80 | N58: =F58-F59+1000 -> 50 | O58: =G58-G59+2000 -> 170 | P58: =H58-H59+1000 -> 20 | Q58: =I58-I59 -> 0 | R58: =J58-J59 -> 5 | S58: =(N58*$AC$2) -> 65 | T58: =(O58*$AD$2) -> 225.25 | U58: =(P58*$AE$2) -> 25 | V58: =Tabla1[[#This Row],[CONSUMO POL ANIONICO (KG)]] -> 0 | W58: =Tabla1[[#This Row],[CONSUMO POL CATIONICO (KG)]] -> 5 | X58: =(S58*1000)/L58 -> 116.07143 | Y58: =(T58*1000)/L58 -> 402.23214 | Z58: =(U58*1000)/L58 -> 44.642857 | AA58: =(V58*1000)/L58 -> 0 | AB58: =(W58*1000)/L58 -> 8.9285714 | AC58: 1.3 | AD58: 1.325 | AE58: 1.25 | AF58: 2500 | AG58: 2500 | AH58: 830 | AI58: 2900 | AJ58: 6295 | AK58: 19050 | AL58: 22050 | AM58: =S58*AH58 -> 53950 | AN58: =T58*AI58 -> 653225 | AO58: =U58*AJ58 -> 157375 | AP58: =V58*AK58 -> 0 | AQ58: =W58*AL58 -> 110250 | AR58: =SUM(Tabla1[[#This Row],[COSTO OPERATIVO ACIDO]:[COSTO OPERATIVO CATIONICO]]) -> 974800 | AS58: 5250 | AT58: =AR58/L58 -> 1740.7143
A59: 46073 | B59: =DAY(Tabla1[[#This Row],[FECHA]]) -> 20 | C59: 20 (NOCHE) | D59: 58 | E59: FINAL TURNO 3 | F59: 1050 | G59: 3730 | H59: 2150 | I59: 95 | J59: 270 | K59: 17107 | L59: =+(K60-Tabla1[[#This Row],[Lectura Horometro INICIAL (06:00)]])*Tabla1[[#This Row],[CAUDAL DE TRATAMIENTO]] -> 480 | M59: 80 | N59: =F59-F60 -> 120 | O59: =G59-G60 -> 140 | P59: =H59-H60 -> 50 | Q59: =I59-I60 -> 5 | R59: =J59-J60 -> 5 | S59: =(N59*$AC$2) -> 156 | T59: =(O59*$AD$2) -> 185.5 | U59: =(P59*$AE$2) -> 62.5 | V59: =Tabla1[[#This Row],[CONSUMO POL ANIONICO (KG)]] -> 5 | W59: =Tabla1[[#This Row],[CONSUMO POL CATIONICO (KG)]] -> 5 | X59: =(S59*1000)/L59 -> 325 | Y59: =(T59*1000)/L59 -> 386.45833 | Z59: =(U59*1000)/L59 -> 130.20833 | AA59: =(V59*1000)/L59 -> 10.416667 | AB59: =(W59*1000)/L59 -> 10.416667 | AC59: 1.3 | AD59: 1.325 | AE59: 1.25 | AF59: 2500 | AG59: 2500 | AH59: 830 | AI59: 2900 | AJ59: 6295 | AK59: 19050 | AL59: 22050 | AM59: =S59*AH59 -> 129480 | AN59: =T59*AI59 -> 537950 | AO59: =U59*AJ59 -> 393437.5 | AP59: =V59*AK59 -> 95250 | AQ59: =W59*AL59 -> 110250 | AR59: =SUM(Tabla1[[#This Row],[COSTO OPERATIVO ACIDO]:[COSTO OPERATIVO CATIONICO]]) -> 1266367.5 | AS59: 5250 | AT59: =AR59/L59 -> 2638.2656
A60: =A59 -> 46073 | B60: =DAY(Tabla1[[#This Row],[FECHA]]) -> 20 | C60: 21 (MAÑANA) | D60: 59 | E60: FINAL TURNO 1 | F60: 930 | G60: 3590 | H60: 2100 | I60: 90 | J60: 265 | K60: 17113 | L60: =+(K61-Tabla1[[#This Row],[Lectura Horometro INICIAL (06:00)]])*Tabla1[[#This Row],[CAUDAL DE TRATAMIENTO]] -> 400 | M60: 80 | N60: =F60-F61 -> 130 | O60: =G60-G61 -> 90 | P60: =H60-H61 -> 20 | Q60: =I60-I61 -> 0 | R60: =J60-J61 -> 5 | S60: =(N60*$AC$2) -> 169 | T60: =(O60*$AD$2) -> 119.25 | U60: =(P60*$AE$2) -> 25 | V60: =Tabla1[[#This Row],[CONSUMO POL ANIONICO (KG)]] -> 0 | W60: =Tabla1[[#This Row],[CONSUMO POL CATIONICO (KG)]] -> 5 | X60: =(S60*1000)/L60 -> 422.5 | Y60: =(T60*1000)/L60 -> 298.125 | Z60: =(U60*1000)/L60 -> 62.5 | AA60: =(V60*1000)/L60 -> 0 | AB60: =(W60*1000)/L60 -> 12.5 | AC60: 1.3 | AD60: 1.325 | AE60: 1.25 | AF60: 2500 | AG60: 2500 | AH60: 830 | AI60: 2900 | AJ60: 6295 | AK60: 19050 | AL60: 22050 | AM60: =S60*AH60 -> 140270 | AN60: =T60*AI60 -> 345825 | AO60: =U60*AJ60 -> 157375 | AP60: =V60*AK60 -> 0 | AQ60: =W60*AL60 -> 110250 | AR60: =SUM(Tabla1[[#This Row],[COSTO OPERATIVO ACIDO]:[COSTO OPERATIVO CATIONICO]]) -> 753720 | AS60: 5250 | AT60: =AR60/L60 -> 1884.3
A61: =A60 -> 46073 | B61: =DAY(Tabla1[[#This Row],[FECHA]]) -> 20 | C61: 3(TARDE) | D61: 60 | E61: FINAL TURNO 2 | F61: 800 | G61: 3500 | H61: 2080 | I61: 90 | J61: 260 | K61: 17118 | L61: =+(K62-Tabla1[[#This Row],[Lectura Horometro INICIAL (06:00)]])*Tabla1[[#This Row],[CAUDAL DE TRATAMIENTO]] -> 480 | M61: 80 | N61: =F61-F62 -> 0 | O61: =G61-G62 -> 150 | P61: =H61-H62 -> 40 | Q61: =I61-I62 -> 0 | R61: =J61-J62 -> 5 | S61: =(N61*$AC$2) -> 0 | T61: =(O61*$AD$2) -> 198.75 | U61: =(P61*$AE$2) -> 50 | V61: =Tabla1[[#This Row],[CONSUMO POL ANIONICO (KG)]] -> 0 | W61: =Tabla1[[#This Row],[CONSUMO POL CATIONICO (KG)]] -> 5 | X61: =(S61*1000)/L61 -> 0 | Y61: =(T61*1000)/L61 -> 414.0625 | Z61: =(U61*1000)/L61 -> 104.16667 | AA61: =(V61*1000)/L61 -> 0 | AB61: =(W61*1000)/L61 -> 10.416667 | AC61: 1.3 | AD61: 1.325 | AE61: 1.25 | AF61: 2500 | AG61: 2500 | AH61: 830 | AI61: 2900 | AJ61: 6295 | AK61: 19050 | AL61: 22050 | AM61: =S61*AH61 -> 0 | AN61: =T61*AI61 -> 576375 | AO61: =U61*AJ61 -> 314750 | AP61: =V61*AK61 -> 0 | AQ61: =W61*AL61 -> 110250 | AR61: =SUM(Tabla1[[#This Row],[COSTO OPERATIVO ACIDO]:[COSTO OPERATIVO CATIONICO]]) -> 1001375 | AS61: 5250 | AT61: =AR61/L61 -> 2086.1979
A62: 46074 | B62: =DAY(Tabla1[[#This Row],[FECHA]]) -> 21 | C62: 21 (NOCHE) | D62: 61 | E62: FINAL TURNO 3 | F62: 800 | G62: 3350 | H62: 2040 | I62: 90 | J62: 255 | K62: 17124 | L62: =+(K63-Tabla1[[#This Row],[Lectura Horometro INICIAL (06:00)]])*Tabla1[[#This Row],[CAUDAL DE TRATAMIENTO]] -> 400 | M62: 80 | N62: =F62-F63 -> 150 | O62: =G62-G63 -> 300 | P62: =H62-H63 -> 40 | Q62: =I62-I63 -> 5 | R62: =J62-J63 -> 5 | S62: =(N62*$AC$2) -> 195 | T62: =(O62*$AD$2) -> 397.5 | U62: =(P62*$AE$2) -> 50 | V62: =Tabla1[[#This Row],[CONSUMO POL ANIONICO (KG)]] -> 5 | W62: =Tabla1[[#This Row],[CONSUMO POL CATIONICO (KG)]] -> 5 | X62: =(S62*1000)/L62 -> 487.5 | Y62: =(T62*1000)/L62 -> 993.75 | Z62: =(U62*1000)/L62 -> 125 | AA62: =(V62*1000)/L62 -> 12.5 | AB62: =(W62*1000)/L62 -> 12.5 | AC62: 1.3 | AD62: 1.325 | AE62: 1.25 | AF62: 2500 | AG62: 2500 | AH62: 830 | AI62: 2900 | AJ62: 6295 | AK62: 19050 | AL62: 22050 | AM62: =S62*AH62 -> 161850 | AN62: =T62*AI62 -> 1152750 | AO62: =U62*AJ62 -> 314750 | AP62: =V62*AK62 -> 95250 | AQ62: =W62*AL62 -> 110250 | AR62: =SUM(Tabla1[[#This Row],[COSTO OPERATIVO ACIDO]:[COSTO OPERATIVO CATIONICO]]) -> 1834850 | AS62: 5250 | AT62: =AR62/L62 -> 4587.125
A63: =A62 -> 46074 | B63: =DAY(Tabla1[[#This Row],[FECHA]]) -> 21 | C63: 22 (MAÑANA) | D63: 62 | E63: FINAL TURNO 1 | F63: 650 | G63: 3050 | H63: 2000 | I63: 85 | J63: 250 | K63: 17129 | L63: =+(K64-Tabla1[[#This Row],[Lectura Horometro INICIAL (06:00)]])*Tabla1[[#This Row],[CAUDAL DE TRATAMIENTO]] -> 160 | M63: 80 | N63: =F63-F64 -> 50 | O63: =G63-G64 -> 50 | P63: =H63-H64 -> 50 | Q63: =I63-I64 -> 0 | R63: =J63-J64 -> 5 | S63: =(N63*$AC$2) -> 65 | T63: =(O63*$AD$2) -> 66.25 | U63: =(P63*$AE$2) -> 62.5 | V63: =Tabla1[[#This Row],[CONSUMO POL ANIONICO (KG)]] -> 0 | W63: =Tabla1[[#This Row],[CONSUMO POL CATIONICO (KG)]] -> 5 | X63: =(S63*1000)/L63 -> 406.25 | Y63: =(T63*1000)/L63 -> 414.0625 | Z63: =(U63*1000)/L63 -> 390.625 | AA63: =(V63*1000)/L63 -> 0 | AB63: =(W63*1000)/L63 -> 31.25 | AC63: 1.3 | AD63: 1.325 | AE63: 1.25 | AF63: 2500 | AG63: 2500 | AH63: 830 | AI63: 2900 | AJ63: 6295 | AK63: 19050 | AL63: 22050 | AM63: =S63*AH63 -> 53950 | AN63: =T63*AI63 -> 192125 | AO63: =U63*AJ63 -> 393437.5 | AP63: =V63*AK63 -> 0 | AQ63: =W63*AL63 -> 110250 | AR63: =SUM(Tabla1[[#This Row],[COSTO OPERATIVO ACIDO]:[COSTO OPERATIVO CATIONICO]]) -> 749762.5 | AS63: 5250 | AT63: =AR63/L63 -> 4686.0156
A64: =A63 -> 46074 | B64: =DAY(Tabla1[[#This Row],[FECHA]]) -> 21 | C64: 3(TARDE) | D64: 63 | E64: FINAL TURNO 2 | F64: 600 | G64: 3000 | H64: 1950 | I64: 85 | J64: 245 | K64: 17131 | L64: =+(K65-Tabla1[[#This Row],[Lectura Horometro INICIAL (06:00)]])*Tabla1[[#This Row],[CAUDAL DE TRATAMIENTO]] -> 320 | M64: 80 | N64: =F64-F65 -> 80 | O64: =G64-G65 -> 150 | P64: =H64-H65 -> 40 | Q64: =I64-I65 -> 0 | R64: =J64-J65 -> 5 | S64: =(N64*$AC$2) -> 104 | T64: =(O64*$AD$2) -> 198.75 | U64: =(P64*$AE$2) -> 50 | V64: =Tabla1[[#This Row],[CONSUMO POL ANIONICO (KG)]] -> 0 | W64: =Tabla1[[#This Row],[CONSUMO POL CATIONICO (KG)]] -> 5 | X64: =(S64*1000)/L64 -> 325 | Y64: =(T64*1000)/L64 -> 621.09375 | Z64: =(U64*1000)/L64 -> 156.25 | AA64: =(V64*1000)/L64 -> 0 | AB64: =(W64*1000)/L64 -> 15.625 | AC64: 1.3 | AD64: 1.325 | AE64: 1.25 | AF64: 2500 | AG64: 2500 | AH64: 830 | AI64: 2900 | AJ64: 6295 | AK64: 19050 | AL64: 22050 | AM64: =S64*AH64 -> 86320 | AN64: =T64*AI64 -> 576375 | AO64: =U64*AJ64 -> 314750 | AP64: =V64*AK64 -> 0 | AQ64: =W64*AL64 -> 110250 | AR64: =SUM(Tabla1[[#This Row],[COSTO OPERATIVO ACIDO]:[COSTO OPERATIVO CATIONICO]]) -> 1087695 | AS64: 5250 | AT64: =AR64/L64 -> 3399.0469
A65: 46075 | B65: =DAY(Tabla1[[#This Row],[FECHA]]) -> 22 | C65: 22 (NOCHE) | D65: 64 | E65: FINAL TURNO 3 | F65: 520 | G65: 2850 | H65: 1910 | I65: 85 | J65: 240 | K65: 17135 | L65: =+(K66-Tabla1[[#This Row],[Lectura Horometro INICIAL (06:00)]])*Tabla1[[#This Row],[CAUDAL DE TRATAMIENTO]] -> 0 | M65: 80 | N65: =F65-F66 -> 0 | O65: =G65-G66 -> 0 | P65: =H65-H66 -> 0 | Q65: =I65-I66 -> 0 | R65: =J65-J66 -> 0 | S65: =(N65*$AC$2) -> 0 | T65: =(O65*$AD$2) -> 0 | U65: =(P65*$AE$2) -> 0 | V65: =Tabla1[[#This Row],[CONSUMO POL ANIONICO (KG)]] -> 0 | W65: =Tabla1[[#This Row],[CONSUMO POL CATIONICO (KG)]] -> 0 | X65: =(S65*1000)/L65 -> #DIV/0! | Y65: =(T65*1000)/L65 -> #DIV/0! | Z65: =(U65*1000)/L65 -> #DIV/0! | AA65: =(V65*1000)/L65 -> #DIV/0! | AB65: =(W65*1000)/L65 -> #DIV/0! | AC65: 1.3 | AD65: 1.325 | AE65: 1.25 | AF65: 2500 | AG65: 2500 | AH65: 830 | AI65: 2900 | AJ65: 6295 | AK65: 19050 | AL65: 22050 | AM65: =S65*AH65 -> 0 | AN65: =T65*AI65 -> 0 | AO65: =U65*AJ65 -> 0 | AP65: =V65*AK65 -> 0 | AQ65: =W65*AL65 -> 0 | AR65: =SUM(Tabla1[[#This Row],[COSTO OPERATIVO ACIDO]:[COSTO OPERATIVO CATIONICO]]) -> 0 | AS65: 5250 | AT65: =AR65/L65 -> #DIV/0!
A66: =A65 -> 46075 | B66: =DAY(Tabla1[[#This Row],[FECHA]]) -> 22 | C66: 23 (MAÑANA) | D66: 65 | E66: FINAL TURNO 1 | F66: 520 | G66: 2850 | H66: 1910 | I66: 85 | J66: 240 | K66: 17135 | L66: =+(K67-Tabla1[[#This Row],[Lectura Horometro INICIAL (06:00)]])*Tabla1[[#This Row],[CAUDAL DE TRATAMIENTO]] -> 0 | M66: 80 | N66: =F66-F67 -> 0 | O66: =G66-G67 -> 0 | P66: =H66-H67 -> 0 | Q66: =I66-I67 -> 0 | R66: =J66-J67 -> 0 | S66: =(N66*$AC$2) -> 0 | T66: =(O66*$AD$2) -> 0 | U66: =(P66*$AE$2) -> 0 | V66: =Tabla1[[#This Row],[CONSUMO POL ANIONICO (KG)]] -> 0 | W66: =Tabla1[[#This Row],[CONSUMO POL CATIONICO (KG)]] -> 0 | X66: =(S66*1000)/L66 -> #DIV/0! | Y66: =(T66*1000)/L66 -> #DIV/0! | Z66: =(U66*1000)/L66 -> #DIV/0! | AA66: =(V66*1000)/L66 -> #DIV/0! | AB66: =(W66*1000)/L66 -> #DIV/0! | AC66: 1.3 | AD66: 1.325 | AE66: 1.25 | AF66: 2500 | AG66: 2500 | AH66: 830 | AI66: 2900 | AJ66: 6295 | AK66: 19050 | AL66: 22050 | AM66: =S66*AH66 -> 0 | AN66: =T66*AI66 -> 0 | AO66: =U66*AJ66 -> 0 | AP66: =V66*AK66 -> 0 | AQ66: =W66*AL66 -> 0 | AR66: =SUM(Tabla1[[#This Row],[COSTO OPERATIVO ACIDO]:[COSTO OPERATIVO CATIONICO]]) -> 0 | AS66: 5250 | AT66: =AR66/L66 -> #DIV/0!
A67: =A66 -> 46075 | B67: =DAY(Tabla1[[#This Row],[FECHA]]) -> 22 | C67: 3(TARDE) | D67: 66 | E67: FINAL TURNO 2 | F67: 520 | G67: 2850 | H67: 1910 | I67: 85 | J67: 240 | K67: 17135 | L67: =+(K68-Tabla1[[#This Row],[Lectura Horometro INICIAL (06:00)]])*Tabla1[[#This Row],[CAUDAL DE TRATAMIENTO]] -> 0 | M67: 80 | N67: =F67-F68 -> 0 | O67: =G67-G68 -> 160 | P67: =H67-H68 -> 0 | Q67: =I67-I68 -> 0 | R67: =J67-J68 -> 0 | S67: =(N67*$AC$2) -> 0 | T67: =(O67*$AD$2) -> 212 | U67: =(P67*$AE$2) -> 0 | V67: =Tabla1[[#This Row],[CONSUMO POL ANIONICO (KG)]] -> 0 | W67: =Tabla1[[#This Row],[CONSUMO POL CATIONICO (KG)]] -> 0 | X67: =(S67*1000)/L67 -> #DIV/0! | Y67: =(T67*1000)/L67 -> #DIV/0! | Z67: =(U67*1000)/L67 -> #DIV/0! | AA67: =(V67*1000)/L67 -> #DIV/0! | AB67: =(W67*1000)/L67 -> #DIV/0! | AC67: 1.3 | AD67: 1.325 | AE67: 1.25 | AF67: 2500 | AG67: 2500 | AH67: 830 | AI67: 2900 | AJ67: 6295 | AK67: 19050 | AL67: 22050 | AM67: =S67*AH67 -> 0 | AN67: =T67*AI67 -> 614800 | AO67: =U67*AJ67 -> 0 | AP67: =V67*AK67 -> 0 | AQ67: =W67*AL67 -> 0 | AR67: =SUM(Tabla1[[#This Row],[COSTO OPERATIVO ACIDO]:[COSTO OPERATIVO CATIONICO]]) -> 614800 | AS67: 5250 | AT67: =AR67/L67 -> #DIV/0!
A68: 46076 | B68: =DAY(Tabla1[[#This Row],[FECHA]]) -> 23 | C68: 23 (NOCHE) | D68: 67 | E68: FINAL TURNO 3 | F68: 520 | G68: 2690 | H68: 1910 | I68: 85 | J68: 240 | K68: 17135 | L68: =+(K69-Tabla1[[#This Row],[Lectura Horometro INICIAL (06:00)]])*Tabla1[[#This Row],[CAUDAL DE TRATAMIENTO]] -> 240 | M68: 80 | N68: =F68-F69 -> 0 | O68: =G68-G69+2000 -> 290 | P68: =H68-H69 -> 10 | Q68: =I68-I69 -> 5 | R68: =J68-J69 -> 5 | S68: =(N68*$AC$2) -> 0 | T68: =(O68*$AD$2) -> 384.25 | U68: =(P68*$AE$2) -> 12.5 | V68: =Tabla1[[#This Row],[CONSUMO POL ANIONICO (KG)]] -> 5 | W68: =Tabla1[[#This Row],[CONSUMO POL CATIONICO (KG)]] -> 5 | X68: =(S68*1000)/L68 -> 0 | Y68: =(T68*1000)/L68 -> 1601.0417 | Z68: =(U68*1000)/L68 -> 52.083333 | AA68: =(V68*1000)/L68 -> 20.833333 | AB68: =(W68*1000)/L68 -> 20.833333 | AC68: 1.3 | AD68: 1.325 | AE68: 1.25 | AF68: 2500 | AG68: 2500 | AH68: 830 | AI68: 2900 | AJ68: 6295 | AK68: 19050 | AL68: 22050 | AM68: =S68*AH68 -> 0 | AN68: =T68*AI68 -> 1114325 | AO68: =U68*AJ68 -> 78687.5 | AP68: =V68*AK68 -> 95250 | AQ68: =W68*AL68 -> 110250 | AR68: =SUM(Tabla1[[#This Row],[COSTO OPERATIVO ACIDO]:[COSTO OPERATIVO CATIONICO]]) -> 1398512.5 | AS68: 5250 | AT68: =AR68/L68 -> 5827.1354
A69: =A68 -> 46076 | B69: =DAY(Tabla1[[#This Row],[FECHA]]) -> 23 | C69: 24 (MAÑANA) | D69: 68 | E69: FINAL TURNO 1 | F69: 520 | G69: 4400 | H69: 1900 | I69: 80 | J69: 235 | K69: 17138 | L69: =+(K70-Tabla1[[#This Row],[Lectura Horometro INICIAL (06:00)]])*Tabla1[[#This Row],[CAUDAL DE TRATAMIENTO]] -> 0 | M69: 80 | N69: =F69-F70+2000 -> 420 | O69: =G69-G70 -> 100 | P69: =H69-H70+1000 -> 90 | Q69: =I69-I70 -> 0 | R69: =J69-J70 -> 5 | S69: =(N69*$AC$2) -> 546 | T69: =(O69*$AD$2) -> 132.5 | U69: =(P69*$AE$2) -> 112.5 | V69: =Tabla1[[#This Row],[CONSUMO POL ANIONICO (KG)]] -> 0 | W69: =Tabla1[[#This Row],[CONSUMO POL CATIONICO (KG)]] -> 5 | X69: =(S69*1000)/L69 -> #DIV/0! | Y69: =(T69*1000)/L69 -> #DIV/0! | Z69: =(U69*1000)/L69 -> #DIV/0! | AA69: =(V69*1000)/L69 -> #DIV/0! | AB69: =(W69*1000)/L69 -> #DIV/0! | AC69: 1.3 | AD69: 1.325 | AE69: 1.25 | AF69: 2500 | AG69: 2500 | AH69: 830 | AI69: 2900 | AJ69: 6295 | AK69: 19050 | AL69: 22050 | AM69: =S69*AH69 -> 453180 | AN69: =T69*AI69 -> 384250 | AO69: =U69*AJ69 -> 708187.5 | AP69: =V69*AK69 -> 0 | AQ69: =W69*AL69 -> 110250 | AR69: =SUM(Tabla1[[#This Row],[COSTO OPERATIVO ACIDO]:[COSTO OPERATIVO CATIONICO]]) -> 1655867.5 | AS69: 5250 | AT69: =AR69/L69 -> #DIV/0!
A70: =A69 -> 46076 | B70: =DAY(Tabla1[[#This Row],[FECHA]]) -> 23 | C70: 3(TARDE) | D70: 69 | E70: FINAL TURNO 2 | F70: 2100 | G70: 4300 | H70: 2810 | I70: 80 | J70: 230 | K70: 17138 | L70: =+(K71-Tabla1[[#This Row],[Lectura Horometro INICIAL (06:00)]])*Tabla1[[#This Row],[CAUDAL DE TRATAMIENTO]] -> 480 | M70: 80 | N70: =F70-F71 -> 100 | O70: =G70-G71 -> 0 | P70: =H70-H71 -> 10 | Q70: =I70-I71 -> 5 | R70: =J70-J71 -> 5 | S70: =(N70*$AC$2) -> 130 | T70: =(O70*$AD$2) -> 0 | U70: =(P70*$AE$2) -> 12.5 | V70: =Tabla1[[#This Row],[CONSUMO POL ANIONICO (KG)]] -> 5 | W70: =Tabla1[[#This Row],[CONSUMO POL CATIONICO (KG)]] -> 5 | X70: =(S70*1000)/L70 -> 270.83333 | Y70: =(T70*1000)/L70 -> 0 | Z70: =(U70*1000)/L70 -> 26.041667 | AA70: =(V70*1000)/L70 -> 10.416667 | AB70: =(W70*1000)/L70 -> 10.416667 | AC70: 1.3 | AD70: 1.325 | AE70: 1.25 | AF70: 2500 | AG70: 2500 | AH70: 830 | AI70: 2900 | AJ70: 6295 | AK70: 19050 | AL70: 22050 | AM70: =S70*AH70 -> 107900 | AN70: =T70*AI70 -> 0 | AO70: =U70*AJ70 -> 78687.5 | AP70: =V70*AK70 -> 95250 | AQ70: =W70*AL70 -> 110250 | AR70: =SUM(Tabla1[[#This Row],[COSTO OPERATIVO ACIDO]:[COSTO OPERATIVO CATIONICO]]) -> 392087.5 | AS70: 5250 | AT70: =AR70/L70 -> 816.84896
A71: 46077 | B71: =DAY(Tabla1[[#This Row],[FECHA]]) -> 24 | C71: 24 (NOCHE) | D71: 70 | E71: FINAL TURNO 3 | F71: 2000 | G71: 4300 | H71: 2800 | I71: 75 | J71: 225 | K71: 17144 | L71: =+(K72-Tabla1[[#This Row],[Lectura Horometro INICIAL (06:00)]])*Tabla1[[#This Row],[CAUDAL DE TRATAMIENTO]] -> 400 | M71: 80 | N71: =F71-F72 -> 0 | O71: =G71-G72 -> 330 | P71: =H71-H72 -> 0 | Q71: =I71-I72 -> 0 | R71: =J71-J72 -> 5 | S71: =(N71*$AC$2) -> 0 | T71: =(O71*$AD$2) -> 437.25 | U71: =(P71*$AE$2) -> 0 | V71: =Tabla1[[#This Row],[CONSUMO POL ANIONICO (KG)]] -> 0 | W71: =Tabla1[[#This Row],[CONSUMO POL CATIONICO (KG)]] -> 5 | X71: =(S71*1000)/L71 -> 0 | Y71: =(T71*1000)/L71 -> 1093.125 | Z71: =(U71*1000)/L71 -> 0 | AA71: =(V71*1000)/L71 -> 0 | AB71: =(W71*1000)/L71 -> 12.5 | AC71: 1.3 | AD71: 1.325 | AE71: 1.25 | AF71: 2500 | AG71: 2500 | AH71: 830 | AI71: 2900 | AJ71: 6295 | AK71: 19050 | AL71: 22050 | AM71: =S71*AH71 -> 0 | AN71: =T71*AI71 -> 1268025 | AO71: =U71*AJ71 -> 0 | AP71: =V71*AK71 -> 0 | AQ71: =W71*AL71 -> 110250 | AR71: =SUM(Tabla1[[#This Row],[COSTO OPERATIVO ACIDO]:[COSTO OPERATIVO CATIONICO]]) -> 1378275 | AS71: 5250 | AT71: =AR71/L71 -> 3445.6875
A72: =A71 -> 46077 | B72: =DAY(Tabla1[[#This Row],[FECHA]]) -> 24 | C72: 25 (MAÑANA) | D72: 71 | E72: FINAL TURNO 1 | F72: 2000 | G72: 3970 | H72: 2800 | I72: 75 | J72: 220 | K72: 17149 | L72: =+(K73-Tabla1[[#This Row],[Lectura Horometro INICIAL (06:00)]])*Tabla1[[#This Row],[CAUDAL DE TRATAMIENTO]] -> 320 | M72: 80 | N72: =F72-F73 -> 0 | O72: =G72-G73 -> 310 | P72: =H72-H73 -> 80 | Q72: =I72-I73 -> 5 | R72: =J72-J73 -> 5 | S72: =(N72*$AC$2) -> 0 | T72: =(O72*$AD$2) -> 410.75 | U72: =(P72*$AE$2) -> 100 | V72: =Tabla1[[#This Row],[CONSUMO POL ANIONICO (KG)]] -> 5 | W72: =Tabla1[[#This Row],[CONSUMO POL CATIONICO (KG)]] -> 5 | X72: =(S72*1000)/L72 -> 0 | Y72: =(T72*1000)/L72 -> 1283.5938 | Z72: =(U72*1000)/L72 -> 312.5 | AA72: =(V72*1000)/L72 -> 15.625 | AB72: =(W72*1000)/L72 -> 15.625 | AC72: 1.3 | AD72: 1.325 | AE72: 1.25 | AF72: 2500 | AG72: 2500 | AH72: 830 | AI72: 2900 | AJ72: 6295 | AK72: 19050 | AL72: 22050 | AM72: =S72*AH72 -> 0 | AN72: =T72*AI72 -> 1191175 | AO72: =U72*AJ72 -> 629500 | AP72: =V72*AK72 -> 95250 | AQ72: =W72*AL72 -> 110250 | AR72: =SUM(Tabla1[[#This Row],[COSTO OPERATIVO ACIDO]:[COSTO OPERATIVO CATIONICO]]) -> 2026175 | AS72: 5250 | AT72: =AR72/L72 -> 6331.7969
A73: =A72 -> 46077 | B73: =DAY(Tabla1[[#This Row],[FECHA]]) -> 24 | C73: 3(TARDE) | D73: 72 | E73: FINAL TURNO 2 | F73: 2000 | G73: 3660 | H73: 2720 | I73: 70 | J73: 215 | K73: 17153 | L73: =+(K74-Tabla1[[#This Row],[Lectura Horometro INICIAL (06:00)]])*Tabla1[[#This Row],[CAUDAL DE TRATAMIENTO]] -> 400 | M73: 80 | N73: =F73-F74 -> 130 | O73: =G73-G74 -> 60 | P73: =H73-H74 -> 120 | Q73: =I73-I74 -> 0 | R73: =J73-J74 -> 5 | S73: =(N73*$AC$2) -> 169 | T73: =(O73*$AD$2) -> 79.5 | U73: =(P73*$AE$2) -> 150 | V73: =Tabla1[[#This Row],[CONSUMO POL ANIONICO (KG)]] -> 0 | W73: =Tabla1[[#This Row],[CONSUMO POL CATIONICO (KG)]] -> 5 | X73: =(S73*1000)/L73 -> 422.5 | Y73: =(T73*1000)/L73 -> 198.75 | Z73: =(U73*1000)/L73 -> 375 | AA73: =(V73*1000)/L73 -> 0 | AB73: =(W73*1000)/L73 -> 12.5 | AC73: 1.3 | AD73: 1.325 | AE73: 1.25 | AF73: 2500 | AG73: 2500 | AH73: 830 | AI73: 2900 | AJ73: 6295 | AK73: 19050 | AL73: 22050 | AM73: =S73*AH73 -> 140270 | AN73: =T73*AI73 -> 230550 | AO73: =U73*AJ73 -> 944250 | AP73: =V73*AK73 -> 0 | AQ73: =W73*AL73 -> 110250 | AR73: =SUM(Tabla1[[#This Row],[COSTO OPERATIVO ACIDO]:[COSTO OPERATIVO CATIONICO]]) -> 1425320 | AS73: 5250 | AT73: =AR73/L73 -> 3563.3
A74: 46078 | B74: =DAY(Tabla1[[#This Row],[FECHA]]) -> 25 | C74: 25 (NOCHE) | D74: 73 | E74: FINAL TURNO 3 | F74: 1870 | G74: 3600 | H74: 2600 | I74: 70 | J74: 210 | K74: 17158 | L74: =+(K75-Tabla1[[#This Row],[Lectura Horometro INICIAL (06:00)]])*Tabla1[[#This Row],[CAUDAL DE TRATAMIENTO]] -> 480 | M74: 80 | N74: =F74-F75 -> 70 | O74: =G74-G75 -> 400 | P74: =H74-H75 -> 25 | Q74: =I74-I75 -> 5 | R74: =J74-J75 -> 5 | S74: =(N74*$AC$2) -> 91 | T74: =(O74*$AD$2) -> 530 | U74: =(P74*$AE$2) -> 31.25 | V74: =Tabla1[[#This Row],[CONSUMO POL ANIONICO (KG)]] -> 5 | W74: =Tabla1[[#This Row],[CONSUMO POL CATIONICO (KG)]] -> 5 | X74: =(S74*1000)/L74 -> 189.58333 | Y74: =(T74*1000)/L74 -> 1104.1667 | Z74: =(U74*1000)/L74 -> 65.104167 | AA74: =(V74*1000)/L74 -> 10.416667 | AB74: =(W74*1000)/L74 -> 10.416667 | AC74: 1.3 | AD74: 1.325 | AE74: 1.25 | AF74: 2500 | AG74: 2500 | AH74: 830 | AI74: 2900 | AJ74: 6295 | AK74: 19050 | AL74: 22050 | AM74: =S74*AH74 -> 75530 | AN74: =T74*AI74 -> 1537000 | AO74: =U74*AJ74 -> 196718.75 | AP74: =V74*AK74 -> 95250 | AQ74: =W74*AL74 -> 110250 | AR74: =SUM(Tabla1[[#This Row],[COSTO OPERATIVO ACIDO]:[COSTO OPERATIVO CATIONICO]]) -> 2014748.8 | AS74: 5250 | AT74: =AR74/L74 -> 4197.3932
A75: =A74 -> 46078 | B75: =DAY(Tabla1[[#This Row],[FECHA]]) -> 25 | C75: 26 (MAÑANA) | D75: 74 | E75: FINAL TURNO 1 | F75: 1800 | G75: 3200 | H75: 2575 | I75: 65 | J75: 205 | K75: 17164 | L75: =+(K76-Tabla1[[#This Row],[Lectura Horometro INICIAL (06:00)]])*Tabla1[[#This Row],[CAUDAL DE TRATAMIENTO]] -> 480 | M75: 80 | N75: =F75-F76 -> 70 | O75: =G75-G76 -> 180 | P75: =H75-H76 -> 25 | Q75: =I75-I76 -> 0 | R75: =J75-J76 -> 5 | S75: =(N75*$AC$2) -> 91 | T75: =(O75*$AD$2) -> 238.5 | U75: =(P75*$AE$2) -> 31.25 | V75: =Tabla1[[#This Row],[CONSUMO POL ANIONICO (KG)]] -> 0 | W75: =Tabla1[[#This Row],[CONSUMO POL CATIONICO (KG)]] -> 5 | X75: =(S75*1000)/L75 -> 189.58333 | Y75: =(T75*1000)/L75 -> 496.875 | Z75: =(U75*1000)/L75 -> 65.104167 | AA75: =(V75*1000)/L75 -> 0 | AB75: =(W75*1000)/L75 -> 10.416667 | AC75: 1.3 | AD75: 1.325 | AE75: 1.25 | AF75: 2500 | AG75: 2500 | AH75: 830 | AI75: 2900 | AJ75: 6295 | AK75: 19050 | AL75: 22050 | AM75: =S75*AH75 -> 75530 | AN75: =T75*AI75 -> 691650 | AO75: =U75*AJ75 -> 196718.75 | AP75: =V75*AK75 -> 0 | AQ75: =W75*AL75 -> 110250 | AR75: =SUM(Tabla1[[#This Row],[COSTO OPERATIVO ACIDO]:[COSTO OPERATIVO CATIONICO]]) -> 1074148.8 | AS75: 5250 | AT75: =AR75/L75 -> 2237.8099
A76: =A75 -> 46078 | B76: =DAY(Tabla1[[#This Row],[FECHA]]) -> 25 | C76: 3(TARDE) | D76: 75 | E76: FINAL TURNO 2 | F76: 1730 | G76: 3020 | H76: 2550 | I76: 65 | J76: 200 | K76: 17170 | L76: =+(K77-Tabla1[[#This Row],[Lectura Horometro INICIAL (06:00)]])*Tabla1[[#This Row],[CAUDAL DE TRATAMIENTO]] -> 480 | M76: 80 | N76: =F76-F77 -> 40 | O76: =G76-G77 -> 200 | P76: =H76-H77 -> 50 | Q76: =I76-I77 -> 5 | R76: =J76-J77 -> 5 | S76: =(N76*$AC$2) -> 52 | T76: =(O76*$AD$2) -> 265 | U76: =(P76*$AE$2) -> 62.5 | V76: =Tabla1[[#This Row],[CONSUMO POL ANIONICO (KG)]] -> 5 | W76: =Tabla1[[#This Row],[CONSUMO POL CATIONICO (KG)]] -> 5 | X76: =(S76*1000)/L76 -> 108.33333 | Y76: =(T76*1000)/L76 -> 552.08333 | Z76: =(U76*1000)/L76 -> 130.20833 | AA76: =(V76*1000)/L76 -> 10.416667 | AB76: =(W76*1000)/L76 -> 10.416667 | AC76: 1.3 | AD76: 1.325 | AE76: 1.25 | AF76: 2500 | AG76: 2500 | AH76: 830 | AI76: 2900 | AJ76: 6295 | AK76: 19050 | AL76: 22050 | AM76: =S76*AH76 -> 43160 | AN76: =T76*AI76 -> 768500 | AO76: =U76*AJ76 -> 393437.5 | AP76: =V76*AK76 -> 95250 | AQ76: =W76*AL76 -> 110250 | AR76: =SUM(Tabla1[[#This Row],[COSTO OPERATIVO ACIDO]:[COSTO OPERATIVO CATIONICO]]) -> 1410597.5 | AS76: 5250 | AT76: =AR76/L76 -> 2938.7448
A77: 46079 | B77: =DAY(Tabla1[[#This Row],[FECHA]]) -> 26 | C77: 26 (NOCHE) | D77: 76 | E77: FINAL TURNO 3 | F77: 1690 | G77: 2820 | H77: 2500 | I77: 60 | J77: 195 | K77: 17176 | L77: =+(K78-Tabla1[[#This Row],[Lectura Horometro INICIAL (06:00)]])*Tabla1[[#This Row],[CAUDAL DE TRATAMIENTO]] -> 560 | M77: 80 | N77: =F77-F78 -> 240 | O77: =G77-G78 -> 150 | P77: =H77-H78 -> 0 | Q77: =I77-I78 -> 0 | R77: =J77-J78 -> 5 | S77: =(N77*$AC$2) -> 312 | T77: =(O77*$AD$2) -> 198.75 | U77: =(P77*$AE$2) -> 0 | V77: =Tabla1[[#This Row],[CONSUMO POL ANIONICO (KG)]] -> 0 | W77: =Tabla1[[#This Row],[CONSUMO POL CATIONICO (KG)]] -> 5 | X77: =(S77*1000)/L77 -> 557.14286 | Y77: =(T77*1000)/L77 -> 354.91071 | Z77: =(U77*1000)/L77 -> 0 | AA77: =(V77*1000)/L77 -> 0 | AB77: =(W77*1000)/L77 -> 8.9285714 | AC77: 1.3 | AD77: 1.325 | AE77: 1.25 | AF77: 2500 | AG77: 2500 | AH77: 830 | AI77: 2900 | AJ77: 6295 | AK77: 19050 | AL77: 22050 | AM77: =S77*AH77 -> 258960 | AN77: =T77*AI77 -> 576375 | AO77: =U77*AJ77 -> 0 | AP77: =V77*AK77 -> 0 | AQ77: =W77*AL77 -> 110250 | AR77: =SUM(Tabla1[[#This Row],[COSTO OPERATIVO ACIDO]:[COSTO OPERATIVO CATIONICO]]) -> 945585 | AS77: 5250 | AT77: =AR77/L77 -> 1688.5446
A78: =A77 -> 46079 | B78: =DAY(Tabla1[[#This Row],[FECHA]]) -> 26 | C78: 27 (MAÑANA) | D78: 77 | E78: FINAL TURNO 1 | F78: 1450 | G78: 2670 | H78: 2500 | I78: 60 | J78: 190 | K78: 17183 | L78: =+(K79-Tabla1[[#This Row],[Lectura Horometro INICIAL (06:00)]])*Tabla1[[#This Row],[CAUDAL DE TRATAMIENTO]] -> 560 | M78: 80 | N78: =F78-F79 -> 350 | O78: =G78-G79 -> 190 | P78: =H78-H79 -> 100 | Q78: =I78-I79 -> 5 | R78: =J78-J79 -> 5 | S78: =(N78*$AC$2) -> 455 | T78: =(O78*$AD$2) -> 251.75 | U78: =(P78*$AE$2) -> 125 | V78: =Tabla1[[#This Row],[CONSUMO POL ANIONICO (KG)]] -> 5 | W78: =Tabla1[[#This Row],[CONSUMO POL CATIONICO (KG)]] -> 5 | X78: =(S78*1000)/L78 -> 812.5 | Y78: =(T78*1000)/L78 -> 449.55357 | Z78: =(U78*1000)/L78 -> 223.21429 | AA78: =(V78*1000)/L78 -> 8.9285714 | AB78: =(W78*1000)/L78 -> 8.9285714 | AC78: 1.3 | AD78: 1.325 | AE78: 1.25 | AF78: 2500 | AG78: 2500 | AH78: 830 | AI78: 2900 | AJ78: 6295 | AK78: 19050 | AL78: 22050 | AM78: =S78*AH78 -> 377650 | AN78: =T78*AI78 -> 730075 | AO78: =U78*AJ78 -> 786875 | AP78: =V78*AK78 -> 95250 | AQ78: =W78*AL78 -> 110250 | AR78: =SUM(Tabla1[[#This Row],[COSTO OPERATIVO ACIDO]:[COSTO OPERATIVO CATIONICO]]) -> 2100100 | AS78: 5250 | AT78: =AR78/L78 -> 3750.1786
A79: =A78 -> 46079 | B79: =DAY(Tabla1[[#This Row],[FECHA]]) -> 26 | C79: 3(TARDE) | D79: 78 | E79: FINAL TURNO 2 | F79: 1100 | G79: 2480 | H79: 2400 | I79: 55 | J79: 185 | K79: 17190 | L79: =+(K80-Tabla1[[#This Row],[Lectura Horometro INICIAL (06:00)]])*Tabla1[[#This Row],[CAUDAL DE TRATAMIENTO]] -> 640 | M79: 80 | N79: =F79-F80 -> 190 | O79: =G79-G80 -> 180 | P79: =H79-H80 -> 100 | Q79: =I79-I80 -> 0 | R79: =J79-J80 -> 5 | S79: =(N79*$AC$2) -> 247 | T79: =(O79*$AD$2) -> 238.5 | U79: =(P79*$AE$2) -> 125 | V79: =Tabla1[[#This Row],[CONSUMO POL ANIONICO (KG)]] -> 0 | W79: =Tabla1[[#This Row],[CONSUMO POL CATIONICO (KG)]] -> 5 | X79: =(S79*1000)/L79 -> 385.9375 | Y79: =(T79*1000)/L79 -> 372.65625 | Z79: =(U79*1000)/L79 -> 195.3125 | AA79: =(V79*1000)/L79 -> 0 | AB79: =(W79*1000)/L79 -> 7.8125 | AC79: 1.3 | AD79: 1.325 | AE79: 1.25 | AF79: 2500 | AG79: 2500 | AH79: 830 | AI79: 2900 | AJ79: 6295 | AK79: 19050 | AL79: 22050 | AM79: =S79*AH79 -> 205010 | AN79: =T79*AI79 -> 691650 | AO79: =U79*AJ79 -> 786875 | AP79: =V79*AK79 -> 0 | AQ79: =W79*AL79 -> 110250 | AR79: =SUM(Tabla1[[#This Row],[COSTO OPERATIVO ACIDO]:[COSTO OPERATIVO CATIONICO]]) -> 1793785 | AS79: 5250 | AT79: =AR79/L79 -> 2802.7891
A80: 46080 | B80: =DAY(Tabla1[[#This Row],[FECHA]]) -> 27 | C80: 27 (NOCHE) | D80: 79 | E80: FINAL TURNO 3 | F80: 910 | G80: 2300 | H80: 2300 | I80: 55 | J80: 180 | K80: 17198 | L80: =+(K81-Tabla1[[#This Row],[Lectura Horometro INICIAL (06:00)]])*Tabla1[[#This Row],[CAUDAL DE TRATAMIENTO]] -> 560 | M80: 80 | N80: =F80-F81 -> 20 | O80: =G80-G81 -> 220 | P80: =H80-H81 -> 80 | Q80: =I80-I81 -> 5 | R80: =J80-J81 -> 5 | S80: =(N80*$AC$2) -> 26 | T80: =(O80*$AD$2) -> 291.5 | U80: =(P80*$AE$2) -> 100 | V80: =Tabla1[[#This Row],[CONSUMO POL ANIONICO (KG)]] -> 5 | W80: =Tabla1[[#This Row],[CONSUMO POL CATIONICO (KG)]] -> 5 | X80: =(S80*1000)/L80 -> 46.428571 | Y80: =(T80*1000)/L80 -> 520.53571 | Z80: =(U80*1000)/L80 -> 178.57143 | AA80: =(V80*1000)/L80 -> 8.9285714 | AB80: =(W80*1000)/L80 -> 8.9285714 | AC80: 1.3 | AD80: 1.325 | AE80: 1.25 | AF80: 2500 | AG80: 2500 | AH80: 830 | AI80: 2900 | AJ80: 6295 | AK80: 19050 | AL80: 22050 | AM80: =S80*AH80 -> 21580 | AN80: =T80*AI80 -> 845350 | AO80: =U80*AJ80 -> 629500 | AP80: =V80*AK80 -> 95250 | AQ80: =W80*AL80 -> 110250 | AR80: =SUM(Tabla1[[#This Row],[COSTO OPERATIVO ACIDO]:[COSTO OPERATIVO CATIONICO]]) -> 1701930 | AS80: 5250 | AT80: =AR80/L80 -> 3039.1607
A81: =A80 -> 46080 | B81: =DAY(Tabla1[[#This Row],[FECHA]]) -> 27 | C81: 28 (MAÑANA) | D81: 80 | E81: FINAL TURNO 1 | F81: 890 | G81: 2080 | H81: 2220 | I81: 50 | J81: 175 | K81: 17205 | L81: =+(K82-Tabla1[[#This Row],[Lectura Horometro INICIAL (06:00)]])*Tabla1[[#This Row],[CAUDAL DE TRATAMIENTO]] -> 400 | M81: 80 | N81: =F81-F82 -> 390 | O81: =G81-G82 -> 260 | P81: =H81-H82 -> 50 | Q81: =I81-I82 -> 0 | R81: =J81-J82 -> 5 | S81: =(N81*$AC$2) -> 507 | T81: =(O81*$AD$2) -> 344.5 | U81: =(P81*$AE$2) -> 62.5 | V81: =Tabla1[[#This Row],[CONSUMO POL ANIONICO (KG)]] -> 0 | W81: =Tabla1[[#This Row],[CONSUMO POL CATIONICO (KG)]] -> 5 | X81: =(S81*1000)/L81 -> 1267.5 | Y81: =(T81*1000)/L81 -> 861.25 | Z81: =(U81*1000)/L81 -> 156.25 | AA81: =(V81*1000)/L81 -> 0 | AB81: =(W81*1000)/L81 -> 12.5 | AC81: 1.3 | AD81: 1.325 | AE81: 1.25 | AF81: 2500 | AG81: 2500 | AH81: 830 | AI81: 2900 | AJ81: 6295 | AK81: 19050 | AL81: 22050 | AM81: =S81*AH81 -> 420810 | AN81: =T81*AI81 -> 999050 | AO81: =U81*AJ81 -> 393437.5 | AP81: =V81*AK81 -> 0 | AQ81: =W81*AL81 -> 110250 | AR81: =SUM(Tabla1[[#This Row],[COSTO OPERATIVO ACIDO]:[COSTO OPERATIVO CATIONICO]]) -> 1923547.5 | AS81: 5250 | AT81: =AR81/L81 -> 4808.8687
A82: =A81 -> 46080 | B82: =DAY(Tabla1[[#This Row],[FECHA]]) -> 27 | C82: 3(TARDE) | D82: 81 | E82: FINAL TURNO 2 | F82: 500 | G82: 1820 | H82: 2170 | I82: 50 | J82: 170 | K82: 17210 | L82: =+(K83-Tabla1[[#This Row],[Lectura Horometro INICIAL (06:00)]])*Tabla1[[#This Row],[CAUDAL DE TRATAMIENTO]] -> 480 | M82: 80 | N82: =F82-F83 -> 20 | O82: =G82-G83 -> 120 | P82: =H82-H83 -> 80 | Q82: =I82-I83 -> 5 | R82: =J82-J83 -> 5 | S82: =(N82*$AC$2) -> 26 | T82: =(O82*$AD$2) -> 159 | U82: =(P82*$AE$2) -> 100 | V82: =Tabla1[[#This Row],[CONSUMO POL ANIONICO (KG)]] -> 5 | W82: =Tabla1[[#This Row],[CONSUMO POL CATIONICO (KG)]] -> 5 | X82: =(S82*1000)/L82 -> 54.166667 | Y82: =(T82*1000)/L82 -> 331.25 | Z82: =(U82*1000)/L82 -> 208.33333 | AA82: =(V82*1000)/L82 -> 10.416667 | AB82: =(W82*1000)/L82 -> 10.416667 | AC82: 1.3 | AD82: 1.325 | AE82: 1.25 | AF82: 2500 | AG82: 2500 | AH82: 830 | AI82: 2900 | AJ82: 6295 | AK82: 19050 | AL82: 22050 | AM82: =S82*AH82 -> 21580 | AN82: =T82*AI82 -> 461100 | AO82: =U82*AJ82 -> 629500 | AP82: =V82*AK82 -> 95250 | AQ82: =W82*AL82 -> 110250 | AR82: =SUM(Tabla1[[#This Row],[COSTO OPERATIVO ACIDO]:[COSTO OPERATIVO CATIONICO]]) -> 1317680 | AS82: 5250 | AT82: =AR82/L82 -> 2745.1667
A83: 46081 | B83: =DAY(Tabla1[[#This Row],[FECHA]]) -> 28 | C83: 28 (NOCHE) | D83: 82 | E83: FINAL TURNO 3 | F83: 480 | G83: 1700 | H83: 2090 | I83: 45 | J83: 165 | K83: 17216 | L83: =+(K84-Tabla1[[#This Row],[Lectura Horometro INICIAL (06:00)]])*Tabla1[[#This Row],[CAUDAL DE TRATAMIENTO]] -> 400 | M83: 80 | N83: =F83-F84 -> 180 | O83: =G83-G84+3000 -> 350 | P83: =H83-H84 -> 150 | Q83: =I83-I84 -> 0 | R83: =J83-J84 -> 5 | S83: =(N83*$AC$2) -> 234 | T83: =(O83*$AD$2) -> 463.75 | U83: =(P83*$AE$2) -> 187.5 | V83: =Tabla1[[#This Row],[CONSUMO POL ANIONICO (KG)]] -> 0 | W83: =Tabla1[[#This Row],[CONSUMO POL CATIONICO (KG)]] -> 5 | X83: =(S83*1000)/L83 -> 585 | Y83: =(T83*1000)/L83 -> 1159.375 | Z83: =(U83*1000)/L83 -> 468.75 | AA83: =(V83*1000)/L83 -> 0 | AB83: =(W83*1000)/L83 -> 12.5 | AC83: 1.3 | AD83: 1.325 | AE83: 1.25 | AF83: 2500 | AG83: 2500 | AH83: 830 | AI83: 2900 | AJ83: 6295 | AK83: 19050 | AL83: 22050 | AM83: =S83*AH83 -> 194220 | AN83: =T83*AI83 -> 1344875 | AO83: =U83*AJ83 -> 1180312.5 | AP83: =V83*AK83 -> 0 | AQ83: =W83*AL83 -> 110250 | AR83: =SUM(Tabla1[[#This Row],[COSTO OPERATIVO ACIDO]:[COSTO OPERATIVO CATIONICO]]) -> 2829657.5 | AS83: 5250 | AT83: =AR83/L83 -> 7074.1438
A84: =A83 -> 46081 | B84: =DAY(Tabla1[[#This Row],[FECHA]]) -> 28 | C84: 29 (MAÑANA) | D84: 83 | E84: FINAL TURNO 1 | F84: 300 | G84: 4350 | H84: 1940 | I84: 45 | J84: 160 | K84: 17221 | L84: =+(K85-Tabla1[[#This Row],[Lectura Horometro INICIAL (06:00)]])*Tabla1[[#This Row],[CAUDAL DE TRATAMIENTO]] -> 320 | M84: 80 | N84: =F84-F85 -> 150 | O84: =G84-G85 -> 150 | P84: =H84-H85 -> 40 | Q84: =I84-I85 -> 5 | R84: =J84-J85 -> 5 | S84: =(N84*$AC$2) -> 195 | T84: =(O84*$AD$2) -> 198.75 | U84: =(P84*$AE$2) -> 50 | V84: =Tabla1[[#This Row],[CONSUMO POL ANIONICO (KG)]] -> 5 | W84: =Tabla1[[#This Row],[CONSUMO POL CATIONICO (KG)]] -> 5 | X84: =(S84*1000)/L84 -> 609.375 | Y84: =(T84*1000)/L84 -> 621.09375 | Z84: =(U84*1000)/L84 -> 156.25 | AA84: =(V84*1000)/L84 -> 15.625 | AB84: =(W84*1000)/L84 -> 15.625 | AC84: 1.3 | AD84: 1.325 | AE84: 1.25 | AF84: 2500 | AG84: 2500 | AH84: 830 | AI84: 2900 | AJ84: 6295 | AK84: 19050 | AL84: 22050 | AM84: =S84*AH84 -> 161850 | AN84: =T84*AI84 -> 576375 | AO84: =U84*AJ84 -> 314750 | AP84: =V84*AK84 -> 95250 | AQ84: =W84*AL84 -> 110250 | AR84: =SUM(Tabla1[[#This Row],[COSTO OPERATIVO ACIDO]:[COSTO OPERATIVO CATIONICO]]) -> 1258475 | AS84: 5250 | AT84: =AR84/L84 -> 3932.7344
A85: =A84 -> 46081 | B85: =DAY(Tabla1[[#This Row],[FECHA]]) -> 28 | C85: 3(TARDE) | D85: 84 | E85: FINAL TURNO 2 | F85: 150 | G85: 4200 | H85: 1900 | I85: 40 | J85: 155 | K85: 17225 | L85: =+(K86-Tabla1[[#This Row],[Lectura Horometro INICIAL (06:00)]])*Tabla1[[#This Row],[CAUDAL DE TRATAMIENTO]] -> 240 | M85: 80 | N85: =F85-F86 -> 0 | O85: =G85-G86 -> 0 | P85: =H85-H86 -> 0 | Q85: =I85-I86 -> 0 | R85: =J85-J86 -> 0 | S85: =(N85*$AC$2) -> 0 | T85: =(O85*$AD$2) -> 0 | U85: =(P85*$AE$2) -> 0 | V85: =Tabla1[[#This Row],[CONSUMO POL ANIONICO (KG)]] -> 0 | W85: =Tabla1[[#This Row],[CONSUMO POL CATIONICO (KG)]] -> 0 | X85: =(S85*1000)/L85 -> 0 | Y85: =(T85*1000)/L85 -> 0 | Z85: =(U85*1000)/L85 -> 0 | AA85: =(V85*1000)/L85 -> 0 | AB85: =(W85*1000)/L85 -> 0 | AC85: 1.3 | AD85: 1.325 | AE85: 1.25 | AF85: 2500 | AG85: 2500 | AH85: 830 | AI85: 2900 | AJ85: 6295 | AK85: 19050 | AL85: 22050 | AM85: =S85*AH85 -> 0 | AN85: =T85*AI85 -> 0 | AO85: =U85*AJ85 -> 0 | AP85: =V85*AK85 -> 0 | AQ85: =W85*AL85 -> 0 | AR85: =SUM(Tabla1[[#This Row],[COSTO OPERATIVO ACIDO]:[COSTO OPERATIVO CATIONICO]]) -> 0 | AS85: 5250 | AT85: =AR85/L85 -> 0
A86: 46082 | B86: =DAY(Tabla1[[#This Row],[FECHA]]) -> 1 | C86: 29 (NOCHE) | D86: 85 | E86: FINAL TURNO 3 | F86: 150 | G86: 4200 | H86: 1900 | I86: 40 | J86: 155 | K86: 17228 | L86: =+(K87-Tabla1[[#This Row],[Lectura Horometro INICIAL (06:00)]])*Tabla1[[#This Row],[CAUDAL DE TRATAMIENTO]] -> 0 | M86: 80 | N86: =F86-F87 -> 150 | O86: =G86-G87 -> 4200 | P86: =H86-H87 -> 1900 | Q86: =I86-I87 -> 40 | R86: =J86-J87 -> 155 | S86: =(N86*$AC$2) -> 195 | T86: =(O86*$AD$2) -> 5565 | U86: =(P86*$AE$2) -> 2375 | V86: =Tabla1[[#This Row],[CONSUMO POL ANIONICO (KG)]] -> 40 | W86: =Tabla1[[#This Row],[CONSUMO POL CATIONICO (KG)]] -> 155 | X86: =(S86*1000)/L86 -> #DIV/0! | Y86: =(T86*1000)/L86 -> #DIV/0! | Z86: =(U86*1000)/L86 -> #DIV/0! | AA86: =(V86*1000)/L86 -> #DIV/0! | AB86: =(W86*1000)/L86 -> #DIV/0! | AC86: 1.3 | AD86: 1.325 | AE86: 1.25 | AF86: 2500 | AG86: 2500 | AH86: 830 | AI86: 2900 | AJ86: 6295 | AK86: 19050 | AL86: 22050 | AM86: =S86*AH86 -> 161850 | AN86: =T86*AI86 -> 16138500 | AO86: =U86*AJ86 -> 14950625 | AP86: =V86*AK86 -> 762000 | AQ86: =W86*AL86 -> 3417750 | AR86: =SUM(Tabla1[[#This Row],[COSTO OPERATIVO ACIDO]:[COSTO OPERATIVO CATIONICO]]) -> 35430725 | AS86: 5250 | AT86: =AR86/L86 -> #DIV/0!
A87: =A86 -> 46082 | B87: =DAY(Tabla1[[#This Row],[FECHA]]) -> 1 | C87: 30 (MAÑANA) | D87: 86 | E87: FINAL TURNO 1 | K87: 17228 | L87: =+(K88-Tabla1[[#This Row],[Lectura Horometro INICIAL (06:00)]])*Tabla1[[#This Row],[CAUDAL DE TRATAMIENTO]] -> 0 | M87: 80 | N87: =F87-F88 -> 0 | O87: =G87-G88 -> 0 | P87: =H87-H88 -> 0 | Q87: =I87-I88 -> 0 | R87: =J87-J88 -> 0 | S87: =(N87*$AC$2) -> 0 | T87: =(O87*$AD$2) -> 0 | U87: =(P87*$AE$2) -> 0 | V87: =Tabla1[[#This Row],[CONSUMO POL ANIONICO (KG)]] -> 0 | W87: =Tabla1[[#This Row],[CONSUMO POL CATIONICO (KG)]] -> 0 | X87: =(S87*1000)/L87 -> #DIV/0! | Y87: =(T87*1000)/L87 -> #DIV/0! | Z87: =(U87*1000)/L87 -> #DIV/0! | AA87: =(V87*1000)/L87 -> #DIV/0! | AB87: =(W87*1000)/L87 -> #DIV/0! | AC87: 1.3 | AD87: 1.325 | AE87: 1.25 | AF87: 2500 | AG87: 2500 | AH87: 830 | AI87: 2900 | AJ87: 6295 | AK87: 19050 | AL87: 22050 | AM87: =S87*AH87 -> 0 | AN87: =T87*AI87 -> 0 | AO87: =U87*AJ87 -> 0 | AP87: =V87*AK87 -> 0 | AQ87: =W87*AL87 -> 0 | AR87: =SUM(Tabla1[[#This Row],[COSTO OPERATIVO ACIDO]:[COSTO OPERATIVO CATIONICO]]) -> 0 | AS87: 5250 | AT87: =AR87/L87 -> #DIV/0!
A88: =A87 -> 46082 | B88: =DAY(Tabla1[[#This Row],[FECHA]]) -> 1 | C88: 3(TARDE) | D88: 87 | E88: FINAL TURNO 2 | K88: 17228 | L88: =+(K89-Tabla1[[#This Row],[Lectura Horometro INICIAL (06:00)]])*Tabla1[[#This Row],[CAUDAL DE TRATAMIENTO]] -> 0 | M88: 80 | N88: =F88-F89 -> 0 | O88: =G88-G89 -> 0 | P88: =H88-H89 -> 0 | Q88: =I88-I89 -> 0 | R88: =J88-J89 -> 0 | S88: =(N88*$AC$2) -> 0 | T88: =(O88*$AD$2) -> 0 | U88: =(P88*$AE$2) -> 0 | V88: =Tabla1[[#This Row],[CONSUMO POL ANIONICO (KG)]] -> 0 | W88: =Tabla1[[#This Row],[CONSUMO POL CATIONICO (KG)]] -> 0 | X88: =(S88*1000)/L88 -> #DIV/0! | Y88: =(T88*1000)/L88 -> #DIV/0! | Z88: =(U88*1000)/L88 -> #DIV/0! | AA88: =(V88*1000)/L88 -> #DIV/0! | AB88: =(W88*1000)/L88 -> #DIV/0! | AC88: 1.3 | AD88: 1.325 | AE88: 1.25 | AF88: 2500 | AG88: 2500 | AH88: 830 | AI88: 2900 | AJ88: 6295 | AK88: 19050 | AL88: 22050 | AM88: =S88*AH88 -> 0 | AN88: =T88*AI88 -> 0 | AO88: =U88*AJ88 -> 0 | AP88: =V88*AK88 -> 0 | AQ88: =W88*AL88 -> 0 | AR88: =SUM(Tabla1[[#This Row],[COSTO OPERATIVO ACIDO]:[COSTO OPERATIVO CATIONICO]]) -> 0 | AS88: 5250 | AT88: =AR88/L88 -> #DIV/0!
A89: 46083 | B89: =DAY(Tabla1[[#This Row],[FECHA]]) -> 2 | C89: 30 (NOCHE) | D89: 88 | E89: FINAL TURNO 3 | K89: 17228 | L89: =+(K90-Tabla1[[#This Row],[Lectura Horometro INICIAL (06:00)]])*Tabla1[[#This Row],[CAUDAL DE TRATAMIENTO]] -> -1378240 | M89: 80 | N89: =F89-F90 -> 0 | O89: =G89-G90 -> 0 | P89: =H89-H90 -> 0 | Q89: =I89-I90 -> 0 | R89: =J89-J90 -> 0 | S89: =(N89*$AC$2) -> 0 | T89: =(O89*$AD$2) -> 0 | U89: =(P89*$AE$2) -> 0 | V89: =Tabla1[[#This Row],[CONSUMO POL ANIONICO (KG)]] -> 0 | W89: =Tabla1[[#This Row],[CONSUMO POL CATIONICO (KG)]] -> 0 | X89: =(S89*1000)/L89 -> 0 | Y89: =(T89*1000)/L89 -> 0 | Z89: =(U89*1000)/L89 -> 0 | AA89: =(V89*1000)/L89 -> 0 | AB89: =(W89*1000)/L89 -> 0 | AC89: 1.3 | AD89: 1.325 | AE89: 1.25 | AF89: 2500 | AG89: 2500 | AH89: 830 | AI89: 2900 | AJ89: 6295 | AK89: 19050 | AL89: 22050 | AM89: =S89*AH89 -> 0 | AN89: =T89*AI89 -> 0 | AO89: =U89*AJ89 -> 0 | AP89: =V89*AK89 -> 0 | AQ89: =W89*AL89 -> 0 | AR89: =SUM(Tabla1[[#This Row],[COSTO OPERATIVO ACIDO]:[COSTO OPERATIVO CATIONICO]]) -> 0 | AS89: 5250 | AT89: =AR89/L89 -> 0
A90: =A89 -> 46083 | B90: =DAY(Tabla1[[#This Row],[FECHA]]) -> 2 | C90: 31 (MAÑANA) | D90: 89 | E90: FINAL TURNO 1 | L90: =+(K91-Tabla1[[#This Row],[Lectura Horometro INICIAL (06:00)]])*Tabla1[[#This Row],[CAUDAL DE TRATAMIENTO]] -> 0 | M90: 80 | N90: =F90-F91 -> 0 | O90: =G90-G91 -> 0 | P90: =H90-H91 -> 0 | Q90: =I90-I91 -> 0 | R90: =J90-J91 -> 0 | S90: =(N90*$AC$2) -> 0 | T90: =(O90*$AD$2) -> 0 | U90: =(P90*$AE$2) -> 0 | V90: =Tabla1[[#This Row],[CONSUMO POL ANIONICO (KG)]] -> 0 | W90: =Tabla1[[#This Row],[CONSUMO POL CATIONICO (KG)]] -> 0 | X90: =(S90*1000)/L90 -> #DIV/0! | Y90: =(T90*1000)/L90 -> #DIV/0! | Z90: =(U90*1000)/L90 -> #DIV/0! | AA90: =(V90*1000)/L90 -> #DIV/0! | AB90: =(W90*1000)/L90 -> #DIV/0! | AC90: 1.3 | AD90: 1.325 | AE90: 1.25 | AF90: 2500 | AG90: 2500 | AH90: 830 | AI90: 2900 | AJ90: 6295 | AK90: 19050 | AL90: 22050 | AM90: =S90*AH90 -> 0 | AN90: =T90*AI90 -> 0 | AO90: =U90*AJ90 -> 0 | AP90: =V90*AK90 -> 0 | AQ90: =W90*AL90 -> 0 | AR90: =SUM(Tabla1[[#This Row],[COSTO OPERATIVO ACIDO]:[COSTO OPERATIVO CATIONICO]]) -> 0 | AS90: 5250 | AT90: =AR90/L90 -> #DIV/0!
A91: =A90 -> 46083 | B91: =DAY(Tabla1[[#This Row],[FECHA]]) -> 2 | C91: 3(TARDE) | D91: 90 | E91: FINAL TURNO 2 | L91: =+(K92-Tabla1[[#This Row],[Lectura Horometro INICIAL (06:00)]])*Tabla1[[#This Row],[CAUDAL DE TRATAMIENTO]] -> 0 | M91: 80 | N91: =F91-F92 -> 0 | O91: =G91-G92 -> 0 | P91: =H91-H92 -> 0 | Q91: =I91-I92 -> 0 | R91: =J91-J92 -> 0 | S91: =(N91*$AC$2) -> 0 | T91: =(O91*$AD$2) -> 0 | U91: =(P91*$AE$2) -> 0 | V91: =Tabla1[[#This Row],[CONSUMO POL ANIONICO (KG)]] -> 0 | W91: =Tabla1[[#This Row],[CONSUMO POL CATIONICO (KG)]] -> 0 | X91: =(S91*1000)/L91 -> #DIV/0! | Y91: =(T91*1000)/L91 -> #DIV/0! | Z91: =(U91*1000)/L91 -> #DIV/0! | AA91: =(V91*1000)/L91 -> #DIV/0! | AB91: =(W91*1000)/L91 -> #DIV/0! | AC91: 1.3 | AD91: 1.325 | AE91: 1.25 | AF91: 2500 | AG91: 2500 | AH91: 830 | AI91: 2900 | AJ91: 6295 | AK91: 19050 | AL91: 22050 | AM91: =S91*AH91 -> 0 | AN91: =T91*AI91 -> 0 | AO91: =U91*AJ91 -> 0 | AP91: =V91*AK91 -> 0 | AQ91: =W91*AL91 -> 0 | AR91: =SUM(Tabla1[[#This Row],[COSTO OPERATIVO ACIDO]:[COSTO OPERATIVO CATIONICO]]) -> 0 | AS91: 5250 | AT91: =AR91/L91 -> #DIV/0!
A92: 46084 | B92: =DAY(Tabla1[[#This Row],[FECHA]]) -> 3 | C92: 31 (NOCHE) | D92: 91 | E92: FINAL TURNO 3 | L92: =+(K93-Tabla1[[#This Row],[Lectura Horometro INICIAL (06:00)]])*Tabla1[[#This Row],[CAUDAL DE TRATAMIENTO]] -> 0 | M92: 80 | N92: =F92-F93 -> 0 | O92: =G92-G93 -> 0 | P92: =H92-H93 -> 0 | Q92: =I92-I93 -> 0 | R92: =J92-J93 -> 0 | S92: =(N92*$AC$2) -> 0 | T92: =(O92*$AD$2) -> 0 | U92: =(P92*$AE$2) -> 0 | V92: =Tabla1[[#This Row],[CONSUMO POL ANIONICO (KG)]] -> 0 | W92: =Tabla1[[#This Row],[CONSUMO POL CATIONICO (KG)]] -> 0 | X92: =(S92*1000)/L92 -> #DIV/0! | Y92: =(T92*1000)/L92 -> #DIV/0! | Z92: =(U92*1000)/L92 -> #DIV/0! | AA92: =(V92*1000)/L92 -> #DIV/0! | AB92: =(W92*1000)/L92 -> #DIV/0! | AC92: 1.3 | AD92: 1.325 | AE92: 1.25 | AF92: 2500 | AG92: 2500 | AH92: 830 | AI92: 2900 | AJ92: 6295 | AK92: 19050 | AL92: 22050 | AM92: =S92*AH92 -> 0 | AN92: =T92*AI92 -> 0 | AO92: =U92*AJ92 -> 0 | AP92: =V92*AK92 -> 0 | AQ92: =W92*AL92 -> 0 | AR92: =SUM(Tabla1[[#This Row],[COSTO OPERATIVO ACIDO]:[COSTO OPERATIVO CATIONICO]]) -> 0 | AS92: 5250 | AT92: =AR92/L92 -> #DIV/0!
A93: =A92 -> 46084 | B93: =DAY(Tabla1[[#This Row],[FECHA]]) -> 3 | C93: 32 (MAÑANA) | D93: 92 | E93: FINAL TURNO 1 | L93: =+(K94-Tabla1[[#This Row],[Lectura Horometro INICIAL (06:00)]])*Tabla1[[#This Row],[CAUDAL DE TRATAMIENTO]] -> 0 | M93: 80 | N93: =F93-F94 -> 0 | O93: =G93-G94 -> 0 | P93: =H93-H94 -> 0 | Q93: =I93-I94 -> 0 | R93: =J93-J94 -> 0 | S93: =(N93*$AC$2) -> 0 | T93: =(O93*$AD$2) -> 0 | U93: =(P93*$AE$2) -> 0 | V93: =Tabla1[[#This Row],[CONSUMO POL ANIONICO (KG)]] -> 0 | W93: =Tabla1[[#This Row],[CONSUMO POL CATIONICO (KG)]] -> 0 | X93: =(S93*1000)/L93 -> #DIV/0! | Y93: =(T93*1000)/L93 -> #DIV/0! | Z93: =(U93*1000)/L93 -> #DIV/0! | AA93: =(V93*1000)/L93 -> #DIV/0! | AB93: =(W93*1000)/L93 -> #DIV/0! | AC93: 1.3 | AD93: 1.325 | AE93: 1.25 | AF93: 2500 | AG93: 2500 | AH93: 830 | AI93: 2900 | AJ93: 6295 | AK93: 19050 | AL93: 22050 | AM93: =S93*AH93 -> 0 | AN93: =T93*AI93 -> 0 | AO93: =U93*AJ93 -> 0 | AP93: =V93*AK93 -> 0 | AQ93: =W93*AL93 -> 0 | AR93: =SUM(Tabla1[[#This Row],[COSTO OPERATIVO ACIDO]:[COSTO OPERATIVO CATIONICO]]) -> 0 | AS93: 5250 | AT93: =AR93/L93 -> #DIV/0!
A94: =A93 -> 46084 | B94: =DAY(Tabla1[[#This Row],[FECHA]]) -> 3 | C94: 3(TARDE) | D94: 93 | E94: FINAL TURNO 2 | L94: =+(K95-Tabla1[[#This Row],[Lectura Horometro INICIAL (06:00)]])*Tabla1[[#This Row],[CAUDAL DE TRATAMIENTO]] -> 0 | M94: 80 | N94: =F94-F95 -> 0 | O94: =G94-G95 -> 0 | P94: =H94-H95 -> 0 | Q94: =I94-I95 -> 0 | R94: =J94-J95 -> 0 | S94: =(N94*$AC$2) -> 0 | T94: =(O94*$AD$2) -> 0 | U94: =(P94*$AE$2) -> 0 | V94: =Tabla1[[#This Row],[CONSUMO POL ANIONICO (KG)]] -> 0 | W94: =Tabla1[[#This Row],[CONSUMO POL CATIONICO (KG)]] -> 0 | X94: =(S94*1000)/L94 -> #DIV/0! | Y94: =(T94*1000)/L94 -> #DIV/0! | Z94: =(U94*1000)/L94 -> #DIV/0! | AA94: =(V94*1000)/L94 -> #DIV/0! | AB94: =(W94*1000)/L94 -> #DIV/0! | AC94: 1.3 | AD94: 1.325 | AE94: 1.25 | AF94: 2500 | AG94: 2500 | AH94: 830 | AI94: 2900 | AJ94: 6295 | AK94: 19050 | AL94: 22050 | AM94: =S94*AH94 -> 0 | AN94: =T94*AI94 -> 0 | AO94: =U94*AJ94 -> 0 | AP94: =V94*AK94 -> 0 | AQ94: =W94*AL94 -> 0 | AR94: =SUM(Tabla1[[#This Row],[COSTO OPERATIVO ACIDO]:[COSTO OPERATIVO CATIONICO]]) -> 0 | AS94: 5250 | AT94: =AR94/L94 -> #DIV/0!
L95: =+(K96-Tabla1[[#This Row],[Lectura Horometro INICIAL (06:00)]])*Tabla1[[#This Row],[CAUDAL DE TRATAMIENTO]] -> 0 | M95: 80 | N95: =F95-F96 -> 0 | O95: =G95-G96 -> 0 | P95: =H95-H96 -> 0 | Q95: =I95-I96 -> 0 | R95: =J95-J96 -> 0 | S95: =(N95*$AC$2) -> 0 | T95: =(O95*$AD$2) -> 0 | U95: =(P95*$AE$2) -> 0 | V95: =Tabla1[[#This Row],[CONSUMO POL ANIONICO (KG)]] -> 0 | W95: =Tabla1[[#This Row],[CONSUMO POL CATIONICO (KG)]] -> 0 | X95: =(S95*1000)/L95 -> #DIV/0! | Y95: =(T95*1000)/L95 -> #DIV/0! | Z95: =(U95*1000)/L95 -> #DIV/0! | AA95: =(V95*1000)/L95 -> #DIV/0! | AB95: =(W95*1000)/L95 -> #DIV/0! | AM95: =S95*AH95 -> 0 | AN95: =T95*AI95 -> 0 | AO95: =U95*AJ95 -> 0 | AP95: =V95*AK95 -> 0 | AQ95: =W95*AL95 -> 0 | AR95: =SUM(Tabla1[[#This Row],[COSTO OPERATIVO ACIDO]:[COSTO OPERATIVO CATIONICO]]) -> 0 | AT95: =AR95/L95 -> #DIV/0!
AR96: =SUM(Tabla1[[COSTO QUIMICA ]]) -> 1.3288065e+08
L97: =+SUM(L2:L13) -> 4350 | N97: =+SUM(N2:N88) -> 8360 | O97: =+SUM(O2:O88) -> 17180 | P97: =+SUM(P2:P87) -> 5510 | Q97: =+SUM(Q2:Q87) -> 205 | R97: =+SUM(R2:R87) -> 480 | S97: =+SUM(S2:S85) -> 10673 | T97: =+SUM(T2:T85) -> 17198.5 | U97: =+SUM(U2:U85) -> 4512.5 | V97: =+SUM(V2:V85) -> 165 | W97: =+SUM(W2:W85) -> 325 | AM97: =+SUM(AM2:AM95) -> 9020440 | AN97: =+SUM(AN2:AN95) -> 66014150 | AO97: =+SUM(AO2:AO95) -> 43356812 | AP97: =+SUM(AP2:AP95) -> 3905250 | AQ97: =+SUM(AQ2:AQ95) -> 10584000
L98: =+SUM(L2:L13) -> 4350 | P98: =+MEDIAN(P2:P78)+2000 -> 2040 | AR98: =+SUM(AR2:AR85) -> 97449928
N99: =+N97*1.3 -> 10868 | O99: =+O97*1.325 -> 22763.5 | P99: =+P97*1.25 -> 6887.5
S100: =+SUM(S2:S82) -> 10244 | T100: =+SUM(T2:T82) -> 16536 | U100: =+SUM(U2:U82) -> 4275 | V100: =+SUM(V2:V82) -> 160 | W100: =+SUM(W2:W82) -> 315
...

Sheet DB QUIMICA
A1: CONSUMO DE QUIMICO | M1: TABLA GRAFICA 1 Y 2 . CONSUMO QUIMICO DETALLADO | U1: TABLA GRAFICA 2. COSTO CONSUMO QUIMICO VS $M3 | AA1: TABLA GRAFICA 3. RO COSTO CONSUMO QUIMICO VS $M3 | AG1: TABLA GRAFICA 4. RO PPM CONSUMO QUIMICO
A2: GEM
B3: CONSUMO QUIMICO PPM
L4: FECHA | M4: CAUDAL TOTAL TRATADO GEM | N4: COF 235 - PPM COAGULANTE | O4: COF 255 - PPM DECOLORANTE | P4: COF 280 - PPM ACIDO | Q4: COF 440 - PPM POL ANIONICO | R4: COF 494 - PPM POL CATIONICO | U4: DIA | V4: CAUDAL TOTAL TRATADO GEM | W4: INDICADOR $m3 | X4: 2024-2 $m3 GEM | Y4: 2024 $m3 GEM | AA4: DÍA | AB4: VOLUMEN ENVIADO A RO (m3) | AC4: LIMITE INDICADOR M3 | AD4: INDICADOR $m3 RO | AG4: DÍA | AH4: VOLUMEN ENVIADO A RO (m3) | AI4: PPM HCL | AJ4: PPM KURIVERTER | AK4: PPM VITEC | AL4: PPM BISULFITO
L5: (en blanco) | M5: 0 | N5: 0 | O5: 0 | P5: 0 | Q5: 0 | R5: 0 | U5: 1 | V5: 0 | W5: 0 | X5: 5250 | Y5: 4909 | AA5: 1 | AB5: 0 | AC5: 1000 | AD5: 0 | AG5: 1 | AH5: 0 | AI5: 0 | AJ5: 0 | AK5: 0 | AL5: 0
L6: 46054 | M6: 0 | N6: 0 | O6: 0 | P6: 0 | Q6: 0 | R6: 0 | U6: 2 | V6: 1125 | W6: 4748.1533 | X6: 5250 | Y6: 4909 | AA6: 2 | AB6: 837.584 | AC6: 1000 | AD6: 0 | AG6: 2 | AH6: 837.584 | AI6: 0 | AJ6: 0 | AK6: 0 | AL6: 0
L7: 46055 | M7: 1125 | N7: 965.77778 | O7: 188.88889 | P7: 508.44444 | Q7: 2.2222222 | R7: 13.333333 | U7: 3 | V7: 1650 | W7: 3732.7652 | X7: 5250 | Y7: 4909 | AA7: 3 | AB7: 1099.659 | AC7: 1000 | AD7: 436.75388 | AG7: 3 | AH7: 1099.659 | AI7: 0 | AJ7: 173.57853 | AK7: 248.88098 | AL7: 0
L8: 46056 | M8: 1650 | N8: 610.30303 | O8: 219.69697 | P8: 433.33333 | Q8: 4.5454545 | R8: 6.0606061 | U8: 4 | V8: 1575 | W8: 3747.9794 | X8: 5250 | Y8: 4909 | AA8: 4 | AB8: 697.483 | AC8: 1000 | AD8: 183.25448 | AG8: 4 | AH8: 697.483 | AI8: 0 | AJ8: 64.391936 | AK8: 105.64302 | AL8: 0
L9: 46057 | M9: 1575 | N9: 656.19048 | O9: 198.4127 | P9: 718.09524 | Q9: 0 | R9: 0 | U9: 5 | V9: 1500 | W9: 2896.65 | X9: 5250 | Y9: 4909 | AA9: 5 | AB9: 891.009 | AC9: 1000 | AD9: 210.6845 | AG9: 5 | AH9: 891.009 | AI9: 0 | AJ9: 97.031725 | AK9: 118.13928 | AL9: 0
L10: 46058 | M10: 1500 | N10: 468.16667 | O10: 166.66667 | P10: 260 | Q10: 6.6666667 | R10: 6.6666667 | U10: 6 | V10: 1350 | W10: 4029.6759 | X10: 5250 | Y10: 4909 | AA10: 6 | AB10: 940.076 | AC10: 1000 | AD10: 136.5934 | AG10: 6 | AH10: 940.076 | AI10: 0 | AJ10: 95.550319 | AK10: 71.886685 | AL10: 0
L11: 46059 | M11: 1350 | N11: 775.37037 | O11: 194.44444 | P11: 192.59259 | Q11: 3.7037037 | R11: 14.814815 | U11: 7 | V11: 900 | W11: 3415.6944 | X11: 5250 | Y11: 4909 | AA11: 7 | AB11: 0 | AC11: 1000 | AD11: 0 | AG11: 7 | AH11: 0 | AI11: 0 | AJ11: 0 | AK11: 0 | AL11: 0
L12: 46060 | M12: 900 | N12: 736.11111 | O12: 83.333333 | P12: 361.11111 | Q12: 11.111111 | R12: 11.111111 | U12: 8 | V12: 0 | W12: 0 | X12: 5250 | Y12: 4909 | AA12: 8 | AB12: 0 | AC12: 1000 | AD12: 0 | AG12: 8 | AH12: 0 | AI12: 0 | AJ12: 0 | AK12: 0 | AL12: 0
L13: 46061 | M13: 0 | N13: 0 | O13: 0 | P13: 0 | Q13: 0 | R13: 0 | U13: 9 | V13: 1350 | W13: 3314.4259 | X13: 5250 | Y13: 4909 | AA13: 9 | AB13: 257 | AC13: 1000 | AD13: 681.20798 | AG13: 9 | AH13: 257 | AI13: 0 | AJ13: 235.92054 | AK13: 393.2009 | AL13: 0
L14: 46062 | M14: 1350 | N14: 687.03704 | O14: 129.62963 | P14: 144.44444 | Q14: 7.4074074 | R14: 11.111111 | U14: 10 | V14: 1425 | W14: 1834.986 | X14: 5250 | Y14: 4909 | AA14: 10 | AB14: 758.194 | AC14: 1000 | AD14: 98.763891 | AG14: 10 | AH14: 758.194 | AI14: 0 | AJ14: 44.426902 | AK14: 55.533627 | AL14: 0
L15: 46063 | M15: 1425 | N15: 306.84211 | O15: 70.175439 | P15: 246.31579 | Q15: 3.5087719 | R15: 10.526316 | U15: 11 | V15: 1275 | W15: 2305.9706 | X15: 5250 | Y15: 4909 | AA15: 11 | AB15: 547.272 | AC15: 1000 | AD15: 434.07 | AG15: 11 | AH15: 547.272 | AI15: 0 | AJ15: 287.23008 | AK15: 230.80989 | AL15: 0
L16: 46064 | M16: 1275 | N16: 332.54902 | O16: 107.84314 | P16: 305.88235 | Q16: 7.8431373 | R16: 11.764706 | U16: 12 | V16: 1200 | W16: 2339.7979 | X16: 5250 | Y16: 4909 | AA16: 12 | AB16: 859.353 | AC16: 1000 | AD16: 214.86777 | AG16: 12 | AH16: 859.353 | AI16: 0 | AJ16: 134.31566 | AK16: 115.38669 | AL16: 0
L17: 46065 | M17: 1200 | N17: 441.66667 | O17: 52.083333 | P17: 357.5 | Q17: 8.3333333 | R17: 12.5 | U17: 13 | V17: 1125 | W17: 3432.9356 | X17: 5250 | Y17: 4909 | AA17: 13 | AB17: 651.494 | AC17: 1000 | AD17: 269.49051 | AG17: 13 | AH17: 651.494 | AI17: 0 | AJ17: 499.79591 | AK17: 96.943172 | AL17: 0
... L27: 46075 | M27: 0 | N27: 0 | O27: 0 | P27: 0 | Q27: 0 | R27: 0 | U27: 23 | V27: 720 | W27: 4786.7604 | X27: 5250 | Y27: 4909 | AA27: 23 | AB27: 79.931 | AC27: 1000 | AD27: 0 | AG27: 23 | AH27: 79.931 | AI27: 0 | AJ27: 0 | AK27: 0 | AL27: 0
B28: COSTO TTO - CAUDAL TRATADP GEM Vs $M3 | L28: 46076 | M28: 720 | N28: 717.70833 | O28: 190.97222 | P28: 938.88889 | Q28: 13.888889 | R28: 20.833333 | U28: 24 | V28: 1120 | W28: 4312.2946 | X28: 5250 | Y28: 4909 | AA28: 24 | AB28: 570.72 | AC28: 1000 | AD28: 131.83979 | AG28: 24 | AH28: 570.72 | AI28: 0 | AJ28: 61.774846 | AK28: 73.775692 | AL28: 0
L29: 46077 | M29: 1120 | N29: 828.125 | O29: 223.21429 | P29: 150.89286 | Q29: 4.4642857 | R29: 13.392857 | U29: 25 | V29: 1440 | W29: 3124.6493 | X29: 5250 | Y29: 4909 | AA29: 25 | AB29: 517.128 | AC29: 1000 | AD29: 401.95501 | AG29: 25 | AH29: 517.128 | AI29: 0 | AJ29: 195.41126 | AK29: 223.90873 | AL29: 0
L30: 46078 | M30: 1440 | N30: 717.70833 | O30: 86.805556 | P30: 162.5 | Q30: 6.9444444 | R30: 10.416667 | U30: 26 | V30: 1760 | W30: 2749.6989 | X30: 5250 | Y30: 4909 | AA30: 26 | AB30: 523.891 | AC30: 1000 | AD30: 450.98662 | AG30: 26 | AH30: 523.891 | AI30: 0 | AJ30: 150.02451 | AK30: 261.20339 | AL30: 0
L31: 46079 | M31: 1760 | N31: 391.47727 | O31: 142.04545 | P31: 576.13636 | Q31: 2.8409091 | R31: 8.5227273 | U31: 27 | V31: 1440 | W31: 3432.7483 | X31: 5250 | Y31: 4909 | AA31: 27 | AB31: 689.869 | AC31: 1000 | AD31: 696.20296 | AG31: 27 | AH31: 689.869 | AI31: 0 | AJ31: 65.102622 | AK31: 427.23596 | AL31: 0
L32: 46080 | M32: 1440 | N32: 552.08333 | O32: 182.29167 | P32: 388.19444 | Q32: 6.9444444 | R32: 10.416667 | U32: 28 | V32: 960 | W32: 4258.4714 | X32: 5250 | Y32: 4909 | AA32: 28 | AB32: 748.371 | AC32: 1000 | AD32: 707.33226 | AG32: 28 | AH32: 748.371 | AI32: 0 | AJ32: 150.03348 | AK32: 421.96915 | AL32: 0
L33: 46081 | M33: 960 | N33: 690.10417 | O33: 247.39583 | P33: 446.875 | Q33: 5.2083333 | R33: 10.416667 | U33: Total general | V33: 30080 | W33: 3239.6917 | X33: 5250 | Y33: 4909 | AA33: Total general | AB33: 14053.279 | AC33: 1000 | AD33: 425.38438 | AG33: Total general | AH33: 14053.279 | AI33: 0 | AJ33: 177.38059 | AK33: 241.20237 | AL33: 0
L34: 46082 | M34: 0 | N34: 0 | O34: 0 | P34: 0 | Q34: 0 | R34: 0
L35: 46083 | M35: -1378240 | N35: 0 | O35: 0 | P35: 0 | Q35: 0 | R35: 0
L36: 46084 | M36: 0 | N36: 0 | O36: 0 | P36: 0 | Q36: 0 | R36: 0
L37: Total general | M37: -1348160 | N37: -16.884865 | O37: -5.108815 | P37: -8.0613577 | Q37: -0.1520591 | R37: -0.35604083
B51: CONSOLIDADO COSTO TTO - CAUDAL TRATADP GEM Vs $M3 | F51: CONSOLIDADO COSTO TTO - CAUDAL TRATADP RO Vs $M3
B53: ACUMULADO CAUDAL TRATADO GEM | D53: 97449928 | F53: ACUMULADO CAUDAL TRATADO RO | H53: 6078804.1
B54: TOTAL CAUDAL TRATADO GEM | C54: $m3 | D54: 114996411 | F54: TOTAL CAUDAL TRATADO RO | G54: $m3 | H54: 2515885.2
A55: GEM | B55: =+GETPIVOTDATA(" CAUDAL TOTAL TRATADO GEM ",$U$4) -> 30080 | C55: =+D53/B55 -> 3239.6917 | D55: =C55*B55 -> 97449928 | F55: =+GETPIVOTDATA(" VOLUMEN ENVIADO A RO (m3)",$AA$4) -> 14053.279 | G55: =H53/F55 -> 432.55415 | H55: =G55*F55 -> 6078804.1
A56: TH | B56: 13239 | C56: =+D53/B56 -> 7360.8224
A58: OSMOSIS INVERSA
B81: CONSUMO QUIMICO PPM

Sheet CONSUMO QUÍMICA-CAUDALES GEM  
A1: CONSOLIDADO CONSUMO DIARIO QUÍMICA (Litros)
B2: DIAS
A3: PRODUCTOS QUÍMICOS | B3: 1 | C3: 2 | D3: 3 | E3: 4 | F3: 5 | G3: 6 | H3: 7 | I3: 8 | J3: 9 | K3: 10 | L3: 11 | M3: 12 | N3: 13 | O3: 14 | P3: 15 | Q3: 16 | R3: 17 | S3: 18 | T3: 19 | U3: 20 | V3: 21 | W3: 22 | X3: 23 | Y3: 24 | Z3: 25 | AA3: 26 | AB3: 27 | AC3: 28 | AD3: (en blanco) | AE3: Total general
A4: COF 280 ACIDO (L) | B4: 150 | C4: 440 | D4: 550 | E4: 870 | F4: 300 | G4: 200 | H4: 250 | I4: 0 | J4: 150 | K4: 270 | L4: 300 | M4: 330 | N4: 310 | O4: 90 | P4: 0 | Q4: 400 | R4: 250 | S4: 280 | T4: 320 | U4: 250 | V4: 280 | W4: 0 | X4: 520 | Y4: 130 | Z4: 180 | AA4: 780 | AB4: 430 | AC4: 330 | AD4: 0 | AE4: 8360
A5: COF 235 COAGULANTE (L) | B5: 4200 | C5: 820 | D5: 760 | E5: 780 | F5: 530 | G5: 790 | H5: 500 | I5: 0 | J5: 700 | K5: 330 | L5: 320 | M5: 400 | N5: 500 | O5: 490 | P5: 0 | Q5: 860 | R5: 300 | S5: 0 | T5: 370 | U5: 380 | V5: 500 | W5: 160 | X5: 390 | Y5: 700 | Z5: 780 | AA5: 520 | AB5: 600 | AC5: 500 | AD5: 0 | AE5: 17180
A6: COF 255 DECOLORANTE (L) | B6: 1900 | C6: 170 | D6: 290 | E6: 250 | F6: 200 | G6: 210 | H6: 60 | I6: 0 | J6: 140 | K6: 80 | L6: 110 | M6: 50 | N6: 150 | O6: 20 | P6: 0 | Q6: 180 | R6: 110 | S6: 200 | T6: 140 | U6: 110 | V6: 130 | W6: 0 | X6: 110 | Y6: 200 | Z6: 100 | AA6: 200 | AB6: 210 | AC6: 190 | AD6: 0 | AE6: 5510
A7: COF 440 POL ANIONICO (KG) | B7: 40 | C7: 2.5 | D7: 7.5 | E7: 0 | F7: 10 | G7: 5 | H7: 10 | I7: 5 | J7: 10 | K7: 5 | L7: 10 | M7: 10 | N7: 5 | O7: 10 | P7: 0 | Q7: 5 | R7: 5 | S7: 5 | T7: 5 | U7: 5 | V7: 5 | W7: 0 | X7: 10 | Y7: 5 | Z7: 10 | AA7: 5 | AB7: 10 | AC7: 5 | AD7: 0 | AE7: 205
A8: COF 494 POL CATIONICO (KG) | B8: 155 | C8: 15 | D8: 10 | E8: 0 | F8: 10 | G8: 20 | H8: 10 | I8: 0 | J8: 15 | K8: 15 | L8: 15 | M8: 15 | N8: 15 | O8: 10 | P8: 0 | Q8: 15 | R8: 15 | S8: 15 | T8: 15 | U8: 15 | V8: 15 | W8: 0 | X8: 15 | Y8: 15 | Z8: 15 | AA8: 15 | AB8: 15 | AC8: 10 | AD8: 0 | AE8: 480
A10: CONSOLIDADO CONSUMO DIARIO QUÍMICA (Kg)
B11: DIAS
A12: PRODUCTOS QUÍMICOS | B12: 1 | C12: 2 | D12: 3 | E12: 4 | F12: 5 | G12: 6 | H12: 7 | I12: 8 | J12: 9 | K12: 10 | L12: 11 | M12: 12 | N12: 13 | O12: 14 | P12: 15 | Q12: 16 | R12: 17 | S12: 18 | T12: 19 | U12: 20 | V12: 21 | W12: 22 | X12: 23 | Y12: 24 | Z12: 25 | AA12: 26 | AB12: 27 | AC12: 28 | AD12: (en blanco) | AE12: Total general
A13: COF 280 - KG ACIDO | B13: 195 | C13: 572 | D13: 715 | E13: 1131 | F13: 390 | G13: 260 | H13: 325 | I13: 0 | J13: 195 | K13: 351 | L13: 390 | M13: 429 | N13: 403 | O13: 117 | P13: 0 | Q13: 520 | R13: 325 | S13: 364 | T13: 416 | U13: 325 | V13: 364 | W13: 0 | X13: 676 | Y13: 169 | Z13: 234 | AA13: 1014 | AB13: 559 | AC13: 429 | AD13: 0 | AE13: 10868
A14: COF 235 - KG COAGULANTE | B14: 5565 | C14: 1086.5 | D14: 1007 | E14: 1033.5 | F14: 702.25 | G14: 1046.75 | H14: 662.5 | I14: 0 | J14: 927.5 | K14: 437.25 | L14: 424 | M14: 530 | N14: 662.5 | O14: 649.25 | P14: 0 | Q14: 1139.5 | R14: 397.5 | S14: 0 | T14: 490.25 | U14: 503.5 | V14: 662.5 | W14: 212 | X14: 516.75 | Y14: 927.5 | Z14: 1033.5 | AA14: 689 | AB14: 795 | AC14: 662.5 | AD14: 0 | AE14: 22763.5
A15: COF 255 - KG DECOLORANTE | B15: 2375 | C15: 212.5 | D15: 362.5 | E15: 312.5 | F15: 250 | G15: 262.5 | H15: 75 | I15: 0 | J15: 175 | K15: 100 | L15: 137.5 | M15: 62.5 | N15: 187.5 | O15: 25 | P15: 0 | Q15: 225 | R15: 137.5 | S15: 250 | T15: 175 | U15: 137.5 | V15: 162.5 | W15: 0 | X15: 137.5 | Y15: 250 | Z15: 125 | AA15: 250 | AB15: 262.5 | AC15: 237.5 | AD15: 0 | AE15: 6887.5
A16: COF 440 - KG POL ANIONICO | B16: 40 | C16: 2.5 | D16: 7.5 | E16: 0 | F16: 10 | G16: 5 | H16: 10 | I16: 5 | J16: 10 | K16: 5 | L16: 10 | M16: 10 | N16: 5 | O16: 10 | P16: 0 | Q16: 5 | R16: 5 | S16: 5 | T16: 5 | U16: 5 | V16: 5 | W16: 0 | X16: 10 | Y16: 5 | Z16: 10 | AA16: 5 | AB16: 10 | AC16: 5 | AD16: 0 | AE16: 205
A17: COF 494 - KG POL CATIONICO | B17: 155 | C17: 15 | D17: 10 | E17: 0 | F17: 10 | G17: 20 | H17: 10 | I17: 0 | J17: 15 | K17: 15 | L17: 15 | M17: 15 | N17: 15 | O17: 10 | P17: 0 | Q17: 15 | R17: 15 | S17: 15 | T17: 15 | U17: 15 | V17: 15 | W17: 0 | X17: 15 | Y17: 15 | Z17: 15 | AA17: 15 | AB17: 15 | AC17: 10 | AD17: 0 | AE17: 480
A19: CONSOLIDADO DOSIFICACIÓN QUÍMICA PPM (mg/L)
B20: DIAS
A21: PRODUCTOS QUÍMICOS | B21: 1 | C21: 2 | D21: 3 | E21: 4 | F21: 5 | G21: 6 | H21: 7 | I21: 8 | J21: 9 | K21: 10 | L21: 11 | M21: 12 | N21: 13 | O21: 14 | P21: 15 | Q21: 16 | R21: 17 | S21: 18 | T21: 19 | U21: 20 | V21: 21 | W21: 22 | X21: 23 | Y21: 24 | Z21: 25 | AA21: 26 | AB21: 27 | AC21: 28 | AD21: (en blanco)
A22: COF 280 - PPM ACIDO | B22: #DIV/0! | C22: -0.4153611 | D22: 433.33333 | E22: 718.09524 | F22: 260 | G22: 192.59259 | H22: 361.11111 | I22: #DIV/0! | J22: 144.44444 | K22: 246.31579 | L22: 305.88235 | M22: 357.5 | N22: 358.22222 | O22: 104 | P22: #DIV/0! | Q22: 361.11111 | R22: 270.83333 | S22: 379.16667 | T22: 346.66667 | U22: 238.97059 | V22: 413.63636 | W22: #DIV/0! | X22: 938.88889 | Y22: 150.89286 | Z22: 162.5 | AA22: 576.13636 | AB22: 388.19444 | AC22: 446.875 | AD22: #DIV/0!
A23: COF 235 - PPM COAGULANTE | B23: #DIV/0! | C23: -0.78896824 | D23: 610.30303 | E23: 656.19048 | F23: 468.16667 | G23: 775.37037 | H23: 736.11111 | I23: #DIV/0! | J23: 687.03704 | K23: 306.84211 | L23: 332.54902 | M23: 441.66667 | N23: 588.88889 | O23: 577.11111 | P23: #DIV/0! | Q23: 791.31944 | R23: 331.25 | S23: 0 | T23: 408.54167 | U23: 370.22059 | V23: 752.84091 | W23: #DIV/0! | X23: 717.70833 | Y23: 828.125 | Z23: 717.70833 | AA23: 391.47727 | AB23: 552.08333 | AC23: 690.10417 | AD23: #DIV/0!
A24: COF 255 - PPM DECOLORANTE | B24: #DIV/0! | C24: -0.1543081 | D24: 219.69697 | E24: 198.4127 | F24: 166.66667 | G24: 194.44444 | H24: 83.333333 | I24: #DIV/0! | J24: 129.62963 | K24: 70.175439 | L24: 107.84314 | M24: 52.083333 | N24: 166.66667 | O24: 22.222222 | P24: #DIV/0! | Q24: 156.25 | R24: 114.58333 | S24: 260.41667 | T24: 145.83333 | U24: 101.10294 | V24: 184.65909 | W24: #DIV/0! | X24: 190.97222 | Y24: 223.21429 | Z24: 86.805556 | AA24: 142.04545 | AB24: 182.29167 | AC24: 247.39583 | AD24: #DIV/0!
A25: COF 440 - PPM POL ANIONICO | B25: #DIV/0! | C25: -0.0018153894 | D25: 4.5454545 | E25: 0 | F25: 6.6666667 | G25: 3.7037037 | H25: 11.111111 | I25: #DIV/0! | J25: 7.4074074 | K25: 3.5087719 | L25: 7.8431373 | M25: 8.3333333 | N25: 4.4444444 | O25: 8.8888889 | P25: #DIV/0! | Q25: 3.4722222 | R25: 4.1666667 | S25: 5.2083333 | T25: 4.1666667 | U25: 3.6764706 | V25: 5.6818182 | W25: #DIV/0! | X25: 13.888889 | Y25: 4.4642857 | Z25: 6.9444444 | AA25: 2.8409091 | AB25: 6.9444444 | AC25: 5.2083333 | AD25: #DIV/0!
A26: COF 494 - PPM POL CATIONICO | B26: #DIV/0! | C26: -0.010892337 | D26: 6.0606061 | E26: 0 | F26: 6.6666667 | G26: 14.814815 | H26: 11.111111 | I26: #DIV/0! | J26: 11.111111 | K26: 10.526316 | L26: 11.764706 | M26: 12.5 | N26: 13.333333 | O26: 8.8888889 | P26: #DIV/0! | Q26: 10.416667 | R26: 12.5 | S26: 15.625 | T26: 12.5 | U26: 11.029412 | V26: 17.045455 | W26: #DIV/0! | X26: 20.833333 | Y26: 13.392857 | Z26: 10.416667 | AA26: 8.5227273 | AB26: 10.416667 | AC26: 10.416667 | AD26: #DIV/0!
B29: DIAS
B30: 1 | C30: 2 | D30: 3 | E30: 4 | F30: 5 | G30: 6 | H30: 7 | I30: 8 | J30: 9 | K30: 10 | L30: 11 | M30: 12 | N30: 13 | O30: 14 | P30: 15 | Q30: 16 | R30: 17 | S30: 18 | T30: 19 | U30: 20 | V30: 21 | W30: 22 | X30: 23 | Y30: 24 | Z30: 25 | AA30: 26 | AB30: 27 | AC30: 28 | AD30: (en blanco) | AE30: Total general
A31: CAUDAL TOTAL TRATADO GEM | B31: 0 | C31: -1377115 | D31: 1650 | E31: 1575 | F31: 1500 | G31: 1350 | H31: 900 | I31: 0 | J31: 1350 | K31: 1425 | L31: 1275 | M31: 1200 | N31: 1125 | O31: 1125 | P31: 0 | Q31: 1440 | R31: 1200 | S31: 960 | T31: 1200 | U31: 1360 | V31: 880 | W31: 0 | X31: 720 | Y31: 1120 | Z31: 1440 | AA31: 1760 | AB31: 1440 | AC31: 960 | AD31: 0 | AE31: -1348160

Sheet INVENTARIO INSUMOS QUÍMICOS GEM
B2: PRODUCTOS QUÍMICOS | C2: Densidad (g/ml) | D2: INVENTARIO INICIO DE MES | F2: CONSOLIDADO CONSUMO QUÍMICA MENSUAL | H2: TOTAL SUMINISTRO QUÍMICOS (PROVEEDOR) | J2: INVENTARIO ACTUALIZADO | L2: TOTAL EXTRA PROVEDOR | N2: INVENTARIO ACTUALIZADO REAL
D3: Litros | E3: Kg | F3: Litros | G3: Kg | H3: Litros | I3: Kg | J3: Litros | K3: Kg | L3: Litros | M3: Kg | N3: Litros | O3: Kg
B4: Ácido COF280 | C4: 1.24 | D4: 1.500 | E4: =D4*C4 -> 1860 | F4: =GETPIVOTDATA("COF 280 ACIDO (L)",'CONSUMO QUÍMICA-CAUDALES GEM '!$A$2) -> 8360 | G4: =GETPIVOTDATA("COF 280 - KG ACIDO",'CONSUMO QUÍMICA-CAUDALES GEM '!$A$11) -> 10868 | H4: =(+C15+E15+G15+I15+K15+M15+O15+Q15+S15) -> 8387.1613 | I4: =H4*C4 -> 10400.08 | J4: =(D4+H4)-F4 -> 1527.1613 | K4: =J4*$C4 -> 1893.68 | L4: =97+48+97 -> 242 | M4: =L4*$C4 -> 300.08 | N4: =J4-L4-1000 -> 285.16129 | O4: =N4*$C4 -> 353.6
B5: Coagulante COF235 | C5: 1.325 | D5: 3500 | E5: =D5*C5 -> 4637.5 | F5: =GETPIVOTDATA("COF 235 COAGULANTE (L)",'CONSUMO QUÍMICA-CAUDALES GEM '!$A$2) -> 17180 | G5: =GETPIVOTDATA("COF 235 - KG COAGULANTE",'CONSUMO QUÍMICA-CAUDALES GEM '!$A$11) -> 22763.5 | H5: =(+C16+E16+G16+I16+K16+M16+O16+Q16+S16) -> 13000 | I5: =H5*C5 -> 17225 | J5: =(D5+H5)-F5 -> -680 | K5: =J5*$C5 -> -901 | L5: 0 | M5: =L5*$C5 -> 0 | N5: =J5-L5 -> -680 | O5: =N5*$C5 -> -901
B6: Decolorante COF255 | C6: 1.1 | D6: 420 | E6: =D6*C6 -> 462 | F6: =GETPIVOTDATA("COF 255 DECOLORANTE (L)",'CONSUMO QUÍMICA-CAUDALES GEM '!$A$2) -> 5510 | G6: =GETPIVOTDATA("COF 255 - KG DECOLORANTE ",'CONSUMO QUÍMICA-CAUDALES GEM '!$A$11) -> 6887.5 | H6: =(+C17+E17+G17+I17+K17+M17+O17+Q17+S17) -> 7681.7273 | I6: =H6*C6 -> 8449.9 | J6: =(D6+H6)-F6 -> 2591.7273 | K6: =J6*$C6 -> 2850.9 | L6: =273+273+273+409+136 -> 1364 | M6: =L6*$C6 -> 1500.4 | N6: =J6-L6 -> 1227.7273 | O6: =N6*$C6 -> 1350.5
B7: Polimero COF440 (Aniónico) | C7: 0.0025 | D7: 140 | E7: =D7*C7 -> 0.35 | F7: =(GETPIVOTDATA("COF 440 POL ANIONICO (KG)",'CONSUMO QUÍMICA-CAUDALES GEM '!$A$2)/C7) -> 82000 | G7: =GETPIVOTDATA("COF 440 - KG POL ANIONICO ",'CONSUMO QUÍMICA-CAUDALES GEM '!$A$11) -> 205 | H7: =(+C18+E18+G18+I18+K18+M18+O18+Q18+S18) -> 30000 | I7: =H7*C7 -> 75 | J7: =(D7+H7)-F7 -> -51860 | K7: =J7*$C7 -> -129.65 | L7: 0 | M7: =L7*$C7 -> 0 | N7: =J7-L7 -> -51860 | O7: =N7*$C7 -> -129.65
B8: Polimero COF494 (Cátionico) | C8: 0.0025 | D8: 155 | E8: =D8*C8 -> 0.3875 | F8: 150000 | G8: =GETPIVOTDATA("COF 494 - KG POL CATIONICO ",'CONSUMO QUÍMICA-CAUDALES GEM '!$A$11) -> 480 | H8: =(+C19+E19+G19+I19+K19+M19+O19+Q19+S19) -> 40000 | I8: =H8*C8 -> 100 | J8: =(D8+H8)-F8 -> -109845 | K8: =J8*$C8 -> -274.6125 | L8: 0 | M8: =L8*$C8 -> 0 | N8: =J8-L8 -> -109845 | O8: =N8*$C8 -> -274.6125
B10: PRODUCTOS QUÍMICOS | C10: ENTREGAS DE INSUMOS QUÍMICOS PROVEEEDOR COFAI (FECHA)
C11: 45660 | E11: 3/01/2025 - 4/01/2025 | G11: 45672 | I11: 45674
C12: REM No | D12: O T | E12: REM No | F12: O T | G12: REM No | H12: O T | I12: REM No | J12: O T | K12: REM No | L12: O T | M12: REM No | N12: O T | O12: REM No | P12: O T | Q12: REM No | R12: O T | S12: REM No | T12: O T
C14: Litros | D14: Kg | E14: Litros | F14: Kg | G14: Litros | H14: Kg | I14: Litros | J14: Kg | K14: Litros | L14: Kg | M14: Litros | N14: Kg | O14: Litros | P14: Kg | Q14: Litros | R14: Kg | S14: Litros | T14: Kg
B15: Ácido COF280 | C15: 0 | D15: =C15*$C$4 -> 0 | E15: 2097 | F15: =E15*$C$4 -> 2600.28 | G15: 3145 | H15: =G15*$C$4 -> 3899.8 | I15: 3145.1613 | J15: =I15*$C$4 -> 3900
B16: Coagulante COF235 | C16: 1000 | D16: =+C16*$C$5 -> 1325 | E16: 3000 | F16: =+E16*$C$5 -> 3975 | G16: 4000 | H16: =+G16*$C$5 -> 5300 | I16: 5000 | J16: =+I16*$C$5 -> 6625
B17: Decolorante COF255 | C17: 1136 | D17: =+C17*$C$6 -> 1249.6 | E17: 2273 | F17: =+E17*$C$6 -> 2500.3 | G17: 2000 | H17: =+G17*$C$6 -> 2200 | I17: 2272.7273 | J17: =+I17*$C$6 -> 2500
B18: Polimero COF440 (Aniónico) | C18: 30000 | D18: =+C18*$C$7 -> 75 | E18: 0 | F18: =+E18*$C$7 -> 0 | G18: 0 | H18: =+G18*$C$7 -> 0 | I18: 0 | J18: =+I18*$C$7 -> 0
B19: Polimero COF494 (Cátionico) | C19: 0 | D19: =+C19*$C$8 -> 0 | E19: 0 | F19: =+E19*$C$8 -> 0 | G19: 0 | H19: =+G19*$C$8 -> 0 | I19: 40000 | J19: =+I19*$C$8 -> 100
B22: PRODUCTOS QUÍMICOS | C22: REGISTRO DENSIDADES DE INSUMOS QUÍMICOS PROVEEEDOR COFAI (FECHA)
C23: 2 | F23: 3 | I23: 4 | L23: 45667 | O23: 45668 | R23: 45670 | U23: 45672 | X23: 45673 | AA23: 45674 | AD23: 45677
C24: Litros | D24: Densidad (g/ml) | E24: Kg | F24: Litros | G24: Densidad (g/ml) | H24: Kg | I24: Litros | J24: Densidad (g/ml) | K24: Kg | L24: Litros | M24: Densidad (g/ml) | N24: Kg | O24: Litros | P24: Densidad (g/ml) | Q24: Kg | R24: Litros | S24: Densidad (g/ml) | T24: Kg | U24: Litros | V24: Densidad (g/ml) | W24: Kg | X24: Litros | Y24: Densidad (g/ml) | Z24: Kg | AA24: Litros | AB24: Densidad (g/ml) | AC24: Kg | AD24: Litros | AE24: Densidad (g/ml) | AF24: Kg
B25: Ácido COF280 | E25: =C25*D25 -> 0 | F25: 1 | H25: =F25*G25 -> 0 | I25: 1 | K25: =I25*J25 -> 0 | L25: 2 | N25: =L25*M25 -> 0 | Q25: =O25*P25 -> 0 | R25: 1 | T25: =R25*S25 -> 0 | W25: =U25*V25 -> 0 | X25: 3 | Z25: =X25*Y25 -> 0 | AC25: =AA25*AB25 -> 0 | AF25: =AD25*AE25 -> 0
B26: Coagulante COF235 | C26: 1 | E26: =C26*D26 -> 0 | F26: 1 | H26: =F26*G26 -> 0 | I26: 2 | K26: =I26*J26 -> 0 | N26: =L26*M26 -> 0 | O26: 3 | Q26: =O26*P26 -> 0 | T26: =R26*S26 -> 0 | U26: 3 | W26: =U26*V26 -> 0 | Z26: =X26*Y26 -> 0 | AA26: 3 | AC26: =AA26*AB26 -> 0 | AF26: =AD26*AE26 -> 0
B27: Decolorante COF255 | E27: =C27*D27 -> 0 | F27: 2 | H27: =F27*G27 -> 0 | K27: =I27*J27 -> 0 | L27: 1 | N27: =L27*M27 -> 0 | O27: 1 | Q27: =O27*P27 -> 0 | T27: =R27*S27 -> 0 | U27: 1 | W27: =U27*V27 -> 0 | X27: 1 | Z27: =X27*Y27 -> 0 | AC27: =AA27*AB27 -> 0 | AD27: 3 | AF27: =AD27*AE27 -> 0
B28: Polimero COF440 (Aniónico) | E28: =C28*D28 -> 0 | H28: =F28*G28 -> 0 | K28: =I28*J28 -> 0 | N28: =L28*M28 -> 0 | Q28: =O28*P28 -> 0 | T28: =R28*S28 -> 0 | W28: =U28*V28 -> 0 | Z28: =X28*Y28 -> 0 | AC28: =AA28*AB28 -> 0 | AF28: =AD28*AE28 -> 0
B29: Polimero COF494 (Cátionico) | E29: =C29*D29 -> 0 | H29: =F29*G29 -> 0 | K29: =I29*J29 -> 0 | N29: =L29*M29 -> 0 | Q29: =O29*P29 -> 0 | T29: =R29*S29 -> 0 | W29: =U29*V29 -> 0 | X29: 100 | Z29: =X29*Y29 -> 0 | AC29: =AA29*AB29 -> 0 | AF29: =AD29*AE29 -> 0

Sheet REGISTRO RO
A1: FECHA | B1: DIA | C1: TURNO | D1: HCL (10%) | E1: KURIVERTER IK-220 (Biocida) | F1: VITEC 7000 (Antiincrustante) | G1: Hidróxido de Sodio (NaOH) | H1: Bisulfito de sodio | I1: TIEMPO DE OPERACIÓN (minutos) | J1: cm HCL (10%) | K1: cm IK-220 (Biocida) | L1: cm Vitec 7000 | M1: cm NaOH | N1: cm Bisulfito de sodio | O1: (INV- L) - HCL (10%) | P1: (INV -L) - KURIVERTER IK-220 (Biocida) | Q1: (INV -L) - VITEC 7000 (Antiincrustante) | R1: (INV -L) - Hidróxido de Sodio (NaOH) | S1: (INV -L) Bisulfito de sodio | T1: CONSUMO (L) HCL (10%)2 | U1: CONSUMO (L) KURIVERTER IK-220 (Biocida) | V1: CONSUMO (L) VITEC 7000 (Antiincrustante) | W1: CONSUMO (L) Hidróxido de Sodio (NaOH) | X1: CONSUMO (L) Bisulfito de sodio | Y1: DENSIDAD HCL (10%) | Z1: DENSIDAD KURIVERTER IK-220 (Biocida) | AA1: DENSIDAD VITEC 7000 (Antiincrustante) | AB1: DENSIDAD Hidróxido de Sodio (NaOH) | AC1: DENSIDAD Bisulfito de sodio | AD1: CONSUMO (Kg) HCL (10%)22 | AE1: CONSUMO (Kg) KURIVERTER IK-220 (Biocida) | AF1: CONSUMO (Kg) VITEC 7000 (Antiincrustante) | AG1: CONSUMO (Kg) Hidróxido de Sodio (NaOH) | AH1: CONSUMO (Kg) Bisulfito de sodio6 | AI1: VOLUMEN ENVIADO A RO (m3) | AJ1: PPM HCL (10%) | AK1: PPM KURIVERTER IK-220 (Biocida) | AL1: PPM VITEC 7000 (Antiincrustante) | AM1: PPM Hidróxido de Sodio (NaOH) | AN1: PPM Bisulfito de sodio | AO1: PRECIO HCL (10%) | AP1: PRECIO KURIVERTER IK-220 (Biocida) | AQ1: PRECIO VITEC 7000 (Antiincrustante) | AR1: PRECIO Hidróxido de Sodio (NaOH) | AS1: PRECIO Bisulfito de sodio | AT1: COSTO OPERATIVO HCL (10%) | AU1: COSTO OPERATIVO KURIVERTER IK-220 (Biocida) | AV1: COSTO OPERATIVO VITEC 7000 (Antiincrustante) | AW1: COSTO OPERATIVO Hidróxido de Sodio (NaOH) | AX1: COSTO OPERATIVO Bisulfito de sodio | AY1: COSTO QUIMICA | AZ1: LIMITE INDICADOR M3 | BA1: $m3 ENVIADO A RO (m3) | BB1: $m3 RECHAZO (m3) | BC1: $m3 PERMEADO RO (m3)
A2: 46054 | B2: =DAY(Tabla2[[#This Row],[FECHA]]) -> 1 | C2: 1 (NOCHE) | I2: =((Tabla2[[#This Row],[VOLUMEN ENVIADO A RO (m3)]]/80)/3)*60 -> 0 | J2: 0 | K2: 38 | L2: 68 | M2: 0 | N2: 0 | O2: =J2*(1000/114) -> 0 | P2: =K2*(1000/114) -> 333.33333 | Q2: =L2*(1000/114) -> 596.49123 | R2: =M2*(1000/114) -> 0 | S2: =N2*(1000/114) -> 0 | T2: =O2-O3 -> 0 | U2: =P2-P3 -> 0 | V2: =Q2-Q3 -> 0 | W2: =R2-R3 -> 0 | X2: =S2-S3 -> 0 | Y2: 1.18 | Z2: 1.28 | AA2: 1.2 | AB2: 1.53 | AC2: 1.2 | AD2: =T2*Y2 -> 0 | AE2: 38 | AF2: 68 | AG2: =W2*AB2 -> 0 | AH2: =X2*AC2 -> 0 | AI2: 0 | AJ2: =(AD2*1000)/$AI2 -> #DIV/0! | AK2: =(AE2*1000)/$AI2 -> #DIV/0! | AL2: =(AF2*1000)/$AI2 -> #DIV/0! | AM2: =(AG2*1000)/$AI2 -> #DIV/0! | AN2: =(AH2*1000)/$AI2 -> #DIV/0! | AO2: 1550 | AP2: 19160 | AQ2: 36239 | AR2: 1560 | AS2: 3640 | AT2: =AO2*(AD2*0.8) -> 0 | AU2: =AP2*(AE2*0.012) -> 8736.96 | AV2: =AQ2*(AF2*0.044) -> 108427.09 | AW2: =AR2*AG2 -> 0 | AX2: =AS2*(AH2*0.025) -> 0 | AY2: =AT2+AU2+AV2+AW2+AX2 -> 117164.05 | AZ2: 1000 | BA2: =$AY2/AI2 -> #DIV/0! | BB2: =$AY2/#REF! -> #REF! | BC2: =$AY2/#REF! -> #REF!
A3: =+A2 -> 46054 | B3: =DAY(Tabla2[[#This Row],[FECHA]]) -> 1 | C3: 2 (MAÑANA) | I3: =((Tabla2[[#This Row],[VOLUMEN ENVIADO A RO (m3)]]/80)/3)*60 -> 0 | J3: 0 | K3: 38 | L3: 68 | M3: 0 | N3: 0 | O3: =J3*(1000/114) -> 0 | P3: =K3*(1000/114) -> 333.33333 | Q3: =L3*(1000/114) -> 596.49123 | R3: =M3*(1000/114) -> 0 | S3: =N3*(1000/114) -> 0 | T3: =O3-O4 -> 0 | U3: =P3-P4 -> 0 | V3: =Q3-Q4 -> 0 | W3: =R3-R4 -> 0 | X3: =S3-S4 -> 0 | Y3: 1.18 | Z3: 1.28 | AA3: 1.2 | AB3: 1.53 | AC3: 1.2 | AD3: =T3*Y3 -> 0 | AE3: 38 | AF3: 68 | AG3: =W3*AB3 -> 0 | AH3: =X3*AC3 -> 0 | AI3: 0 | AJ3: =(AD3*1000)/$AI3 -> #DIV/0! | AK3: =(AE3*1000)/$AI3 -> #DIV/0! | AL3: =(AF3*1000)/$AI3 -> #DIV/0! | AM3: =(AG3*1000)/$AI3 -> #DIV/0! | AN3: =(AH3*1000)/$AI3 -> #DIV/0! | AO3: =AO2 -> 1550 | AP3: =AP2 -> 19160 | AQ3: =AQ2 -> 36239 | AR3: =AR2 -> 1560 | AS3: =AS2 -> 3640 | AT3: =AO3*(AD3*0.8) -> 0 | AU3: =AP3*(AE3*0.012) -> 8736.96 | AV3: =AQ3*(AF3*0.044) -> 108427.09 | AW3: =AR3*AG3 -> 0 | AX3: =AS3*(AH3*0.025) -> 0 | AY3: =AT3+AU3+AV3+AW3+AX3 -> 117164.05 | AZ3: 1000 | BA3: =AY3/AI3 -> #DIV/0! | BB3: =$AY3/#REF! -> #REF! | BC3: =$AY3/#REF! -> #REF!
A4: =+A3 -> 46054 | B4: =DAY(Tabla2[[#This Row],[FECHA]]) -> 1 | C4: 3(TARDE) | I4: =((Tabla2[[#This Row],[VOLUMEN ENVIADO A RO (m3)]]/80)/3)*60 -> 0 | J4: 0 | K4: 38 | L4: 68 | M4: 0 | N4: 0 | O4: =J4*(1000/114) -> 0 | P4: =K4*(1000/114) -> 333.33333 | Q4: =L4*(1000/114) -> 596.49123 | R4: =M4*(1000/114) -> 0 | S4: =N4*(1000/114) -> 0 | T4: =O4-O5 -> 0 | U4: =P4-P5 -> 0 | V4: =Q4-Q5 -> 0 | W4: =R4-R5 -> 0 | X4: =S4-S5 -> 0 | Y4: 1.18 | Z4: 1.28 | AA4: 1.2 | AB4: 1.53 | AC4: 1.2 | AD4: =T4*Y4 -> 0 | AE4: 38 | AF4: 68 | AG4: =W4*AB4 -> 0 | AH4: =X4*AC4 -> 0 | AI4: 0 | AJ4: =(AD4*1000)/$AI4 -> #DIV/0! | AK4: =(AE4*1000)/$AI4 -> #DIV/0! | AL4: =(AF4*1000)/$AI4 -> #DIV/0! | AM4: =(AG4*1000)/$AI4 -> #DIV/0! | AN4: =(AH4*1000)/$AI4 -> #DIV/0! | AO4: =AO3 -> 1550 | AP4: =AP3 -> 19160 | AQ4: =AQ3 -> 36239 | AR4: =AR3 -> 1560 | AS4: =AS3 -> 3640 | AT4: =AO4*(AD4*0.8) -> 0 | AU4: =AP4*(AE4*0.012) -> 8736.96 | AV4: =AQ4*(AF4*0.044) -> 108427.09 | AW4: =AR4*AG4 -> 0 | AX4: =AS4*(AH4*0.025) -> 0 | AY4: =AT4+AU4+AV4+AW4+AX4 -> 117164.05 | AZ4: 1000 | BA4: =AY4/AI4 -> #DIV/0!
A5: =+A4+1 -> 46055 | B5: =DAY(Tabla2[[#This Row],[FECHA]]) -> 2 | C5: 1 (NOCHE) | I5: =((Tabla2[[#This Row],[VOLUMEN ENVIADO A RO (m3)]]/80)/3)*60 -> 41.2865 | J5: 0 | K5: 38 | L5: 68 | M5: 0 | N5: 0 | O5: =J5*(1000/114) -> 0 | P5: =K5*(1000/114) -> 333.33333 | Q5: =L5*(1000/114) -> 596.49123 | R5: =M5*(1000/114) -> 0 | S5: =N5*(1000/114) -> 0 | T5: =O5-O6 -> 0 | U5: =P5-P6 -> 0 | V5: =Q5-Q6 -> 0 | W5: =R5-R6 -> 0 | X5: =S5-S6 -> 0 | Y5: 1.18 | Z5: 1.28 | AA5: 1.2 | AB5: 1.53 | AC5: 1.2 | AD5: =T5*Y5 -> 0 | AE5: =U5*Z5 -> 0 | AF5: =V5*AA5 -> 0 | AG5: =W5*AB5 -> 0 | AH5: =X5*AC5 -> 0 | AI5: 165.146 | AJ5: =(AD5*1000)/$AI5 -> 0 | AK5: =(AE5*1000)/$AI5 -> 0 | AL5: =(AF5*1000)/$AI5 -> 0 | AM5: =(AG5*1000)/$AI5 -> 0 | AN5: =(AH5*1000)/$AI5 -> 0 | AO5: =AO4 -> 1550 | AP5: =AP4 -> 19160 | AQ5: =AQ4 -> 36239 | AR5: =AR4 -> 1560 | AS5: =AS4 -> 3640 | AT5: =AO5*(AD5*0.8) -> 0 | AU5: =AP5*(AE5*0.012) -> 0 | AV5: =AQ5*(AF5*0.044) -> 0 | AW5: =AR5*AG5 -> 0 | AX5: =AS5*(AH5*0.025) -> 0 | AY5: =AT5+AU5+AV5+AW5+AX5 -> 0 | AZ5: 1000 | BA5: =AY5/AI5 -> 0
A6: =+A5 -> 46055 | B6: =DAY(Tabla2[[#This Row],[FECHA]]) -> 2 | C6: 2 (MAÑANA) | I6: =((Tabla2[[#This Row],[VOLUMEN ENVIADO A RO (m3)]]/80)/3)*60 -> 77.085 | J6: 0 | K6: 38 | L6: 68 | M6: 0 | N6: 0 | O6: =J6*(1000/114) -> 0 | P6: =K6*(1000/114) -> 333.33333 | Q6: =L6*(1000/114) -> 596.49123 | R6: =M6*(1000/114) -> 0 | S6: =N6*(1000/114) -> 0 | T6: =O6-O7 -> 0 | U6: =P6-P7 -> 0 | V6: =Q6-Q7 -> 0 | W6: =R6-R7 -> 0 | X6: =S6-S7 -> 0 | Y6: 1.18 | Z6: 1.28 | AA6: 1.2 | AB6: 1.53 | AC6: 1.2 | AD6: =T6*Y6 -> 0 | AE6: =U6*Z6 -> 0 | AF6: =V6*AA6 -> 0 | AG6: =W6*AB6 -> 0 | AH6: =X6*AC6 -> 0 | AI6: 308.34 | AJ6: =(AD6*1000)/$AI6 -> 0 | AK6: =(AE6*1000)/$AI6 -> 0 | AL6: =(AF6*1000)/$AI6 -> 0 | AM6: =(AG6*1000)/$AI6 -> 0 | AN6: =(AH6*1000)/$AI6 -> 0 | AO6: =AO5 -> 1550 | AP6: =AP5 -> 19160 | AQ6: =AQ5 -> 36239 | AR6: =AR5 -> 1560 | AS6: =AS5 -> 3640 | AT6: =AO6*(AD6*0.8) -> 0 | AU6: =AP6*(AE6*0.012) -> 0 | AV6: =AQ6*(AF6*0.044) -> 0 | AW6: =AR6*AG6 -> 0 | AX6: =AS6*(AH6*0.025) -> 0 | AY6: =AT6+AU6+AV6+AW6+AX6 -> 0 | AZ6: 1000 | BA6: =AY6/AI6 -> 0
A7: =+A6 -> 46055 | B7: =DAY(Tabla2[[#This Row],[FECHA]]) -> 2 | C7: 3(TARDE) | I7: =((Tabla2[[#This Row],[VOLUMEN ENVIADO A RO (m3)]]/80)/3)*60 -> 91.0245 | J7: 0 | K7: 38 | L7: 68 | M7: 0 | N7: 0 | O7: =J7*(1000/114) -> 0 | P7: =K7*(1000/114) -> 333.33333 | Q7: =L7*(1000/114) -> 596.49123 | R7: =M7*(1000/114) -> 0 | S7: =N7*(1000/114) -> 0 | T7: =O7-O8 -> 0 | U7: =P7-P8 -> 0 | V7: =Q7-Q8 -> 0 | W7: =R7-R8 -> 0 | X7: =S7-S8 -> 0 | Y7: 1.18 | Z7: 1.28 | AA7: 1.2 | AB7: 1.53 | AC7: 1.2 | AD7: =T7*Y7 -> 0 | AE7: =U7*Z7 -> 0 | AF7: =V7*AA7 -> 0 | AG7: =W7*AB7 -> 0 | AH7: =X7*AC7 -> 0 | AI7: 364.098 | AJ7: =(AD7*1000)/$AI9 -> 0 | AK7: =(AE7*1000)/$AI9 -> 0 | AL7: =(AF7*1000)/$AI9 -> 0 | AM7: =(AG7*1000)/$AI9 -> 0 | AN7: =(AH7*1000)/$AI9 -> 0 | AO7: =AO6 -> 1550 | AP7: =AP6 -> 19160 | AQ7: =AQ6 -> 36239 | AR7: =AR6 -> 1560 | AS7: =AS6 -> 3640 | AT7: =AO7*(AD7*0.8) -> 0 | AU7: =AP7*(AE7*0.012) -> 0 | AV7: =AQ7*(AF7*0.044) -> 0 | AW7: =AR7*AG7 -> 0 | AX7: =AS7*(AH7*0.025) -> 0 | AY7: =AT7+AU7+AV7+AW7+AX7 -> 0 | AZ7: 1000 | BA7: =AY7/AI9 -> 0
A8: =+A7+1 -> 46056 | B8: =DAY(Tabla2[[#This Row],[FECHA]]) -> 3 | C8: 1 (NOCHE) | I8: =((Tabla2[[#This Row],[VOLUMEN ENVIADO A RO (m3)]]/80)/3)*60 -> 99.46825 | J8: 0 | K8: 38 | L8: 68 | M8: 0 | N8: 0 | O8: =J8*(1000/114) -> 0 | P8: =K8*(1000/114) -> 333.33333 | Q8: =L8*(1000/114) -> 596.49123 | R8: =M8*(1000/114) -> 0 | S8: =N8*(1000/114) -> 0 | T8: =O8-O9 -> 0 | U8: =P8-P9 -> 0 | V8: =Q8-Q9 -> 0 | W8: =R8-R9 -> 0 | X8: =S8-S9 -> 0 | Y8: 1.18 | Z8: 1.28 | AA8: 1.2 | AB8: 1.53 | AC8: 1.2 | AD8: =T8*Y8 -> 0 | AE8: =U8*Z8 -> 0 | AF8: =V8*AA8 -> 0 | AG8: =W8*AB8 -> 0 | AH8: =X8*AC8 -> 0 | AI8: 397.873 | AJ8: =(AD8*1000)/$AI12 -> 0 | AK8: =(AE8*1000)/$AI12 -> 0 | AL8: =(AF8*1000)/$AI12 -> 0 | AM8: =(AG8*1000)/$AI12 -> 0 | AN8: =(AH8*1000)/$AI12 -> 0 | AO8: =AO7 -> 1550 | AP8: =AP7 -> 19160 | AQ8: =AQ7 -> 36239 | AR8: =AR7 -> 1560 | AS8: =AS7 -> 3640 | AT8: =AO8*(AD8*0.8) -> 0 | AU8: =AP8*(AE8*0.012) -> 0 | AV8: =AQ8*(AF8*0.044) -> 0 | AW8: =AR8*AG8 -> 0 | AX8: =AS8*(AH8*0.025) -> 0 | AY8: =AT8+AU8+AV8+AW8+AX8 -> 0 | AZ8: 1000 | BA8: =AY8/AI12 -> 0
A9: =+A8 -> 46056 | B9: =DAY(Tabla2[[#This Row],[FECHA]]) -> 3 | C9: 2 (MAÑANA) | I9: =((Tabla2[[#This Row],[VOLUMEN ENVIADO A RO (m3)]]/80)/3)*60 -> 95.883 | J9: 0 | K9: 38 | L9: 68 | M9: 0 | N9: 0 | O9: =J9*(1000/114) -> 0 | P9: =K9*(1000/114) -> 333.33333 | Q9: =L9*(1000/114) -> 596.49123 | R9: =M9*(1000/114) -> 0 | S9: =N9*(1000/114) -> 0 | T9: =O9-O10 -> 0 | U9: =P9-P10 -> 43.859649 | V9: =Q9-Q10 -> 105.26316 | W9: =R9-R10 -> 0 | X9: =S9-S10 -> 0 | Y9: 1.18 | Z9: 1.28 | AA9: 1.2 | AB9: 1.53 | AC9: 1.2 | AD9: =T9*Y9 -> 0 | AE9: =U9*Z9 -> 56.140351 | AF9: =V9*AA9 -> 126.31579 | AG9: =W9*AB9 -> 0 | AH9: =X9*AC9 -> 0 | AI9: 383.532 | AJ9: =(AD9*1000)/$AI15 -> 0 | AK9: =(AE9*1000)/$AI15 -> 162.00205 | AL9: =(AF9*1000)/$AI15 -> 364.5046 | AM9: =(AG9*1000)/$AI15 -> 0 | AN9: =(AH9*1000)/$AI15 -> 0 | AO9: =AO8 -> 1550 | AP9: =AP8 -> 19160 | AQ9: =AQ8 -> 36239 | AR9: =AR8 -> 1560 | AS9: =AS8 -> 3640 | AT9: =AO9*(AD9*0.8) -> 0 | AU9: =AP9*(AE9*0.012) -> 12907.789 | AV9: =AQ9*(AF9*0.044) -> 201412.55 | AW9: =AR9*AG9 -> 0 | AX9: =AS9*(AH9*0.025) -> 0 | AY9: =AT9+AU9+AV9+AW9+AX9 -> 214320.34 | AZ9: 1000 | BA9: =AY9/AI15 -> 618.45593
A10: =+A9 -> 46056 | B10: =DAY(Tabla2[[#This Row],[FECHA]]) -> 3 | C10: 3(TARDE) | I10: =((Tabla2[[#This Row],[VOLUMEN ENVIADO A RO (m3)]]/80)/3)*60 -> 79.5635 | J10: 0 | K10: 33 | L10: 56 | M10: 0 | N10: 0 | O10: =J10*(1000/114) -> 0 | P10: =K10*(1000/114) -> 289.47368 | Q10: =L10*(1000/114) -> 491.22807 | R10: =M10*(1000/114) -> 0 | S10: =N10*(1000/114) -> 0 | T10: =O10-O11 -> 0 | U10: =P10-P11 -> 105.26316 | V10: =Q10-Q11 -> 122.80702 | W10: =R10-R11 -> 0 | X10: =S10-S11 -> 0 | Y10: 1.18 | Z10: 1.28 | AA10: 1.2 | AB10: 1.53 | AC10: 1.2 | AD10: =T10*Y10 -> 0 | AE10: =U10*Z10 -> 134.73684 | AF10: =V10*AA10 -> 147.36842 | AG10: =W10*AB10 -> 0 | AH10: =X10*AC10 -> 0 | AI10: 318.254 | AJ10: =(AD10*1000)/$AI18 -> 0 | AK10: =(AE10*1000)/$AI18 -> 215.57757 | AL10: =(AF10*1000)/$AI18 -> 235.78796 | AM10: =(AG10*1000)/$AI18 -> 0 | AN10: =(AH10*1000)/$AI18 -> 0 | AO10: =AO9 -> 1550 | AP10: =AP9 -> 19160 | AQ10: =AQ9 -> 36239 | AR10: =AR9 -> 1560 | AS10: =AS9 -> 3640 | AT10: =AO10*(AD10*0.8) -> 0 | AU10: =AP10*(AE10*0.012) -> 30978.695 | AV10: =AQ10*(AF10*0.044) -> 234981.31 | AW10: =AR10*AG10 -> 0 | AX10: =AS10*(AH10*0.025) -> 0 | AY10: =AT10+AU10+AV10+AW10+AX10 -> 265960 | AZ10: 1000 | BA10: =AY10/AI18 -> 425.53328
A11: =+A10+1 -> 46057 | B11: =DAY(Tabla2[[#This Row],[FECHA]]) -> 4 | C11: 1 (NOCHE) | I11: =((Tabla2[[#This Row],[VOLUMEN ENVIADO A RO (m3)]]/80)/3)*60 -> 76.37525 | J11: 0 | K11: 21 | L11: 42 | M11: 0 | N11: 0 | O11: =J11*(1000/114) -> 0 | P11: =K11*(1000/114) -> 184.21053 | Q11: =L11*(1000/114) -> 368.42105 | R11: =M11*(1000/114) -> 0 | S11: =N11*(1000/114) -> 0 | T11: =O11-O12 -> 0 | U11: =P11-P12 -> 0 | V11: =Q11-Q12 -> 0 | W11: =R11-R12 -> 0 | X11: =S11-S12 -> 0 | Y11: 1.18 | Z11: 1.28 | AA11: 1.2 | AB11: 1.53 | AC11: 1.2 | AD11: =T11*Y11 -> 0 | AE11: =U11*Z11 -> 0 | AF11: =V11*AA11 -> 0 | AG11: =W11*AB11 -> 0 | AH11: =X11*AC11 -> 0 | AI11: 305.501 | AJ11: =(AD11*1000)/$AI21 -> #DIV/0! | AK11: =(AE11*1000)/$AI21 -> #DIV/0! | AL11: =(AF11*1000)/$AI21 -> #DIV/0! | AM11: =(AG11*1000)/$AI21 -> #DIV/0! | AN11: =(AH11*1000)/$AI21 -> #DIV/0! | AO11: =AO10 -> 1550 | AP11: =AP10 -> 19160 | AQ11: =AQ10 -> 36239 | AR11: =AR10 -> 1560 | AS11: =AS10 -> 3640 | AT11: =AO11*(AD11*0.8) -> 0 | AU11: =AP11*(AE11*0.012) -> 0 | AV11: =AQ11*(AF11*0.044) -> 0 | AW11: =AR11*AG11 -> 0 | AX11: =AS11*(AH11*0.025) -> 0 | AY11: =AT11+AU11+AV11+AW11+AX11 -> 0 | AZ11: 1000 | BA11: =AY11/AI21 -> #DIV/0!
A12: =+A11 -> 46057 | B12: =DAY(Tabla2[[#This Row],[FECHA]]) -> 4 | C12: 2 (MAÑANA) | I12: =((Tabla2[[#This Row],[VOLUMEN ENVIADO A RO (m3)]]/80)/3)*60 -> 78.03125 | J12: 0 | K12: 21 | L12: 42 | M12: 0 | N12: 0 | O12: =J12*(1000/114) -> 0 | P12: =K12*(1000/114) -> 184.21053 | Q12: =L12*(1000/114) -> 368.42105 | R12: =M12*(1000/114) -> 0 | S12: =N12*(1000/114) -> 0 | T12: =O12-O13 -> 0 | U12: =P12-P13 -> 17.54386 | V12: =Q12-Q13 -> 35.087719 | W12: =R12-R13 -> 0 | X12: =S12-S13 -> 0 | Y12: 1.18 | Z12: 1.28 | AA12: 1.2 | AB12: 1.53 | AC12: 1.2 | AD12: =T12*Y12 -> 0 | AE12: =U12*Z12 -> 22.45614 | AF12: =V12*AA12 -> 42.105263 | AG12: =W12*AB12 -> 0 | AH12: =X12*AC12 -> 0 | AI12: 312.125 | AJ12: =(AD12*1000)/$AI24 -> #DIV/0! | AK12: =(AE12*1000)/$AI24 -> #DIV/0! | AL12: =(AF12*1000)/$AI24 -> #DIV/0! | AM12: =(AG12*1000)/$AI24 -> #DIV/0! | AN12: =(AH12*1000)/$AI24 -> #DIV/0! | AO12: =AO11 -> 1550 | AP12: =AP11 -> 19160 | AQ12: =AQ11 -> 36239 | AR12: =AR11 -> 1560 | AS12: =AS11 -> 3640 | AT12: =AO12*(AD12*0.8) -> 0 | AU12: =AP12*(AE12*0.012) -> 5163.1158 | AV12: =AQ12*(AF12*0.044) -> 67137.516 | AW12: =AR12*AG12 -> 0 | AX12: =AS12*(AH12*0.025) -> 0 | AY12: =AT12+AU12+AV12+AW12+AX12 -> 72300.632 | AZ12: 1000 | BA12: =AY12/AI24 -> #DIV/0!
A13: =+A12 -> 46057 | B13: =DAY(Tabla2[[#This Row],[FECHA]]) -> 4 | C13: 3(TARDE) | I13: =((Tabla2[[#This Row],[VOLUMEN ENVIADO A RO (m3)]]/80)/3)*60 -> 19.96425 | J13: 0 | K13: 19 | L13: 38 | M13: 0 | N13: 0 | O13: =J13*(1000/114) -> 0 | P13: =K13*(1000/114) -> 166.66667 | Q13: =L13*(1000/114) -> 333.33333 | R13: =M13*(1000/114) -> 0 | S13: =N13*(1000/114) -> 0 | T13: =O13-O14 -> 0 | U13: =P13-P14 -> 17.54386 | V13: =Q13-Q14 -> 26.315789 | W13: =R13-R14 -> 0 | X13: =S13-S14 -> 0 | Y13: 1.18 | Z13: 1.28 | AA13: 1.2 | AB13: 1.53 | AC13: 1.2 | AD13: =T13*Y13 -> 0 | AE13: =U13*Z13 -> 22.45614 | AF13: =V13*AA13 -> 31.578947 | AG13: =W13*AB13 -> 0 | AH13: =X13*AC13 -> 0 | AI13: 79.857 | AJ13: =(AD13*1000)/$AI27 -> 0 | AK13: =(AE13*1000)/$AI27 -> 181.4359 | AL13: =(AF13*1000)/$AI27 -> 255.14424 | AM13: =(AG13*1000)/$AI27 -> 0 | AN13: =(AH13*1000)/$AI27 -> 0 | AO13: =AO12 -> 1550 | AP13: =AP12 -> 19160 | AQ13: =AQ12 -> 36239 | AR13: =AR12 -> 1560 | AS13: =AS12 -> 3640 | AT13: =AO13*(AD13*0.8) -> 0 | AU13: =AP13*(AE13*0.012) -> 5163.1158 | AV13: =AQ13*(AF13*0.044) -> 50353.137 | AW13: =AR13*AG13 -> 0 | AX13: =AS13*(AH13*0.025) -> 0 | AY13: =AT13+AU13+AV13+AW13+AX13 -> 55516.253 | AZ13: 1000 | BA13: =AY13/AI27 -> 448.54732
A14: =+A13+1 -> 46058 | B14: =DAY(Tabla2[[#This Row],[FECHA]]) -> 5 | C14: 1 (NOCHE) | I14: =((Tabla2[[#This Row],[VOLUMEN ENVIADO A RO (m3)]]/80)/3)*60 -> 62.3205 | J14: 0 | K14: 17 | L14: 35 | M14: 0 | N14: 0 | O14: =J14*(1000/114) -> 0 | P14: =K14*(1000/114) -> 149.12281 | Q14: =L14*(1000/114) -> 307.01754 | R14: =M14*(1000/114) -> 0 | S14: =N14*(1000/114) -> 0 | T14: =O14-O15 -> 0 | U14: =P14-P15+50 -> 14.912281 | V14: =Q14-Q15 -> 17.54386 | W14: =R14-R15 -> 0 | X14: =S14-S15 -> 0 | Y14: 1.18 | Z14: 1.28 | AA14: 1.2 | AB14: 1.53 | AC14: 1.2 | AD14: =T14*Y14 -> 0 | AE14: =U14*Z14 -> 19.087719 | AF14: =V14*AA14 -> 21.052632 | AG14: =W14*AB14 -> 0 | AH14: =X14*AC14 -> 0 | AI14: 249.282 | AJ14: =(AD14*1000)/$AI30 -> 0 | AK14: =(AE14*1000)/$AI30 -> 94.564349 | AL14: =(AF14*1000)/$AI30 -> 104.29891 | AM14: =(AG14*1000)/$AI30 -> 0 | AN14: =(AH14*1000)/$AI30 -> 0 | AO14: =AO13 -> 1550 | AP14: =AP13 -> 19160 | AQ14: =AQ13 -> 36239 | AR14: =AR13 -> 1560 | AS14: =AS13 -> 3640 | AT14: =AO14*(AD14*0.8) -> 0 | AU14: =AP14*(AE14*0.012) -> 4388.6484 | AV14: =AQ14*(AF14*0.044) -> 33568.758 | AW14: =AR14*AG14 -> 0 | AX14: =AS14*(AH14*0.025) -> 0 | AY14: =AT14+AU14+AV14+AW14+AX14 -> 37957.406 | AZ14: 1000 | BA14: =AY14/AI30 -> 188.04852
A15: =+A14 -> 46058 | B15: =DAY(Tabla2[[#This Row],[FECHA]]) -> 5 | C15: 2 (MAÑANA) | I15: =((Tabla2[[#This Row],[VOLUMEN ENVIADO A RO (m3)]]/80)/3)*60 -> 86.63525 | J15: 0 | K15: 21 | L15: 33 | M15: 0 | N15: 0 | O15: =J15*(1000/114) -> 0 | P15: =K15*(1000/114) -> 184.21053 | Q15: =L15*(1000/114) -> 289.47368 | R15: =M15*(1000/114) -> 0 | S15: =N15*(1000/114) -> 0 | T15: =O15-O16 -> 0 | U15: =P15-P16 -> 17.54386 | V15: =Q15-Q16 -> 35.087719 | W15: =R15-R16 -> 0 | X15: =S15-S16 -> 0 | Y15: 1.18 | Z15: 1.28 | AA15: 1.2 | AB15: 1.53 | AC15: 1.2 | AD15: =T15*Y15 -> 0 | AE15: =U15*Z15 -> 22.45614 | AF15: =V15*AA15 -> 42.105263 | AG15: =W15*AB15 -> 0 | AH15: =X15*AC15 -> 0 | AI15: 346.541 | AJ15: =(AD15*1000)/$AI33 -> 0 | AK15: =(AE15*1000)/$AI33 -> 110.40275 | AL15: =(AF15*1000)/$AI33 -> 207.00516 | AM15: =(AG15*1000)/$AI33 -> 0 | AN15: =(AH15*1000)/$AI33 -> 0 | AO15: =AO14 -> 1550 | AP15: =AP14 -> 19160 | AQ15: =AQ14 -> 36239 | AR15: =AR14 -> 1560 | AS15: =AS14 -> 3640 | AT15: =AO15*(AD15*0.8) -> 0 | AU15: =AP15*(AE15*0.012) -> 5163.1158 | AV15: =AQ15*(AF15*0.044) -> 67137.516 | AW15: =AR15*AG15 -> 0 | AX15: =AS15*(AH15*0.025) -> 0 | AY15: =AT15+AU15+AV15+AW15+AX15 -> 72300.632 | AZ15: 1000 | BA15: =AY15/AI33 -> 355.45684
A16: =+A15 -> 46058 | B16: =DAY(Tabla2[[#This Row],[FECHA]]) -> 5 | C16: 3(TARDE) | I16: =((Tabla2[[#This Row],[VOLUMEN ENVIADO A RO (m3)]]/80)/3)*60 -> 73.7965 | J16: 0 | K16: 19 | L16: 29 | M16: 0 | N16: 0 | O16: =J16*(1000/114) -> 0 | P16: =K16*(1000/114) -> 166.66667 | Q16: =L16*(1000/114) -> 254.38596 | R16: =M16*(1000/114) -> 0 | S16: =N16*(1000/114) -> 0 | T16: =O16-O17 -> 0 | U16: =P16-P17 -> 35.087719 | V16: =Q16-Q17 -> 35.087719 | W16: =R16-R17 -> 0 | X16: =S16-S17 -> 0 | Y16: 1.18 | Z16: 1.28 | AA16: 1.2 | AB16: 1.53 | AC16: 1.2 | AD16: =T16*Y16 -> 0 | AE16: =U16*Z16 -> 44.912281 | AF16: =V16*AA16 -> 42.105263 | AG16: =W16*AB16 -> 0 | AH16: =X16*AC16 -> 0 | AI16: 295.186 | AJ16: =(AD16*1000)/$AI36 -> 0 | AK16: =(AE16*1000)/$AI36 -> 181.89369 | AL16: =(AF16*1000)/$AI36 -> 170.52534 | AM16: =(AG16*1000)/$AI36 -> 0 | AN16: =(AH16*1000)/$AI36 -> 0 | AO16: =AO15 -> 1550 | AP16: =AP15 -> 19160 | AQ16: =AQ15 -> 36239 | AR16: =AR15 -> 1560 | AS16: =AS15 -> 3640 | AT16: =AO16*(AD16*0.8) -> 0 | AU16: =AP16*(AE16*0.012) -> 10326.232 | AV16: =AQ16*(AF16*0.044) -> 67137.516 | AW16: =AR16*AG16 -> 0 | AX16: =AS16*(AH16*0.025) -> 0 | AY16: =AT16+AU16+AV16+AW16+AX16 -> 77463.747 | AZ16: 1000 | BA16: =AY16/AI36 -> 313.72637
A17: =+A16+1 -> 46059 | B17: =DAY(Tabla2[[#This Row],[FECHA]]) -> 6 | C17: 1 (NOCHE) | I17: =((Tabla2[[#This Row],[VOLUMEN ENVIADO A RO (m3)]]/80)/3)*60 -> -0.0135 | J17: 0 | K17: 15 | L17: 25 | M17: 0 | N17: 0 | O17: =J17*(1000/114) -> 0 | P17: =K17*(1000/114) -> 131.57895 | Q17: =L17*(1000/114) -> 219.29825 | R17: =M17*(1000/114) -> 0 | S17: =N17*(1000/114) -> 0 | T17: =O17-O18 -> 0 | U17: =P17-P18 -> 17.54386 | V17: =Q17-Q18 -> 52.631579 | W17: =R17-R18 -> 0 | X17: =S17-S18 -> 0 | Y17: 1.18 | Z17: 1.28 | AA17: 1.2 | AB17: 1.53 | AC17: 1.2 | AD17: =T17*Y17 -> 0 | AE17: =U17*Z17 -> 22.45614 | AF17: =V17*AA17 -> 63.157895 | AG17: =W17*AB17 -> 0 | AH17: =X17*AC17 -> 0 | AI17: -0.054 | AJ17: =(AD17*1000)/$AI39 -> 0 | AK17: =(AE17*1000)/$AI39 -> 104.90827 | AL17: =(AF17*1000)/$AI39 -> 295.05452 | AM17: =(AG17*1000)/$AI39 -> 0 | AN17: =(AH17*1000)/$AI39 -> 0 | AO17: =AO16 -> 1550 | AP17: =AP16 -> 19160 | AQ17: =AQ16 -> 36239 | AR17: =AR16 -> 1560 | AS17: =AS16 -> 3640 | AT17: =AO17*(AD17*0.8) -> 0 | AU17: =AP17*(AE17*0.012) -> 5163.1158 | AV17: =AQ17*(AF17*0.044) -> 100706.27 | AW17: =AR17*AG17 -> 0 | AX17: =AS17*(AH17*0.025) -> 0 | AY17: =AT17+AU17+AV17+AW17+AX17 -> 105869.39 | AZ17: 1000 | BA17: =AY17/AI39 -> 494.58966
A18: =+A17 -> 46059 | B18: =DAY(Tabla2[[#This Row],[FECHA]]) -> 6 | C18: 2 (MAÑANA) | I18: =((Tabla2[[#This Row],[VOLUMEN ENVIADO A RO (m3)]]/80)/3)*60 -> 156.251 | J18: 0 | K18: 13 | L18: 19 | M18: 0 | N18: 0 | O18: =J18*(1000/114) -> 0 | P18: =K18*(1000/114) -> 114.03509 | Q18: =L18*(1000/114) -> 166.66667 | R18: =M18*(1000/114) -> 0 | S18: =N18*(1000/114) -> 0 | T18: =O18-O19 -> 0 | U18: =P18-P19 -> 52.631579 | V18: =Q18-Q19+30 -> 3.6842105 | W18: =R18-R19 -> 0 | X18: =S18-S19 -> 0 | Y18: 1.18 | Z18: 1.28 | AA18: 1.2 | AB18: 1.53 | AC18: 1.2 | AD18: =T18*Y18 -> 0 | AE18: =U18*Z18 -> 67.368421 | AF18: =V18*AA18 -> 4.4210526 | AG18: =W18*AB18 -> 0 | AH18: =X18*AC18 -> 0 | AI18: 625.004 | AJ18: =(AD18*1000)/$AI42 -> 0 | AK18: =(AE18*1000)/$AI42 -> 467.81676 | AL18: =(AF18*1000)/$AI42 -> 30.700475 | AM18: =(AG18*1000)/$AI42 -> 0 | AN18: =(AH18*1000)/$AI42 -> 0 | AO18: =AO17 -> 1550 | AP18: =AP17 -> 19160 | AQ18: =AQ17 -> 36239 | AR18: =AR17 -> 1560 | AS18: =AS17 -> 3640 | AT18: =AO18*(AD18*0.8) -> 0 | AU18: =AP18*(AE18*0.012) -> 15489.347 | AV18: =AQ18*(AF18*0.044) -> 7049.4392 | AW18: =AR18*AG18 -> 0 | AX18: =AS18*(AH18*0.025) -> 0 | AY18: =AT18+AU18+AV18+AW18+AX18 -> 22538.787 | AZ18: 1000 | BA18: =AY18/AI42 -> 156.51283
A19: =+A18 -> 46059 | B19: =DAY(Tabla2[[#This Row],[FECHA]]) -> 6 | C19: 3(TARDE) | I19: =((Tabla2[[#This Row],[VOLUMEN ENVIADO A RO (m3)]]/80)/3)*60 -> 78.7815 | J19: 0 | K19: 7 | L19: 22 | M19: 0 | N19: 0 | O19: =J19*(1000/114) -> 0 | P19: =K19*(1000/114) -> 61.403509 | Q19: =L19*(1000/114) -> 192.98246 | R19: =M19*(1000/114) -> 0 | S19: =N19*(1000/114) -> 0 | T19: =O19-O20 -> 0 | U19: =P19-P20 -> 0 | V19: =Q19-Q20 -> 0 | W19: =R19-R20 -> 0 | X19: =S19-S20 -> 0 | Y19: 1.18 | Z19: 1.28 | AA19: 1.2 | AB19: 1.53 | AC19: 1.2 | AD19: =T19*Y19 -> 0 | AE19: =U19*Z19 -> 0 | AF19: =V19*AA19 -> 0 | AG19: =W19*AB19 -> 0 | AH19: =X19*AC19 -> 0 | AI19: 315.126 | AJ19: =(AD19*1000)/$AI45 -> #DIV/0! | AK19: =(AE19*1000)/$AI45 -> #DIV/0! | AL19: =(AF19*1000)/$AI45 -> #DIV/0! | AM19: =(AG19*1000)/$AI45 -> #DIV/0! | AN19: =(AH19*1000)/$AI45 -> #DIV/0! | AO19: =AO18 -> 1550 | AP19: =AP18 -> 19160 | AQ19: =AQ18 -> 36239 | AR19: =AR18 -> 1560 | AS19: =AS18 -> 3640 | AT19: =AO19*(AD19*0.8) -> 0 | AU19: =AP19*(AE19*0.012) -> 0 | AV19: =AQ19*(AF19*0.044) -> 0 | AW19: =AR19*AG19 -> 0 | AX19: =AS19*(AH19*0.025) -> 0 | AY19: =AT19+AU19+AV19+AW19+AX19 -> 0 | AZ19: 1000 | BA19: =AY19/AI45 -> #DIV/0!
A20: =+A19+1 -> 46060 | B20: =DAY(Tabla2[[#This Row],[FECHA]]) -> 7 | C20: 1 (NOCHE) | I20: =((Tabla2[[#This Row],[VOLUMEN ENVIADO A RO (m3)]]/80)/3)*60 -> 0 | J20: 0 | K20: 7 | L20: 22 | M20: 0 | N20: 0 | O20: =J20*(1000/114) -> 0 | P20: =K20*(1000/114) -> 61.403509 | Q20: =L20*(1000/114) -> 192.98246 | R20: =M20*(1000/114) -> 0 | S20: =N20*(1000/114) -> 0 | T20: =O20-O21 -> 0 | U20: =P20-P21 -> 17.54386 | V20: =Q20-Q21 -> 8.7719298 | W20: =R20-R21 -> 0 | X20: =S20-S21 -> 0 | Y20: 1.18 | Z20: 1.28 | AA20: 1.2 | AB20: 1.53 | AC20: 1.2 | AD20: =T20*Y20 -> 0 | AE20: =U20*Z20 -> 22.45614 | AF20: =V20*AA20 -> 10.526316 | AG20: =W20*AB20 -> 0 | AH20: =X20*AC20 -> 0 | AI20: 0 | AJ20: =(AD20*1000)/$AI48 -> 0 | AK20: =(AE20*1000)/$AI48 -> 112.60952 | AL20: =(AF20*1000)/$AI48 -> 52.785713 | AM20: =(AG20*1000)/$AI48 -> 0 | AN20: =(AH20*1000)/$AI48 -> 0 | AO20: =AO19 -> 1550 | AP20: =AP19 -> 19160 | AQ20: =AQ19 -> 36239 | AR20: =AR19 -> 1560 | AS20: =AS19 -> 3640 | AT20: =AO20*(AD20*0.8) -> 0 | AU20: =AP20*(AE20*0.012) -> 5163.1158 | AV20: =AQ20*(AF20*0.044) -> 16784.379 | AW20: =AR20*AG20 -> 0 | AX20: =AS20*(AH20*0.025) -> 0 | AY20: =AT20+AU20+AV20+AW20+AX20 -> 21947.495 | AZ20: 1000 | BA20: =AY20/AI48 -> 110.05885
A21: =+A20 -> 46060 | B21: =DAY(Tabla2[[#This Row],[FECHA]]) -> 7 | C21: 2 (MAÑANA) | I21: =((Tabla2[[#This Row],[VOLUMEN ENVIADO A RO (m3)]]/80)/3)*60 -> 0 | J21: 0 | K21: 5 | L21: 21 | M21: 0 | N21: 0 | O21: =J21*(1000/114) -> 0 | P21: =K21*(1000/114) -> 43.859649 | Q21: =L21*(1000/114) -> 184.21053 | R21: =M21*(1000/114) -> 0 | S21: =N21*(1000/114) -> 0 | T21: =O21-O22 -> 0 | U21: =P21-P22 -> 0 | V21: =Q21-Q22 -> 0 | W21: =R21-R22 -> 0 | X21: =S21-S22 -> 0 | Y21: 1.18 | Z21: 1.28 | AA21: 1.2 | AB21: 1.53 | AC21: 1.2 | AD21: =T21*Y21 -> 0 | AE21: =U21*Z21 -> 0 | AF21: =V21*AA21 -> 0 | AG21: =W21*AB21 -> 0 | AH21: =X21*AC21 -> 0 | AI21: 0 | AJ21: =(AD21*1000)/$AI51 -> 0 | AK21: =(AE21*1000)/$AI51 -> 0 | AL21: =(AF21*1000)/$AI51 -> 0 | AM21: =(AG21*1000)/$AI51 -> 0 | AN21: =(AH21*1000)/$AI51 -> 0 | AO21: =AO20 -> 1550 | AP21: =AP20 -> 19160 | AQ21: =AQ20 -> 36239 | AR21: =AR20 -> 1560 | AS21: =AS20 -> 3640 | AT21: =AO21*(AD21*0.8) -> 0 | AU21: =AP21*(AE21*0.012) -> 0 | AV21: =AQ21*(AF21*0.044) -> 0 | AW21: =AR21*AG21 -> 0 | AX21: =AS21*(AH21*0.025) -> 0 | AY21: =AT21+AU21+AV21+AW21+AX21 -> 0 | AZ21: 1000 | BA21: =AY21/AI51 -> 0
A22: =+A21 -> 46060 | B22: =DAY(Tabla2[[#This Row],[FECHA]]) -> 7 | C22: 3(TARDE) | I22: =((Tabla2[[#This Row],[VOLUMEN ENVIADO A RO (m3)]]/80)/3)*60 -> 0 | J22: 0 | K22: 5 | L22: 21 | M22: 0 | N22: 0 | O22: =J22*(1000/114) -> 0 | P22: =K22*(1000/114) -> 43.859649 | Q22: =L22*(1000/114) -> 184.21053 | R22: =M22*(1000/114) -> 0 | S22: =N22*(1000/114) -> 0 | T22: =O22-O23 -> 0 | U22: =P22-P23 -> 0 | V22: =Q22-Q23+300 -> 300 | W22: =R22-R23 -> 0 | X22: =S22-S23 -> 0 | Y22: 1.18 | Z22: 1.28 | AA22: 1.2 | AB22: 1.53 | AC22: 1.2 | AD22: =T22*Y22 -> 0 | AE22: =U22*Z22 -> 0 | AF22: =V22*AA22 -> 360 | AG22: =W22*AB22 -> 0 | AH22: =X22*AC22 -> 0 | AI22: 0 | AJ22: =(AD22*1000)/$AI54 -> 0 | AK22: =(AE22*1000)/$AI54 -> 0 | AL22: =(AF22*1000)/$AI54 -> 1361.8567 | AM22: =(AG22*1000)/$AI54 -> 0 | AN22: =(AH22*1000)/$AI54 -> 0 | AO22: =AO21 -> 1550 | AP22: =AP21 -> 19160 | AQ22: =AQ21 -> 36239 | AR22: =AR21 -> 1560 | AS22: =AS21 -> 3640 | AT22: =AO22*(AD22*0.8) -> 0 | AU22: =AP22*(AE22*0.012) -> 0 | AV22: =AQ22*(AF22*0.044) -> 574025.76 | AW22: =AR22*AG22 -> 0 | AX22: =AS22*(AH22*0.025) -> 0 | AY22: =AT22+AU22+AV22+AW22+AX22 -> 574025.76 | AZ22: 1000 | BA22: =AY22/AI54 -> 2171.5022
A23: =+A22+1 -> 46061 | B23: =DAY(Tabla2[[#This Row],[FECHA]]) -> 8 | C23: 1 (NOCHE) | I23: =((Tabla2[[#This Row],[VOLUMEN ENVIADO A RO (m3)]]/80)/3)*60 -> 0 | J23: 0 | K23: 5 | L23: 21 | M23: 0 | N23: 0 | O23: =J23*(1000/114) -> 0 | P23: =K23*(1000/114) -> 43.859649 | Q23: =L23*(1000/114) -> 184.21053 | R23: =M23*(1000/114) -> 0 | S23: =N23*(1000/114) -> 0 | T23: =O23-O24 -> 0 | U23: =P23-P24 -> 0 | V23: =Q23-Q24 -> 0 | W23: =R23-R24 -> 0 | X23: =S23-S24 -> 0 | Y23: 1.18 | Z23: 1.28 | AA23: 1.2 | AB23: 1.53 | AC23: 1.2 | AD23: =T23*Y23 -> 0 | AE23: =U23*Z23 -> 0 | AF23: =V23*AA23 -> 0 | AG23: =W23*AB23 -> 0 | AH23: =X23*AC23 -> 0 | AI23: 0 | AJ23: =(AD23*1000)/$AI57 -> 0 | AK23: =(AE23*1000)/$AI57 -> 0 | AL23: =(AF23*1000)/$AI57 -> 0 | AM23: =(AG23*1000)/$AI57 -> 0 | AN23: =(AH23*1000)/$AI57 -> 0 | AO23: =AO22 -> 1550 | AP23: =AP22 -> 19160 | AQ23: =AQ22 -> 36239 | AR23: =AR22 -> 1560 | AS23: =AS22 -> 3640 | AT23: =AO23*(AD23*0.8) -> 0 | AU23: =AP23*(AE23*0.012) -> 0 | AV23: =AQ23*(AF23*0.044) -> 0 | AW23: =AR23*AG23 -> 0 | AX23: =AS23*(AH23*0.025) -> 0 | AY23: =AT23+AU23+AV23+AW23+AX23 -> 0 | AZ23: 1000 | BA23: =AY23/AI57 -> 0
A24: =+A23 -> 46061 | B24: =DAY(Tabla2[[#This Row],[FECHA]]) -> 8 | C24: 2 (MAÑANA) | I24: =((Tabla2[[#This Row],[VOLUMEN ENVIADO A RO (m3)]]/80)/3)*60 -> 0 | J24: 0 | K24: 5 | L24: 21 | M24: 0 | N24: 0 | O24: =J24*(1000/114) -> 0 | P24: =K24*(1000/114) -> 43.859649 | Q24: =L24*(1000/114) -> 184.21053 | R24: =M24*(1000/114) -> 0 | S24: =N24*(1000/114) -> 0 | T24: =O24-O25 -> 0 | U24: =P24-P25 -> 0 | V24: =Q24-Q25 -> 0 | W24: =R24-R25 -> 0 | X24: =S24-S25 -> 0 | Y24: 1.18 | Z24: 1.28 | AA24: 1.2 | AB24: 1.53 | AC24: 1.2 | AD24: =T24*Y24 -> 0 | AE24: =U24*Z24 -> 0 | AF24: =V24*AA24 -> 0 | AG24: =W24*AB24 -> 0 | AH24: =X24*AC24 -> 0 | AI24: 0 | AJ24: =(AD24*1000)/$AI60 -> #DIV/0! | AK24: =(AE24*1000)/$AI60 -> #DIV/0! | AL24: =(AF24*1000)/$AI60 -> #DIV/0! | AM24: =(AG24*1000)/$AI60 -> #DIV/0! | AN24: =(AH24*1000)/$AI60 -> #DIV/0! | AO24: =AO23 -> 1550 | AP24: =AP23 -> 19160 | AQ24: =AQ23 -> 36239 | AR24: =AR23 -> 1560 | AS24: =AS23 -> 3640 | AT24: =AO24*(AD24*0.8) -> 0 | AU24: =AP24*(AE24*0.012) -> 0 | AV24: =AQ24*(AF24*0.044) -> 0 | AW24: =AR24*AG24 -> 0 | AX24: =AS24*(AH24*0.025) -> 0 | AY24: =AT24+AU24+AV24+AW24+AX24 -> 0 | AZ24: 1000 | BA24: =AY24/AI60 -> #DIV/0!
A25: =+A24 -> 46061 | B25: =DAY(Tabla2[[#This Row],[FECHA]]) -> 8 | C25: 3(TARDE) | I25: =((Tabla2[[#This Row],[VOLUMEN ENVIADO A RO (m3)]]/80)/3)*60 -> 0 | J25: 0 | K25: 5 | L25: 21 | M25: 0 | N25: 0 | O25: =J25*(1000/114) -> 0 | P25: =K25*(1000/114) -> 43.859649 | Q25: =L25*(1000/114) -> 184.21053 | R25: =M25*(1000/114) -> 0 | S25: =N25*(1000/114) -> 0 | T25: =O25-O26 -> 0 | U25: =P25-P26 -> 0 | V25: =Q25-Q26 -> 0 | W25: =R25-R26 -> 0 | X25: =S25-S26 -> 0 | Y25: 1.18 | Z25: 1.28 | AA25: 1.2 | AB25: 1.53 | AC25: 1.2 | AD25: =T25*Y25 -> 0 | AE25: =U25*Z25 -> 0 | AF25: =V25*AA25 -> 0 | AG25: =W25*AB25 -> 0 | AH25: =X25*AC25 -> 0 | AI25: 0 | AJ25: =(AD25*1000)/$AI63 -> #DIV/0! | AK25: =(AE25*1000)/$AI63 -> #DIV/0! | AL25: =(AF25*1000)/$AI63 -> #DIV/0! | AM25: =(AG25*1000)/$AI63 -> #DIV/0! | AN25: =(AH25*1000)/$AI63 -> #DIV/0! | AO25: =AO24 -> 1550 | AP25: =AP24 -> 19160 | AQ25: =AQ24 -> 36239 | AR25: =AR24 -> 1560 | AS25: =AS24 -> 3640 | AT25: =AO25*(AD25*0.8) -> 0 | AU25: =AP25*(AE25*0.012) -> 0 | AV25: =AQ25*(AF25*0.044) -> 0 | AW25: =AR25*AG25 -> 0 | AX25: =AS25*(AH25*0.025) -> 0 | AY25: =AT25+AU25+AV25+AW25+AX25 -> 0 | AZ25: 1000 | BA25: =AY25/AI63 -> #DIV/0!
A26: =+A25+1 -> 46062 | B26: =DAY(Tabla2[[#This Row],[FECHA]]) -> 9 | C26: 1 (NOCHE) | I26: =((Tabla2[[#This Row],[VOLUMEN ENVIADO A RO (m3)]]/80)/3)*60 -> 5.9425 | J26: 0 | K26: 5 | L26: 21 | M26: 0 | N26: 0 | O26: =J26*(1000/114) -> 0 | P26: =K26*(1000/114) -> 43.859649 | Q26: =L26*(1000/114) -> 184.21053 | R26: =M26*(1000/114) -> 0 | S26: =N26*(1000/114) -> 0 | T26: =O26-O27 -> 0 | U26: =P26-P27+500+100 -> 12.280702 | V26: =Q26-Q27+400 -> 40.350877 | W26: =R26-R27 -> 0 | X26: =S26-S27 -> 0 | Y26: 1.18 | Z26: 1.28 | AA26: 1.2 | AB26: 1.53 | AC26: 1.2 | AD26: =T26*Y26 -> 0 | AE26: =U26*Z26 -> 15.719298 | AF26: =V26*AA26 -> 48.421053 | AG26: =W26*AB26 -> 0 | AH26: =X26*AC26 -> 0 | AI26: 23.77 | AJ26: =(AD26*1000)/#REF! -> #REF! | AK26: =(AE26*1000)/#REF! -> #REF! | AL26: =(AF26*1000)/#REF! -> #REF! | AM26: =(AG26*1000)/#REF! -> #REF! | AN26: =(AH26*1000)/#REF! -> #REF! | AO26: =AO25 -> 1550 | AP26: =AP25 -> 19160 | AQ26: =AQ25 -> 36239 | AR26: =AR25 -> 1560 | AS26: =AS25 -> 3640 | AT26: =AO26*(AD26*0.8) -> 0 | AU26: =AP26*(AE26*0.012) -> 3614.1811 | AV26: =AQ26*(AF26*0.044) -> 77208.143 | AW26: =AR26*AG26 -> 0 | AX26: =AS26*(AH26*0.025) -> 0 | AY26: =AT26+AU26+AV26+AW26+AX26 -> 80822.324 | AZ26: 1000 | BA26: =AY26/#REF! -> #REF!
A27: =+A26 -> 46062 | B27: =DAY(Tabla2[[#This Row],[FECHA]]) -> 9 | C27: 2 (MAÑANA) | I27: =((Tabla2[[#This Row],[VOLUMEN ENVIADO A RO (m3)]]/80)/3)*60 -> 30.94225 | J27: 0 | K27: 72 | L27: 62 | M27: 0 | N27: 0 | O27: =J27*(1000/114) -> 0 | P27: =K27*(1000/114) -> 631.57895 | Q27: =L27*(1000/114) -> 543.85965 | R27: =M27*(1000/114) -> 0 | S27: =N27*(1000/114) -> 0 | T27: =O27-O28 -> 0 | U27: =P27-P28 -> 17.54386 | V27: =Q27-Q28 -> 26.315789 | W27: =R27-R28 -> 0 | X27: =S27-S28 -> 0 | Y27: 1.18 | Z27: 1.28 | AA27: 1.2 | AB27: 1.53 | AC27: 1.2 | AD27: =T27*Y27 -> 0 | AE27: =U27*Z27 -> 22.45614 | AF27: =V27*AA27 -> 31.578947 | AG27: =W27*AB27 -> 0 | AH27: =X27*AC27 -> 0 | AI27: 123.769 | AJ27: =(AD27*1000)/#REF! -> #REF! | AK27: =(AE27*1000)/#REF! -> #REF! | AL27: =(AF27*1000)/#REF! -> #REF! | AM27: =(AG27*1000)/#REF! -> #REF! | AN27: =(AH27*1000)/#REF! -> #REF! | AO27: =AO26 -> 1550 | AP27: =AP26 -> 19160 | AQ27: =AQ26 -> 36239 | AR27: =AR26 -> 1560 | AS27: =AS26 -> 3640 | AT27: =AO27*(AD27*0.8) -> 0 | AU27: =AP27*(AE27*0.012) -> 5163.1158 | AV27: =AQ27*(AF27*0.044) -> 50353.137 | AW27: =AR27*AG27 -> 0 | AX27: =AS27*(AH27*0.025) -> 0 | AY27: =AT27+AU27+AV27+AW27+AX27 -> 55516.253 | AZ27: 1000 | BA27: =AY27/#REF! -> #REF!
A28: =+A27 -> 46062 | B28: =DAY(Tabla2[[#This Row],[FECHA]]) -> 9 | C28: 3(TARDE) | I28: =((Tabla2[[#This Row],[VOLUMEN ENVIADO A RO (m3)]]/80)/3)*60 -> 27.36525 | J28: 0 | K28: 70 | L28: 59 | M28: 0 | N28: 0 | O28: =J28*(1000/114) -> 0 | P28: =K28*(1000/114) -> 614.03509 | Q28: =L28*(1000/114) -> 517.54386 | R28: =M28*(1000/114) -> 0 | S28: =N28*(1000/114) -> 0 | T28: =O28-O29 -> 0 | U28: =P28-P29 -> 17.54386 | V28: =Q28-Q29 -> 17.54386 | W28: =R28-R29 -> 0 | X28: =S28-S29 -> 0 | Y28: 1.18 | Z28: 1.28 | AA28: 1.2 | AB28: 1.53 | AC28: 1.2 | AD28: =T28*Y28 -> 0 | AE28: =U28*Z28 -> 22.45614 | AF28: =V28*AA28 -> 21.052632 | AG28: =W28*AB28 -> 0 | AH28: =X28*AC28 -> 0 | AI28: 109.461 | AJ28: =(AD28*1000)/#REF! -> #REF! | AK28: =(AE28*1000)/#REF! -> #REF! | AL28: =(AF28*1000)/#REF! -> #REF! | AM28: =(AG28*1000)/#REF! -> #REF! | AN28: =(AH28*1000)/#REF! -> #REF! | AO28: =AO27 -> 1550 | AP28: =AP27 -> 19160 | AQ28: =AQ27 -> 36239 | AR28: =AR27 -> 1560 | AS28: =AS27 -> 3640 | AT28: =AO28*(AD28*0.8) -> 0 | AU28: =AP28*(AE28*0.012) -> 5163.1158 | AV28: =AQ28*(AF28*0.044) -> 33568.758 | AW28: =AR28*AG28 -> 0 | AX28: =AS28*(AH28*0.025) -> 0 | AY28: =AT28+AU28+AV28+AW28+AX28 -> 38731.874 | AZ28: 1000 | BA28: =AY28/#REF! -> #REF!
A29: =+A28+1 -> 46063 | B29: =DAY(Tabla2[[#This Row],[FECHA]]) -> 10 | C29: 1 (NOCHE) | I29: =((Tabla2[[#This Row],[VOLUMEN ENVIADO A RO (m3)]]/80)/3)*60 -> 59.13575 | J29: 0 | K29: 68 | L29: 57 | M29: 0 | N29: 0 | O29: =J29*(1000/114) -> 0 | P29: =K29*(1000/114) -> 596.49123 | Q29: =L29*(1000/114) -> 500 | R29: =M29*(1000/114) -> 0 | S29: =N29*(1000/114) -> 0 | T29: =O29-O30 -> 0 | U29: =P29-P30 -> 0 | V29: =Q29-Q30 -> 0 | W29: =R29-R30 -> 0 | X29: =S29-S30 -> 0 | Y29: 1.18 | Z29: 1.28 | AA29: 1.2 | AB29: 1.53 | AC29: 1.2 | AD29: =T29*Y29 -> 0 | AE29: =U29*Z29 -> 0 | AF29: =V29*AA29 -> 0 | AG29: =W29*AB29 -> 0 | AH29: =X29*AC29 -> 0 | AI29: 236.543 | AJ29: =(AD29*1000)/#REF! -> #REF! | AK29: =(AE29*1000)/#REF! -> #REF! | AL29: =(AF29*1000)/#REF! -> #REF! | AM29: =(AG29*1000)/#REF! -> #REF! | AN29: =(AH29*1000)/#REF! -> #REF! | AO29: =AO28 -> 1550 | AP29: =AP28 -> 19160 | AQ29: =AQ28 -> 36239 | AR29: =AR28 -> 1560 | AS29: =AS28 -> 3640 | AT29: =AO29*(AD29*0.8) -> 0 | AU29: =AP29*(AE29*0.012) -> 0 | AV29: =AQ29*(AF29*0.044) -> 0 | AW29: =AR29*AG29 -> 0 | AX29: =AS29*(AH29*0.025) -> 0 | AY29: =AT29+AU29+AV29+AW29+AX29 -> 0 | AZ29: 1000 | BA29: =AY29/#REF! -> #REF!
A30: =+A29 -> 46063 | B30: =DAY(Tabla2[[#This Row],[FECHA]]) -> 10 | C30: 2 (MAÑANA) | I30: =((Tabla2[[#This Row],[VOLUMEN ENVIADO A RO (m3)]]/80)/3)*60 -> 50.46225 | J30: 0 | K30: 68 | L30: 57 | M30: 0 | N30: 0 | O30: =J30*(1000/114) -> 0 | P30: =K30*(1000/114) -> 596.49123 | Q30: =L30*(1000/114) -> 500 | R30: =M30*(1000/114) -> 0 | S30: =N30*(1000/114) -> 0 | T30: =O30-O31 -> 0 | U30: =P30-P31 -> 26.315789 | V30: =Q30-Q31 -> 35.087719 | W30: =R30-R31 -> 0 | X30: =S30-S31 -> 0 | Y30: 1.18 | Z30: 1.28 | AA30: 1.2 | AB30: 1.53 | AC30: 1.2 | AD30: =T30*Y30 -> 0 | AE30: =U30*Z30 -> 33.684211 | AF30: =V30*AA30 -> 42.105263 | AG30: =W30*AB30 -> 0 | AH30: =X30*AC30 -> 0 | AI30: 201.849 | AJ30: =(AD30*1000)/#REF! -> #REF! | AK30: =(AE30*1000)/#REF! -> #REF! | AL30: =(AF30*1000)/#REF! -> #REF! | AM30: =(AG30*1000)/#REF! -> #REF! | AN30: =(AH30*1000)/#REF! -> #REF! | AO30: =AO29 -> 1550 | AP30: =AP29 -> 19160 | AQ30: =AQ29 -> 36239 | AR30: =AR29 -> 1560 | AS30: =AS29 -> 3640 | AT30: =AO30*(AD30*0.8) -> 0 | AU30: =AP30*(AE30*0.012) -> 7744.6737 | AV30: =AQ30*(AF30*0.044) -> 67137.516 | AW30: =AR30*AG30 -> 0 | AX30: =AS30*(AH30*0.025) -> 0 | AY30: =AT30+AU30+AV30+AW30+AX30 -> 74882.189 | AZ30: 1000 | BA30: =AY30/#REF! -> #REF!
A31: =+A30 -> 46063 | B31: =DAY(Tabla2[[#This Row],[FECHA]]) -> 10 | C31: 3(TARDE) | I31: =((Tabla2[[#This Row],[VOLUMEN ENVIADO A RO (m3)]]/80)/3)*60 -> 79.9505 | J31: 0 | K31: 65 | L31: 53 | M31: 0 | N31: 0 | O31: =J31*(1000/114) -> 0 | P31: =K31*(1000/114) -> 570.17544 | Q31: =L31*(1000/114) -> 464.91228 | R31: =M31*(1000/114) -> 0 | S31: =N31*(1000/114) -> 0 | T31: =O31-O32 -> 0 | U31: =P31-P32 -> 0 | V31: =Q31-Q32 -> 0 | W31: =R31-R32 -> 0 | X31: =S31-S32 -> 0 | Y31: 1.18 | Z31: 1.28 | AA31: 1.2 | AB31: 1.53 | AC31: 1.2 | AD31: =T31*Y31 -> 0 | AE31: =U31*Z31 -> 0 | AF31: =V31*AA31 -> 0 | AG31: =W31*AB31 -> 0 | AH31: =X31*AC31 -> 0 | AI31: 319.802 | AJ31: =(AD31*1000)/#REF! -> #REF! | AK31: =(AE31*1000)/#REF! -> #REF! | AL31: =(AF31*1000)/#REF! -> #REF! | AM31: =(AG31*1000)/#REF! -> #REF! | AN31: =(AH31*1000)/#REF! -> #REF! | AO31: =AO30 -> 1550 | AP31: =AP30 -> 19160 | AQ31: =AQ30 -> 36239 | AR31: =AR30 -> 1560 | AS31: =AS30 -> 3640 | AT31: =AO31*(AD31*0.8) -> 0 | AU31: =AP31*(AE31*0.012) -> 0 | AV31: =AQ31*(AF31*0.044) -> 0 | AW31: =AR31*AG31 -> 0 | AX31: =AS31*(AH31*0.025) -> 0 | AY31: =AT31+AU31+AV31+AW31+AX31 -> 0 | AZ31: 1000 | BA31: =AY31/#REF! -> #REF!
A32: =+A31+1 -> 46064 | B32: =DAY(Tabla2[[#This Row],[FECHA]]) -> 11 | C32: 1 (NOCHE) | I32: =((Tabla2[[#This Row],[VOLUMEN ENVIADO A RO (m3)]]/80)/3)*60 -> 33.0665 | J32: 0 | K32: 65 | L32: 53 | M32: 0 | N32: 0 | O32: =J32*(1000/114) -> 0 | P32: =K32*(1000/114) -> 570.17544 | Q32: =L32*(1000/114) -> 464.91228 | R32: =M32*(1000/114) -> 0 | S32: =N32*(1000/114) -> 0 | T32: =O32-O33 -> 0 | U32: =P32-P33 -> 26.315789 | V32: =Q32-Q33 -> 17.54386 | W32: =R32-R33 -> 0 | X32: =S32-S33 -> 0 | Y32: 1.18 | Z32: 1.28 | AA32: 1.2 | AB32: 1.53 | AC32: 1.2 | AD32: =T32*Y32 -> 0 | AE32: =U32*Z32 -> 33.684211 | AF32: =V32*AA32 -> 21.052632 | AG32: =W32*AB32 -> 0 | AH32: =X32*AC32 -> 0 | AI32: 132.266 | AJ32: =(AD32*1000)/#REF! -> #REF! | AK32: =(AE32*1000)/#REF! -> #REF! | AL32: =(AF32*1000)/#REF! -> #REF! | AM32: =(AG32*1000)/#REF! -> #REF! | AN32: =(AH32*1000)/#REF! -> #REF! | AO32: =AO31 -> 1550 | AP32: =AP31 -> 19160 | AQ32: =AQ31 -> 36239 | AR32: =AR31 -> 1560 | AS32: =AS31 -> 3640 | AT32: =AO32*(AD32*0.8) -> 0 | AU32: =AP32*(AE32*0.012) -> 7744.6737 | AV32: =AQ32*(AF32*0.044) -> 33568.758 | AW32: =AR32*AG32 -> 0 | AX32: =AS32*(AH32*0.025) -> 0 | AY32: =AT32+AU32+AV32+AW32+AX32 -> 41313.432 | AZ32: 1000 | BA32: =AY32/#REF! -> #REF!
A33: =+A32 -> 46064 | B33: =DAY(Tabla2[[#This Row],[FECHA]]) -> 11 | C33: 2 (MAÑANA) | I33: =((Tabla2[[#This Row],[VOLUMEN ENVIADO A RO (m3)]]/80)/3)*60 -> 50.8505 | J33: 0 | K33: 62 | L33: 51 | M33: 0 | N33: 0 | O33: =J33*(1000/114) -> 0 | P33: =K33*(1000/114) -> 543.85965 | Q33: =L33*(1000/114) -> 447.36842 | R33: =M33*(1000/114) -> 0 | S33: =N33*(1000/114) -> 0 | T33: =O33-O34 -> 0 | U33: =P33-P34 -> 26.315789 | V33: =Q33-Q34 -> 35.087719 | W33: =R33-R34 -> 0 | X33: =S33-S34 -> 0 | Y33: 1.18 | Z33: 1.28 | AA33: 1.2 | AB33: 1.53 | AC33: 1.2 | AD33: =T33*Y33 -> 0 | AE33: =U33*Z33 -> 33.684211 | AF33: =V33*AA33 -> 42.105263 | AG33: =W33*AB33 -> 0 | AH33: =X33*AC33 -> 0 | AI33: 203.402 | AJ33: =(AD33*1000)/#REF! -> #REF! | AK33: =(AE33*1000)/#REF! -> #REF! | AL33: =(AF33*1000)/#REF! -> #REF! | AM33: =(AG33*1000)/#REF! -> #REF! | AN33: =(AH33*1000)/#REF! -> #REF! | AO33: =AO32 -> 1550 | AP33: =AP32 -> 19160 | AQ33: =AQ32 -> 36239 | AR33: =AR32 -> 1560 | AS33: =AS32 -> 3640 | AT33: =AO33*(AD33*0.8) -> 0 | AU33: =AP33*(AE33*0.012) -> 7744.6737 | AV33: =AQ33*(AF33*0.044) -> 67137.516 | AW33: =AR33*AG33 -> 0 | AX33: =AS33*(AH33*0.025) -> 0 | AY33: =AT33+AU33+AV33+AW33+AX33 -> 74882.189 | AZ33: 1000 | BA33: =AY33/#REF! -> #REF!
A34: =+A33 -> 46064 | B34: =DAY(Tabla2[[#This Row],[FECHA]]) -> 11 | C34: 3(TARDE) | I34: =((Tabla2[[#This Row],[VOLUMEN ENVIADO A RO (m3)]]/80)/3)*60 -> 52.901 | J34: 0 | K34: 59 | L34: 47 | M34: 0 | N34: 0 | O34: =J34*(1000/114) -> 0 | P34: =K34*(1000/114) -> 517.54386 | Q34: =L34*(1000/114) -> 412.2807 | R34: =M34*(1000/114) -> 0 | S34: =N34*(1000/114) -> 0 | T34: =O34-O35 -> 0 | U34: =P34-P35 -> 70.175439 | V34: =Q34-Q35 -> 52.631579 | W34: =R34-R35 -> 0 | X34: =S34-S35 -> 0 | Y34: 1.18 | Z34: 1.28 | AA34: 1.2 | AB34: 1.53 | AC34: 1.2 | AD34: =T34*Y34 -> 0 | AE34: =U34*Z34 -> 89.824561 | AF34: =V34*AA34 -> 63.157895 | AG34: =W34*AB34 -> 0 | AH34: =X34*AC34 -> 0 | AI34: 211.604 | AJ34: =(AD34*1000)/#REF! -> #REF! | AK34: =(AE34*1000)/#REF! -> #REF! | AL34: =(AF34*1000)/#REF! -> #REF! | AM34: =(AG34*1000)/#REF! -> #REF! | AN34: =(AH34*1000)/#REF! -> #REF! | AO34: =AO33 -> 1550 | AP34: =AP33 -> 19160 | AQ34: =AQ33 -> 36239 | AR34: =AR33 -> 1560 | AS34: =AS33 -> 3640 | AT34: =AO34*(AD34*0.8) -> 0 | AU34: =AP34*(AE34*0.012) -> 20652.463 | AV34: =AQ34*(AF34*0.044) -> 100706.27 | AW34: =AR34*AG34 -> 0 | AX34: =AS34*(AH34*0.025) -> 0 | AY34: =AT34+AU34+AV34+AW34+AX34 -> 121358.74 | AZ34: 1000 | BA34: =AY34/#REF! -> #REF!
A35: =+A34+1 -> 46065 | B35: =DAY(Tabla2[[#This Row],[FECHA]]) -> 12 | C35: 1 (NOCHE) | I35: =((Tabla2[[#This Row],[VOLUMEN ENVIADO A RO (m3)]]/80)/3)*60 -> 82.42075 | J35: 0 | K35: 51 | L35: 41 | M35: 0 | N35: 0 | O35: =J35*(1000/114) -> 0 | P35: =K35*(1000/114) -> 447.36842 | Q35: =L35*(1000/114) -> 359.64912 | R35: =M35*(1000/114) -> 0 | S35: =N35*(1000/114) -> 0 | T35: =O35-O36 -> 0 | U35: =P35-P36 -> 0 | V35: =Q35-Q36 -> 0 | W35: =R35-R36 -> 0 | X35: =S35-S36 -> 0 | Y35: 1.18 | Z35: 1.28 | AA35: 1.2 | AB35: 1.53 | AC35: 1.2 | AD35: =T35*Y35 -> 0 | AE35: =U35*Z35 -> 0 | AF35: =V35*AA35 -> 0 | AG35: =W35*AB35 -> 0 | AH35: =X35*AC35 -> 0 | AI35: 329.683 | AJ35: =(AD35*1000)/#REF! -> #REF! | AK35: =(AE35*1000)/#REF! -> #REF! | AL35: =(AF35*1000)/#REF! -> #REF! | AM35: =(AG35*1000)/#REF! -> #REF! | AN35: =(AH35*1000)/#REF! -> #REF! | AO35: =AO34 -> 1550 | AP35: =AP34 -> 19160 | AQ35: =AQ34 -> 36239 | AR35: =AR34 -> 1560 | AS35: =AS34 -> 3640 | AT35: =AO35*(AD35*0.8) -> 0 | AU35: =AP35*(AE35*0.012) -> 0 | AV35: =AQ35*(AF35*0.044) -> 0 | AW35: =AR35*AG35 -> 0 | AX35: =AS35*(AH35*0.025) -> 0 | AY35: =AT35+AU35+AV35+AW35+AX35 -> 0 | AZ35: 1000 | BA35: =AY35/#REF! -> #REF!
A36: =+A35 -> 46065 | B36: =DAY(Tabla2[[#This Row],[FECHA]]) -> 12 | C36: 2 (MAÑANA) | I36: =((Tabla2[[#This Row],[VOLUMEN ENVIADO A RO (m3)]]/80)/3)*60 -> 61.72875 | J36: 0 | K36: 51 | L36: 41 | M36: 0 | N36: 0 | O36: =J36*(1000/114) -> 0 | P36: =K36*(1000/114) -> 447.36842 | Q36: =L36*(1000/114) -> 359.64912 | R36: =M36*(1000/114) -> 0 | S36: =N36*(1000/114) -> 0 | T36: =O36-O37 -> 0 | U36: =P36-P37 -> 8.7719298 | V36: =Q36-Q37 -> 17.54386 | W36: =R36-R37 -> 0 | X36: =S36-S37 -> 0 | Y36: 1.18 | Z36: 1.28 | AA36: 1.2 | AB36: 1.53 | AC36: 1.2 | AD36: =T36*Y36 -> 0 | AE36: =U36*Z36 -> 11.22807 | AF36: =V36*AA36 -> 21.052632 | AG36: =W36*AB36 -> 0 | AH36: =X36*AC36 -> 0 | AI36: 246.915 | AJ36: =(AD36*1000)/#REF! -> #REF! | AK36: =(AE36*1000)/#REF! -> #REF! | AL36: =(AF36*1000)/#REF! -> #REF! | AM36: =(AG36*1000)/#REF! -> #REF! | AN36: =(AH36*1000)/#REF! -> #REF! | AO36: =AO35 -> 1550 | AP36: =AP35 -> 19160 | AQ36: =AQ35 -> 36239 | AR36: =AR35 -> 1560 | AS36: =AS35 -> 3640 | AT36: =AO36*(AD36*0.8) -> 0 | AU36: =AP36*(AE36*0.012) -> 2581.5579 | AV36: =AQ36*(AF36*0.044) -> 33568.758 | AW36: =AR36*AG36 -> 0 | AX36: =AS36*(AH36*0.025) -> 0 | AY36: =AT36+AU36+AV36+AW36+AX36 -> 36150.316 | AZ36: 1000 | BA36: =AY36/#REF! -> #REF!
A37: =+A36 -> 46065 | B37: =DAY(Tabla2[[#This Row],[FECHA]]) -> 12 | C37: 3(TARDE) | E37: 0 | F37: 0 | I37: =((Tabla2[[#This Row],[VOLUMEN ENVIADO A RO (m3)]]/80)/3)*60 -> 70.68875 | J37: 0 | K37: 50 | L37: 39 | M37: 0 | N37: 0 | O37: =J37*(1000/114) -> 0 | P37: =K37*(1000/114) -> 438.59649 | Q37: =L37*(1000/114) -> 342.10526 | R37: =M37*(1000/114) -> 0 | S37: =N37*(1000/114) -> 0 | T37: =O37-O38 -> 0 | U37: =P37-P38+20 -> 81.403509 | V37: =Q37-Q38+30 -> 65.087719 | W37: =R37-R38 -> 0 | X37: =S37-S38 -> 0 | Y37: 1.18 | Z37: 1.28 | AA37: 1.2 | AB37: 1.53 | AC37: 1.2 | AD37: =T37*Y37 -> 0 | AE37: =U37*Z37 -> 104.19649 | AF37: =V37*AA37 -> 78.105263 | AG37: =W37*AB37 -> 0 | AH37: =X37*AC37 -> 0 | AI37: 282.755 | AJ37: =(AD37*1000)/#REF! -> #REF! | AK37: =(AE37*1000)/#REF! -> #REF! | AL37: =(AF37*1000)/#REF! -> #REF! | AM37: =(AG37*1000)/#REF! -> #REF! | AN37: =(AH37*1000)/#REF! -> #REF! | AO37: =AO36 -> 1550 | AP37: =AP36 -> 19160 | AQ37: =AQ36 -> 36239 | AR37: =AR36 -> 1560 | AS37: =AS36 -> 3640 | AT37: =AO37*(AD37*0.8) -> 0 | AU37: =AP37*(AE37*0.012) -> 23956.857 | AV37: =AQ37*(AF37*0.044) -> 124540.09 | AW37: =AR37*AG37 -> 0 | AX37: =AS37*(AH37*0.025) -> 0 | AY37: =AT37+AU37+AV37+AW37+AX37 -> 148496.95 | AZ37: 1000 | BA37: =AY37/#REF! -> #REF!
A38: =+A37+1 -> 46066 | B38: =DAY(Tabla2[[#This Row],[FECHA]]) -> 13 | C38: 1 (NOCHE) | I38: =((Tabla2[[#This Row],[VOLUMEN ENVIADO A RO (m3)]]/80)/3)*60 -> 66.7575 | J38: 0 | K38: 43 | L38: 35 | M38: 0 | N38: 0 | O38: =J38*(1000/114) -> 0 | P38: =K38*(1000/114) -> 377.19298 | Q38: =L38*(1000/114) -> 307.01754 | R38: =M38*(1000/114) -> 0 | S38: =N38*(1000/114) -> 0 | T38: =O38-O39 -> 0 | U38: =P38-P39 -> 0 | V38: =Q38-Q39 -> 0 | W38: =R38-R39 -> 0 | X38: =S38-S39 -> 0 | Y38: 1.18 | Z38: 1.28 | AA38: 1.2 | AB38: 1.53 | AC38: 1.2 | AD38: =T38*Y38 -> 0 | AE38: =U38*Z38 -> 0 | AF38: =V38*AA38 -> 0 | AG38: =W38*AB38 -> 0 | AH38: =X38*AC38 -> 0 | AI38: 267.03 | AJ38: =(AD38*1000)/#REF! -> #REF! | AK38: =(AE38*1000)/#REF! -> #REF! | AL38: =(AF38*1000)/#REF! -> #REF! | AM38: =(AG38*1000)/#REF! -> #REF! | AN38: =(AH38*1000)/#REF! -> #REF! | AO38: =AO37 -> 1550 | AP38: =AP37 -> 19160 | AQ38: =AQ37 -> 36239 | AR38: =AR37 -> 1560 | AS38: =AS37 -> 3640 | AT38: =AO38*(AD38*0.8) -> 0 | AU38: =AP38*(AE38*0.012) -> 0 | AV38: =AQ38*(AF38*0.044) -> 0 | AW38: =AR38*AG38 -> 0 | AX38: =AS38*(AH38*0.025) -> 0 | AY38: =AT38+AU38+AV38+AW38+AX38 -> 0 | AZ38: 1000 | BA38: =AY38/#REF! -> #REF!
A39: =+A38 -> 46066 | B39: =DAY(Tabla2[[#This Row],[FECHA]]) -> 13 | C39: 2 (MAÑANA) | I39: =((Tabla2[[#This Row],[VOLUMEN ENVIADO A RO (m3)]]/80)/3)*60 -> 53.51375 | J39: 0 | K39: 43 | L39: 35 | M39: 0 | N39: 0 | O39: =J39*(1000/114) -> 0 | P39: =K39*(1000/114) -> 377.19298 | Q39: =L39*(1000/114) -> 307.01754 | R39: =M39*(1000/114) -> 0 | S39: =N39*(1000/114) -> 0 | T39: =O39-O40 -> 0 | U39: =P39-P40 -> 0 | V39: =Q39-Q40 -> 0 | W39: =R39-R40 -> 0 | X39: =S39-S40 -> 0 | Y39: 1.18 | Z39: 1.28 | AA39: 1.2 | AB39: 1.53 | AC39: 1.2 | AD39: =T39*Y39 -> 0 | AE39: =U39*Z39 -> 0 | AF39: =V39*AA39 -> 0 | AG39: =W39*AB39 -> 0 | AH39: =X39*AC39 -> 0 | AI39: 214.055 | AJ39: =(AD39*1000)/#REF! -> #REF! | AK39: =(AE39*1000)/#REF! -> #REF! | AL39: =(AF39*1000)/#REF! -> #REF! | AM39: =(AG39*1000)/#REF! -> #REF! | AN39: =(AH39*1000)/#REF! -> #REF! | AO39: =AO38 -> 1550 | AP39: =AP38 -> 19160 | AQ39: =AQ38 -> 36239 | AR39: =AR38 -> 1560 | AS39: =AS38 -> 3640 | AT39: =AO39*(AD39*0.8) -> 0 | AU39: =AP39*(AE39*0.012) -> 0 | AV39: =AQ39*(AF39*0.044) -> 0 | AW39: =AR39*AG39 -> 0 | AX39: =AS39*(AH39*0.025) -> 0 | AY39: =AT39+AU39+AV39+AW39+AX39 -> 0 | AZ39: 1000 | BA39: =AY39/#REF! -> #REF!
A40: =+A39 -> 46066 | B40: =DAY(Tabla2[[#This Row],[FECHA]]) -> 13 | C40: 3(TARDE) | I40: =((Tabla2[[#This Row],[VOLUMEN ENVIADO A RO (m3)]]/80)/3)*60 -> 42.60225 | J40: 0 | K40: 43 | L40: 35 | M40: 0 | N40: 0 | O40: =J40*(1000/114) -> 0 | P40: =K40*(1000/114) -> 377.19298 | Q40: =L40*(1000/114) -> 307.01754 | R40: =M40*(1000/114) -> 0 | S40: =N40*(1000/114) -> 0 | T40: =O40-O41 -> 0 | U40: =P40-P41+500 -> 254.38596 | V40: =Q40-Q41 -> 52.631579 | W40: =R40-R41 -> 0 | X40: =S40-S41 -> 0 | Y40: 1.18 | Z40: 1.28 | AA40: 1.2 | AB40: 1.53 | AC40: 1.2 | AD40: =T40*Y40 -> 0 | AE40: =U40*Z40 -> 325.61404 | AF40: =V40*AA40 -> 63.157895 | AG40: =W40*AB40 -> 0 | AH40: =X40*AC40 -> 0 | AI40: 170.409 | AJ40: =(AD40*1000)/#REF! -> #REF! | AK40: =(AE40*1000)/#REF! -> #REF! | AL40: =(AF40*1000)/#REF! -> #REF! | AM40: =(AG40*1000)/#REF! -> #REF! | AN40: =(AH40*1000)/#REF! -> #REF! | AO40: =AO39 -> 1550 | AP40: =AP39 -> 19160 | AQ40: =AQ39 -> 36239 | AR40: =AR39 -> 1560 | AS40: =AS39 -> 3640 | AT40: =AO40*(AD40*0.8) -> 0 | AU40: =AP40*(AE40*0.012) -> 74865.179 | AV40: =AQ40*(AF40*0.044) -> 100706.27 | AW40: =AR40*AG40 -> 0 | AX40: =AS40*(AH40*0.025) -> 0 | AY40: =AT40+AU40+AV40+AW40+AX40 -> 175571.45 | AZ40: 1000 | BA40: =AY40/#REF! -> #REF!
A41: =+A40+1 -> 46067 | B41: =DAY(Tabla2[[#This Row],[FECHA]]) -> 14 | C41: 1 (NOCHE) | I41: =((Tabla2[[#This Row],[VOLUMEN ENVIADO A RO (m3)]]/80)/3)*60 -> 49.64425 | J41: 0 | K41: 71 | L41: 29 | M41: 0 | N41: 0 | O41: =J41*(1000/114) -> 0 | P41: =K41*(1000/114) -> 622.80702 | Q41: =L41*(1000/114) -> 254.38596 | R41: =M41*(1000/114) -> 0 | S41: =N41*(1000/114) -> 0 | T41: =O41-O42 -> 0 | U41: =P41-P42 -> 26.315789 | V41: =Q41-Q42 -> 35.087719 | W41: =R41-R42 -> 0 | X41: =S41-S42 -> 0 | Y41: 1.18 | Z41: 1.28 | AA41: 1.2 | AB41: 1.53 | AC41: 1.2 | AD41: =T41*Y41 -> 0 | AE41: =U41*Z41 -> 33.684211 | AF41: =V41*AA41 -> 42.105263 | AG41: =W41*AB41 -> 0 | AH41: =X41*AC41 -> 0 | AI41: 198.577 | AJ41: =(AD41*1000)/#REF! -> #REF! | AK41: =(AE41*1000)/#REF! -> #REF! | AL41: =(AF41*1000)/#REF! -> #REF! | AM41: =(AG41*1000)/#REF! -> #REF! | AN41: =(AH41*1000)/#REF! -> #REF! | AO41: =AO40 -> 1550 | AP41: =AP40 -> 19160 | AQ41: =AQ40 -> 36239 | AR41: =AR40 -> 1560 | AS41: =AS40 -> 3640 | AT41: =AO41*(AD41*0.8) -> 0 | AU41: =AP41*(AE41*0.012) -> 7744.6737 | AV41: =AQ41*(AF41*0.044) -> 67137.516 | AW41: =AR41*AG41 -> 0 | AX41: =AS41*(AH41*0.025) -> 0 | AY41: =AT41+AU41+AV41+AW41+AX41 -> 74882.189 | AZ41: 1000 | BA41: =AY41/#REF! -> #REF!
A42: =+A41 -> 46067 | B42: =DAY(Tabla2[[#This Row],[FECHA]]) -> 14 | C42: 2 (MAÑANA) | I42: =((Tabla2[[#This Row],[VOLUMEN ENVIADO A RO (m3)]]/80)/3)*60 -> 36.0015 | J42: 0 | K42: 68 | L42: 25 | M42: 0 | N42: 0 | O42: =J42*(1000/114) -> 0 | P42: =K42*(1000/114) -> 596.49123 | Q42: =L42*(1000/114) -> 219.29825 | R42: =M42*(1000/114) -> 0 | S42: =N42*(1000/114) -> 0 | T42: =O42-O43 -> 0 | U42: =P42-P43 -> 0 | V42: =Q42-Q43 -> 0 | W42: =R42-R43 -> 0 | X42: =S42-S43 -> 0 | Y42: 1.18 | Z42: 1.28 | AA42: 1.2 | AB42: 1.53 | AC42: 1.2 | AD42: =T42*Y42 -> 0 | AE42: =U42*Z42 -> 0 | AF42: =V42*AA42 -> 0 | AG42: =W42*AB42 -> 0 | AH42: =X42*AC42 -> 0 | AI42: 144.006 | AJ42: =(AD42*1000)/#REF! -> #REF! | AK42: =(AE42*1000)/#REF! -> #REF! | AL42: =(AF42*1000)/#REF! -> #REF! | AM42: =(AG42*1000)/#REF! -> #REF! | AN42: =(AH42*1000)/#REF! -> #REF! | AO42: =AO41 -> 1550 | AP42: =AP41 -> 19160 | AQ42: =AQ41 -> 36239 | AR42: =AR41 -> 1560 | AS42: =AS41 -> 3640 | AT42: =AO42*(AD42*0.8) -> 0 | AU42: =AP42*(AE42*0.012) -> 0 | AV42: =AQ42*(AF42*0.044) -> 0 | AW42: =AR42*AG42 -> 0 | AX42: =AS42*(AH42*0.025) -> 0 | AY42: =AT42+AU42+AV42+AW42+AX42 -> 0 | AZ42: 1000 | BA42: =AY42/#REF! -> #REF!
A43: =+A42 -> 46067 | B43: =DAY(Tabla2[[#This Row],[FECHA]]) -> 14 | C43: 3(TARDE) | I43: =((Tabla2[[#This Row],[VOLUMEN ENVIADO A RO (m3)]]/80)/3)*60 -> 32.313 | J43: 0 | K43: 68 | L43: 25 | M43: 0 | N43: 0 | O43: =J43*(1000/114) -> 0 | P43: =K43*(1000/114) -> 596.49123 | Q43: =L43*(1000/114) -> 219.29825 | R43: =M43*(1000/114) -> 0 | S43: =N43*(1000/114) -> 0 | T43: =O43-O44 -> 0 | U43: =P43-P44+10 -> 10 | V43: =Q43-Q44 -> 0 | W43: =R43-R44 -> 0 | X43: =S43-S44 -> 0 | Y43: 1.18 | Z43: 1.28 | AA43: 1.2 | AB43: 1.53 | AC43: 1.2 | AD43: =T43*Y43 -> 0 | AE43: =U43*Z43 -> 12.8 | AF43: =V43*AA43 -> 0 | AG43: =W43*AB43 -> 0 | AH43: =X43*AC43 -> 0 | AI43: 129.252 | AJ43: =(AD43*1000)/#REF! -> #REF! | AK43: =(AE43*1000)/#REF! -> #REF! | AL43: =(AF43*1000)/#REF! -> #REF! | AM43: =(AG43*1000)/#REF! -> #REF! | AN43: =(AH43*1000)/#REF! -> #REF! | AO43: =AO42 -> 1550 | AP43: =AP42 -> 19160 | AQ43: =AQ42 -> 36239 | AR43: =AR42 -> 1560 | AS43: =AS42 -> 3640 | AT43: =AO43*(AD43*0.8) -> 0 | AU43: =AP43*(AE43*0.012) -> 2942.976 | AV43: =AQ43*(AF43*0.044) -> 0 | AW43: =AR43*AG43 -> 0 | AX43: =AS43*(AH43*0.025) -> 0 | AY43: =AT43+AU43+AV43+AW43+AX43 -> 2942.976 | AZ43: 1000 | BA43: =AY43/#REF! -> #REF!
A44: =+A43+1 -> 46068 | B44: =DAY(Tabla2[[#This Row],[FECHA]]) -> 15 | C44: 1 (NOCHE) | I44: =((Tabla2[[#This Row],[VOLUMEN ENVIADO A RO (m3)]]/80)/3)*60 -> 0 | J44: 0 | K44: 68 | L44: 25 | M44: 0 | N44: 0 | O44: =J44*(1000/114) -> 0 | P44: =K44*(1000/114) -> 596.49123 | Q44: =L44*(1000/114) -> 219.29825 | R44: =M44*(1000/114) -> 0 | S44: =N44*(1000/114) -> 0 | T44: =O44-O45 -> 0 | U44: =P44-P45 -> 0 | V44: =Q44-Q45 -> 0 | W44: =R44-R45 -> 0 | X44: =S44-S45 -> 0 | Y44: 1.18 | Z44: 1.28 | AA44: 1.2 | AB44: 1.53 | AC44: 1.2 | AD44: =T44*Y44 -> 0 | AE44: =U44*Z44 -> 0 | AF44: =V44*AA44 -> 0 | AG44: =W44*AB44 -> 0 | AH44: =X44*AC44 -> 0 | AI44: 0 | AJ44: =(AD44*1000)/#REF! -> #REF! | AK44: =(AE44*1000)/#REF! -> #REF! | AL44: =(AF44*1000)/#REF! -> #REF! | AM44: =(AG44*1000)/#REF! -> #REF! | AN44: =(AH44*1000)/#REF! -> #REF! | AO44: =AO43 -> 1550 | AP44: =AP43 -> 19160 | AQ44: =AQ43 -> 36239 | AR44: =AR43 -> 1560 | AS44: =AS43 -> 3640 | AT44: =AO44*(AD44*0.8) -> 0 | AU44: =AP44*(AE44*0.012) -> 0 | AV44: =AQ44*(AF44*0.044) -> 0 | AW44: =AR44*AG44 -> 0 | AX44: =AS44*(AH44*0.025) -> 0 | AY44: =AT44+AU44+AV44+AW44+AX44 -> 0 | AZ44: 1000 | BA44: =AY44/#REF! -> #REF!
A45: =+A44 -> 46068 | B45: =DAY(Tabla2[[#This Row],[FECHA]]) -> 15 | C45: 2 (MAÑANA) | I45: =((Tabla2[[#This Row],[VOLUMEN ENVIADO A RO (m3)]]/80)/3)*60 -> 0 | J45: 0 | K45: 68 | L45: 25 | M45: 0 | N45: 0 | O45: =J45*(1000/114) -> 0 | P45: =K45*(1000/114) -> 596.49123 | Q45: =L45*(1000/114) -> 219.29825 | R45: =M45*(1000/114) -> 0 | S45: =N45*(1000/114) -> 0 | T45: =O45-O46 -> 0 | U45: =P45-P46 -> 0 | V45: =Q45-Q46 -> 0 | W45: =R45-R46 -> 0 | X45: =S45-S46 -> 0 | Y45: 1.18 | Z45: 1.28 | AA45: 1.2 | AB45: 1.53 | AC45: 1.2 | AD45: =T45*Y45 -> 0 | AE45: =U45*Z45 -> 0 | AF45: =V45*AA45 -> 0 | AG45: =W45*AB45 -> 0 | AH45: =X45*AC45 -> 0 | AI45: 0 | AJ45: =(AD45*1000)/#REF! -> #REF! | AK45: =(AE45*1000)/#REF! -> #REF! | AL45: =(AF45*1000)/#REF! -> #REF! | AM45: =(AG45*1000)/#REF! -> #REF! | AN45: =(AH45*1000)/#REF! -> #REF! | AO45: =AO44 -> 1550 | AP45: =AP44 -> 19160 | AQ45: =AQ44 -> 36239 | AR45: =AR44 -> 1560 | AS45: =AS44 -> 3640 | AT45: =AO45*(AD45*0.8) -> 0 | AU45: =AP45*(AE45*0.012) -> 0 | AV45: =AQ45*(AF45*0.044) -> 0 | AW45: =AR45*AG45 -> 0 | AX45: =AS45*(AH45*0.025) -> 0 | AY45: =AT45+AU45+AV45+AW45+AX45 -> 0 | AZ45: 1000 | BA45: =AY45/#REF! -> #REF!
A46: =+A45 -> 46068 | B46: =DAY(Tabla2[[#This Row],[FECHA]]) -> 15 | C46: 3(TARDE) | I46: =((Tabla2[[#This Row],[VOLUMEN ENVIADO A RO (m3)]]/80)/3)*60 -> 0 | J46: 0 | K46: 68 | L46: 25 | M46: 0 | N46: 0 | O46: =J46*(1000/114) -> 0 | P46: =K46*(1000/114) -> 596.49123 | Q46: =L46*(1000/114) -> 219.29825 | R46: =M46*(1000/114) -> 0 | S46: =N46*(1000/114) -> 0 | T46: =O46-O47 -> 0 | U46: =P46-P47 -> 166.66667 | V46: =Q46-Q47 -> 184.21053 | W46: =R46-R47 -> 0 | X46: =S46-S47 -> 0 | Y46: 1.18 | Z46: 1.28 | AA46: 1.2 | AB46: 1.53 | AC46: 1.2 | AD46: =T46*Y46 -> 0 | AE46: =U46*Z46 -> 213.33333 | AF46: =V46*AA46 -> 221.05263 | AG46: =W46*AB46 -> 0 | AH46: =X46*AC46 -> 0 | AI46: 0 | AJ46: =(AD46*1000)/#REF! -> #REF! | AK46: =(AE46*1000)/#REF! -> #REF! | AL46: =(AF46*1000)/#REF! -> #REF! | AM46: =(AG46*1000)/#REF! -> #REF! | AN46: =(AH46*1000)/#REF! -> #REF! | AO46: =AO45 -> 1550 | AP46: =AP45 -> 19160 | AQ46: =AQ45 -> 36239 | AR46: =AR45 -> 1560 | AS46: =AS45 -> 3640 | AT46: =AO46*(AD46*0.8) -> 0 | AU46: =AP46*(AE46*0.012) -> 49049.6 | AV46: =AQ46*(AF46*0.044) -> 352471.96 | AW46: =AR46*AG46 -> 0 | AX46: =AS46*(AH46*0.025) -> 0 | AY46: =AT46+AU46+AV46+AW46+AX46 -> 401521.56 | AZ46: 1000 | BA46: =AY46/#REF! -> #REF!
A47: =+A46+1 -> 46069 | B47: =DAY(Tabla2[[#This Row],[FECHA]]) -> 16 | C47: 1 (NOCHE) | I47: =((Tabla2[[#This Row],[VOLUMEN ENVIADO A RO (m3)]]/80)/3)*60 -> 37.47725 | J47: 0 | K47: 49 | L47: 4 | M47: 0 | N47: 0 | O47: =J47*(1000/114) -> 0 | P47: =K47*(1000/114) -> 429.82456 | Q47: =L47*(1000/114) -> 35.087719 | R47: =M47*(1000/114) -> 0 | S47: =N47*(1000/114) -> 0 | T47: =O47-O48 -> 0 | U47: =P47-P48 -> 0 | V47: =Q47-Q48 -> 0 | W47: =R47-R48 -> 0 | X47: =S47-S48 -> 0 | Y47: 1.18 | Z47: 1.28 | AA47: 1.2 | AB47: 1.53 | AC47: 1.2 | AD47: =T47*Y47 -> 0 | AE47: =U47*Z47 -> 0 | AF47: =V47*AA47 -> 0 | AG47: =W47*AB47 -> 0 | AH47: =X47*AC47 -> 0 | AI47: 149.909 | AJ47: =(AD47*1000)/#REF! -> #REF! | AK47: =(AE47*1000)/#REF! -> #REF! | AL47: =(AF47*1000)/#REF! -> #REF! | AM47: =(AG47*1000)/#REF! -> #REF! | AN47: =(AH47*1000)/#REF! -> #REF! | AO47: =AO46 -> 1550 | AP47: =AP46 -> 19160 | AQ47: =AQ46 -> 36239 | AR47: =AR46 -> 1560 | AS47: =AS46 -> 3640 | AT47: =AO47*(AD47*0.8) -> 0 | AU47: =AP47*(AE47*0.012) -> 0 | AV47: =AQ47*(AF47*0.044) -> 0 | AW47: =AR47*AG47 -> 0 | AX47: =AS47*(AH47*0.025) -> 0 | AY47: =AT47+AU47+AV47+AW47+AX47 -> 0 | AZ47: 1000 | BA47: =AY47/#REF! -> #REF!
A48: =+A47 -> 46069 | B48: =DAY(Tabla2[[#This Row],[FECHA]]) -> 16 | C48: 2 (MAÑANA) | I48: =((Tabla2[[#This Row],[VOLUMEN ENVIADO A RO (m3)]]/80)/3)*60 -> 49.854 | J48: 0 | K48: 49 | L48: 4 | M48: 0 | N48: 0 | O48: =J48*(1000/114) -> 0 | P48: =K48*(1000/114) -> 429.82456 | Q48: =L48*(1000/114) -> 35.087719 | R48: =M48*(1000/114) -> 0 | S48: =N48*(1000/114) -> 0 | T48: =O48-O49 -> 0 | U48: =P48-P49 -> 0 | V48: =Q48-Q49 -> 0 | W48: =R48-R49 -> 0 | X48: =S48-S49 -> 0 | Y48: 1.18 | Z48: 1.28 | AA48: 1.2 | AB48: 1.53 | AC48: 1.2 | AD48: =T48*Y48 -> 0 | AE48: =U48*Z48 -> 0 | AF48: =V48*AA48 -> 0 | AG48: =W48*AB48 -> 0 | AH48: =X48*AC48 -> 0 | AI48: 199.416 | AJ48: =(AD48*1000)/#REF! -> #REF! | AK48: =(AE48*1000)/#REF! -> #REF! | AL48: =(AF48*1000)/#REF! -> #REF! | AM48: =(AG48*1000)/#REF! -> #REF! | AN48: =(AH48*1000)/#REF! -> #REF! | AO48: =AO47 -> 1550 | AP48: =AP47 -> 19160 | AQ48: =AQ47 -> 36239 | AR48: =AR47 -> 1560 | AS48: =AS47 -> 3640 | AT48: =AO48*(AD48*0.8) -> 0 | AU48: =AP48*(AE48*0.012) -> 0 | AV48: =AQ48*(AF48*0.044) -> 0 | AW48: =AR48*AG48 -> 0 | AX48: =AS48*(AH48*0.025) -> 0 | AY48: =AT48+AU48+AV48+AW48+AX48 -> 0 | AZ48: 1000 | BA48: =AY48/#REF! -> #REF!
A49: =+A48 -> 46069 | B49: =DAY(Tabla2[[#This Row],[FECHA]]) -> 16 | C49: 3(TARDE) | I49: =((Tabla2[[#This Row],[VOLUMEN ENVIADO A RO (m3)]]/80)/3)*60 -> 97.4045 | J49: 0 | K49: 49 | L49: 4 | M49: 0 | N49: 0 | O49: =J49*(1000/114) -> 0 | P49: =K49*(1000/114) -> 429.82456 | Q49: =L49*(1000/114) -> 35.087719 | R49: =M49*(1000/114) -> 0 | S49: =N49*(1000/114) -> 0 | T49: =O49-O50 -> 0 | U49: =P49-P50 -> 26.315789 | V49: =Q49-Q50 -> 8.7719298 | W49: =R49-R50 -> 0 | X49: =S49-S50 -> 0 | Y49: 1.18 | Z49: 1.28 | AA49: 1.2 | AB49: 1.53 | AC49: 1.2 | AD49: =T49*Y49 -> 0 | AE49: =U49*Z49 -> 33.684211 | AF49: =V49*AA49 -> 10.526316 | AG49: =W49*AB49 -> 0 | AH49: =X49*AC49 -> 0 | AI49: 389.618 | AJ49: =(AD49*1000)/#REF! -> #REF! | AK49: =(AE49*1000)/#REF! -> #REF! | AL49: =(AF49*1000)/#REF! -> #REF! | AM49: =(AG49*1000)/#REF! -> #REF! | AN49: =(AH49*1000)/#REF! -> #REF! | AO49: =AO48 -> 1550 | AP49: =AP48 -> 19160 | AQ49: =AQ48 -> 36239 | AR49: =AR48 -> 1560 | AS49: =AS48 -> 3640 | AT49: =AO49*(AD49*0.8) -> 0 | AU49: =AP49*(AE49*0.012) -> 7744.6737 | AV49: =AQ49*(AF49*0.044) -> 16784.379 | AW49: =AR49*AG49 -> 0 | AX49: =AS49*(AH49*0.025) -> 0 | AY49: =AT49+AU49+AV49+AW49+AX49 -> 24529.053 | AZ49: 1000 | BA49: =AY49/#REF! -> #REF!
A50: =+A49+1 -> 46070 | B50: =DAY(Tabla2[[#This Row],[FECHA]]) -> 17 | C50: 1 (NOCHE) | I50: =((Tabla2[[#This Row],[VOLUMEN ENVIADO A RO (m3)]]/80)/3)*60 -> 42.0855 | J50: 0 | K50: 46 | L50: 3 | M50: 0 | N50: 0 | O50: =J50*(1000/114) -> 0 | P50: =K50*(1000/114) -> 403.50877 | Q50: =L50*(1000/114) -> 26.315789 | R50: =M50*(1000/114) -> 0 | S50: =N50*(1000/114) -> 0 | T50: =O50-O51 -> 0 | U50: =P50-P51+300 -> 10.526316 | V50: =Q50-Q51+1000 -> 166.66667 | W50: =R50-R51 -> 0 | X50: =S50-S51 -> 0 | Y50: 1.18 | Z50: 1.28 | AA50: 1.2 | AB50: 1.53 | AC50: 1.2 | AD50: =T50*Y50 -> 0 | AE50: =U50*Z50 -> 13.473684 | AF50: =V50*AA50 -> 200 | AG50: =W50*AB50 -> 0 | AH50: =X50*AC50 -> 0 | AI50: 168.342 | AJ50: =(AD50*1000)/#REF! -> #REF! | AK50: =(AE50*1000)/#REF! -> #REF! | AL50: =(AF50*1000)/#REF! -> #REF! | AM50: =(AG50*1000)/#REF! -> #REF! | AN50: =(AH50*1000)/#REF! -> #REF! | AO50: =AO49 -> 1550 | AP50: =AP49 -> 19160 | AQ50: =AQ49 -> 36239 | AR50: =AR49 -> 1560 | AS50: =AS49 -> 3640 | AT50: =AO50*(AD50*0.8) -> 0 | AU50: =AP50*(AE50*0.012) -> 3097.8695 | AV50: =AQ50*(AF50*0.044) -> 318903.2 | AW50: =AR50*AG50 -> 0 | AX50: =AS50*(AH50*0.025) -> 0 | AY50: =AT50+AU50+AV50+AW50+AX50 -> 322001.07 | AZ50: 1000 | BA50: =AY50/#REF! -> #REF!
A51: =+A50 -> 46070 | B51: =DAY(Tabla2[[#This Row],[FECHA]]) -> 17 | C51: 2 (MAÑANA) | I51: =((Tabla2[[#This Row],[VOLUMEN ENVIADO A RO (m3)]]/80)/3)*60 -> 54.25875 | J51: 0 | K51: 79 | L51: 98 | M51: 0 | N51: 0 | O51: =J51*(1000/114) -> 0 | P51: =K51*(1000/114) -> 692.98246 | Q51: =L51*(1000/114) -> 859.64912 | R51: =M51*(1000/114) -> 0 | S51: =N51*(1000/114) -> 0 | T51: =O51-O52 -> 0 | U51: =P51-P52 -> 0 | V51: =Q51-Q52 -> 0 | W51: =R51-R52 -> 0 | X51: =S51-S52 -> 0 | Y51: 1.18 | Z51: 1.28 | AA51: 1.2 | AB51: 1.53 | AC51: 1.2 | AD51: =T51*Y51 -> 0 | AE51: =U51*Z51 -> 0 | AF51: =V51*AA51 -> 0 | AG51: =W51*AB51 -> 0 | AH51: =X51*AC51 -> 0 | AI51: 217.035 | AJ51: =(AD51*1000)/#REF! -> #REF! | AK51: =(AE51*1000)/#REF! -> #REF! | AL51: =(AF51*1000)/#REF! -> #REF! | AM51: =(AG51*1000)/#REF! -> #REF! | AN51: =(AH51*1000)/#REF! -> #REF! | AO51: =AO50 -> 1550 | AP51: =AP50 -> 19160 | AQ51: =AQ50 -> 36239 | AR51: =AR50 -> 1560 | AS51: =AS50 -> 3640 | AT51: =AO51*(AD51*0.8) -> 0 | AU51: =AP51*(AE51*0.012) -> 0 | AV51: =AQ51*(AF51*0.044) -> 0 | AW51: =AR51*AG51 -> 0 | AX51: =AS51*(AH51*0.025) -> 0 | AY51: =AT51+AU51+AV51+AW51+AX51 -> 0 | AZ51: 1000 | BA51: =AY51/#REF! -> #REF!
A52: =+A51 -> 46070 | B52: =DAY(Tabla2[[#This Row],[FECHA]]) -> 17 | C52: 3(TARDE) | I52: =((Tabla2[[#This Row],[VOLUMEN ENVIADO A RO (m3)]]/80)/3)*60 -> 93.3495 | J52: 0 | K52: 79 | L52: 98 | M52: 0 | N52: 0 | O52: =J52*(1000/114) -> 0 | P52: =K52*(1000/114) -> 692.98246 | Q52: =L52*(1000/114) -> 859.64912 | R52: =M52*(1000/114) -> 0 | S52: =N52*(1000/114) -> 0 | T52: =O52-O53 -> 0 | U52: =P52-P53 -> 61.403509 | V52: =Q52-Q53 -> 17.54386 | W52: =R52-R53 -> 0 | X52: =S52-S53 -> 0 | Y52: 1.18 | Z52: 1.28 | AA52: 1.2 | AB52: 1.53 | AC52: 1.2 | AD52: =T52*Y52 -> 0 | AE52: =U52*Z52 -> 78.596491 | AF52: =V52*AA52 -> 21.052632 | AG52: =W52*AB52 -> 0 | AH52: =X52*AC52 -> 0 | AI52: 373.398 | AJ52: =(AD52*1000)/#REF! -> #REF! | AK52: =(AE52*1000)/#REF! -> #REF! | AL52: =(AF52*1000)/#REF! -> #REF! | AM52: =(AG52*1000)/#REF! -> #REF! | AN52: =(AH52*1000)/#REF! -> #REF! | AO52: =AO51 -> 1550 | AP52: =AP51 -> 19160 | AQ52: =AQ51 -> 36239 | AR52: =AR51 -> 1560 | AS52: =AS51 -> 3640 | AT52: =AO52*(AD52*0.8) -> 0 | AU52: =AP52*(AE52*0.012) -> 18070.905 | AV52: =AQ52*(AF52*0.044) -> 33568.758 | AW52: =AR52*AG52 -> 0 | AX52: =AS52*(AH52*0.025) -> 0 | AY52: =AT52+AU52+AV52+AW52+AX52 -> 51639.663 | AZ52: 1000 | BA52: =AY52/#REF! -> #REF!
A53: =+A52+1 -> 46071 | B53: =DAY(Tabla2[[#This Row],[FECHA]]) -> 18 | C53: 1 (NOCHE) | I53: =((Tabla2[[#This Row],[VOLUMEN ENVIADO A RO (m3)]]/80)/3)*60 -> 69 | J53: 0 | K53: 72 | L53: 96 | M53: 0 | N53: 0 | O53: =J53*(1000/114) -> 0 | P53: =K53*(1000/114) -> 631.57895 | Q53: =L53*(1000/114) -> 842.10526 | R53: =M53*(1000/114) -> 0 | S53: =N53*(1000/114) -> 0 | T53: =O53-O54 -> 0 | U53: =P53-P54 -> 105.26316 | V53: =Q53-Q54 -> 52.631579 | W53: =R53-R54 -> 0 | X53: =S53-S54 -> 0 | Y53: 1.18 | Z53: 1.28 | AA53: 1.2 | AB53: 1.53 | AC53: 1.2 | AD53: =T53*Y53 -> 0 | AE53: =U53*Z53 -> 134.73684 | AF53: =V53*AA53 -> 63.157895 | AG53: =W53*AB53 -> 0 | AH53: =X53*AC53 -> 0 | AI53: 276 | AJ53: =(AD53*1000)/#REF! -> #REF! | AK53: =(AE53*1000)/#REF! -> #REF! | AL53: =(AF53*1000)/#REF! -> #REF! | AM53: =(AG53*1000)/#REF! -> #REF! | AN53: =(AH53*1000)/#REF! -> #REF! | AO53: =AO52 -> 1550 | AP53: =AP52 -> 19160 | AQ53: =AQ52 -> 36239 | AR53: =AR52 -> 1560 | AS53: =AS52 -> 3640 | AT53: =AO53*(AD53*0.8) -> 0 | AU53: =AP53*(AE53*0.012) -> 30978.695 | AV53: =AQ53*(AF53*0.044) -> 100706.27 | AW53: =AR53*AG53 -> 0 | AX53: =AS53*(AH53*0.025) -> 0 | AY53: =AT53+AU53+AV53+AW53+AX53 -> 131684.97 | AZ53: 1000 | BA53: =AY53/#REF! -> #REF!
A54: =+A53 -> 46071 | B54: =DAY(Tabla2[[#This Row],[FECHA]]) -> 18 | C54: 2 (MAÑANA) | I54: =((Tabla2[[#This Row],[VOLUMEN ENVIADO A RO (m3)]]/80)/3)*60 -> 66.08625 | J54: 0 | K54: 60 | L54: 90 | M54: 0 | N54: 0 | O54: =J54*(1000/114) -> 0 | P54: =K54*(1000/114) -> 526.31579 | Q54: =L54*(1000/114) -> 789.47368 | R54: =M54*(1000/114) -> 0 | S54: =N54*(1000/114) -> 0 | T54: =O54-O55 -> 0 | U54: =P54-P55 -> 52.631579 | V54: =Q54-Q55 -> 78.947368 | W54: =R54-R55 -> 0 | X54: =S54-S55 -> 0 | Y54: 1.18 | Z54: 1.28 | AA54: 1.2 | AB54: 1.53 | AC54: 1.2 | AD54: =T54*Y54 -> 0 | AE54: =U54*Z54 -> 67.368421 | AF54: =V54*AA54 -> 94.736842 | AG54: =W54*AB54 -> 0 | AH54: =X54*AC54 -> 0 | AI54: 264.345 | AJ54: =(AD54*1000)/#REF! -> #REF! | AK54: =(AE54*1000)/#REF! -> #REF! | AL54: =(AF54*1000)/#REF! -> #REF! | AM54: =(AG54*1000)/#REF! -> #REF! | AN54: =(AH54*1000)/#REF! -> #REF! | AO54: =AO53 -> 1550 | AP54: =AP53 -> 19160 | AQ54: =AQ53 -> 36239 | AR54: =AR53 -> 1560 | AS54: =AS53 -> 3640 | AT54: =AO54*(AD54*0.8) -> 0 | AU54: =AP54*(AE54*0.012) -> 15489.347 | AV54: =AQ54*(AF54*0.044) -> 151059.41 | AW54: =AR54*AG54 -> 0 | AX54: =AS54*(AH54*0.025) -> 0 | AY54: =AT54+AU54+AV54+AW54+AX54 -> 166548.76 | AZ54: 1000 | BA54: =AY54/#REF! -> #REF!
