Workbook
Name SegmentaciónDeDatos_FECHA: #N/A
Name SegmentaciónDeDatos_FECHA1: #N/A
Name SegmentaciónDeDatos_FECHA2: #N/A

Sheet INVENTARIO Y CONSUMO GEM  
A1: FECHA | B1: DIA | C1: ANALISIS TURNO | D1: # TURNO | E1: DILIGENCIAR BITACORA | F1: FINAL ACIDO (L) | G1: FINAL COAGULANTE (L) | H1: FINAL DECOLORANTE (L) | I1: FINAL POL ANIONICO (KG) | J1: FINAL POL CATIONICO (KG) | K1: Lectura Horometro INICIAL (06:00) | L1: CAUDAL TOTAL TRATADO GEM | M1: CAUDAL DE TRATAMIENTO | N1: CONSUMO LITROS ACIDO (L) | O1: CONSUMO LITROS COAGULANTE (L) | P1: CONSUMO LITROS DECOLORANTE (L) | Q1: CONSUMO POL ANIONICO (KG) | R1: CONSUMO POL CATIONICO (KG) | S1: KG ACIDO | T1: KG COAGULANTE | U1: KG DECOLORANTE | V1: KG POL ANIONICO | W1: KG POL CATIONICO | X1: PPM ACIDO | Y1: PPM COAGULANTE | Z1: PPM DECOLORANTE | AA1: PPM POL ANIONICO | AB1: PPM POL CATIONICO | AC1: DENSIDAD ACIDO | AD1: DENSIDAD COAGULANTE | AE1: DENSIDAD DECOLORANTE | AF1: DENSIDAD ANIONICO | AG1: DENSIDAD CATIONICO | AH1: PRECIO (KG) ACIDO | AI1: PRECIO (KG) COAGULANTE | AJ1: PRECIO (KG) DECOLORANTE | AK1: PRECIO (KG) ANIONICO | AL1: PRECIO (KG) CATIONICO | AM1: COSTO OPERATIVO ACIDO | AN1: COSTO OPERATIVO COAGULANTE | AO1: COSTO OPERATIVO DECOLORANTE | AP1: COSTO OPERATIVO ANIONICO | AQ1: COSTO OPERATIVO CATIONICO | AR1: COSTO QUIMICA | AS1: LIMITE INDICADOR M3 | AT1: $ m3
A2: 46082 | B2: =DAY(Tabla1[[#This Row],[FECHA]]) -> 1 | C2: 1 (NOCHE) | D2: 1 | E2: FINAL TURNO 3 | F2: 480 | G2: 1700 | H2: 2090 | I2: 125 | J2: 175 | K2: 17228 | L2: =+(K3-Tabla1[[#This Row],[Lectura Horometro INICIAL (06:00)]])*Tabla1[[#This Row],[CAUDAL DE TRATAMIENTO]] -> 0 | M2: 80 | N2: =F2-F3 -> 0 | O2: =G2-G3 -> 0 | P2: =H2-H3 -> 0 | Q2: =I2-I3 -> 0 | R2: 0 | S2: =(N2*$AC$2) -> 0 | T2: =(O2*$AD$2) -> 0 | U2: =(P2*$AE$2) -> 0 | V2: =Tabla1[[#This Row],[CONSUMO POL ANIONICO (KG)]] -> 0 | W2: =Tabla1[[#This Row],[CONSUMO POL CATIONICO (KG)]] -> 0 | X2: =(S2*1000)/L2 -> #DIV/0! | Y2: =(T2*1000)/L2 -> #DIV/0! | Z2: =(U2*1000)/L2 -> #DIV/0! | AA2: =(V2*1000)/L2 -> #DIV/0! | AB2: =(W2*1000)/L2 -> #DIV/0! | AC2: 1.3 | AD2: 1.325 | AE2: 1.25 | AF2: 2500 | AG2: 2500 | AH2: 830 | AI2: 2818 | AJ2: 6295 | AK2: 19050 | AL2: 22050 | AM2: =S2*AH2 -> 0 | AN2: =T2*AI2 -> 0 | AO2: =U2*AJ2 -> 0 | AP2: =V2*AK2 -> 0 | AQ2: =W2*AL2 -> 0 | AR2: =SUM(Tabla1[[#This Row],[COSTO OPERATIVO ACIDO]:[COSTO OPERATIVO CATIONICO]]) -> 0 | AS2: 3599 | AT2: =AR2/L2 -> #DIV/0!
A3: =A2 -> 46082 | B3: =DAY(Tabla1[[#This Row],[FECHA]]) -> 1 | C3: 2 (MAÑANA) | D3: 2 | E3: FINAL TURNO 1 | F3: 480 | G3: 1700 | H3: 2090 | I3: 125 | J3: 175 | K3: 17228 | L3: =+(K4-Tabla1[[#This Row],[Lectura Horometro INICIAL (06:00)]])*Tabla1[[#This Row],[CAUDAL DE TRATAMIENTO]] -> 0 | M3: 80 | N3: =F3-F4 -> 0 | O3: =G3-G4 -> 0 | P3: =H3-H4 -> 0 | Q3: =I3-I4 -> 0 | R3: 0 | S3: =(N3*$AC$2) -> 0 | T3: =(O3*$AD$2) -> 0 | U3: =(P3*$AE$2) -> 0 | V3: =Tabla1[[#This Row],[CONSUMO POL ANIONICO (KG)]] -> 0 | W3: =Tabla1[[#This Row],[CONSUMO POL CATIONICO (KG)]] -> 0 | X3: =(S3*1000)/L3 -> #DIV/0! | Y3: =(T3*1000)/L3 -> #DIV/0! | Z3: =(U3*1000)/L3 -> #DIV/0! | AA3: =(V3*1000)/L3 -> #DIV/0! | AB3: =(W3*1000)/L3 -> #DIV/0! | AC3: 1.3 | AD3: 1.325 | AE3: 1.25 | AF3: 2500 | AG3: 2500 | AH3: 830 | AI3: 2818 | AJ3: 6295 | AK3: 19050 | AL3: 22050 | AM3: =S3*AH3 -> 0 | AN3: =T3*AI3 -> 0 | AO3: =U3*AJ3 -> 0 | AP3: =V3*AK3 -> 0 | AQ3: =W3*AL3 -> 0 | AR3: =SUM(Tabla1[[#This Row],[COSTO OPERATIVO ACIDO]:[COSTO OPERATIVO CATIONICO]]) -> 0 | AS3: 3599 | AT3: =AR3/L3 -> #DIV/0!
A4: =A3 -> 46082 | B4: =DAY(Tabla1[[#This Row],[FECHA]]) -> 1 | C4: 3(TARDE) | D4: 3 | E4: FINAL TURNO 2 | F4: 480 | G4: 1700 | H4: 2090 | I4: 125 | J4: 175 | K4: 17228 | L4: =+(K5-Tabla1[[#This Row],[Lectura Horometro INICIAL (06:00)]])*Tabla1[[#This Row],[CAUDAL DE TRATAMIENTO]] -> 240 | M4: 80 | N4: =F4-F5 -> 0 | O4: =G4-G5 -> 0 | P4: =H4-H5 -> 0 | Q4: =I4-I5 -> 0 | R4: 0 | S4: =(N4*$AC$2) -> 0 | T4: =(O4*$AD$2) -> 0 | U4: =(P4*$AE$2) -> 0 | V4: =Tabla1[[#This Row],[CONSUMO POL ANIONICO (KG)]] -> 0 | W4: =Tabla1[[#This Row],[CONSUMO POL CATIONICO (KG)]] -> 0 | X4: =(S4*1000)/L4 -> 0 | Y4: =(T4*1000)/L4 -> 0 | Z4: =(U4*1000)/L4 -> 0 | AA4: =(V4*1000)/L4 -> 0 | AB4: =(W4*1000)/L4 -> 0 | AC4: 1.3 | AD4: 1.325 | AE4: 1.25 | AF4: 2500 | AG4: 2500 | AH4: 830 | AI4: 2818 | AJ4: 6295 | AK4: 19050 | AL4: 22050 | AM4: =S4*AH4 -> 0 | AN4: =T4*AI4 -> 0 | AO4: =U4*AJ4 -> 0 | AP4: =V4*AK4 -> 0 | AQ4: =W4*AL4 -> 0 | AR4: =SUM(Tabla1[[#This Row],[COSTO OPERATIVO ACIDO]:[COSTO OPERATIVO CATIONICO]]) -> 0 | AS4: 3599 | AT4: =AR4/L4 -> 0
A5: 46083 | B5: =DAY(Tabla1[[#This Row],[FECHA]]) -> 2 | C5: 2 (NOCHE) | D5: 4 | E5: FINAL TURNO 3 | F5: 480 | G5: 1700 | H5: 2090 | I5: 125 | J5: 165 | K5: 17231 | L5: =+(K6-Tabla1[[#This Row],[Lectura Horometro INICIAL (06:00)]])*Tabla1[[#This Row],[CAUDAL DE TRATAMIENTO]] -> 480 | M5: 80 | N5: =F5-F6 -> 480 | O5: =G5-G6+2000 -> 50 | P5: =H5-H6 -> 290 | Q5: =I5-I6 -> 5 | R5: =J5-J6 -> 5 | S5: =(N5*$AC$2) -> 624 | T5: =(O5*$AD$2) -> 66.25 | U5: =(P5*$AE$2) -> 362.5 | V5: =Tabla1[[#This Row],[CONSUMO POL ANIONICO (KG)]] -> 5 | W5: =Tabla1[[#This Row],[CONSUMO POL CATIONICO (KG)]] -> 5 | X5: =(S5*1000)/L5 -> 1300 | Y5: =(T5*1000)/L5 -> 138.02083 | Z5: =(U5*1000)/L5 -> 755.20833 | AA5: =(V5*1000)/L5 -> 10.416667 | AB5: =(W5*1000)/L5 -> 10.416667 | AC5: 1.3 | AD5: 1.325 | AE5: 1.25 | AF5: 2500 | AG5: 2500 | AH5: 830 | AI5: 2818 | AJ5: 6295 | AK5: 19050 | AL5: 22050 | AM5: =S5*AH5 -> 517920 | AN5: =T5*AI5 -> 186692.5 | AO5: =U5*AJ5 -> 2281937.5 | AP5: =V5*AK5 -> 95250 | AQ5: =W5*AL5 -> 110250 | AR5: =SUM(Tabla1[[#This Row],[COSTO OPERATIVO ACIDO]:[COSTO OPERATIVO CATIONICO]]) -> 3192050 | AS5: 3599 | AT5: =AR5/L5 -> 6650.1042
A6: =A5 -> 46083 | B6: =DAY(Tabla1[[#This Row],[FECHA]]) -> 2 | C6: 3 (MAÑANA) | D6: 5 | E6: FINAL TURNO 1 | F6: 0 | G6: 3650 | H6: 1800 | I6: 120 | J6: 160 | K6: 17237 | L6: =+(K7-Tabla1[[#This Row],[Lectura Horometro INICIAL (06:00)]])*Tabla1[[#This Row],[CAUDAL DE TRATAMIENTO]] -> 560 | M6: 80 | N6: =F6-F7 -> 0 | O6: =G6-G7 -> 210 | P6: =H6-H7 -> 90 | Q6: =I6-I7 -> 5 | R6: =J6-J7 -> 5 | S6: =(N6*$AC$2) -> 0 | T6: =(O6*$AD$2) -> 278.25 | U6: =(P6*$AE$2) -> 112.5 | V6: =Tabla1[[#This Row],[CONSUMO POL ANIONICO (KG)]] -> 5 | W6: =Tabla1[[#This Row],[CONSUMO POL CATIONICO (KG)]] -> 5 | X6: =(S6*1000)/L6 -> 0 | Y6: =(T6*1000)/L6 -> 496.875 | Z6: =(U6*1000)/L6 -> 200.89286 | AA6: =(V6*1000)/L6 -> 8.9285714 | AB6: =(W6*1000)/L6 -> 8.9285714 | AC6: 1.3 | AD6: 1.325 | AE6: 1.25 | AF6: 2500 | AG6: 2500 | AH6: 830 | AI6: 2818 | AJ6: 6295 | AK6: 19050 | AL6: 22050 | AM6: =S6*AH6 -> 0 | AN6: =T6*AI6 -> 784108.5 | AO6: =U6*AJ6 -> 708187.5 | AP6: =V6*AK6 -> 95250 | AQ6: =W6*AL6 -> 110250 | AR6: =SUM(Tabla1[[#This Row],[COSTO OPERATIVO ACIDO]:[COSTO OPERATIVO CATIONICO]]) -> 1697796 | AS6: 3599 | AT6: =AR6/L6 -> 3031.7786
A7: =A6 -> 46083 | B7: =DAY(Tabla1[[#This Row],[FECHA]]) -> 2 | C7: 3(TARDE) | D7: 6 | E7: FINAL TURNO 2 | F7: 0 | G7: 3440 | H7: 1710 | I7: 115 | J7: 155 | K7: 17244 | L7: =+(K8-Tabla1[[#This Row],[Lectura Horometro INICIAL (06:00)]])*Tabla1[[#This Row],[CAUDAL DE TRATAMIENTO]] -> 560 | M7: 80 | N7: =F7-F8 -> 0 | O7: =G7-G8 -> 190 | P7: =H7-H8 -> 60 | Q7: =I7-I8 -> 0 | R7: =J7-J8 -> 5 | S7: =(N7*$AC$2) -> 0 | T7: =(O7*$AD$2) -> 251.75 | U7: =(P7*$AE$2) -> 75 | V7: =Tabla1[[#This Row],[CONSUMO POL ANIONICO (KG)]] -> 0 | W7: =Tabla1[[#This Row],[CONSUMO POL CATIONICO (KG)]] -> 5 | X7: =(S7*1000)/L7 -> 0 | Y7: =(T7*1000)/L7 -> 449.55357 | Z7: =(U7*1000)/L7 -> 133.92857 | AA7: =(V7*1000)/L7 -> 0 | AB7: =(W7*1000)/L7 -> 8.9285714 | AC7: 1.3 | AD7: 1.325 | AE7: 1.25 | AF7: 2500 | AG7: 2500 | AH7: 830 | AI7: 2818 | AJ7: 6295 | AK7: 19050 | AL7: 22050 | AM7: =S7*AH7 -> 0 | AN7: =T7*AI7 -> 709431.5 | AO7: =U7*AJ7 -> 472125 | AP7: =V7*AK7 -> 0 | AQ7: =W7*AL7 -> 110250 | AR7: =SUM(Tabla1[[#This Row],[COSTO OPERATIVO ACIDO]:[COSTO OPERATIVO CATIONICO]]) -> 1291806.5 | AS7: 3599 | AT7: =AR7/L7 -> 2306.7973
A8: 46084 | B8: =DAY(Tabla1[[#This Row],[FECHA]]) -> 3 | C8: 3 (NOCHE) | D8: 7 | E8: FINAL TURNO 3 | F8: 0 | G8: 3250 | H8: 1650 | I8: 115 | J8: 150 | K8: 17251 | L8: =+(K9-Tabla1[[#This Row],[Lectura Horometro INICIAL (06:00)]])*Tabla1[[#This Row],[CAUDAL DE TRATAMIENTO]] -> 400 | M8: 80 | N8: =F8-F9 -> 0 | O8: =G8-G9-150 -> 100 | P8: =H8-H9 -> 40 | Q8: =I8-I9 -> 5 | R8: =J8-J9 -> 5 | S8: =(N8*$AC$2) -> 0 | T8: =(O8*$AD$2) -> 132.5 | U8: =(P8*$AE$2) -> 50 | V8: =Tabla1[[#This Row],[CONSUMO POL ANIONICO (KG)]] -> 5 | W8: =Tabla1[[#This Row],[CONSUMO POL CATIONICO (KG)]] -> 5 | X8: =(S8*1000)/L8 -> 0 | Y8: =(T8*1000)/L8 -> 331.25 | Z8: =(U8*1000)/L8 -> 125 | AA8: =(V8*1000)/L8 -> 12.5 | AB8: =(W8*1000)/L8 -> 12.5 | AC8: 1.3 | AD8: 1.325 | AE8: 1.25 | AF8: 2500 | AG8: 2500 | AH8: 830 | AI8: 2818 | AJ8: 6295 | AK8: 19050 | AL8: 22050 | AM8: =S8*AH8 -> 0 | AN8: =T8*AI8 -> 373385 | AO8: =U8*AJ8 -> 314750 | AP8: =V8*AK8 -> 95250 | AQ8: =W8*AL8 -> 110250 | AR8: =SUM(Tabla1[[#This Row],[COSTO OPERATIVO ACIDO]:[COSTO OPERATIVO CATIONICO]]) -> 893635 | AS8: 3599 | AT8: =AR8/L8 -> 2234.0875
A9: =A8 -> 46084 | B9: =DAY(Tabla1[[#This Row],[FECHA]]) -> 3 | C9: 4 (MAÑANA) | D9: 8 | E9: FINAL TURNO 1 | F9: 0 | G9: 3000 | H9: 1610 | I9: 110 | J9: 145 | K9: 17256 | L9: =+(K10-Tabla1[[#This Row],[Lectura Horometro INICIAL (06:00)]])*Tabla1[[#This Row],[CAUDAL DE TRATAMIENTO]] -> 400 | M9: 80 | N9: =F9-F10 -> 0 | O9: =G9-G10 -> 150 | P9: =H9-H10 -> 60 | Q9: =I9-I10 -> 0 | R9: =J9-J10 -> 5 | S9: =(N9*$AC$2) -> 0 | T9: =(O9*$AD$2) -> 198.75 | U9: =(P9*$AE$2) -> 75 | V9: =Tabla1[[#This Row],[CONSUMO POL ANIONICO (KG)]] -> 0 | W9: =Tabla1[[#This Row],[CONSUMO POL CATIONICO (KG)]] -> 5 | X9: =(S9*1000)/L9 -> 0 | Y9: =(T9*1000)/L9 -> 496.875 | Z9: =(U9*1000)/L9 -> 187.5 | AA9: =(V9*1000)/L9 -> 0 | AB9: =(W9*1000)/L9 -> 12.5 | AC9: 1.3 | AD9: 1.325 | AE9: 1.25 | AF9: 2500 | AG9: 2500 | AH9: 830 | AI9: 2818 | AJ9: 6295 | AK9: 19050 | AL9: 22050 | AM9: =S9*AH9 -> 0 | AN9: =T9*AI9 -> 560077.5 | AO9: =U9*AJ9 -> 472125 | AP9: =V9*AK9 -> 0 | AQ9: =W9*AL9 -> 110250 | AR9: =SUM(Tabla1[[#This Row],[COSTO OPERATIVO ACIDO]:[COSTO OPERATIVO CATIONICO]]) -> 1142452.5 | AS9: 3599 | AT9: =AR9/L9 -> 2856.1312
A10: =A9 -> 46084 | B10: =DAY(Tabla1[[#This Row],[FECHA]]) -> 3 | C10: 3(TARDE) | D10: 9 | E10: FINAL TURNO 2 | F10: 0 | G10: 2850 | H10: 1550 | I10: 110 | J10: 140 | K10: 17261 | L10: =+(K11-Tabla1[[#This Row],[Lectura Horometro INICIAL (06:00)]])*Tabla1[[#This Row],[CAUDAL DE TRATAMIENTO]] -> 640 | M10: 80 | N10: =F10-F11+2000 -> 0 | O10: =G10-G11+2000 -> 100 | P10: =H10-H11+1000 -> 50 | Q10: 0 | R10: 0 | S10: =(N10*$AC$2) -> 0 | T10: =(O10*$AD$2) -> 132.5 | U10: =(P10*$AE$2) -> 62.5 | V10: =Tabla1[[#This Row],[CONSUMO POL ANIONICO (KG)]] -> 0 | W10: =Tabla1[[#This Row],[CONSUMO POL CATIONICO (KG)]] -> 0 | X10: =(S10*1000)/L10 -> 0 | Y10: =(T10*1000)/L10 -> 207.03125 | Z10: =(U10*1000)/L10 -> 97.65625 | AA10: =(V10*1000)/L10 -> 0 | AB10: =(W10*1000)/L10 -> 0 | AC10: 1.3 | AD10: 1.325 | AE10: 1.25 | AF10: 2500 | AG10: 2500 | AH10: 830 | AI10: 2818 | AJ10: 6295 | AK10: 19050 | AL10: 22050 | AM10: =S10*AH10 -> 0 | AN10: =T10*AI10 -> 373385 | AO10: =U10*AJ10 -> 393437.5 | AP10: =V10*AK10 -> 0 | AQ10: =W10*AL10 -> 0 | AR10: =SUM(Tabla1[[#This Row],[COSTO OPERATIVO ACIDO]:[COSTO OPERATIVO CATIONICO]]) -> 766822.5 | AS10: 3599 | AT10: =AR10/L10 -> 1198.1602
A11: 46085 | B11: =DAY(Tabla1[[#This Row],[FECHA]]) -> 4 | C11: 4 (NOCHE) | D11: 10 | E11: FINAL TURNO 3 | F11: 2000 | G11: 4750 | H11: 2500 | I11: 105 | J11: 135 | K11: 17269 | L11: =+(K12-Tabla1[[#This Row],[Lectura Horometro INICIAL (06:00)]])*Tabla1[[#This Row],[CAUDAL DE TRATAMIENTO]] -> 400 | M11: 80 | N11: =F11-F12 -> 130 | O11: =G11-G12-150 -> 120 | P11: =H11-H12 -> 70 | Q11: 0 | R11: 0 | S11: =(N11*$AC$2) -> 169 | T11: =(O11*$AD$2) -> 159 | U11: =(P11*$AE$2) -> 87.5 | V11: =Tabla1[[#This Row],[CONSUMO POL ANIONICO (KG)]] -> 0 | W11: =Tabla1[[#This Row],[CONSUMO POL CATIONICO (KG)]] -> 0 | X11: =(S11*1000)/L11 -> 422.5 | Y11: =(T11*1000)/L11 -> 397.5 | Z11: =(U11*1000)/L11 -> 218.75 | AA11: =(V11*1000)/L11 -> 0 | AB11: =(W11*1000)/L11 -> 0 | AC11: 1.3 | AD11: 1.325 | AE11: 1.25 | AF11: 2500 | AG11: 2500 | AH11: 830 | AI11: 2818 | AJ11: 6295 | AK11: 19050 | AL11: 22050 | AM11: =S11*AH11 -> 140270 | AN11: =T11*AI11 -> 448062 | AO11: =U11*AJ11 -> 550812.5 | AP11: =V11*AK11 -> 0 | AQ11: =W11*AL11 -> 0 | AR11: =SUM(Tabla1[[#This Row],[COSTO OPERATIVO ACIDO]:[COSTO OPERATIVO CATIONICO]]) -> 1139144.5 | AS11: 3599 | AT11: =AR11/L11 -> 2847.8612
A12: =A11 -> 46085 | B12: =DAY(Tabla1[[#This Row],[FECHA]]) -> 4 | C12: 5 (MAÑANA) | D12: 11 | E12: FINAL TURNO 1 | F12: 1870 | G12: 4480 | H12: 2430 | I12: 105 | J12: 130 | K12: 17274 | L12: =+(K13-Tabla1[[#This Row],[Lectura Horometro INICIAL (06:00)]])*Tabla1[[#This Row],[CAUDAL DE TRATAMIENTO]] -> 560 | M12: 80 | N12: =F12-F13-40 -> 180 | O12: =G12-G13 -> 180 | P12: =H12-H13 -> 110 | Q12: 0 | R12: 0 | S12: =(N12*$AC$2) -> 234 | T12: =(O12*$AD$2) -> 238.5 | U12: =(P12*$AE$2) -> 137.5 | V12: =Tabla1[[#This Row],[CONSUMO POL ANIONICO (KG)]] -> 0 | W12: =Tabla1[[#This Row],[CONSUMO POL CATIONICO (KG)]] -> 0 | X12: =(S12*1000)/L12 -> 417.85714 | Y12: =(T12*1000)/L12 -> 425.89286 | Z12: =(U12*1000)/L12 -> 245.53571 | AA12: =(V12*1000)/L12 -> 0 | AB12: =(W12*1000)/L12 -> 0 | AC12: 1.3 | AD12: 1.325 | AE12: 1.25 | AF12: 2500 | AG12: 2500 | AH12: 830 | AI12: 2818 | AJ12: 6295 | AK12: 19050 | AL12: 22050 | AM12: =S12*AH12 -> 194220 | AN12: =T12*AI12 -> 672093 | AO12: =U12*AJ12 -> 865562.5 | AP12: =V12*AK12 -> 0 | AQ12: =W12*AL12 -> 0 | AR12: =SUM(Tabla1[[#This Row],[COSTO OPERATIVO ACIDO]:[COSTO OPERATIVO CATIONICO]]) -> 1731875.5 | AS12: 3599 | AT12: =AR12/L12 -> 3092.6348
A13: =A12 -> 46085 | B13: =DAY(Tabla1[[#This Row],[FECHA]]) -> 4 | C13: 3(TARDE) | D13: 12 | E13: FINAL TURNO 2 | F13: 1650 | G13: 4300 | H13: 2320 | I13: 100 | J13: 125 | K13: 17281 | L13: =+(K14-Tabla1[[#This Row],[Lectura Horometro INICIAL (06:00)]])*Tabla1[[#This Row],[CAUDAL DE TRATAMIENTO]] -> 640 | M13: 80 | N13: =F13-F14 -> 150 | O13: =G13-G14 -> 110 | P13: =H13-H14 -> 80 | Q13: 0 | R13: 0 | S13: =(N13*$AC$2) -> 195 | T13: =(O13*$AD$2) -> 145.75 | U13: =(P13*$AE$2) -> 100 | V13: =Tabla1[[#This Row],[CONSUMO POL ANIONICO (KG)]] -> 0 | W13: =Tabla1[[#This Row],[CONSUMO POL CATIONICO (KG)]] -> 0 | X13: =(S13*1000)/L13 -> 304.6875 | Y13: =(T13*1000)/L13 -> 227.73438 | Z13: =(U13*1000)/L13 -> 156.25 | AA13: =(V13*1000)/L13 -> 0 | AB13: =(W13*1000)/L13 -> 0 | AC13: 1.3 | AD13: 1.325 | AE13: 1.25 | AF13: 2500 | AG13: 2500 | AH13: 830 | AI13: 2818 | AJ13: 6295 | AK13: 19050 | AL13: 22050 | AM13: =S13*AH13 -> 161850 | AN13: =T13*AI13 -> 410723.5 | AO13: =U13*AJ13 -> 629500 | AP13: =V13*AK13 -> 0 | AQ13: =W13*AL13 -> 0 | AR13: =SUM(Tabla1[[#This Row],[COSTO OPERATIVO ACIDO]:[COSTO OPERATIVO CATIONICO]]) -> 1202073.5 | AS13: 3599 | AT13: =AR13/L13 -> 1878.2398
A14: 46086 | B14: =DAY(Tabla1[[#This Row],[FECHA]]) -> 5 | C14: 5 (NOCHE) | D14: 13 | E14: FINAL TURNO 3 | F14: 1500 | G14: 4190 | H14: 2240 | I14: 100 | J14: 120 | K14: 17289 | L14: =+(K15-Tabla1[[#This Row],[Lectura Horometro INICIAL (06:00)]])*Tabla1[[#This Row],[CAUDAL DE TRATAMIENTO]] -> 560 | M14: 80 | N14: =F14-F15 -> 250 | O14: =G14-G15 -> 130 | P14: =H14-H15 -> 90 | Q14: 0 | R14: 0 | S14: =(N14*$AC$2) -> 325 | T14: =(O14*$AD$2) -> 172.25 | U14: =(P14*$AE$2) -> 112.5 | V14: =Tabla1[[#This Row],[CONSUMO POL ANIONICO (KG)]] -> 0 | W14: =Tabla1[[#This Row],[CONSUMO POL CATIONICO (KG)]] -> 0 | X14: =(S14*1000)/L14 -> 580.35714 | Y14: =(T14*1000)/L14 -> 307.58929 | Z14: =(U14*1000)/L14 -> 200.89286 | AA14: =(V14*1000)/L14 -> 0 | AB14: =(W14*1000)/L14 -> 0 | AC14: 1.3 | AD14: 1.325 | AE14: 1.25 | AF14: 2500 | AG14: 2500 | AH14: 830 | AI14: 2818 | AJ14: 6295 | AK14: 19050 | AL14: 22050 | AM14: =S14*AH14 -> 269750 | AN14: =T14*AI14 -> 485400.5 | AO14: =U14*AJ14 -> 708187.5 | AP14: =V14*AK14 -> 0 | AQ14: =W14*AL14 -> 0 | AR14: =SUM(Tabla1[[#This Row],[COSTO OPERATIVO ACIDO]:[COSTO OPERATIVO CATIONICO]]) -> 1463338 | AS14: 3599 | AT14: =AR14/L14 -> 2613.1036
A15: =A14 -> 46086 | B15: =DAY(Tabla1[[#This Row],[FECHA]]) -> 5 | C15: 6 (MAÑANA) | D15: 14 | E15: FINAL TURNO 1 | F15: 1250 | G15: 4060 | H15: 2150 | I15: 95 | J15: 115 | K15: 17296 | L15: =+(K16-Tabla1[[#This Row],[Lectura Horometro INICIAL (06:00)]])*Tabla1[[#This Row],[CAUDAL DE TRATAMIENTO]] -> 640 | M15: 80 | N15: =F15-F16 -> 250 | O15: =G15-G16 -> 310 | P15: =H15-H16 -> 60 | Q15: =I15-I16 -> 0 | R15: =J15-J16 -> 5 | S15: =(N15*$AC$2) -> 325 | T15: =(O15*$AD$2) -> 410.75 | U15: =(P15*$AE$2) -> 75 | V15: =Tabla1[[#This Row],[CONSUMO POL ANIONICO (KG)]] -> 0 | W15: =Tabla1[[#This Row],[CONSUMO POL CATIONICO (KG)]] -> 5 | X15: =(S15*1000)/L15 -> 507.8125 | Y15: =(T15*1000)/L15 -> 641.79688 | Z15: =(U15*1000)/L15 -> 117.1875 | AA15: =(V15*1000)/L15 -> 0 | AB15: =(W15*1000)/L15 -> 7.8125 | AC15: 1.3 | AD15: 1.325 | AE15: 1.25 | AF15: 2500 | AG15: 2500 | AH15: 830 | AI15: 2818 | AJ15: 6295 | AK15: 19050 | AL15: 22050 | AM15: =S15*AH15 -> 269750 | AN15: =T15*AI15 -> 1157493.5 | AO15: =U15*AJ15 -> 472125 | AP15: =V15*AK15 -> 0 | AQ15: =W15*AL15 -> 110250 | AR15: =SUM(Tabla1[[#This Row],[COSTO OPERATIVO ACIDO]:[COSTO OPERATIVO CATIONICO]]) -> 2009618.5 | AS15: 3599 | AT15: =AR15/L15 -> 3140.0289
A16: =A15 -> 46086 | B16: =DAY(Tabla1[[#This Row],[FECHA]]) -> 5 | C16: 3(TARDE) | D16: 15 | E16: FINAL TURNO 2 | F16: 1000 | G16: 3750 | H16: 2090 | I16: 95 | J16: 110 | K16: 17304 | L16: =+(K17-Tabla1[[#This Row],[Lectura Horometro INICIAL (06:00)]])*Tabla1[[#This Row],[CAUDAL DE TRATAMIENTO]] -> 560 | M16: 80 | N16: =F16-F17 -> 110 | O16: =G16-G17 -> 220 | P16: =H16-H17 -> 160 | Q16: =I16-I17 -> 5 | R16: =J16-J17 -> 5 | S16: =(N16*$AC$2) -> 143 | T16: =(O16*$AD$2) -> 291.5 | U16: =(P16*$AE$2) -> 200 | V16: =Tabla1[[#This Row],[CONSUMO POL ANIONICO (KG)]] -> 5 | W16: =Tabla1[[#This Row],[CONSUMO POL CATIONICO (KG)]] -> 5 | X16: =(S16*1000)/L16 -> 255.35714 | Y16: =(T16*1000)/L16 -> 520.53571 | Z16: =(U16*1000)/L16 -> 357.14286 | AA16: =(V16*1000)/L16 -> 8.9285714 | AB16: =(W16*1000)/L16 -> 8.9285714 | AC16: 1.3 | AD16: 1.325 | AE16: 1.25 | AF16: 2500 | AG16: 2500 | AH16: 830 | AI16: 2818 | AJ16: 6295 | AK16: 19050 | AL16: 22050 | AM16: =S16*AH16 -> 118690 | AN16: =T16*AI16 -> 821447 | AO16: =U16*AJ16 -> 1259000 | AP16: =V16*AK16 -> 95250 | AQ16: =W16*AL16 -> 110250 | AR16: =SUM(Tabla1[[#This Row],[COSTO OPERATIVO ACIDO]:[COSTO OPERATIVO CATIONICO]]) -> 2404637 | AS16: 3599 | AT16: =AR16/L16 -> 4293.9946
A17: 46087 | B17: =DAY(Tabla1[[#This Row],[FECHA]]) -> 6 | C17: 6 (NOCHE) | D17: 16 | E17: FINAL TURNO 3 | F17: 890 | G17: 3530 | H17: 1930 | I17: 90 | J17: 105 | K17: 17311 | L17: =+(K18-Tabla1[[#This Row],[Lectura Horometro INICIAL (06:00)]])*Tabla1[[#This Row],[CAUDAL DE TRATAMIENTO]] -> 400 | M17: 80 | N17: =F17-F18 -> 40 | O17: =G17-G18 -> 180 | P17: =H17-H18 -> 30 | Q17: =I17-I18 -> 0 | R17: =J17-J18 -> 5 | S17: =(N17*$AC$2) -> 52 | T17: =(O17*$AD$2) -> 238.5 | U17: =(P17*$AE$2) -> 37.5 | V17: =Tabla1[[#This Row],[CONSUMO POL ANIONICO (KG)]] -> 0 | W17: =Tabla1[[#This Row],[CONSUMO POL CATIONICO (KG)]] -> 5 | X17: =(S17*1000)/L17 -> 130 | Y17: =(T17*1000)/L17 -> 596.25 | Z17: =(U17*1000)/L17 -> 93.75 | AA17: =(V17*1000)/L17 -> 0 | AB17: =(W17*1000)/L17 -> 12.5 | AC17: 1.3 | AD17: 1.325 | AE17: 1.25 | AF17: 2500 | AG17: 2500 | AH17: 830 | AI17: 2818 | AJ17: 6295 | AK17: 19050 | AL17: 22050 | AM17: =S17*AH17 -> 43160 | AN17: =T17*AI17 -> 672093 | AO17: =U17*AJ17 -> 236062.5 | AP17: =V17*AK17 -> 0 | AQ17: =W17*AL17 -> 110250 | AR17: =SUM(Tabla1[[#This Row],[COSTO OPERATIVO ACIDO]:[COSTO OPERATIVO CATIONICO]]) -> 1061565.5 | AS17: 3599 | AT17: =AR17/L17 -> 2653.9138
A18: =A17 -> 46087 | B18: =DAY(Tabla1[[#This Row],[FECHA]]) -> 6 | C18: 7 (MAÑANA) | D18: 17 | E18: FINAL TURNO 1 | F18: 850 | G18: 3350 | H18: 1900 | I18: 90 | J18: 100 | K18: 17316 | L18: =+(K19-Tabla1[[#This Row],[Lectura Horometro INICIAL (06:00)]])*Tabla1[[#This Row],[CAUDAL DE TRATAMIENTO]] -> 480 | M18: 80 | N18: =F18-F19 -> 200 | O18: =G18-G19 -> 160 | P18: =H18-H19 -> 40 | Q18: =I18-I19 -> 5 | R18: =J18-J19 -> 5 | S18: =(N18*$AC$2) -> 260 | T18: =(O18*$AD$2) -> 212 | U18: =(P18*$AE$2) -> 50 | V18: =Tabla1[[#This Row],[CONSUMO POL ANIONICO (KG)]] -> 5 | W18: =Tabla1[[#This Row],[CONSUMO POL CATIONICO (KG)]] -> 5 | X18: =(S18*1000)/L18 -> 541.66667 | Y18: =(T18*1000)/L18 -> 441.66667 | Z18: =(U18*1000)/L18 -> 104.16667 | AA18: =(V18*1000)/L18 -> 10.416667 | AB18: =(W18*1000)/L18 -> 10.416667 | AC18: 1.3 | AD18: 1.325 | AE18: 1.25 | AF18: 2500 | AG18: 2500 | AH18: 830 | AI18: 2818 | AJ18: 6295 | AK18: 19050 | AL18: 22050 | AM18: =S18*AH18 -> 215800 | AN18: =T18*AI18 -> 597416 | AO18: =U18*AJ18 -> 314750 | AP18: =V18*AK18 -> 95250 | AQ18: =W18*AL18 -> 110250 | AR18: =SUM(Tabla1[[#This Row],[COSTO OPERATIVO ACIDO]:[COSTO OPERATIVO CATIONICO]]) -> 1333466 | AS18: 3599 | AT18: =AR18/L18 -> 2778.0542
A19: =A18 -> 46087 | B19: =DAY(Tabla1[[#This Row],[FECHA]]) -> 6 | C19: 3(TARDE) | D19: 18 | E19: FINAL TURNO 2 | F19: 650 | G19: 3190 | H19: 1860 | I19: 85 | J19: 95 | K19: 17322 | L19: =+(K20-Tabla1[[#This Row],[Lectura Horometro INICIAL (06:00)]])*Tabla1[[#This Row],[CAUDAL DE TRATAMIENTO]] -> 640 | M19: 80 | N19: =F19-F20+2000 -> 370 | O19: =G19-G20-120+2000 -> 320 | P19: =H19-H20+1000 -> 110 | Q19: =I19-I20 -> 0 | R19: =J19-J20+75 -> 5 | S19: =(N19*$AC$2) -> 481 | T19: =(O19*$AD$2) -> 424 | U19: =(P19*$AE$2) -> 137.5 | V19: =Tabla1[[#This Row],[CONSUMO POL ANIONICO (KG)]] -> 0 | W19: =Tabla1[[#This Row],[CONSUMO POL CATIONICO (KG)]] -> 5 | X19: =(S19*1000)/L19 -> 751.5625 | Y19: =(T19*1000)/L19 -> 662.5 | Z19: =(U19*1000)/L19 -> 214.84375 | AA19: =(V19*1000)/L19 -> 0 | AB19: =(W19*1000)/L19 -> 7.8125 | AC19: 1.3 | AD19: 1.325 | AE19: 1.25 | AF19: 2500 | AG19: 2500 | AH19: 830 | AI19: 2818 | AJ19: 6295 | AK19: 19050 | AL19: 22050 | AM19: =S19*AH19 -> 399230 | AN19: =T19*AI19 -> 1194832 | AO19: =U19*AJ19 -> 865562.5 | AP19: =V19*AK19 -> 0 | AQ19: =W19*AL19 -> 110250 | AR19: =SUM(Tabla1[[#This Row],[COSTO OPERATIVO ACIDO]:[COSTO OPERATIVO CATIONICO]]) -> 2569874.5 | AS19: 3599 | AT19: =AR19/L19 -> 4015.4289
A20: 46088 | B20: =DAY(Tabla1[[#This Row],[FECHA]]) -> 7 | C20: 7 (NOCHE) | D20: 19 | E20: FINAL TURNO 3 | F20: 2280 | G20: 4750 | H20: 2750 | I20: 85 | J20: 165 | K20: 17330 | L20: =+(K21-Tabla1[[#This Row],[Lectura Horometro INICIAL (06:00)]])*Tabla1[[#This Row],[CAUDAL DE TRATAMIENTO]] -> 480 | M20: 80 | N20: =F20-F21 -> 380 | O20: =G20-G21-150 -> 300 | P20: =H20-H21 -> 250 | Q20: =I20-I21 -> 5 | R20: =J20-J21 -> 5 | S20: =(N20*$AC$2) -> 494 | T20: =(O20*$AD$2) -> 397.5 | U20: =(P20*$AE$2) -> 312.5 | V20: =Tabla1[[#This Row],[CONSUMO POL ANIONICO (KG)]] -> 5 | W20: =Tabla1[[#This Row],[CONSUMO POL CATIONICO (KG)]] -> 5 | X20: =(S20*1000)/L20 -> 1029.1667 | Y20: =(T20*1000)/L20 -> 828.125 | Z20: =(U20*1000)/L20 -> 651.04167 | AA20: =(V20*1000)/L20 -> 10.416667 | AB20: =(W20*1000)/L20 -> 10.416667 | AC20: 1.3 | AD20: 1.325 | AE20: 1.25 | AF20: 2500 | AG20: 2500 | AH20: 830 | AI20: 2818 | AJ20: 6295 | AK20: 19050 | AL20: 22050 | AM20: =S20*AH20 -> 410020 | AN20: =T20*AI20 -> 1120155 | AO20: =U20*AJ20 -> 1967187.5 | AP20: =V20*AK20 -> 95250 | AQ20: =W20*AL20 -> 110250 | AR20: =SUM(Tabla1[[#This Row],[COSTO OPERATIVO ACIDO]:[COSTO OPERATIVO CATIONICO]]) -> 3702862.5 | AS20: 3599 | AT20: =AR20/L20 -> 7714.2969
A21: =A20 -> 46088 | B21: =DAY(Tabla1[[#This Row],[FECHA]]) -> 7 | C21: 8 (MAÑANA) | D21: 20 | E21: FINAL TURNO 1 | F21: 1900 | G21: 4300 | H21: 2500 | I21: 80 | J21: 160 | K21: 17336 | L21: =+(K22-Tabla1[[#This Row],[Lectura Horometro INICIAL (06:00)]])*Tabla1[[#This Row],[CAUDAL DE TRATAMIENTO]] -> 480 | M21: 80 | N21: =F21-F22 -> 325 | O21: =G21-G22 -> 165 | P21: =H21-H22 -> 15 | Q21: =I21-I22 -> 2.5 | R21: =J21-J22 -> 5 | S21: =(N21*$AC$2) -> 422.5 | T21: =(O21*$AD$2) -> 218.625 | U21: =(P21*$AE$2) -> 18.75 | V21: =Tabla1[[#This Row],[CONSUMO POL ANIONICO (KG)]] -> 2.5 | W21: =Tabla1[[#This Row],[CONSUMO POL CATIONICO (KG)]] -> 5 | X21: =(S21*1000)/L21 -> 880.20833 | Y21: =(T21*1000)/L21 -> 455.46875 | Z21: =(U21*1000)/L21 -> 39.0625 | AA21: =(V21*1000)/L21 -> 5.2083333 | AB21: =(W21*1000)/L21 -> 10.416667 | AC21: 1.3 | AD21: 1.325 | AE21: 1.25 | AF21: 2500 | AG21: 2500 | AH21: 830 | AI21: 2818 | AJ21: 6295 | AK21: 19050 | AL21: 22050 | AM21: =S21*AH21 -> 350675 | AN21: =T21*AI21 -> 616085.25 | AO21: =U21*AJ21 -> 118031.25 | AP21: =V21*AK21 -> 47625 | AQ21: =W21*AL21 -> 110250 | AR21: =SUM(Tabla1[[#This Row],[COSTO OPERATIVO ACIDO]:[COSTO OPERATIVO CATIONICO]]) -> 1242666.5 | AS21: 3599 | AT21: =AR21/L21 -> 2588.8885
A22: =A21 -> 46088 | B22: =DAY(Tabla1[[#This Row],[FECHA]]) -> 7 | C22: 3(TARDE) | D22: 21 | E22: FINAL TURNO 2 | F22: 1575 | G22: 4135 | H22: =+AVERAGE(H21,H23) -> 2485 | I22: 77.5 | J22: 155 | K22: 17342 | L22: =+(K23-Tabla1[[#This Row],[Lectura Horometro INICIAL (06:00)]])*Tabla1[[#This Row],[CAUDAL DE TRATAMIENTO]] -> 320 | M22: 80 | N22: =F22-F23 -> 325 | O22: =G22-G23 -> 165 | P22: =H22-H23 -> 15 | Q22: =I22-I23 -> 2.5 | R22: =J22-J23 -> 5 | S22: =(N22*$AC$2) -> 422.5 | T22: =(O22*$AD$2) -> 218.625 | U22: =(P22*$AE$2) -> 18.75 | V22: =Tabla1[[#This Row],[CONSUMO POL ANIONICO (KG)]] -> 2.5 | W22: =Tabla1[[#This Row],[CONSUMO POL CATIONICO (KG)]] -> 5 | X22: =(S22*1000)/L22 -> 1320.3125 | Y22: =(T22*1000)/L22 -> 683.20312 | Z22: =(U22*1000)/L22 -> 58.59375 | AA22: =(V22*1000)/L22 -> 7.8125 | AB22: =(W22*1000)/L22 -> 15.625 | AC22: 1.3 | AD22: 1.325 | AE22: 1.25 | AF22: 2500 | AG22: 2500 | AH22: 830 | AI22: 2818 | AJ22: 6295 | AK22: 19050 | AL22: 22050 | AM22: =S22*AH22 -> 350675 | AN22: =T22*AI22 -> 616085.25 | AO22: =U22*AJ22 -> 118031.25 | AP22: =V22*AK22 -> 47625 | AQ22: =W22*AL22 -> 110250 | AR22: =SUM(Tabla1[[#This Row],[COSTO OPERATIVO ACIDO]:[COSTO OPERATIVO CATIONICO]]) -> 1242666.5 | AS22: 3599 | AT22: =AR22/L22 -> 3883.3328
A23: 46089 | B23: =DAY(Tabla1[[#This Row],[FECHA]]) -> 8 | C23: 8 (NOCHE) | D23: 22 | E23: FINAL TURNO 3 | F23: 1250 | G23: 3970 | H23: 2470 | I23: 75 | J23: 150 | K23: 17346 | L23: =+(K24-Tabla1[[#This Row],[Lectura Horometro INICIAL (06:00)]])*Tabla1[[#This Row],[CAUDAL DE TRATAMIENTO]] -> 0 | M23: 80 | N23: =F23-F24 -> 0 | O23: =G23-G24 -> 0 | P23: =H23-H24 -> 0 | Q23: =I23-I24 -> 0 | R23: =J23-J24 -> 0 | S23: =(N23*$AC$2) -> 0 | T23: =(O23*$AD$2) -> 0 | U23: =(P23*$AE$2) -> 0 | V23: =Tabla1[[#This Row],[CONSUMO POL ANIONICO (KG)]] -> 0 | W23: =Tabla1[[#This Row],[CONSUMO POL CATIONICO (KG)]] -> 0 | X23: =(S23*1000)/L23 -> #DIV/0! | Y23: =(T23*1000)/L23 -> #DIV/0! | Z23: =(U23*1000)/L23 -> #DIV/0! | AA23: =(V23*1000)/L23 -> #DIV/0! | AB23: =(W23*1000)/L23 -> #DIV/0! | AC23: 1.3 | AD23: 1.325 | AE23: 1.25 | AF23: 2500 | AG23: 2500 | AH23: 830 | AI23: 2818 | AJ23: 6295 | AK23: 19050 | AL23: 22050 | AM23: =S23*AH23 -> 0 | AN23: =T23*AI23 -> 0 | AO23: =U23*AJ23 -> 0 | AP23: =V23*AK23 -> 0 | AQ23: =W23*AL23 -> 0 | AR23: =SUM(Tabla1[[#This Row],[COSTO OPERATIVO ACIDO]:[COSTO OPERATIVO CATIONICO]]) -> 0 | AS23: 3599 | AT23: =AR23/L23 -> #DIV/0!
A24: =A23 -> 46089 | B24: =DAY(Tabla1[[#This Row],[FECHA]]) -> 8 | C24: 9 (MAÑANA) | D24: 23 | E24: FINAL TURNO 1 | F24: 1250 | G24: 3970 | H24: 2470 | I24: 75 | J24: 150 | K24: 17346 | L24: =+(K25-Tabla1[[#This Row],[Lectura Horometro INICIAL (06:00)]])*Tabla1[[#This Row],[CAUDAL DE TRATAMIENTO]] -> 0 | M24: 80 | N24: =F24-F25 -> 0 | O24: =G24-G25 -> 0 | P24: =H24-H25 -> 0 | Q24: =I24-I25 -> 0 | R24: =J24-J25 -> 0 | S24: =(N24*$AC$2) -> 0 | T24: =(O24*$AD$2) -> 0 | U24: =(P24*$AE$2) -> 0 | V24: =Tabla1[[#This Row],[CONSUMO POL ANIONICO (KG)]] -> 0 | W24: =Tabla1[[#This Row],[CONSUMO POL CATIONICO (KG)]] -> 0 | X24: =(S24*1000)/L24 -> #DIV/0! | Y24: =(T24*1000)/L24 -> #DIV/0! | Z24: =(U24*1000)/L24 -> #DIV/0! | AA24: =(V24*1000)/L24 -> #DIV/0! | AB24: =(W24*1000)/L24 -> #DIV/0! | AC24: 1.3 | AD24: 1.325 | AE24: 1.25 | AF24: 2500 | AG24: 2500 | AH24: 830 | AI24: 2818 | AJ24: 6295 | AK24: 19050 | AL24: 22050 | AM24: =S24*AH24 -> 0 | AN24: =T24*AI24 -> 0 | AO24: =U24*AJ24 -> 0 | AP24: =V24*AK24 -> 0 | AQ24: =W24*AL24 -> 0 | AR24: =SUM(Tabla1[[#This Row],[COSTO OPERATIVO ACIDO]:[COSTO OPERATIVO CATIONICO]]) -> 0 | AS24: 3599 | AT24: =AR24/L24 -> #DIV/0!
A25: =A24 -> 46089 | B25: =DAY(Tabla1[[#This Row],[FECHA]]) -> 8 | C25: 3(TARDE) | D25: 24 | E25: FINAL TURNO 2 | F25: 1250 | G25: 3970 | H25: 2470 | I25: 75 | J25: 150 | K25: 17346 | L25: =+(K26-Tabla1[[#This Row],[Lectura Horometro INICIAL (06:00)]])*Tabla1[[#This Row],[CAUDAL DE TRATAMIENTO]] -> 0 | M25: 80 | N25: =F25-F26 -> 0 | O25: =G25-G26 -> 0 | P25: =H25-H26 -> 0 | Q25: =I25-I26 -> 0 | R25: =J25-J26 -> 0 | S25: =(N25*$AC$2) -> 0 | T25: =(O25*$AD$2) -> 0 | U25: =(P25*$AE$2) -> 0 | V25: =Tabla1[[#This Row],[CONSUMO POL ANIONICO (KG)]] -> 0 | W25: =Tabla1[[#This Row],[CONSUMO POL CATIONICO (KG)]] -> 0 | X25: =(S25*1000)/L25 -> #DIV/0! | Y25: =(T25*1000)/L25 -> #DIV/0! | Z25: =(U25*1000)/L25 -> #DIV/0! | AA25: =(V25*1000)/L25 -> #DIV/0! | AB25: =(W25*1000)/L25 -> #DIV/0! | AC25: 1.3 | AD25: 1.325 | AE25: 1.25 | AF25: 2500 | AG25: 2500 | AH25: 830 | AI25: 2818 | AJ25: 6295 | AK25: 19050 | AL25: 22050 | AM25: =S25*AH25 -> 0 | AN25: =T25*AI25 -> 0 | AO25: =U25*AJ25 -> 0 | AP25: =V25*AK25 -> 0 | AQ25: =W25*AL25 -> 0 | AR25: =SUM(Tabla1[[#This Row],[COSTO OPERATIVO ACIDO]:[COSTO OPERATIVO CATIONICO]]) -> 0 | AS25: 3599 | AT25: =AR25/L25 -> #DIV/0!
A26: 46090 | B26: =DAY(Tabla1[[#This Row],[FECHA]]) -> 9 | C26: 9 (NOCHE) | D26: 25 | E26: FINAL TURNO 3 | F26: 1250 | G26: 3970 | H26: 2470 | I26: 75 | J26: 150 | K26: 17346 | L26: =+(K27-Tabla1[[#This Row],[Lectura Horometro INICIAL (06:00)]])*Tabla1[[#This Row],[CAUDAL DE TRATAMIENTO]] -> 480 | M26: 80 | N26: =F26-F27 -> 50 | O26: =G26-G27 -> 520 | P26: =H26-H27 -> 70 | Q26: =I26-I27 -> 0 | R26: =J26-J27 -> 5 | S26: =(N26*$AC$2) -> 65 | T26: =(O26*$AD$2) -> 689 | U26: =(P26*$AE$2) -> 87.5 | V26: =Tabla1[[#This Row],[CONSUMO POL ANIONICO (KG)]] -> 0 | W26: =Tabla1[[#This Row],[CONSUMO POL CATIONICO (KG)]] -> 5 | X26: =(S26*1000)/L26 -> 135.41667 | Y26: =(T26*1000)/L26 -> 1435.4167 | Z26: =(U26*1000)/L26 -> 182.29167 | AA26: =(V26*1000)/L26 -> 0 | AB26: =(W26*1000)/L26 -> 10.416667 | AC26: 1.3 | AD26: 1.325 | AE26: 1.25 | AF26: 2500 | AG26: 2500 | AH26: 830 | AI26: 2818 | AJ26: 6295 | AK26: 19050 | AL26: 22050 | AM26: =S26*AH26 -> 53950 | AN26: =T26*AI26 -> 1941602 | AO26: =U26*AJ26 -> 550812.5 | AP26: =V26*AK26 -> 0 | AQ26: =W26*AL26 -> 110250 | AR26: =SUM(Tabla1[[#This Row],[COSTO OPERATIVO ACIDO]:[COSTO OPERATIVO CATIONICO]]) -> 2656614.5 | AS26: 3599 | AT26: =AR26/L26 -> 5534.6135
A27: =A26 -> 46090 | B27: =DAY(Tabla1[[#This Row],[FECHA]]) -> 9 | C27: 10 (MAÑANA) | D27: 26 | E27: FINAL TURNO 1 | F27: 1200 | G27: 3450 | H27: 2400 | I27: 75 | J27: 145 | K27: 17352 | L27: =+(K28-Tabla1[[#This Row],[Lectura Horometro INICIAL (06:00)]])*Tabla1[[#This Row],[CAUDAL DE TRATAMIENTO]] -> 400 | M27: 80 | N27: =F27-F28 -> 350 | O27: =G27-G28-100 -> 200 | P27: =H27-H28 -> 100 | Q27: =I27-I28 -> 0 | R27: =J27-J28 -> 5 | S27: =(N27*$AC$2) -> 455 | T27: =(O27*$AD$2) -> 265 | U27: =(P27*$AE$2) -> 125 | V27: =Tabla1[[#This Row],[CONSUMO POL ANIONICO (KG)]] -> 0 | W27: =Tabla1[[#This Row],[CONSUMO POL CATIONICO (KG)]] -> 5 | X27: =(S27*1000)/L27 -> 1137.5 | Y27: =(T27*1000)/L27 -> 662.5 | Z27: =(U27*1000)/L27 -> 312.5 | AA27: =(V27*1000)/L27 -> 0 | AB27: =(W27*1000)/L27 -> 12.5 | AC27: 1.3 | AD27: 1.325 | AE27: 1.25 | AF27: 2500 | AG27: 2500 | AH27: 830 | AI27: 2818 | AJ27: 6295 | AK27: 19050 | AL27: 22050 | AM27: =S27*AH27 -> 377650 | AN27: =T27*AI27 -> 746770 | AO27: =U27*AJ27 -> 786875 | AP27: =V27*AK27 -> 0 | AQ27: =W27*AL27 -> 110250 | AR27: =SUM(Tabla1[[#This Row],[COSTO OPERATIVO ACIDO]:[COSTO OPERATIVO CATIONICO]]) -> 2021545 | AS27: 3599 | AT27: =AR27/L27 -> 5053.8625
A28: =A27 -> 46090 | B28: =DAY(Tabla1[[#This Row],[FECHA]]) -> 9 | C28: 3(TARDE) | D28: 27 | E28: FINAL TURNO 2 | F28: 850 | G28: 3150 | H28: 2300 | I28: 75 | J28: 140 | K28: 17357 | L28: =+(K29-Tabla1[[#This Row],[Lectura Horometro INICIAL (06:00)]])*Tabla1[[#This Row],[CAUDAL DE TRATAMIENTO]] -> 640 | M28: 80 | N28: =F28-F29 -> 320 | O28: =G28-G29 -> 100 | P28: =H28-H29 -> 70 | Q28: =I28-I29 -> 5 | R28: =J28-J29 -> 5 | S28: =(N28*$AC$2) -> 416 | T28: =(O28*$AD$2) -> 132.5 | U28: =(P28*$AE$2) -> 87.5 | V28: =Tabla1[[#This Row],[CONSUMO POL ANIONICO (KG)]] -> 5 | W28: =Tabla1[[#This Row],[CONSUMO POL CATIONICO (KG)]] -> 5 | X28: =(S28*1000)/L28 -> 650 | Y28: =(T28*1000)/L28 -> 207.03125 | Z28: =(U28*1000)/L28 -> 136.71875 | AA28: =(V28*1000)/L28 -> 7.8125 | AB28: =(W28*1000)/L28 -> 7.8125 | AC28: 1.3 | AD28: 1.325 | AE28: 1.25 | AF28: 2500 | AG28: 2500 | AH28: 830 | AI28: 2818 | AJ28: 6295 | AK28: 19050 | AL28: 22050 | AM28: =S28*AH28 -> 345280 | AN28: =T28*AI28 -> 373385 | AO28: =U28*AJ28 -> 550812.5 | AP28: =V28*AK28 -> 95250 | AQ28: =W28*AL28 -> 110250 | AR28: =SUM(Tabla1[[#This Row],[COSTO OPERATIVO ACIDO]:[COSTO OPERATIVO CATIONICO]]) -> 1474977.5 | AS28: 3599 | AT28: =AR28/L28 -> 2304.6523
A29: 46091 | B29: =DAY(Tabla1[[#This Row],[FECHA]]) -> 10 | C29: 10 (NOCHE) | D29: 28 | E29: FINAL TURNO 3 | F29: 530 | G29: 3050 | H29: 2230 | I29: 70 | J29: 135 | K29: 17365 | L29: =+(K30-Tabla1[[#This Row],[Lectura Horometro INICIAL (06:00)]])*Tabla1[[#This Row],[CAUDAL DE TRATAMIENTO]] -> 640 | M29: 80 | N29: =F29-F30 -> 330 | O29: =G29-G30-150 -> 220 | P29: =H29-H30 -> 50 | Q29: =I29-I30 -> 0 | R29: =J29-J30 -> 5 | S29: =(N29*$AC$2) -> 429 | T29: =(O29*$AD$2) -> 291.5 | U29: =(P29*$AE$2) -> 62.5 | V29: =Tabla1[[#This Row],[CONSUMO POL ANIONICO (KG)]] -> 0 | W29: =Tabla1[[#This Row],[CONSUMO POL CATIONICO (KG)]] -> 5 | X29: =(S29*1000)/L29 -> 670.3125 | Y29: =(T29*1000)/L29 -> 455.46875 | Z29: =(U29*1000)/L29 -> 97.65625 | AA29: =(V29*1000)/L29 -> 0 | AB29: =(W29*1000)/L29 -> 7.8125 | AC29: 1.3 | AD29: 1.325 | AE29: 1.25 | AF29: 2500 | AG29: 2500 | AH29: 830 | AI29: 2818 | AJ29: 6295 | AK29: 19050 | AL29: 22050 | AM29: =S29*AH29 -> 356070 | AN29: =T29*AI29 -> 821447 | AO29: =U29*AJ29 -> 393437.5 | AP29: =V29*AK29 -> 0 | AQ29: =W29*AL29 -> 110250 | AR29: =SUM(Tabla1[[#This Row],[COSTO OPERATIVO ACIDO]:[COSTO OPERATIVO CATIONICO]]) -> 1681204.5 | AS29: 3599 | AT29: =AR29/L29 -> 2626.882
A30: =A29 -> 46091 | B30: =DAY(Tabla1[[#This Row],[FECHA]]) -> 10 | C30: 11 (MAÑANA) | D30: 29 | E30: FINAL TURNO 1 | F30: 200 | G30: 2680 | H30: 2180 | I30: 70 | J30: 130 | K30: 17373 | L30: =+(K31-Tabla1[[#This Row],[Lectura Horometro INICIAL (06:00)]])*Tabla1[[#This Row],[CAUDAL DE TRATAMIENTO]] -> 400 | M30: 80 | N30: =F30-F31 -> 200 | O30: =G30-G31 -> 170 | P30: =H30-H31 -> 180 | Q30: =I30-I31 -> 5 | R30: =J30-J31 -> 5 | S30: =(N30*$AC$2) -> 260 | T30: =(O30*$AD$2) -> 225.25 | U30: =(P30*$AE$2) -> 225 | V30: =Tabla1[[#This Row],[CONSUMO POL ANIONICO (KG)]] -> 5 | W30: =Tabla1[[#This Row],[CONSUMO POL CATIONICO (KG)]] -> 5 | X30: =(S30*1000)/L30 -> 650 | Y30: =(T30*1000)/L30 -> 563.125 | Z30: =(U30*1000)/L30 -> 562.5 | AA30: =(V30*1000)/L30 -> 12.5 | AB30: =(W30*1000)/L30 -> 12.5 | AC30: 1.3 | AD30: 1.325 | AE30: 1.25 | AF30: 2500 | AG30: 2500 | AH30: 830 | AI30: 2818 | AJ30: 6295 | AK30: 19050 | AL30: 22050 | AM30: =S30*AH30 -> 215800 | AN30: =T30*AI30 -> 634754.5 | AO30: =U30*AJ30 -> 1416375 | AP30: =V30*AK30 -> 95250 | AQ30: =W30*AL30 -> 110250 | AR30: =SUM(Tabla1[[#This Row],[COSTO OPERATIVO ACIDO]:[COSTO OPERATIVO CATIONICO]]) -> 2472429.5 | AS30: 3599 | AT30: =AR30/L30 -> 6181.0737
A31: =A30 -> 46091 | B31: =DAY(Tabla1[[#This Row],[FECHA]]) -> 10 | C31: 3(TARDE) | D31: 30 | E31: FINAL TURNO 2 | F31: 0 | G31: 2510 | H31: 2000 | I31: =65 -> 65 | J31: 125 | K31: 17378 | L31: =+(K32-Tabla1[[#This Row],[Lectura Horometro INICIAL (06:00)]])*Tabla1[[#This Row],[CAUDAL DE TRATAMIENTO]] -> 480 | M31: 80 | N31: =F31-F32+1000 -> 30 | O31: =G31-G32+2000 -> 210 | P31: =H31-H32+1000 -> 30 | Q31: =I31-I32+150 -> 0 | R31: =J31-J32+100 -> 5 | S31: =(N31*$AC$2) -> 39 | T31: =(O31*$AD$2) -> 278.25 | U31: =(P31*$AE$2) -> 37.5 | V31: =Tabla1[[#This Row],[CONSUMO POL ANIONICO (KG)]] -> 0 | W31: =Tabla1[[#This Row],[CONSUMO POL CATIONICO (KG)]] -> 5 | X31: =(S31*1000)/L31 -> 81.25 | Y31: =(T31*1000)/L31 -> 579.6875 | Z31: =(U31*1000)/L31 -> 78.125 | AA31: =(V31*1000)/L31 -> 0 | AB31: =(W31*1000)/L31 -> 10.416667 | AC31: 1.3 | AD31: 1.325 | AE31: 1.25 | AF31: 2500 | AG31: 2500 | AH31: 830 | AI31: 2818 | AJ31: 6295 | AK31: 19050 | AL31: 22050 | AM31: =S31*AH31 -> 32370 | AN31: =T31*AI31 -> 784108.5 | AO31: =U31*AJ31 -> 236062.5 | AP31: =V31*AK31 -> 0 | AQ31: =W31*AL31 -> 110250 | AR31: =SUM(Tabla1[[#This Row],[COSTO OPERATIVO ACIDO]:[COSTO OPERATIVO CATIONICO]]) -> 1162791 | AS31: 3599 | AT31: =AR31/L31 -> 2422.4812
A32: 46092 | B32: =DAY(Tabla1[[#This Row],[FECHA]]) -> 11 | C32: 11 (NOCHE) | D32: 31 | E32: FINAL TURNO 3 | F32: 970 | G32: 4300 | H32: 2970 | I32: =65+150 -> 215 | J32: 220 | K32: 17384 | L32: =+(K33-Tabla1[[#This Row],[Lectura Horometro INICIAL (06:00)]])*Tabla1[[#This Row],[CAUDAL DE TRATAMIENTO]] -> 480 | M32: 80 | N32: =F32-F33 -> 260 | O32: =G32-G33 -> 390 | P32: =H32-H33 -> 120 | Q32: =I32-I33 -> 5 | R32: =J32-J33 -> 5 | S32: =(N32*$AC$2) -> 338 | T32: =(O32*$AD$2) -> 516.75 | U32: =(P32*$AE$2) -> 150 | V32: =Tabla1[[#This Row],[CONSUMO POL ANIONICO (KG)]] -> 5 | W32: =Tabla1[[#This Row],[CONSUMO POL CATIONICO (KG)]] -> 5 | X32: =(S32*1000)/L32 -> 704.16667 | Y32: =(T32*1000)/L32 -> 1076.5625 | Z32: =(U32*1000)/L32 -> 312.5 | AA32: =(V32*1000)/L32 -> 10.416667 | AB32: =(W32*1000)/L32 -> 10.416667 | AC32: 1.3 | AD32: 1.325 | AE32: 1.25 | AF32: 2500 | AG32: 2500 | AH32: 830 | AI32: 2818 | AJ32: 6295 | AK32: 19050 | AL32: 22050 | AM32: =S32*AH32 -> 280540 | AN32: =T32*AI32 -> 1456201.5 | AO32: =U32*AJ32 -> 944250 | AP32: =V32*AK32 -> 95250 | AQ32: =W32*AL32 -> 110250 | AR32: =SUM(Tabla1[[#This Row],[COSTO OPERATIVO ACIDO]:[COSTO OPERATIVO CATIONICO]]) -> 2886491.5 | AS32: 3599 | AT32: =AR32/L32 -> 6013.524
A33: =A32 -> 46092 | B33: =DAY(Tabla1[[#This Row],[FECHA]]) -> 11 | C33: 12 (MAÑANA) | D33: 32 | E33: FINAL TURNO 1 | F33: 710 | G33: 3910 | H33: 2850 | I33: 210 | J33: 215 | K33: 17390 | L33: =+(K34-Tabla1[[#This Row],[Lectura Horometro INICIAL (06:00)]])*Tabla1[[#This Row],[CAUDAL DE TRATAMIENTO]] -> 400 | M33: 80 | N33: =F33-F34 -> 210 | O33: =G33-G34-150 -> 240 | P33: =H33-H34 -> 150 | Q33: =I33-I34 -> 0 | R33: =J33-J34 -> 5 | S33: =(N33*$AC$2) -> 273 | T33: =(O33*$AD$2) -> 318 | U33: =(P33*$AE$2) -> 187.5 | V33: =Tabla1[[#This Row],[CONSUMO POL ANIONICO (KG)]] -> 0 | W33: =Tabla1[[#This Row],[CONSUMO POL CATIONICO (KG)]] -> 5 | X33: =(S33*1000)/L33 -> 682.5 | Y33: =(T33*1000)/L33 -> 795 | Z33: =(U33*1000)/L33 -> 468.75 | AA33: =(V33*1000)/L33 -> 0 | AB33: =(W33*1000)/L33 -> 12.5 | AC33: 1.3 | AD33: 1.325 | AE33: 1.25 | AF33: 2500 | AG33: 2500 | AH33: 830 | AI33: 2818 | AJ33: 6295 | AK33: 19050 | AL33: 22050 | AM33: =S33*AH33 -> 226590 | AN33: =T33*AI33 -> 896124 | AO33: =U33*AJ33 -> 1180312.5 | AP33: =V33*AK33 -> 0 | AQ33: =W33*AL33 -> 110250 | AR33: =SUM(Tabla1[[#This Row],[COSTO OPERATIVO ACIDO]:[COSTO OPERATIVO CATIONICO]]) -> 2413276.5 | AS33: 3599 | AT33: =AR33/L33 -> 6033.1912
A34: =A33 -> 46092 | B34: =DAY(Tabla1[[#This Row],[FECHA]]) -> 11 | C34: 3(TARDE) | D34: 33 | E34: FINAL TURNO 2 | F34: 500 | G34: 3520 | H34: 2700 | I34: 210 | J34: 210 | K34: 17395 | L34: =+(K35-Tabla1[[#This Row],[Lectura Horometro INICIAL (06:00)]])*Tabla1[[#This Row],[CAUDAL DE TRATAMIENTO]] -> 400 | M34: 80 | N34: =F34-F35 -> 170 | O34: =G34-G35 -> 310 | P34: =H34-H35 -> 0 | Q34: =I34-I35 -> 5 | R34: =J34-J35 -> 5 | S34: =(N34*$AC$2) -> 221 | T34: =(O34*$AD$2) -> 410.75 | U34: =(P34*$AE$2) -> 0 | V34: =Tabla1[[#This Row],[CONSUMO POL ANIONICO (KG)]] -> 5 | W34: =Tabla1[[#This Row],[CONSUMO POL CATIONICO (KG)]] -> 5 | X34: =(S34*1000)/L34 -> 552.5 | Y34: =(T34*1000)/L34 -> 1026.875 | Z34: =(U34*1000)/L34 -> 0 | AA34: =(V34*1000)/L34 -> 12.5 | AB34: =(W34*1000)/L34 -> 12.5 | AC34: 1.3 | AD34: 1.325 | AE34: 1.25 | AF34: 2500 | AG34: 2500 | AH34: 830 | AI34: 2818 | AJ34: 6295 | AK34: 19050 | AL34: 22050 | AM34: =S34*AH34 -> 183430 | AN34: =T34*AI34 -> 1157493.5 | AO34: =U34*AJ34 -> 0 | AP34: =V34*AK34 -> 95250 | AQ34: =W34*AL34 -> 110250 | AR34: =SUM(Tabla1[[#This Row],[COSTO OPERATIVO ACIDO]:[COSTO OPERATIVO CATIONICO]]) -> 1546423.5 | AS34: 3599 | AT34: =AR34/L34 -> 3866.0588
A35: 46093 | B35: =DAY(Tabla1[[#This Row],[FECHA]]) -> 12 | C35: 12 (NOCHE) | D35: 34 | E35: FINAL TURNO 3 | F35: 330 | G35: 3210 | H35: 2700 | I35: 205 | J35: 205 | K35: 17400 | L35: =+(K36-Tabla1[[#This Row],[Lectura Horometro INICIAL (06:00)]])*Tabla1[[#This Row],[CAUDAL DE TRATAMIENTO]] -> 480 | M35: 80 | N35: =F35-F36 -> 20 | O35: =G35-G36 -> 310 | P35: =H35-H36 -> 100 | Q35: =I35-I36 -> 0 | R35: =J35-J36 -> 5 | S35: =(N35*$AC$2) -> 26 | T35: =(O35*$AD$2) -> 410.75 | U35: =(P35*$AE$2) -> 125 | V35: =Tabla1[[#This Row],[CONSUMO POL ANIONICO (KG)]] -> 0 | W35: =Tabla1[[#This Row],[CONSUMO POL CATIONICO (KG)]] -> 5 | X35: =(S35*1000)/L35 -> 54.166667 | Y35: =(T35*1000)/L35 -> 855.72917 | Z35: =(U35*1000)/L35 -> 260.41667 | AA35: =(V35*1000)/L35 -> 0 | AB35: =(W35*1000)/L35 -> 10.416667 | AC35: 1.3 | AD35: 1.325 | AE35: 1.25 | AF35: 2500 | AG35: 2500 | AH35: 830 | AI35: 2818 | AJ35: 6295 | AK35: 19050 | AL35: 22050 | AM35: =S35*AH35 -> 21580 | AN35: =T35*AI35 -> 1157493.5 | AO35: =U35*AJ35 -> 786875 | AP35: =V35*AK35 -> 0 | AQ35: =W35*AL35 -> 110250 | AR35: =SUM(Tabla1[[#This Row],[COSTO OPERATIVO ACIDO]:[COSTO OPERATIVO CATIONICO]]) -> 2076198.5 | AS35: 3599 | AT35: =AR35/L35 -> 4325.4135
A36: =A35 -> 46093 | B36: =DAY(Tabla1[[#This Row],[FECHA]]) -> 12 | C36: 13 (MAÑANA) | D36: 35 | E36: FINAL TURNO 1 | F36: 310 | G36: 2900 | H36: 2600 | I36: 205 | J36: 200 | K36: 17406 | L36: =+(K37-Tabla1[[#This Row],[Lectura Horometro INICIAL (06:00)]])*Tabla1[[#This Row],[CAUDAL DE TRATAMIENTO]] -> 400 | M36: 80 | N36: =F36-F37-20 -> 190 | O36: =G36-G37 -> 300 | P36: =H36-H37 -> 170 | Q36: =I36-I37 -> 5 | R36: =J36-J37 -> 5 | S36: =(N36*$AC$2) -> 247 | T36: =(O36*$AD$2) -> 397.5 | U36: =(P36*$AE$2) -> 212.5 | V36: =Tabla1[[#This Row],[CONSUMO POL ANIONICO (KG)]] -> 5 | W36: =Tabla1[[#This Row],[CONSUMO POL CATIONICO (KG)]] -> 5 | X36: =(S36*1000)/L36 -> 617.5 | Y36: =(T36*1000)/L36 -> 993.75 | Z36: =(U36*1000)/L36 -> 531.25 | AA36: =(V36*1000)/L36 -> 12.5 | AB36: =(W36*1000)/L36 -> 12.5 | AC36: 1.3 | AD36: 1.325 | AE36: 1.25 | AF36: 2500 | AG36: 2500 | AH36: 830 | AI36: 2818 | AJ36: 6295 | AK36: 19050 | AL36: 22050 | AM36: =S36*AH36 -> 205010 | AN36: =T36*AI36 -> 1120155 | AO36: =U36*AJ36 -> 1337687.5 | AP36: =V36*AK36 -> 95250 | AQ36: =W36*AL36 -> 110250 | AR36: =SUM(Tabla1[[#This Row],[COSTO OPERATIVO ACIDO]:[COSTO OPERATIVO CATIONICO]]) -> 2868352.5 | AS36: 3599 | AT36: =AR36/L36 -> 7170.8813
A37: =A36 -> 46093 | B37: =DAY(Tabla1[[#This Row],[FECHA]]) -> 12 | C37: 3(TARDE) | D37: 36 | E37: FINAL TURNO 2 | F37: 100 | G37: 2600 | H37: 2430 | I37: 200 | J37: 195 | K37: 17411 | L37: =+(K38-Tabla1[[#This Row],[Lectura Horometro INICIAL (06:00)]])*Tabla1[[#This Row],[CAUDAL DE TRATAMIENTO]] -> 640 | M37: 80 | N37: =F37-F38+1000 -> 130 | O37: =G37-G38-150 -> 230 | P37: =H37-H38 -> 30 | Q37: =I37-I38 -> 0 | R37: =J37-J38 -> 5 | S37: =(N37*$AC$2) -> 169 | T37: =(O37*$AD$2) -> 304.75 | U37: =(P37*$AE$2) -> 37.5 | V37: =Tabla1[[#This Row],[CONSUMO POL ANIONICO (KG)]] -> 0 | W37: =Tabla1[[#This Row],[CONSUMO POL CATIONICO (KG)]] -> 5 | X37: =(S37*1000)/L37 -> 264.0625 | Y37: =(T37*1000)/L37 -> 476.17188 | Z37: =(U37*1000)/L37 -> 58.59375 | AA37: =(V37*1000)/L37 -> 0 | AB37: =(W37*1000)/L37 -> 7.8125 | AC37: 1.3 | AD37: 1.325 | AE37: 1.25 | AF37: 2500 | AG37: 2500 | AH37: 830 | AI37: 2818 | AJ37: 6295 | AK37: 19050 | AL37: 22050 | AM37: =S37*AH37 -> 140270 | AN37: =T37*AI37 -> 858785.5 | AO37: =U37*AJ37 -> 236062.5 | AP37: =V37*AK37 -> 0 | AQ37: =W37*AL37 -> 110250 | AR37: =SUM(Tabla1[[#This Row],[COSTO OPERATIVO ACIDO]:[COSTO OPERATIVO CATIONICO]]) -> 1345368 | AS37: 3599 | AT37: =AR37/L37 -> 2102.1375
A38: 46094 | B38: =DAY(Tabla1[[#This Row],[FECHA]]) -> 13 | C38: 13 (NOCHE) | D38: 37 | E38: FINAL TURNO 3 | F38: 970 | G38: 2220 | H38: 2400 | I38: 200 | J38: 190 | K38: 17419 | L38: =+(K39-Tabla1[[#This Row],[Lectura Horometro INICIAL (06:00)]])*Tabla1[[#This Row],[CAUDAL DE TRATAMIENTO]] -> 480 | M38: 80 | N38: =F38-F39 -> 80 | O38: =G38-G39 -> 220 | Q38: =I38-I39 -> 5 | R38: =J38-J39 -> 5 | S38: =(N38*$AC$2) -> 104 | T38: =(O38*$AD$2) -> 291.5 | U38: =(P38*$AE$2) -> 0 | V38: =Tabla1[[#This Row],[CONSUMO POL ANIONICO (KG)]] -> 5 | W38: =Tabla1[[#This Row],[CONSUMO POL CATIONICO (KG)]] -> 5 | X38: =(S38*1000)/L38 -> 216.66667 | Y38: =(T38*1000)/L38 -> 607.29167 | Z38: =(U38*1000)/L38 -> 0 | AA38: =(V38*1000)/L38 -> 10.416667 | AB38: =(W38*1000)/L38 -> 10.416667 | AC38: 1.3 | AD38: 1.325 | AE38: 1.25 | AF38: 2500 | AG38: 2500 | AH38: 830 | AI38: 2818 | AJ38: 6295 | AK38: 19050 | AL38: 22050 | AM38: =S38*AH38 -> 86320 | AN38: =T38*AI38 -> 821447 | AO38: =U38*AJ38 -> 0 | AP38: =V38*AK38 -> 95250 | AQ38: =W38*AL38 -> 110250 | AR38: =SUM(Tabla1[[#This Row],[COSTO OPERATIVO ACIDO]:[COSTO OPERATIVO CATIONICO]]) -> 1113267 | AS38: 3599 | AT38: =AR38/L38 -> 2319.3063
A39: =A38 -> 46094 | B39: =DAY(Tabla1[[#This Row],[FECHA]]) -> 13 | C39: 14 (MAÑANA) | D39: 38 | E39: FINAL TURNO 1 | F39: 890 | G39: 2000 | H39: 2300 | I39: 195 | J39: 185 | K39: 17425 | L39: =+(K40-Tabla1[[#This Row],[Lectura Horometro INICIAL (06:00)]])*Tabla1[[#This Row],[CAUDAL DE TRATAMIENTO]] -> 240 | M39: 80 | N39: =F39-F40 -> 160 | O39: =G39-G40 -> 110 | P39: =H39-H40 -> 10 | Q39: =I39-I40 -> 0 | R39: =J39-J40 -> 5 | S39: =(N39*$AC$2) -> 208 | T39: =(O39*$AD$2) -> 145.75 | U39: =(P39*$AE$2) -> 12.5 | V39: =Tabla1[[#This Row],[CONSUMO POL ANIONICO (KG)]] -> 0 | W39: =Tabla1[[#This Row],[CONSUMO POL CATIONICO (KG)]] -> 5 | X39: =(S39*1000)/L39 -> 866.66667 | Y39: =(T39*1000)/L39 -> 607.29167 | Z39: =(U39*1000)/L39 -> 52.083333 | AA39: =(V39*1000)/L39 -> 0 | AB39: =(W39*1000)/L39 -> 20.833333 | AC39: 1.3 | AD39: 1.325 | AE39: 1.25 | AF39: 2500 | AG39: 2500 | AH39: 830 | AI39: 2818 | AJ39: 6295 | AK39: 19050 | AL39: 22050 | AM39: =S39*AH39 -> 172640 | AN39: =T39*AI39 -> 410723.5 | AO39: =U39*AJ39 -> 78687.5 | AP39: =V39*AK39 -> 0 | AQ39: =W39*AL39 -> 110250 | AR39: =SUM(Tabla1[[#This Row],[COSTO OPERATIVO ACIDO]:[COSTO OPERATIVO CATIONICO]]) -> 772301 | AS39: 3599 | AT39: =AR39/L39 -> 3217.9208
A40: =A39 -> 46094 | B40: =DAY(Tabla1[[#This Row],[FECHA]]) -> 13 | C40: 3(TARDE) | D40: 39 | E40: FINAL TURNO 2 | F40: 730 | G40: 1890 | H40: 2290 | I40: 195 | J40: 180 | K40: 17428 | L40: =+(K41-Tabla1[[#This Row],[Lectura Horometro INICIAL (06:00)]])*Tabla1[[#This Row],[CAUDAL DE TRATAMIENTO]] -> 560 | M40: 80 | N40: =F40-F41 -> 120 | O40: =G40-G41 -> 140 | P40: =H40-H41 -> 190 | Q40: =I40-I41 -> 5 | R40: =J40-J41 -> 5 | S40: =(N40*$AC$2) -> 156 | T40: =(O40*$AD$2) -> 185.5 | U40: =(P40*$AE$2) -> 237.5 | V40: =Tabla1[[#This Row],[CONSUMO POL ANIONICO (KG)]] -> 5 | W40: =Tabla1[[#This Row],[CONSUMO POL CATIONICO (KG)]] -> 5 | X40: =(S40*1000)/L40 -> 278.57143 | Y40: =(T40*1000)/L40 -> 331.25 | Z40: =(U40*1000)/L40 -> 424.10714 | AA40: =(V40*1000)/L40 -> 8.9285714 | AB40: =(W40*1000)/L40 -> 8.9285714 | AC40: 1.3 | AD40: 1.325 | AE40: 1.25 | AF40: 2500 | AG40: 2500 | AH40: 830 | AI40: 2818 | AJ40: 6295 | AK40: 19050 | AL40: 22050 | AM40: =S40*AH40 -> 129480 | AN40: =T40*AI40 -> 522739 | AO40: =U40*AJ40 -> 1495062.5 | AP40: =V40*AK40 -> 95250 | AQ40: =W40*AL40 -> 110250 | AR40: =SUM(Tabla1[[#This Row],[COSTO OPERATIVO ACIDO]:[COSTO OPERATIVO CATIONICO]]) -> 2352781.5 | AS40: 3599 | AT40: =AR40/L40 -> 4201.3955
A41: 46095 | B41: =DAY(Tabla1[[#This Row],[FECHA]]) -> 14 | C41: 14 (NOCHE) | D41: 40 | E41: FINAL TURNO 3 | F41: 610 | G41: 1750 | H41: 2100 | I41: 190 | J41: 175 | K41: 17435 | L41: =+(K42-Tabla1[[#This Row],[Lectura Horometro INICIAL (06:00)]])*Tabla1[[#This Row],[CAUDAL DE TRATAMIENTO]] -> 560 | M41: 80 | N41: =F41-F42 -> 120 | O41: =G41-G42-110 -> 220 | P41: =H41-H42 -> 10 | Q41: =I41-I42 -> 0 | R41: =J41-J42 -> 5 | S41: =(N41*$AC$2) -> 156 | T41: =(O41*$AD$2) -> 291.5 | U41: =(P41*$AE$2) -> 12.5 | V41: =Tabla1[[#This Row],[CONSUMO POL ANIONICO (KG)]] -> 0 | W41: =Tabla1[[#This Row],[CONSUMO POL CATIONICO (KG)]] -> 5 | X41: =(S41*1000)/L41 -> 278.57143 | Y41: =(T41*1000)/L41 -> 520.53571 | Z41: =(U41*1000)/L41 -> 22.321429 | AA41: =(V41*1000)/L41 -> 0 | AB41: =(W41*1000)/L41 -> 8.9285714 | AC41: 1.3 | AD41: 1.325 | AE41: 1.25 | AF41: 2500 | AG41: 2500 | AH41: 830 | AI41: 2818 | AJ41: 6295 | AK41: 19050 | AL41: 22050 | AM41: =S41*AH41 -> 129480 | AN41: =T41*AI41 -> 821447 | AO41: =U41*AJ41 -> 78687.5 | AP41: =V41*AK41 -> 0 | AQ41: =W41*AL41 -> 110250 | AR41: =SUM(Tabla1[[#This Row],[COSTO OPERATIVO ACIDO]:[COSTO OPERATIVO CATIONICO]]) -> 1139864.5 | AS41: 3599 | AT41: =AR41/L41 -> 2035.4723
A42: =A41 -> 46095 | B42: =DAY(Tabla1[[#This Row],[FECHA]]) -> 14 | C42: 15 (MAÑANA) | D42: 41 | E42: FINAL TURNO 1 | F42: 490 | G42: 1420 | H42: 2090 | I42: 190 | J42: 170 | K42: 17442 | L42: =+(K43-Tabla1[[#This Row],[Lectura Horometro INICIAL (06:00)]])*Tabla1[[#This Row],[CAUDAL DE TRATAMIENTO]] -> 240 | M42: 80 | N42: =F42-F43 -> 90 | O42: =G42-G43 -> 120 | P42: =H42-H43 -> 90 | Q42: =I42-I43 -> 5 | R42: =J42-J43 -> 5 | S42: =(N42*$AC$2) -> 117 | T42: =(O42*$AD$2) -> 159 | U42: =(P42*$AE$2) -> 112.5 | V42: =Tabla1[[#This Row],[CONSUMO POL ANIONICO (KG)]] -> 5 | W42: =Tabla1[[#This Row],[CONSUMO POL CATIONICO (KG)]] -> 5 | X42: =(S42*1000)/L42 -> 487.5 | Y42: =(T42*1000)/L42 -> 662.5 | Z42: =(U42*1000)/L42 -> 468.75 | AA42: =(V42*1000)/L42 -> 20.833333 | AB42: =(W42*1000)/L42 -> 20.833333 | AC42: 1.3 | AD42: 1.325 | AE42: 1.25 | AF42: 2500 | AG42: 2500 | AH42: 830 | AI42: 2818 | AJ42: 6295 | AK42: 19050 | AL42: 22050 | AM42: =S42*AH42 -> 97110 | AN42: =T42*AI42 -> 448062 | AO42: =U42*AJ42 -> 708187.5 | AP42: =V42*AK42 -> 95250 | AQ42: =W42*AL42 -> 110250 | AR42: =SUM(Tabla1[[#This Row],[COSTO OPERATIVO ACIDO]:[COSTO OPERATIVO CATIONICO]]) -> 1458859.5 | AS42: 3599 | AT42: =AR42/L42 -> 6078.5813
A43: =A42 -> 46095 | B43: =DAY(Tabla1[[#This Row],[FECHA]]) -> 14 | C43: 3(TARDE) | D43: 42 | E43: FINAL TURNO 2 | F43: 400 | G43: 1300 | H43: 2000 | I43: 185 | J43: 165 | K43: 17445 | L43: =+(K44-Tabla1[[#This Row],[Lectura Horometro INICIAL (06:00)]])*Tabla1[[#This Row],[CAUDAL DE TRATAMIENTO]] -> 480 | M43: 80 | N43: =F43-F44 -> 0 | O43: =G43-G44 -> 0 | P43: =H43-H44 -> 0 | Q43: =I43-I44 -> 0 | R43: =J43-J44 -> 5 | S43: =(N43*$AC$2) -> 0 | T43: =(O43*$AD$2) -> 0 | U43: =(P43*$AE$2) -> 0 | V43: =Tabla1[[#This Row],[CONSUMO POL ANIONICO (KG)]] -> 0 | W43: =Tabla1[[#This Row],[CONSUMO POL CATIONICO (KG)]] -> 5 | X43: =(S43*1000)/L43 -> 0 | Y43: =(T43*1000)/L43 -> 0 | Z43: =(U43*1000)/L43 -> 0 | AA43: =(V43*1000)/L43 -> 0 | AB43: =(W43*1000)/L43 -> 10.416667 | AC43: 1.3 | AD43: 1.325 | AE43: 1.25 | AF43: 2500 | AG43: 2500 | AH43: 830 | AI43: 2818 | AJ43: 6295 | AK43: 19050 | AL43: 22050 | AM43: =S43*AH43 -> 0 | AN43: =T43*AI43 -> 0 | AO43: =U43*AJ43 -> 0 | AP43: =V43*AK43 -> 0 | AQ43: =W43*AL43 -> 110250 | AR43: =SUM(Tabla1[[#This Row],[COSTO OPERATIVO ACIDO]:[COSTO OPERATIVO CATIONICO]]) -> 110250 | AS43: 3599 | AT43: =AR43/L43 -> 229.6875
A44: 46096 | B44: =DAY(Tabla1[[#This Row],[FECHA]]) -> 15 | C44: 15 (NOCHE) | D44: 43 | E44: FINAL TURNO 3 | F44: =+AVERAGE(F43,F45) -> 400 | G44: =+AVERAGE(G43,G45) -> 1300 | H44: =+AVERAGE(H43,H45) -> 2000 | I44: 185 | J44: 160 | K44: 17451 | L44: =+(K45-Tabla1[[#This Row],[Lectura Horometro INICIAL (06:00)]])*Tabla1[[#This Row],[CAUDAL DE TRATAMIENTO]] -> 0 | M44: 80 | N44: =F44-F45 -> 0 | O44: =G44-G45 -> 0 | P44: =H44-H45 -> 0 | Q44: =I44-I45 -> 0 | R44: =J44-J45 -> 5 | S44: =(N44*$AC$2) -> 0 | T44: =(O44*$AD$2) -> 0 | U44: =(P44*$AE$2) -> 0 | V44: =Tabla1[[#This Row],[CONSUMO POL ANIONICO (KG)]] -> 0 | W44: =Tabla1[[#This Row],[CONSUMO POL CATIONICO (KG)]] -> 5 | X44: =(S44*1000)/L44 -> #DIV/0! | Y44: =(T44*1000)/L44 -> #DIV/0! | Z44: =(U44*1000)/L44 -> #DIV/0! | AA44: =(V44*1000)/L44 -> #DIV/0! | AB44: =(W44*1000)/L44 -> #DIV/0! | AC44: 1.3 | AD44: 1.325 | AE44: 1.25 | AF44: 2500 | AG44: 2500 | AH44: 830 | AI44: 2818 | AJ44: 6295 | AK44: 19050 | AL44: 22050 | AM44: =S44*AH44 -> 0 | AN44: =T44*AI44 -> 0 | AO44: =U44*AJ44 -> 0 | AP44: =V44*AK44 -> 0 | AQ44: =W44*AL44 -> 110250 | AR44: =SUM(Tabla1[[#This Row],[COSTO OPERATIVO ACIDO]:[COSTO OPERATIVO CATIONICO]]) -> 110250 | AS44: 3599 | AT44: =AR44/L44 -> #DIV/0!
A45: =A44 -> 46096 | B45: =DAY(Tabla1[[#This Row],[FECHA]]) -> 15 | C45: 16 (MAÑANA) | D45: 44 | E45: FINAL TURNO 1 | F45: 400 | G45: 1300 | H45: 2000 | I45: 185 | J45: 155 | K45: 17451 | L45: =+(K46-Tabla1[[#This Row],[Lectura Horometro INICIAL (06:00)]])*Tabla1[[#This Row],[CAUDAL DE TRATAMIENTO]] -> 0 | M45: 80 | N45: =F45-F46 -> 0 | O45: =G45-G46 -> 0 | P45: =H45-H46 -> 0 | Q45: =I45-I46 -> 0 | R45: =J45-J46 -> 5 | S45: =(N45*$AC$2) -> 0 | T45: =(O45*$AD$2) -> 0 | U45: =(P45*$AE$2) -> 0 | V45: =Tabla1[[#This Row],[CONSUMO POL ANIONICO (KG)]] -> 0 | W45: =Tabla1[[#This Row],[CONSUMO POL CATIONICO (KG)]] -> 5 | X45: =(S45*1000)/L45 -> #DIV/0! | Y45: =(T45*1000)/L45 -> #DIV/0! | Z45: =(U45*1000)/L45 -> #DIV/0! | AA45: =(V45*1000)/L45 -> #DIV/0! | AB45: =(W45*1000)/L45 -> #DIV/0! | AC45: 1.3 | AD45: 1.325 | AE45: 1.25 | AF45: 2500 | AG45: 2500 | AH45: 830 | AI45: 2818 | AJ45: 6295 | AK45: 19050 | AL45: 22050 | AM45: =S45*AH45 -> 0 | AN45: =T45*AI45 -> 0 | AO45: =U45*AJ45 -> 0 | AP45: =V45*AK45 -> 0 | AQ45: =W45*AL45 -> 110250 | AR45: =SUM(Tabla1[[#This Row],[COSTO OPERATIVO ACIDO]:[COSTO OPERATIVO CATIONICO]]) -> 110250 | AS45: 3599 | AT45: =AR45/L45 -> #DIV/0!
A46: =A45 -> 46096 | B46: =DAY(Tabla1[[#This Row],[FECHA]]) -> 15 | C46: 3(TARDE) | D46: 45 | E46: FINAL TURNO 2 | F46: 400 | G46: 1300 | H46: 2000 | I46: 185 | J46: 150 | K46: 17451 | L46: =+(K47-Tabla1[[#This Row],[Lectura Horometro INICIAL (06:00)]])*Tabla1[[#This Row],[CAUDAL DE TRATAMIENTO]] -> 0 | M46: 80 | N46: =F46-F47 -> 0 | O46: =G46-G47 -> 0 | P46: =H46-H47 -> 0 | Q46: =I46-I47 -> 0 | R46: =J46-J47 -> 5 | S46: =(N46*$AC$2) -> 0 | T46: =(O46*$AD$2) -> 0 | U46: =(P46*$AE$2) -> 0 | V46: =Tabla1[[#This Row],[CONSUMO POL ANIONICO (KG)]] -> 0 | W46: =Tabla1[[#This Row],[CONSUMO POL CATIONICO (KG)]] -> 5 | X46: =(S46*1000)/L46 -> #DIV/0! | Y46: =(T46*1000)/L46 -> #DIV/0! | Z46: =(U46*1000)/L46 -> #DIV/0! | AA46: =(V46*1000)/L46 -> #DIV/0! | AB46: =(W46*1000)/L46 -> #DIV/0! | AC46: 1.3 | AD46: 1.325 | AE46: 1.25 | AF46: 2500 | AG46: 2500 | AH46: 830 | AI46: 2818 | AJ46: 6295 | AK46: 19050 | AL46: 22050 | AM46: =S46*AH46 -> 0 | AN46: =T46*AI46 -> 0 | AO46: =U46*AJ46 -> 0 | AP46: =V46*AK46 -> 0 | AQ46: =W46*AL46 -> 110250 | AR46: =SUM(Tabla1[[#This Row],[COSTO OPERATIVO ACIDO]:[COSTO OPERATIVO CATIONICO]]) -> 110250 | AS46: 3599 | AT46: =AR46/L46 -> #DIV/0!
A47: 46097 | B47: =DAY(Tabla1[[#This Row],[FECHA]]) -> 16 | C47: 16 (NOCHE) | D47: 46 | E47: FINAL TURNO 3 | F47: 400 | G47: 1300 | H47: 2000 | I47: 185 | J47: 145 | K47: 17451 | L47: 375 | M47: 80 | N47: =F47-F48 -> 250 | O47: =G47-G48-150 -> 300 | P47: =H47-H48 -> 70 | Q47: =I47-I48 -> 5 | R47: =J47-J48 -> 5 | S47: =(N47*$AC$2) -> 325 | T47: =(O47*$AD$2) -> 397.5 | U47: =(P47*$AE$2) -> 87.5 | V47: =Tabla1[[#This Row],[CONSUMO POL ANIONICO (KG)]] -> 5 | W47: =Tabla1[[#This Row],[CONSUMO POL CATIONICO (KG)]] -> 5 | X47: =(S47*1000)/L47 -> 866.66667 | Y47: =(T47*1000)/L47 -> 1060 | Z47: =(U47*1000)/L47 -> 233.33333 | AA47: =(V47*1000)/L47 -> 13.333333 | AB47: =(W47*1000)/L47 -> 13.333333 | AC47: 1.3 | AD47: 1.325 | AE47: 1.25 | AF47: 2500 | AG47: 2500 | AH47: 830 | AI47: 2818 | AJ47: 6295 | AK47: 19050 | AL47: 22050 | AM47: =S47*AH47 -> 269750 | AN47: =T47*AI47 -> 1120155 | AO47: =U47*AJ47 -> 550812.5 | AP47: =V47*AK47 -> 95250 | AQ47: =W47*AL47 -> 110250 | AR47: =SUM(Tabla1[[#This Row],[COSTO OPERATIVO ACIDO]:[COSTO OPERATIVO CATIONICO]]) -> 2146217.5 | AS47: 3599 | AT47: =AR47/L47 -> 5723.2467
A48: =A47 -> 46097 | B48: =DAY(Tabla1[[#This Row],[FECHA]]) -> 16 | C48: 17 (MAÑANA) | D48: 47 | E48: FINAL TURNO 1 | F48: 150 | G48: 850 | H48: 1930 | I48: 180 | J48: 140 | K48: 17455 | L48: 457 | M48: 80 | N48: =F48-F49 -> 50 | O48: =G48-G49 -> 110 | P48: =H48-H49 -> 30 | Q48: =I48-I49 -> 0 | R48: =J48-J49 -> 5 | S48: =(N48*$AC$2) -> 65 | T48: =(O48*$AD$2) -> 145.75 | U48: =(P48*$AE$2) -> 37.5 | V48: =Tabla1[[#This Row],[CONSUMO POL ANIONICO (KG)]] -> 0 | W48: =Tabla1[[#This Row],[CONSUMO POL CATIONICO (KG)]] -> 5 | X48: =(S48*1000)/L48 -> 142.23195 | Y48: =(T48*1000)/L48 -> 318.92779 | Z48: =(U48*1000)/L48 -> 82.056893 | AA48: =(V48*1000)/L48 -> 0 | AB48: =(W48*1000)/L48 -> 10.940919 | AC48: 1.3 | AD48: 1.325 | AE48: 1.25 | AF48: 2500 | AG48: 2500 | AH48: 830 | AI48: 2818 | AJ48: 6295 | AK48: 19050 | AL48: 22050 | AM48: =S48*AH48 -> 53950 | AN48: =T48*AI48 -> 410723.5 | AO48: =U48*AJ48 -> 236062.5 | AP48: =V48*AK48 -> 0 | AQ48: =W48*AL48 -> 110250 | AR48: =SUM(Tabla1[[#This Row],[COSTO OPERATIVO ACIDO]:[COSTO OPERATIVO CATIONICO]]) -> 810986 | AS48: 3599 | AT48: =AR48/L48 -> 1774.5864
A49: =A48 -> 46097 | B49: =DAY(Tabla1[[#This Row],[FECHA]]) -> 16 | C49: 3(TARDE) | D49: 48 | E49: FINAL TURNO 2 | F49: 100 | G49: 740 | H49: 1900 | I49: 180 | J49: 135 | K49: 17458 | L49: 461 | M49: 80 | N49: =F49-F50+2000 -> 0 | O49: =G49-G50+2000 -> 390 | P49: =H49-H50+1000 -> 50 | Q49: =I49-I50+100 -> 5 | R49: =J49-J50 -> 5 | S49: =(N49*$AC$2) -> 0 | T49: =(O49*$AD$2) -> 516.75 | U49: =(P49*$AE$2) -> 62.5 | V49: =Tabla1[[#This Row],[CONSUMO POL ANIONICO (KG)]] -> 5 | W49: =Tabla1[[#This Row],[CONSUMO POL CATIONICO (KG)]] -> 5 | X49: =(S49*1000)/L49 -> 0 | Y49: =(T49*1000)/L49 -> 1120.9328 | Z49: =(U49*1000)/L49 -> 135.57484 | AA49: =(V49*1000)/L49 -> 10.845987 | AB49: =(W49*1000)/L49 -> 10.845987 | AC49: 1.3 | AD49: 1.325 | AE49: 1.25 | AF49: 2500 | AG49: 2500 | AH49: 830 | AI49: 2818 | AJ49: 6295 | AK49: 19050 | AL49: 22050 | AM49: =S49*AH49 -> 0 | AN49: =T49*AI49 -> 1456201.5 | AO49: =U49*AJ49 -> 393437.5 | AP49: =V49*AK49 -> 95250 | AQ49: =W49*AL49 -> 110250 | AR49: =SUM(Tabla1[[#This Row],[COSTO OPERATIVO ACIDO]:[COSTO OPERATIVO CATIONICO]]) -> 2055139 | AS49: 3599 | AT49: =AR49/L49 -> 4458.0022
A50: 46098 | B50: =DAY(Tabla1[[#This Row],[FECHA]]) -> 17 | C50: 17 (NOCHE) | D50: 49 | E50: FINAL TURNO 3 | F50: 2100 | G50: 2350 | H50: 2850 | I50: 275 | J50: 130 | K50: 17462 | L50: =+(K51-Tabla1[[#This Row],[Lectura Horometro INICIAL (06:00)]])*Tabla1[[#This Row],[CAUDAL DE TRATAMIENTO]] -> 480 | M50: 80 | N50: =F50-F51 -> 180 | O50: =G50-G51-100 -> 50 | P50: =H50-H51 -> 100 | Q50: =I50-I51 -> 0 | R50: =J50-J51 -> 5 | S50: =(N50*$AC$2) -> 234 | T50: =(O50*$AD$2) -> 66.25 | U50: =(P50*$AE$2) -> 125 | V50: =Tabla1[[#This Row],[CONSUMO POL ANIONICO (KG)]] -> 0 | W50: =Tabla1[[#This Row],[CONSUMO POL CATIONICO (KG)]] -> 5 | X50: =(S50*1000)/L50 -> 487.5 | Y50: =(T50*1000)/L50 -> 138.02083 | Z50: =(U50*1000)/L50 -> 260.41667 | AA50: =(V50*1000)/L50 -> 0 | AB50: =(W50*1000)/L50 -> 10.416667 | AC50: 1.3 | AD50: 1.325 | AE50: 1.25 | AF50: 2500 | AG50: 2500 | AH50: 830 | AI50: 2818 | AJ50: 6295 | AK50: 19050 | AL50: 22050 | AM50: =S50*AH50 -> 194220 | AN50: =T50*AI50 -> 186692.5 | AO50: =U50*AJ50 -> 786875 | AP50: =V50*AK50 -> 0 | AQ50: =W50*AL50 -> 110250 | AR50: =SUM(Tabla1[[#This Row],[COSTO OPERATIVO ACIDO]:[COSTO OPERATIVO CATIONICO]]) -> 1278037.5 | AS50: 3599 | AT50: =AR50/L50 -> 2662.5781
A51: =A50 -> 46098 | B51: =DAY(Tabla1[[#This Row],[FECHA]]) -> 17 | C51: 18 (MAÑANA) | D51: 50 | E51: FINAL TURNO 1 | F51: 1920 | G51: 2200 | H51: 2750 | I51: 275 | J51: 125 | K51: 17468 | L51: =+(K52-Tabla1[[#This Row],[Lectura Horometro INICIAL (06:00)]])*Tabla1[[#This Row],[CAUDAL DE TRATAMIENTO]] -> 320 | M51: 80 | N51: =F51-F52+1000 -> 140 | O51: =G51-G52 -> 240 | P51: =H51-H52 -> 50 | Q51: =I51-I52 -> 5 | R51: =J51-J52 -> 5 | S51: =(N51*$AC$2) -> 182 | T51: =(O51*$AD$2) -> 318 | U51: =(P51*$AE$2) -> 62.5 | V51: =Tabla1[[#This Row],[CONSUMO POL ANIONICO (KG)]] -> 5 | W51: =Tabla1[[#This Row],[CONSUMO POL CATIONICO (KG)]] -> 5 | X51: =(S51*1000)/L51 -> 568.75 | Y51: =(T51*1000)/L51 -> 993.75 | Z51: =(U51*1000)/L51 -> 195.3125 | AA51: =(V51*1000)/L51 -> 15.625 | AB51: =(W51*1000)/L51 -> 15.625 | AC51: 1.3 | AD51: 1.325 | AE51: 1.25 | AF51: 2500 | AG51: 2500 | AH51: 830 | AI51: 2818 | AJ51: 6295 | AK51: 19050 | AL51: 22050 | AM51: =S51*AH51 -> 151060 | AN51: =T51*AI51 -> 896124 | AO51: =U51*AJ51 -> 393437.5 | AP51: =V51*AK51 -> 95250 | AQ51: =W51*AL51 -> 110250 | AR51: =SUM(Tabla1[[#This Row],[COSTO OPERATIVO ACIDO]:[COSTO OPERATIVO CATIONICO]]) -> 1646121.5 | AS51: 3599 | AT51: =AR51/L51 -> 5144.1297
A52: =A51 -> 46098 | B52: =DAY(Tabla1[[#This Row],[FECHA]]) -> 17 | C52: 3(TARDE) | D52: 51 | E52: FINAL TURNO 2 | F52: 2780 | G52: 1960 | H52: 2700 | I52: 270 | J52: =+J51-5 -> 120 | K52: 17472 | L52: =+(K53-Tabla1[[#This Row],[Lectura Horometro INICIAL (06:00)]])*Tabla1[[#This Row],[CAUDAL DE TRATAMIENTO]] -> 400 | M52: 80 | N52: =F52-F53+1000 -> 100 | O52: =G52-G53+3000 -> 220 | P52: =H52-H53 -> 40 | Q52: =I52-I53 -> 0 | R52: =J52-J53+25 -> 5 | S52: =(N52*$AC$2) -> 130 | T52: =(O52*$AD$2) -> 291.5 | U52: =(P52*$AE$2) -> 50 | V52: =Tabla1[[#This Row],[CONSUMO POL ANIONICO (KG)]] -> 0 | W52: =Tabla1[[#This Row],[CONSUMO POL CATIONICO (KG)]] -> 5 | X52: =(S52*1000)/L52 -> 325 | Y52: =(T52*1000)/L52 -> 728.75 | Z52: =(U52*1000)/L52 -> 125 | AA52: =(V52*1000)/L52 -> 0 | AB52: =(W52*1000)/L52 -> 12.5 | AC52: 1.3 | AD52: 1.325 | AE52: 1.25 | AF52: 2500 | AG52: 2500 | AH52: 830 | AI52: 2818 | AJ52: 6295 | AK52: 19050 | AL52: 22050 | AM52: =S52*AH52 -> 107900 | AN52: =T52*AI52 -> 821447 | AO52: =U52*AJ52 -> 314750 | AP52: =V52*AK52 -> 0 | AQ52: =W52*AL52 -> 110250 | AR52: =SUM(Tabla1[[#This Row],[COSTO OPERATIVO ACIDO]:[COSTO OPERATIVO CATIONICO]]) -> 1354347 | AS52: 3599 | AT52: =AR52/L52 -> 3385.8675
A53: 46099 | B53: =DAY(Tabla1[[#This Row],[FECHA]]) -> 18 | C53: 18 (NOCHE) | D53: 52 | E53: FINAL TURNO 3 | F53: 3680 | G53: 4740 | H53: 2660 | I53: 270 | J53: =+J52-5+25 -> 140 | K53: 17477 | L53: 545 | M53: 80 | N53: =F53-F54 -> 260 | O53: =G53-G54-120 -> 110 | P53: =H53-H54 -> 60 | Q53: =I53-I54 -> 8 | R53: =J53-J54 -> 8 | S53: =(N53*$AC$2) -> 338 | T53: =(O53*$AD$2) -> 145.75 | U53: =(P53*$AE$2) -> 75 | V53: =Tabla1[[#This Row],[CONSUMO POL ANIONICO (KG)]] -> 8 | W53: =Tabla1[[#This Row],[CONSUMO POL CATIONICO (KG)]] -> 8 | X53: =(S53*1000)/L53 -> 620.18349 | Y53: =(T53*1000)/L53 -> 267.43119 | Z53: =(U53*1000)/L53 -> 137.61468 | AA53: =(V53*1000)/L53 -> 14.678899 | AB53: =(W53*1000)/L53 -> 14.678899 | AC53: 1.3 | AD53: 1.325 | AE53: 1.25 | AF53: 2500 | AG53: 2500 | AH53: 830 | AI53: 2818 | AJ53: 6295 | AK53: 19050 | AL53: 22050 | AM53: =S53*AH53 -> 280540 | AN53: =T53*AI53 -> 410723.5 | AO53: =U53*AJ53 -> 472125 | AP53: =V53*AK53 -> 152400 | AQ53: =W53*AL53 -> 176400 | AR53: =SUM(Tabla1[[#This Row],[COSTO OPERATIVO ACIDO]:[COSTO OPERATIVO CATIONICO]]) -> 1492188.5 | AS53: 3599 | AT53: =AR53/L53 -> 2737.9606
A54: =A53 -> 46099 | B54: =DAY(Tabla1[[#This Row],[FECHA]]) -> 18 | C54: 19 (MAÑANA) | D54: 53 | E54: FINAL TURNO 1 | F54: 3420 | G54: 4510 | H54: 2600 | I54: =+I53-8 -> 262 | J54: =+J53-8 -> 132 | K54: 17484 | L54: 390 | M54: 80 | N54: =F54-F55 -> 260 | O54: =G54-G55 -> 170 | P54: =H54-H55 -> 50 | Q54: =I54-I55 -> 0 | R54: =J54-J55 -> 5 | S54: =(N54*$AC$2) -> 338 | T54: =(O54*$AD$2) -> 225.25 | U54: =(P54*$AE$2) -> 62.5 | V54: =Tabla1[[#This Row],[CONSUMO POL ANIONICO (KG)]] -> 0 | W54: =Tabla1[[#This Row],[CONSUMO POL CATIONICO (KG)]] -> 5 | X54: =(S54*1000)/L54 -> 866.66667 | Y54: =(T54*1000)/L54 -> 577.5641 | Z54: =(U54*1000)/L54 -> 160.25641 | AA54: =(V54*1000)/L54 -> 0 | AB54: =(W54*1000)/L54 -> 12.820513 | AC54: 1.3 | AD54: 1.325 | AE54: 1.25 | AF54: 2500 | AG54: 2500 | AH54: 830 | AI54: 2818 | AJ54: 6295 | AK54: 19050 | AL54: 22050 | AM54: =S54*AH54 -> 280540 | AN54: =T54*AI54 -> 634754.5 | AO54: =U54*AJ54 -> 393437.5 | AP54: =V54*AK54 -> 0 | AQ54: =W54*AL54 -> 110250 | AR54: =SUM(Tabla1[[#This Row],[COSTO OPERATIVO ACIDO]:[COSTO OPERATIVO CATIONICO]]) -> 1418982 | AS54: 3599 | AT54: =AR54/L54 -> 3638.4154
A55: =A54 -> 46099 | B55: =DAY(Tabla1[[#This Row],[FECHA]]) -> 18 | C55: 3(TARDE) | D55: 54 | E55: FINAL TURNO 2 | F55: 3160 | G55: 4340 | H55: 2550 | I55: =+I54-0 -> 262 | J55: =+J54-5 -> 127 | K55: 17487 | L55: 419 | M55: 80 | N55: =F55-F56 -> 160 | O55: =G55-G56-150 -> 180 | P55: =H55-H56 -> 60 | Q55: =I55-I56 -> 0 | R55: =J55-J56 -> 5 | S55: =(N55*$AC$2) -> 208 | T55: =(O55*$AD$2) -> 238.5 | U55: =(P55*$AE$2) -> 75 | V55: =Tabla1[[#This Row],[CONSUMO POL ANIONICO (KG)]] -> 0 | W55: =Tabla1[[#This Row],[CONSUMO POL CATIONICO (KG)]] -> 5 | X55: =(S55*1000)/L55 -> 496.42005 | Y55: =(T55*1000)/L55 -> 569.21241 | Z55: =(U55*1000)/L55 -> 178.99761 | AA55: =(V55*1000)/L55 -> 0 | AB55: =(W55*1000)/L55 -> 11.933174 | AC55: 1.3 | AD55: 1.325 | AE55: 1.25 | AF55: 2500 | AG55: 2500 | AH55: 830 | AI55: 2818 | AJ55: 6295 | AK55: 19050 | AL55: 22050 | AM55: =S55*AH55 -> 172640 | AN55: =T55*AI55 -> 672093 | AO55: =U55*AJ55 -> 472125 | AP55: =V55*AK55 -> 0 | AQ55: =W55*AL55 -> 110250 | AR55: =SUM(Tabla1[[#This Row],[COSTO OPERATIVO ACIDO]:[COSTO OPERATIVO CATIONICO]]) -> 1427108 | AS55: 3599 | AT55: =AR55/L55 -> 3405.9857
A56: 46100 | B56: =DAY(Tabla1[[#This Row],[FECHA]]) -> 19 | C56: 19 (NOCHE) | D56: 55 | E56: FINAL TURNO 3 | F56: 3000 | G56: 4010 | H56: 2490 | I56: =+I55-0 -> 262 | J56: =+J55-5 -> 122 | K56: 17491 | L56: =+(K57-Tabla1[[#This Row],[Lectura Horometro INICIAL (06:00)]])*Tabla1[[#This Row],[CAUDAL DE TRATAMIENTO]] -> 400 | M56: 80 | N56: =F56-F57 -> 8 | O56: =G56-G57 -> 110 | P56: =H56-H57 -> 70 | Q56: =I56-I57 -> 0 | R56: =J56-J57 -> 5 | S56: =(N56*$AC$2) -> 10.4 | T56: =(O56*$AD$2) -> 145.75 | U56: =(P56*$AE$2) -> 87.5 | V56: =Tabla1[[#This Row],[CONSUMO POL ANIONICO (KG)]] -> 0 | W56: =Tabla1[[#This Row],[CONSUMO POL CATIONICO (KG)]] -> 5 | X56: =(S56*1000)/L56 -> 26 | Y56: =(T56*1000)/L56 -> 364.375 | Z56: =(U56*1000)/L56 -> 218.75 | AA56: =(V56*1000)/L56 -> 0 | AB56: =(W56*1000)/L56 -> 12.5 | AC56: 1.3 | AD56: 1.325 | AE56: 1.25 | AF56: 2500 | AG56: 2500 | AH56: 830 | AI56: 2818 | AJ56: 6295 | AK56: 19050 | AL56: 22050 | AM56: =S56*AH56 -> 8632 | AN56: =T56*AI56 -> 410723.5 | AO56: =U56*AJ56 -> 550812.5 | AP56: =V56*AK56 -> 0 | AQ56: =W56*AL56 -> 110250 | AR56: =SUM(Tabla1[[#This Row],[COSTO OPERATIVO ACIDO]:[COSTO OPERATIVO CATIONICO]]) -> 1080418 | AS56: 3599 | AT56: =AR56/L56 -> 2701.045
A57: =A56 -> 46100 | B57: =DAY(Tabla1[[#This Row],[FECHA]]) -> 19 | C57: 20 (MAÑANA) | D57: 56 | E57: FINAL TURNO 1 | F57: 2992 | G57: 3900 | H57: 2420 | I57: =+I56-0 -> 262 | J57: =+J56-5 -> 117 | K57: 17496 | L57: =+(K58-Tabla1[[#This Row],[Lectura Horometro INICIAL (06:00)]])*Tabla1[[#This Row],[CAUDAL DE TRATAMIENTO]] -> 320 | M57: 80 | N57: =F57-F58-20 -> 162 | O57: =G57-G58 -> 80 | P57: =H57-H58+1000 -> 20 | Q57: =I57-I58 -> 0 | R57: =J57-J58+100 -> 5 | S57: =(N57*$AC$2) -> 210.6 | T57: =(O57*$AD$2) -> 106 | U57: =(P57*$AE$2) -> 25 | V57: =Tabla1[[#This Row],[CONSUMO POL ANIONICO (KG)]] -> 0 | W57: =Tabla1[[#This Row],[CONSUMO POL CATIONICO (KG)]] -> 5 | X57: =(S57*1000)/L57 -> 658.125 | Y57: =(T57*1000)/L57 -> 331.25 | Z57: =(U57*1000)/L57 -> 78.125 | AA57: =(V57*1000)/L57 -> 0 | AB57: =(W57*1000)/L57 -> 15.625 | AC57: 1.3 | AD57: 1.325 | AE57: 1.25 | AF57: 2500 | AG57: 2500 | AH57: 830 | AI57: 2818 | AJ57: 6295 | AK57: 19050 | AL57: 22050 | AM57: =S57*AH57 -> 174798 | AN57: =T57*AI57 -> 298708 | AO57: =U57*AJ57 -> 157375 | AP57: =V57*AK57 -> 0 | AQ57: =W57*AL57 -> 110250 | AR57: =SUM(Tabla1[[#This Row],[COSTO OPERATIVO ACIDO]:[COSTO OPERATIVO CATIONICO]]) -> 741131 | AS57: 3599 | AT57: =AR57/L57 -> 2316.0344
A58: =A57 -> 46100 | B58: =DAY(Tabla1[[#This Row],[FECHA]]) -> 19 | C58: 3(TARDE) | D58: 57 | E58: FINAL TURNO 2 | F58: 2810 | G58: 3820 | H58: 3400 | I58: =+I57-0 -> 262 | J58: =+J57-5+100 -> 212 | K58: 17500 | L58: =+(K59-Tabla1[[#This Row],[Lectura Horometro INICIAL (06:00)]])*Tabla1[[#This Row],[CAUDAL DE TRATAMIENTO]] -> 480 | M58: 80 | N58: =F58-F59 -> 120 | O58: =G58-G59 -> 140 | P58: =H58-H59 -> 50 | Q58: =I58-I59 -> 7 | R58: =J58-J59 -> 5 | S58: =(N58*$AC$2) -> 156 | T58: =(O58*$AD$2) -> 185.5 | U58: =(P58*$AE$2) -> 62.5 | V58: =Tabla1[[#This Row],[CONSUMO POL ANIONICO (KG)]] -> 7 | W58: =Tabla1[[#This Row],[CONSUMO POL CATIONICO (KG)]] -> 5 | X58: =(S58*1000)/L58 -> 325 | Y58: =(T58*1000)/L58 -> 386.45833 | Z58: =(U58*1000)/L58 -> 130.20833 | AA58: =(V58*1000)/L58 -> 14.583333 | AB58: =(W58*1000)/L58 -> 10.416667 | AC58: 1.3 | AD58: 1.325 | AE58: 1.25 | AF58: 2500 | AG58: 2500 | AH58: 830 | AI58: 2818 | AJ58: 6295 | AK58: 19050 | AL58: 22050 | AM58: =S58*AH58 -> 129480 | AN58: =T58*AI58 -> 522739 | AO58: =U58*AJ58 -> 393437.5 | AP58: =V58*AK58 -> 133350 | AQ58: =W58*AL58 -> 110250 | AR58: =SUM(Tabla1[[#This Row],[COSTO OPERATIVO ACIDO]:[COSTO OPERATIVO CATIONICO]]) -> 1289256.5 | AS58: 3599 | AT58: =AR58/L58 -> 2685.951
A59: 46101 | B59: =DAY(Tabla1[[#This Row],[FECHA]]) -> 20 | C59: 20 (NOCHE) | D59: 58 | E59: FINAL TURNO 3 | F59: 2690 | G59: 3680 | H59: 3350 | I59: =+I58-7 -> 255 | J59: =+J58-5 -> 207 | K59: 17506 | L59: =+(K60-Tabla1[[#This Row],[Lectura Horometro INICIAL (06:00)]])*Tabla1[[#This Row],[CAUDAL DE TRATAMIENTO]] -> 400 | M59: 80 | N59: =F59-F60 -> 30 | O59: =G59-G60 -> 100 | P59: =H59-H60 -> 50 | Q59: =I59-I60 -> 0 | R59: =J59-J60 -> 0 | S59: =(N59*$AC$2) -> 39 | T59: =(O59*$AD$2) -> 132.5 | U59: =(P59*$AE$2) -> 62.5 | V59: =Tabla1[[#This Row],[CONSUMO POL ANIONICO (KG)]] -> 0 | W59: =Tabla1[[#This Row],[CONSUMO POL CATIONICO (KG)]] -> 0 | X59: =(S59*1000)/L59 -> 97.5 | Y59: =(T59*1000)/L59 -> 331.25 | Z59: =(U59*1000)/L59 -> 156.25 | AA59: =(V59*1000)/L59 -> 0 | AB59: =(W59*1000)/L59 -> 0 | AC59: 1.3 | AD59: 1.325 | AE59: 1.25 | AF59: 2500 | AG59: 2500 | AH59: 830 | AI59: 2818 | AJ59: 6295 | AK59: 19050 | AL59: 22050 | AM59: =S59*AH59 -> 32370 | AN59: =T59*AI59 -> 373385 | AO59: =U59*AJ59 -> 393437.5 | AP59: =V59*AK59 -> 0 | AQ59: =W59*AL59 -> 0 | AR59: =SUM(Tabla1[[#This Row],[COSTO OPERATIVO ACIDO]:[COSTO OPERATIVO CATIONICO]]) -> 799192.5 | AS59: 3599 | AT59: =AR59/L59 -> 1997.9813
A60: =A59 -> 46101 | B60: =DAY(Tabla1[[#This Row],[FECHA]]) -> 20 | C60: 21 (MAÑANA) | D60: 59 | E60: FINAL TURNO 1 | F60: 2660 | G60: 3580 | H60: 3300 | I60: =+I59-0 -> 255 | J60: =+J59-0 -> 207 | K60: 17511 | L60: =+(K61-Tabla1[[#This Row],[Lectura Horometro INICIAL (06:00)]])*Tabla1[[#This Row],[CAUDAL DE TRATAMIENTO]] -> 400 | M60: 80 | N60: =F60-F61 -> 30 | O60: =G60-G61 -> 130 | P60: =H60-H61 -> 100 | Q60: =I60-I61 -> 0 | R60: =J60-J61 -> 0 | S60: =(N60*$AC$2) -> 39 | T60: =(O60*$AD$2) -> 172.25 | U60: =(P60*$AE$2) -> 125 | V60: =Tabla1[[#This Row],[CONSUMO POL ANIONICO (KG)]] -> 0 | W60: =Tabla1[[#This Row],[CONSUMO POL CATIONICO (KG)]] -> 0 | X60: =(S60*1000)/L60 -> 97.5 | Y60: =(T60*1000)/L60 -> 430.625 | Z60: =(U60*1000)/L60 -> 312.5 | AA60: =(V60*1000)/L60 -> 0 | AB60: =(W60*1000)/L60 -> 0 | AC60: 1.3 | AD60: 1.325 | AE60: 1.25 | AF60: 2500 | AG60: 2500 | AH60: 830 | AI60: 2818 | AJ60: 6295 | AK60: 19050 | AL60: 22050 | AM60: =S60*AH60 -> 32370 | AN60: =T60*AI60 -> 485400.5 | AO60: =U60*AJ60 -> 786875 | AP60: =V60*AK60 -> 0 | AQ60: =W60*AL60 -> 0 | AR60: =SUM(Tabla1[[#This Row],[COSTO OPERATIVO ACIDO]:[COSTO OPERATIVO CATIONICO]]) -> 1304645.5 | AS60: 3599 | AT60: =AR60/L60 -> 3261.6137
A61: =A60 -> 46101 | B61: =DAY(Tabla1[[#This Row],[FECHA]]) -> 20 | C61: 3(TARDE) | D61: 60 | E61: FINAL TURNO 2 | F61: 2630 | G61: 3450 | H61: 3200 | I61: =+I60-0 -> 255 | J61: =+J60-0 -> 207 | K61: 17516 | L61: =+(K62-Tabla1[[#This Row],[Lectura Horometro INICIAL (06:00)]])*Tabla1[[#This Row],[CAUDAL DE TRATAMIENTO]] -> 320 | M61: 80 | N61: =F61-F62-20 -> 70 | O61: =G61-G62 -> 210 | P61: =H61-H62 -> 90 | Q61: =I61-I62 -> 5 | R61: =J61-J62 -> 5 | S61: =(N61*$AC$2) -> 91 | T61: =(O61*$AD$2) -> 278.25 | U61: =(P61*$AE$2) -> 112.5 | V61: =Tabla1[[#This Row],[CONSUMO POL ANIONICO (KG)]] -> 5 | W61: =Tabla1[[#This Row],[CONSUMO POL CATIONICO (KG)]] -> 5 | X61: =(S61*1000)/L61 -> 284.375 | Y61: =(T61*1000)/L61 -> 869.53125 | Z61: =(U61*1000)/L61 -> 351.5625 | AA61: =(V61*1000)/L61 -> 15.625 | AB61: =(W61*1000)/L61 -> 15.625 | AC61: 1.3 | AD61: 1.325 | AE61: 1.25 | AF61: 2500 | AG61: 2500 | AH61: 830 | AI61: 2818 | AJ61: 6295 | AK61: 19050 | AL61: 22050 | AM61: =S61*AH61 -> 75530 | AN61: =T61*AI61 -> 784108.5 | AO61: =U61*AJ61 -> 708187.5 | AP61: =V61*AK61 -> 95250 | AQ61: =W61*AL61 -> 110250 | AR61: =SUM(Tabla1[[#This Row],[COSTO OPERATIVO ACIDO]:[COSTO OPERATIVO CATIONICO]]) -> 1773326 | AS61: 3599 | AT61: =AR61/L61 -> 5541.6438
A62: 46102 | B62: =DAY(Tabla1[[#This Row],[FECHA]]) -> 21 | C62: 21 (NOCHE) | D62: 61 | E62: FINAL TURNO 3 | F62: 2540 | G62: 3240 | H62: 3110 | I62: =+I61-5 -> 250 | J62: =+J61-5 -> 202 | K62: 17520 | L62: 450 | M62: 80 | N62: =F62-F63 -> 42 | O62: =G62-G63 -> 80 | P62: =H62-H63 -> 50 | Q62: =I62-I63 -> 0 | R62: =J62-J63 -> 0 | S62: =(N62*$AC$2) -> 54.6 | T62: =(O62*$AD$2) -> 106 | U62: =(P62*$AE$2) -> 62.5 | V62: =Tabla1[[#This Row],[CONSUMO POL ANIONICO (KG)]] -> 0 | W62: =Tabla1[[#This Row],[CONSUMO POL CATIONICO (KG)]] -> 0 | X62: =(S62*1000)/L62 -> 121.33333 | Y62: =(T62*1000)/L62 -> 235.55556 | Z62: =(U62*1000)/L62 -> 138.88889 | AA62: =(V62*1000)/L62 -> 0 | AB62: =(W62*1000)/L62 -> 0 | AC62: 1.3 | AD62: 1.325 | AE62: 1.25 | AF62: 2500 | AG62: 2500 | AH62: 830 | AI62: 2818 | AJ62: 6295 | AK62: 19050 | AL62: 22050 | AM62: =S62*AH62 -> 45318 | AN62: =T62*AI62 -> 298708 | AO62: =U62*AJ62 -> 393437.5 | AP62: =V62*AK62 -> 0 | AQ62: =W62*AL62 -> 0 | AR62: =SUM(Tabla1[[#This Row],[COSTO OPERATIVO ACIDO]:[COSTO OPERATIVO CATIONICO]]) -> 737463.5 | AS62: 3599 | AT62: =AR62/L62 -> 1638.8078
A63: =A62 -> 46102 | B63: =DAY(Tabla1[[#This Row],[FECHA]]) -> 21 | C63: 22 (MAÑANA) | D63: 62 | E63: FINAL TURNO 1 | F63: 2498 | G63: 3160 | H63: 3060 | I63: =+I62-0 -> 250 | J63: =+J62-0 -> 202 | K63: 17525 | L63: 481 | M63: 80 | N63: =F63-F64 -> 98 | O63: =G63-G64-120 -> 140 | P63: =H63-H64 -> 50 | Q63: =I63-I64 -> 0 | R63: =J63-J64 -> 0 | S63: =(N63*$AC$2) -> 127.4 | T63: =(O63*$AD$2) -> 185.5 | U63: =(P63*$AE$2) -> 62.5 | V63: =Tabla1[[#This Row],[CONSUMO POL ANIONICO (KG)]] -> 0 | W63: =Tabla1[[#This Row],[CONSUMO POL CATIONICO (KG)]] -> 0 | X63: =(S63*1000)/L63 -> 264.86486 | Y63: =(T63*1000)/L63 -> 385.65489 | Z63: =(U63*1000)/L63 -> 129.93763 | AA63: =(V63*1000)/L63 -> 0 | AB63: =(W63*1000)/L63 -> 0 | AC63: 1.3 | AD63: 1.325 | AE63: 1.25 | AF63: 2500 | AG63: 2500 | AH63: 830 | AI63: 2818 | AJ63: 6295 | AK63: 19050 | AL63: 22050 | AM63: =S63*AH63 -> 105742 | AN63: =T63*AI63 -> 522739 | AO63: =U63*AJ63 -> 393437.5 | AP63: =V63*AK63 -> 0 | AQ63: =W63*AL63 -> 0 | AR63: =SUM(Tabla1[[#This Row],[COSTO OPERATIVO ACIDO]:[COSTO OPERATIVO CATIONICO]]) -> 1021918.5 | AS63: 3599 | AT63: =AR63/L63 -> 2124.5707
A64: =A63 -> 46102 | B64: =DAY(Tabla1[[#This Row],[FECHA]]) -> 21 | C64: 3(TARDE) | D64: 63 | E64: FINAL TURNO 2 | F64: 2400 | G64: 2900 | H64: 3010 | I64: =+I63-0 -> 250 | J64: =+J63-0 -> 202 | K64: 17529 | L64: 196 | M64: 80 | N64: =F64-F65 -> 200 | O64: =G64-G65 -> 100 | P64: =H64-H65 -> 10 | Q64: =I64-I65 -> 5 | R64: =J64-J65 -> 5 | S64: =(N64*$AC$2) -> 260 | T64: =(O64*$AD$2) -> 132.5 | U64: =(P64*$AE$2) -> 12.5 | V64: =Tabla1[[#This Row],[CONSUMO POL ANIONICO (KG)]] -> 5 | W64: =Tabla1[[#This Row],[CONSUMO POL CATIONICO (KG)]] -> 5 | X64: =(S64*1000)/L64 -> 1326.5306 | Y64: =(T64*1000)/L64 -> 676.02041 | Z64: =(U64*1000)/L64 -> 63.77551 | AA64: =(V64*1000)/L64 -> 25.510204 | AB64: =(W64*1000)/L64 -> 25.510204 | AC64: 1.3 | AD64: 1.325 | AE64: 1.25 | AF64: 2500 | AG64: 2500 | AH64: 830 | AI64: 2818 | AJ64: 6295 | AK64: 19050 | AL64: 22050 | AM64: =S64*AH64 -> 215800 | AN64: =T64*AI64 -> 373385 | AO64: =U64*AJ64 -> 78687.5 | AP64: =V64*AK64 -> 95250 | AQ64: =W64*AL64 -> 110250 | AR64: =SUM(Tabla1[[#This Row],[COSTO OPERATIVO ACIDO]:[COSTO OPERATIVO CATIONICO]]) -> 873372.5 | AS64: 3599 | AT64: =AR64/L64 -> 4455.9821
A65: 46103 | B65: =DAY(Tabla1[[#This Row],[FECHA]]) -> 22 | C65: 22 (NOCHE) | D65: 64 | E65: FINAL TURNO 3 | F65: 2200 | G65: 2800 | H65: 3000 | I65: =+I64-5 -> 245 | J65: =+J64-5 -> 197 | K65: 17532 | L65: =+(K66-Tabla1[[#This Row],[Lectura Horometro INICIAL (06:00)]])*Tabla1[[#This Row],[CAUDAL DE TRATAMIENTO]] -> 0 | M65: 80 | N65: =F65-F66 -> 0 | O65: =G65-G66 -> 0 | P65: =H65-H66 -> 0 | Q65: =I65-I66 -> 0 | R65: =J65-J66 -> 0 | S65: =(N65*$AC$2) -> 0 | T65: =(O65*$AD$2) -> 0 | U65: =(P65*$AE$2) -> 0 | V65: =Tabla1[[#This Row],[CONSUMO POL ANIONICO (KG)]] -> 0 | W65: =Tabla1[[#This Row],[CONSUMO POL CATIONICO (KG)]] -> 0 | X65: =(S65*1000)/L65 -> #DIV/0! | Y65: =(T65*1000)/L65 -> #DIV/0! | Z65: =(U65*1000)/L65 -> #DIV/0! | AA65: =(V65*1000)/L65 -> #DIV/0! | AB65: =(W65*1000)/L65 -> #DIV/0! | AC65: 1.3 | AD65: 1.325 | AE65: 1.25 | AF65: 2500 | AG65: 2500 | AH65: 830 | AI65: 2818 | AJ65: 6295 | AK65: 19050 | AL65: 22050 | AM65: =S65*AH65 -> 0 | AN65: =T65*AI65 -> 0 | AO65: =U65*AJ65 -> 0 | AP65: =V65*AK65 -> 0 | AQ65: =W65*AL65 -> 0 | AR65: =SUM(Tabla1[[#This Row],[COSTO OPERATIVO ACIDO]:[COSTO OPERATIVO CATIONICO]]) -> 0 | AS65: 3599 | AT65: =AR65/L65 -> #DIV/0!
A66: =A65 -> 46103 | B66: =DAY(Tabla1[[#This Row],[FECHA]]) -> 22 | C66: 23 (MAÑANA) | D66: 65 | E66: FINAL TURNO 1 | F66: 2200 | G66: 2800 | H66: 3000 | I66: =+I65-0 -> 245 | J66: =+J65-0 -> 197 | K66: 17532 | L66: =+(K67-Tabla1[[#This Row],[Lectura Horometro INICIAL (06:00)]])*Tabla1[[#This Row],[CAUDAL DE TRATAMIENTO]] -> 0 | M66: 80 | N66: =F66-F67 -> 0 | O66: =G66-G67 -> 0 | P66: =H66-H67 -> 0 | Q66: =I66-I67 -> 0 | R66: =J66-J67 -> 0 | S66: =(N66*$AC$2) -> 0 | T66: =(O66*$AD$2) -> 0 | U66: =(P66*$AE$2) -> 0 | V66: =Tabla1[[#This Row],[CONSUMO POL ANIONICO (KG)]] -> 0 | W66: =Tabla1[[#This Row],[CONSUMO POL CATIONICO (KG)]] -> 0 | X66: =(S66*1000)/L66 -> #DIV/0! | Y66: =(T66*1000)/L66 -> #DIV/0! | Z66: =(U66*1000)/L66 -> #DIV/0! | AA66: =(V66*1000)/L66 -> #DIV/0! | AB66: =(W66*1000)/L66 -> #DIV/0! | AC66: 1.3 | AD66: 1.325 | AE66: 1.25 | AF66: 2500 | AG66: 2500 | AH66: 830 | AI66: 2818 | AJ66: 6295 | AK66: 19050 | AL66: 22050 | AM66: =S66*AH66 -> 0 | AN66: =T66*AI66 -> 0 | AO66: =U66*AJ66 -> 0 | AP66: =V66*AK66 -> 0 | AQ66: =W66*AL66 -> 0 | AR66: =SUM(Tabla1[[#This Row],[COSTO OPERATIVO ACIDO]:[COSTO OPERATIVO CATIONICO]]) -> 0 | AS66: 3599 | AT66: =AR66/L66 -> #DIV/0!
A67: =A66 -> 46103 | B67: =DAY(Tabla1[[#This Row],[FECHA]]) -> 22 | C67: 3(TARDE) | D67: 66 | E67: FINAL TURNO 2 | F67: 2200 | G67: 2800 | H67: 3000 | I67: =+I66-0 -> 245 | J67: =+J66-0 -> 197 | K67: 17532 | L67: =+(K68-Tabla1[[#This Row],[Lectura Horometro INICIAL (06:00)]])*Tabla1[[#This Row],[CAUDAL DE TRATAMIENTO]] -> 0 | M67: 80 | N67: =F67-F68 -> 0 | O67: =G67-G68 -> 0 | P67: =H67-H68 -> 0 | Q67: =I67-I68 -> 0 | R67: =J67-J68 -> 0 | S67: =(N67*$AC$2) -> 0 | T67: =(O67*$AD$2) -> 0 | U67: =(P67*$AE$2) -> 0 | V67: =Tabla1[[#This Row],[CONSUMO POL ANIONICO (KG)]] -> 0 | W67: =Tabla1[[#This Row],[CONSUMO POL CATIONICO (KG)]] -> 0 | X67: =(S67*1000)/L67 -> #DIV/0! | Y67: =(T67*1000)/L67 -> #DIV/0! | Z67: =(U67*1000)/L67 -> #DIV/0! | AA67: =(V67*1000)/L67 -> #DIV/0! | AB67: =(W67*1000)/L67 -> #DIV/0! | AC67: 1.3 | AD67: 1.325 | AE67: 1.25 | AF67: 2500 | AG67: 2500 | AH67: 830 | AI67: 2818 | AJ67: 6295 | AK67: 19050 | AL67: 22050 | AM67: =S67*AH67 -> 0 | AN67: =T67*AI67 -> 0 | AO67: =U67*AJ67 -> 0 | AP67: =V67*AK67 -> 0 | AQ67: =W67*AL67 -> 0 | AR67: =SUM(Tabla1[[#This Row],[COSTO OPERATIVO ACIDO]:[COSTO OPERATIVO CATIONICO]]) -> 0 | AS67: 3599 | AT67: =AR67/L67 -> #DIV/0!
A68: 46104 | B68: =DAY(Tabla1[[#This Row],[FECHA]]) -> 23 | C68: 23 (NOCHE) | D68: 67 | E68: FINAL TURNO 3 | F68: 2200 | G68: 2800 | H68: 3000 | I68: =+I67-0 -> 245 | J68: =+J67-0 -> 197 | K68: 17532 | L68: =+(K69-Tabla1[[#This Row],[Lectura Horometro INICIAL (06:00)]])*Tabla1[[#This Row],[CAUDAL DE TRATAMIENTO]] -> 0 | M68: 85 | N68: =F68-F69 -> 0 | O68: =G68-G69 -> 0 | P68: =H68-H69 -> 0 | Q68: =I68-I69 -> 0 | R68: =J68-J69 -> 0 | S68: =(N68*$AC$2) -> 0 | T68: =(O68*$AD$2) -> 0 | U68: =(P68*$AE$2) -> 0 | V68: =Tabla1[[#This Row],[CONSUMO POL ANIONICO (KG)]] -> 0 | W68: =Tabla1[[#This Row],[CONSUMO POL CATIONICO (KG)]] -> 0 | X68: =(S68*1000)/L68 -> #DIV/0! | Y68: =(T68*1000)/L68 -> #DIV/0! | Z68: =(U68*1000)/L68 -> #DIV/0! | AA68: =(V68*1000)/L68 -> #DIV/0! | AB68: =(W68*1000)/L68 -> #DIV/0! | AC68: 1.3 | AD68: 1.325 | AE68: 1.25 | AF68: 2500 | AG68: 2500 | AH68: 830 | AI68: 2818 | AJ68: 6295 | AK68: 19050 | AL68: 22050 | AM68: =S68*AH68 -> 0 | AN68: =T68*AI68 -> 0 | AO68: =U68*AJ68 -> 0 | AP68: =V68*AK68 -> 0 | AQ68: =W68*AL68 -> 0 | AR68: =SUM(Tabla1[[#This Row],[COSTO OPERATIVO ACIDO]:[COSTO OPERATIVO CATIONICO]]) -> 0 | AS68: 3599 | AT68: =AR68/L68 -> #DIV/0!
A69: =A68 -> 46104 | B69: =DAY(Tabla1[[#This Row],[FECHA]]) -> 23 | C69: 24 (MAÑANA) | D69: 68 | E69: FINAL TURNO 1 | F69: 2200 | G69: 2800 | H69: 3000 | I69: =+I68-0 -> 245 | J69: =+J68-0 -> 197 | K69: 17532 | L69: =+(K70-Tabla1[[#This Row],[Lectura Horometro INICIAL (06:00)]])*Tabla1[[#This Row],[CAUDAL DE TRATAMIENTO]] -> 360 | M69: 90 | N69: =F69-F70 -> 50 | O69: =G69-G70 -> 100 | P69: =H69-H70 -> 50 | Q69: =I69-I70 -> 0 | R69: =J69-J70 -> 0 | S69: =(N69*$AC$2) -> 65 | T69: =(O69*$AD$2) -> 132.5 | U69: =(P69*$AE$2) -> 62.5 | V69: =Tabla1[[#This Row],[CONSUMO POL ANIONICO (KG)]] -> 0 | W69: =Tabla1[[#This Row],[CONSUMO POL CATIONICO (KG)]] -> 0 | X69: =(S69*1000)/L69 -> 180.55556 | Y69: =(T69*1000)/L69 -> 368.05556 | Z69: =(U69*1000)/L69 -> 173.61111 | AA69: =(V69*1000)/L69 -> 0 | AB69: =(W69*1000)/L69 -> 0 | AC69: 1.3 | AD69: 1.325 | AE69: 1.25 | AF69: 2500 | AG69: 2500 | AH69: 830 | AI69: 2818 | AJ69: 6295 | AK69: 19050 | AL69: 22050 | AM69: =S69*AH69 -> 53950 | AN69: =T69*AI69 -> 373385 | AO69: =U69*AJ69 -> 393437.5 | AP69: =V69*AK69 -> 0 | AQ69: =W69*AL69 -> 0 | AR69: =SUM(Tabla1[[#This Row],[COSTO OPERATIVO ACIDO]:[COSTO OPERATIVO CATIONICO]]) -> 820772.5 | AS69: 3599 | AT69: =AR69/L69 -> 2279.9236
A70: =A69 -> 46104 | B70: =DAY(Tabla1[[#This Row],[FECHA]]) -> 23 | C70: 3(TARDE) | D70: 69 | E70: FINAL TURNO 2 | F70: 2150 | G70: 2700 | H70: 2950 | I70: =+I69-0 -> 245 | J70: =+J69-0 -> 197 | K70: 17536 | L70: =+(K71-Tabla1[[#This Row],[Lectura Horometro INICIAL (06:00)]])*Tabla1[[#This Row],[CAUDAL DE TRATAMIENTO]] -> 360 | M70: 90 | N70: =F70-F71 -> 50 | O70: =G70-G71 -> 50 | P70: =H70-H71 -> 50 | Q70: =I70-I71 -> 5 | R70: =J70-J71 -> 5 | S70: =(N70*$AC$2) -> 65 | T70: =(O70*$AD$2) -> 66.25 | U70: =(P70*$AE$2) -> 62.5 | V70: =Tabla1[[#This Row],[CONSUMO POL ANIONICO (KG)]] -> 5 | W70: =Tabla1[[#This Row],[CONSUMO POL CATIONICO (KG)]] -> 5 | X70: =(S70*1000)/L70 -> 180.55556 | Y70: =(T70*1000)/L70 -> 184.02778 | Z70: =(U70*1000)/L70 -> 173.61111 | AA70: =(V70*1000)/L70 -> 13.888889 | AB70: =(W70*1000)/L70 -> 13.888889 | AC70: 1.3 | AD70: 1.325 | AE70: 1.25 | AF70: 2500 | AG70: 2500 | AH70: 830 | AI70: 2818 | AJ70: 6295 | AK70: 19050 | AL70: 22050 | AM70: =S70*AH70 -> 53950 | AN70: =T70*AI70 -> 186692.5 | AO70: =U70*AJ70 -> 393437.5 | AP70: =V70*AK70 -> 95250 | AQ70: =W70*AL70 -> 110250 | AR70: =SUM(Tabla1[[#This Row],[COSTO OPERATIVO ACIDO]:[COSTO OPERATIVO CATIONICO]]) -> 839580 | AS70: 3599 | AT70: =AR70/L70 -> 2332.1667
A71: 46105 | B71: =DAY(Tabla1[[#This Row],[FECHA]]) -> 24 | C71: 24 (NOCHE) | D71: 70 | E71: FINAL TURNO 3 | F71: 2100 | G71: 2650 | H71: 2900 | I71: =+I70-5 -> 240 | J71: =+J70-5 -> 192 | K71: 17540 | L71: 419 | M71: 80 | N71: =F71-F72 -> 0 | O71: =G71-G72-150 -> 60 | P71: =H71-H72 -> 0 | Q71: =I71-I72 -> 4 | R71: =J71-J72 -> 4 | S71: =(N71*$AC$2) -> 0 | T71: =(O71*$AD$2) -> 79.5 | U71: =(P71*$AE$2) -> 0 | V71: =Tabla1[[#This Row],[CONSUMO POL ANIONICO (KG)]] -> 4 | W71: =Tabla1[[#This Row],[CONSUMO POL CATIONICO (KG)]] -> 4 | X71: =(S71*1000)/L71 -> 0 | Y71: =(T71*1000)/L71 -> 189.73747 | Z71: =(U71*1000)/L71 -> 0 | AA71: =(V71*1000)/L71 -> 9.5465394 | AB71: =(W71*1000)/L71 -> 9.5465394 | AC71: 1.3 | AD71: 1.325 | AE71: 1.25 | AF71: 2500 | AG71: 2500 | AH71: 830 | AI71: 2818 | AJ71: 6295 | AK71: 19050 | AL71: 22050 | AM71: =S71*AH71 -> 0 | AN71: =T71*AI71 -> 224031 | AO71: =U71*AJ71 -> 0 | AP71: =V71*AK71 -> 76200 | AQ71: =W71*AL71 -> 88200 | AR71: =SUM(Tabla1[[#This Row],[COSTO OPERATIVO ACIDO]:[COSTO OPERATIVO CATIONICO]]) -> 388431 | AS71: 3599 | AT71: =AR71/L71 -> 927.04296
A72: =A71 -> 46105 | B72: =DAY(Tabla1[[#This Row],[FECHA]]) -> 24 | C72: 25 (MAÑANA) | D72: 71 | E72: FINAL TURNO 1 | F72: 2100 | G72: 2440 | H72: 2900 | I72: =+I71-4 -> 236 | J72: =+J71-4 -> 188 | K72: 17542 | L72: 464 | M72: 80 | N72: =F72-F73 -> 50 | O72: =G72-G73 -> 140 | P72: =H72-H73 -> 50 | Q72: =I72-I73 -> 4 | R72: =J72-J73 -> 4 | S72: =(N72*$AC$2) -> 65 | T72: =(O72*$AD$2) -> 185.5 | U72: =(P72*$AE$2) -> 62.5 | V72: =Tabla1[[#This Row],[CONSUMO POL ANIONICO (KG)]] -> 4 | W72: =Tabla1[[#This Row],[CONSUMO POL CATIONICO (KG)]] -> 4 | X72: =(S72*1000)/L72 -> 140.08621 | Y72: =(T72*1000)/L72 -> 399.78448 | Z72: =(U72*1000)/L72 -> 134.69828 | AA72: =(V72*1000)/L72 -> 8.6206897 | AB72: =(W72*1000)/L72 -> 8.6206897 | AC72: 1.3 | AD72: 1.325 | AE72: 1.25 | AF72: 2500 | AG72: 2500 | AH72: 830 | AI72: 2818 | AJ72: 6295 | AK72: 19050 | AL72: 22050 | AM72: =S72*AH72 -> 53950 | AN72: =T72*AI72 -> 522739 | AO72: =U72*AJ72 -> 393437.5 | AP72: =V72*AK72 -> 76200 | AQ72: =W72*AL72 -> 88200 | AR72: =SUM(Tabla1[[#This Row],[COSTO OPERATIVO ACIDO]:[COSTO OPERATIVO CATIONICO]]) -> 1134526.5 | AS72: 3599 | AT72: =AR72/L72 -> 2445.1002
A73: =A72 -> 46105 | B73: =DAY(Tabla1[[#This Row],[FECHA]]) -> 24 | C73: 3(TARDE) | D73: 72 | E73: FINAL TURNO 2 | F73: 2050 | G73: 2300 | H73: 2850 | I73: =+I72-4 -> 232 | J73: =+J72-4 -> 184 | K73: 17546 | L73: 412 | M73: 80 | N73: =F73-F74+1000 -> 70 | O73: =G73-G74+2000 -> 60 | P73: =H73-H74+1000 -> 50 | Q73: =I73-I74 -> 0 | R73: =J73-J74 -> 4 | S73: =(N73*$AC$2) -> 91 | T73: =(O73*$AD$2) -> 79.5 | U73: =(P73*$AE$2) -> 62.5 | V73: =Tabla1[[#This Row],[CONSUMO POL ANIONICO (KG)]] -> 0 | W73: =Tabla1[[#This Row],[CONSUMO POL CATIONICO (KG)]] -> 4 | X73: =(S73*1000)/L73 -> 220.87379 | Y73: =(T73*1000)/L73 -> 192.96117 | Z73: =(U73*1000)/L73 -> 151.69903 | AA73: =(V73*1000)/L73 -> 0 | AB73: =(W73*1000)/L73 -> 9.7087379 | AC73: 1.3 | AD73: 1.325 | AE73: 1.25 | AF73: 2500 | AG73: 2500 | AH73: 830 | AI73: 2818 | AJ73: 6295 | AK73: 19050 | AL73: 22050 | AM73: =S73*AH73 -> 75530 | AN73: =T73*AI73 -> 224031 | AO73: =U73*AJ73 -> 393437.5 | AP73: =V73*AK73 -> 0 | AQ73: =W73*AL73 -> 88200 | AR73: =SUM(Tabla1[[#This Row],[COSTO OPERATIVO ACIDO]:[COSTO OPERATIVO CATIONICO]]) -> 781198.5 | AS73: 3599 | AT73: =AR73/L73 -> 1896.1129
A74: 46106 | B74: =DAY(Tabla1[[#This Row],[FECHA]]) -> 25 | C74: 25 (NOCHE) | D74: 73 | E74: FINAL TURNO 3 | F74: 2980 | G74: 4240 | H74: 3800 | I74: =+I73-0 -> 232 | J74: =+J73-4 -> 180 | K74: 17551 | L74: =+(K75-Tabla1[[#This Row],[Lectura Horometro INICIAL (06:00)]])*Tabla1[[#This Row],[CAUDAL DE TRATAMIENTO]] -> 560 | M74: 80 | N74: =F74-F75 -> 110 | O74: =G74-G75 -> 140 | P74: =H74-H75 -> 60 | Q74: =I74-I75 -> 5 | R74: =J74-J75 -> 5 | S74: =(N74*$AC$2) -> 143 | T74: =(O74*$AD$2) -> 185.5 | U74: =(P74*$AE$2) -> 75 | V74: =Tabla1[[#This Row],[CONSUMO POL ANIONICO (KG)]] -> 5 | W74: =Tabla1[[#This Row],[CONSUMO POL CATIONICO (KG)]] -> 5 | X74: =(S74*1000)/L74 -> 255.35714 | Y74: =(T74*1000)/L74 -> 331.25 | Z74: =(U74*1000)/L74 -> 133.92857 | AA74: =(V74*1000)/L74 -> 8.9285714 | AB74: =(W74*1000)/L74 -> 8.9285714 | AC74: 1.3 | AD74: 1.325 | AE74: 1.25 | AF74: 2500 | AG74: 2500 | AH74: 830 | AI74: 2818 | AJ74: 6295 | AK74: 19050 | AL74: 22050 | AM74: =S74*AH74 -> 118690 | AN74: =T74*AI74 -> 522739 | AO74: =U74*AJ74 -> 472125 | AP74: =V74*AK74 -> 95250 | AQ74: =W74*AL74 -> 110250 | AR74: =SUM(Tabla1[[#This Row],[COSTO OPERATIVO ACIDO]:[COSTO OPERATIVO CATIONICO]]) -> 1319054 | AS74: 3599 | AT74: =AR74/L74 -> 2355.4536
A75: =A74 -> 46106 | B75: =DAY(Tabla1[[#This Row],[FECHA]]) -> 25 | C75: 26 (MAÑANA) | D75: 74 | E75: FINAL TURNO 1 | F75: 2870 | G75: 4100 | H75: 3740 | I75: =+I74-5 -> 227 | J75: =+J74-5 -> 175 | K75: 17558 | L75: =+(K76-Tabla1[[#This Row],[Lectura Horometro INICIAL (06:00)]])*Tabla1[[#This Row],[CAUDAL DE TRATAMIENTO]] -> 320 | M75: 80 | N75: =F75-F76 -> 70 | O75: =G75-G76 -> 100 | P75: =H75-H76 -> 30 | Q75: =I75-I76 -> 10 | R75: =J75-J76 -> 10 | S75: =(N75*$AC$2) -> 91 | T75: =(O75*$AD$2) -> 132.5 | U75: =(P75*$AE$2) -> 37.5 | V75: =Tabla1[[#This Row],[CONSUMO POL ANIONICO (KG)]] -> 10 | W75: =Tabla1[[#This Row],[CONSUMO POL CATIONICO (KG)]] -> 10 | X75: =(S75*1000)/L75 -> 284.375 | Y75: =(T75*1000)/L75 -> 414.0625 | Z75: =(U75*1000)/L75 -> 117.1875 | AA75: =(V75*1000)/L75 -> 31.25 | AB75: =(W75*1000)/L75 -> 31.25 | AC75: 1.3 | AD75: 1.325 | AE75: 1.25 | AF75: 2500 | AG75: 2500 | AH75: 830 | AI75: 2818 | AJ75: 6295 | AK75: 19050 | AL75: 22050 | AM75: =S75*AH75 -> 75530 | AN75: =T75*AI75 -> 373385 | AO75: =U75*AJ75 -> 236062.5 | AP75: =V75*AK75 -> 190500 | AQ75: =W75*AL75 -> 220500 | AR75: =SUM(Tabla1[[#This Row],[COSTO OPERATIVO ACIDO]:[COSTO OPERATIVO CATIONICO]]) -> 1095977.5 | AS75: 3599 | AT75: =AR75/L75 -> 3424.9297
A76: =A75 -> 46106 | B76: =DAY(Tabla1[[#This Row],[FECHA]]) -> 25 | C76: 3(TARDE) | D76: 75 | E76: FINAL TURNO 2 | F76: 2800 | G76: 4000 | H76: 3710 | I76: =+I75-10 -> 217 | J76: =+J75-10 -> 165 | K76: 17562 | L76: =+(K77-Tabla1[[#This Row],[Lectura Horometro INICIAL (06:00)]])*Tabla1[[#This Row],[CAUDAL DE TRATAMIENTO]] -> 320 | M76: 80 | N76: =F76-F77 -> 100 | O76: =G76-G77 -> 70 | P76: =H76-H77 -> 30 | Q76: =I76-I77 -> 5 | R76: =J76-J77 -> 5 | S76: =(N76*$AC$2) -> 130 | T76: =(O76*$AD$2) -> 92.75 | U76: =(P76*$AE$2) -> 37.5 | V76: =Tabla1[[#This Row],[CONSUMO POL ANIONICO (KG)]] -> 5 | W76: =Tabla1[[#This Row],[CONSUMO POL CATIONICO (KG)]] -> 5 | X76: =(S76*1000)/L76 -> 406.25 | Y76: =(T76*1000)/L76 -> 289.84375 | Z76: =(U76*1000)/L76 -> 117.1875 | AA76: =(V76*1000)/L76 -> 15.625 | AB76: =(W76*1000)/L76 -> 15.625 | AC76: 1.3 | AD76: 1.325 | AE76: 1.25 | AF76: 2500 | AG76: 2500 | AH76: 830 | AI76: 2818 | AJ76: 6295 | AK76: 19050 | AL76: 22050 | AM76: =S76*AH76 -> 107900 | AN76: =T76*AI76 -> 261369.5 | AO76: =U76*AJ76 -> 236062.5 | AP76: =V76*AK76 -> 95250 | AQ76: =W76*AL76 -> 110250 | AR76: =SUM(Tabla1[[#This Row],[COSTO OPERATIVO ACIDO]:[COSTO OPERATIVO CATIONICO]]) -> 810832 | AS76: 3599 | AT76: =AR76/L76 -> 2533.85
A77: 46107 | B77: =DAY(Tabla1[[#This Row],[FECHA]]) -> 26 | C77: 26 (NOCHE) | D77: 76 | E77: FINAL TURNO 3 | F77: 2700 | G77: 3930 | H77: 3680 | I77: =+I76-5 -> 212 | J77: =+J76-5 -> 160 | K77: 17566 | L77: =+(K78-Tabla1[[#This Row],[Lectura Horometro INICIAL (06:00)]])*Tabla1[[#This Row],[CAUDAL DE TRATAMIENTO]] -> 480 | M77: 80 | N77: =F77-F78 -> 50 | O77: =G77-G78 -> 30 | P77: =H77-H78 -> 30 | Q77: =I77-I78 -> 5 | R77: =J77-J78 -> 5 | S77: =(N77*$AC$2) -> 65 | T77: =(O77*$AD$2) -> 39.75 | U77: =(P77*$AE$2) -> 37.5 | V77: =Tabla1[[#This Row],[CONSUMO POL ANIONICO (KG)]] -> 5 | W77: =Tabla1[[#This Row],[CONSUMO POL CATIONICO (KG)]] -> 5 | X77: =(S77*1000)/L77 -> 135.41667 | Y77: =(T77*1000)/L77 -> 82.8125 | Z77: =(U77*1000)/L77 -> 78.125 | AA77: =(V77*1000)/L77 -> 10.416667 | AB77: =(W77*1000)/L77 -> 10.416667 | AC77: 1.3 | AD77: 1.325 | AE77: 1.25 | AF77: 2500 | AG77: 2500 | AH77: 830 | AI77: 2818 | AJ77: 6295 | AK77: 19050 | AL77: 22050 | AM77: =S77*AH77 -> 53950 | AN77: =T77*AI77 -> 112015.5 | AO77: =U77*AJ77 -> 236062.5 | AP77: =V77*AK77 -> 95250 | AQ77: =W77*AL77 -> 110250 | AR77: =SUM(Tabla1[[#This Row],[COSTO OPERATIVO ACIDO]:[COSTO OPERATIVO CATIONICO]]) -> 607528 | AS77: 3599 | AT77: =AR77/L77 -> 1265.6833
A78: =A77 -> 46107 | B78: =DAY(Tabla1[[#This Row],[FECHA]]) -> 26 | C78: 27 (MAÑANA) | D78: 77 | E78: FINAL TURNO 1 | F78: 2650 | G78: 3900 | H78: 3650 | I78: =+I77-5 -> 207 | J78: =+J77-5 -> 155 | K78: 17572 | L78: =+(K79-Tabla1[[#This Row],[Lectura Horometro INICIAL (06:00)]])*Tabla1[[#This Row],[CAUDAL DE TRATAMIENTO]] -> 400 | M78: 80 | N78: =F78-F79 -> 100 | O78: =G78-G79-100 -> 100 | P78: =H78-H79 -> 40 | Q78: =I78-I79 -> 0 | R78: =J78-J79 -> 10 | S78: =(N78*$AC$2) -> 130 | T78: =(O78*$AD$2) -> 132.5 | U78: =(P78*$AE$2) -> 50 | V78: =Tabla1[[#This Row],[CONSUMO POL ANIONICO (KG)]] -> 0 | W78: =Tabla1[[#This Row],[CONSUMO POL CATIONICO (KG)]] -> 10 | X78: =(S78*1000)/L78 -> 325 | Y78: =(T78*1000)/L78 -> 331.25 | Z78: =(U78*1000)/L78 -> 125 | AA78: =(V78*1000)/L78 -> 0 | AB78: =(W78*1000)/L78 -> 25 | AC78: 1.3 | AD78: 1.325 | AE78: 1.25 | AF78: 2500 | AG78: 2500 | AH78: 830 | AI78: 2818 | AJ78: 6295 | AK78: 19050 | AL78: 22050 | AM78: =S78*AH78 -> 107900 | AN78: =T78*AI78 -> 373385 | AO78: =U78*AJ78 -> 314750 | AP78: =V78*AK78 -> 0 | AQ78: =W78*AL78 -> 220500 | AR78: =SUM(Tabla1[[#This Row],[COSTO OPERATIVO ACIDO]:[COSTO OPERATIVO CATIONICO]]) -> 1016535 | AS78: 3599 | AT78: =AR78/L78 -> 2541.3375
A79: =A78 -> 46107 | B79: =DAY(Tabla1[[#This Row],[FECHA]]) -> 26 | C79: 3(TARDE) | D79: 78 | E79: FINAL TURNO 2 | F79: 2550 | G79: 3700 | H79: 3610 | I79: =+I78-0 -> 207 | J79: =+J78-10 -> 145 | K79: 17577 | L79: =+(K80-Tabla1[[#This Row],[Lectura Horometro INICIAL (06:00)]])*Tabla1[[#This Row],[CAUDAL DE TRATAMIENTO]] -> 480 | M79: 80 | N79: =F79-F80 -> 150 | O79: =G79-G80 -> 80 | P79: =H79-H80 -> 30 | Q79: =I79-I80 -> 5 | R79: =J79-J80 -> 5 | S79: =(N79*$AC$2) -> 195 | T79: =(O79*$AD$2) -> 106 | U79: =(P79*$AE$2) -> 37.5 | V79: =Tabla1[[#This Row],[CONSUMO POL ANIONICO (KG)]] -> 5 | W79: =Tabla1[[#This Row],[CONSUMO POL CATIONICO (KG)]] -> 5 | X79: =(S79*1000)/L79 -> 406.25 | Y79: =(T79*1000)/L79 -> 220.83333 | Z79: =(U79*1000)/L79 -> 78.125 | AA79: =(V79*1000)/L79 -> 10.416667 | AB79: =(W79*1000)/L79 -> 10.416667 | AC79: 1.3 | AD79: 1.325 | AE79: 1.25 | AF79: 2500 | AG79: 2500 | AH79: 830 | AI79: 2818 | AJ79: 6295 | AK79: 19050 | AL79: 22050 | AM79: =S79*AH79 -> 161850 | AN79: =T79*AI79 -> 298708 | AO79: =U79*AJ79 -> 236062.5 | AP79: =V79*AK79 -> 95250 | AQ79: =W79*AL79 -> 110250 | AR79: =SUM(Tabla1[[#This Row],[COSTO OPERATIVO ACIDO]:[COSTO OPERATIVO CATIONICO]]) -> 902120.5 | AS79: 3599 | AT79: =AR79/L79 -> 1879.4177
A80: 46108 | B80: =DAY(Tabla1[[#This Row],[FECHA]]) -> 27 | C80: 27 (NOCHE) | D80: 79 | E80: FINAL TURNO 3 | F80: 2400 | G80: 3620 | H80: 3580 | I80: =+I79-5 -> 202 | J80: =+J79-5 -> 140 | K80: 17583 | L80: =+(K81-Tabla1[[#This Row],[Lectura Horometro INICIAL (06:00)]])*Tabla1[[#This Row],[CAUDAL DE TRATAMIENTO]] -> 480 | M80: 80 | N80: =F80-F81 -> 60 | O80: =G80-G81 -> 140 | P80: =H80-H81 -> 40 | Q80: =I80-I81 -> 0 | R80: =J80-J81 -> 5 | S80: =(N80*$AC$2) -> 78 | T80: =(O80*$AD$2) -> 185.5 | U80: =(P80*$AE$2) -> 50 | V80: =Tabla1[[#This Row],[CONSUMO POL ANIONICO (KG)]] -> 0 | W80: =Tabla1[[#This Row],[CONSUMO POL CATIONICO (KG)]] -> 5 | X80: =(S80*1000)/L80 -> 162.5 | Y80: =(T80*1000)/L80 -> 386.45833 | Z80: =(U80*1000)/L80 -> 104.16667 | AA80: =(V80*1000)/L80 -> 0 | AB80: =(W80*1000)/L80 -> 10.416667 | AC80: 1.3 | AD80: 1.325 | AE80: 1.25 | AF80: 2500 | AG80: 2500 | AH80: 830 | AI80: 2818 | AJ80: 6295 | AK80: 19050 | AL80: 22050 | AM80: =S80*AH80 -> 64740 | AN80: =T80*AI80 -> 522739 | AO80: =U80*AJ80 -> 314750 | AP80: =V80*AK80 -> 0 | AQ80: =W80*AL80 -> 110250 | AR80: =SUM(Tabla1[[#This Row],[COSTO OPERATIVO ACIDO]:[COSTO OPERATIVO CATIONICO]]) -> 1012479 | AS80: 3599 | AT80: =AR80/L80 -> 2109.3313
A81: =A80 -> 46108 | B81: =DAY(Tabla1[[#This Row],[FECHA]]) -> 27 | C81: 28 (MAÑANA) | D81: 80 | E81: FINAL TURNO 1 | F81: 2340 | G81: 3480 | H81: 3540 | I81: =+I80-0 -> 202 | J81: =+J80-5 -> 135 | K81: 17589 | L81: =+(K82-Tabla1[[#This Row],[Lectura Horometro INICIAL (06:00)]])*Tabla1[[#This Row],[CAUDAL DE TRATAMIENTO]] -> 160 | M81: 80 | N81: =F81-F82 -> 90 | O81: =G81-G82 -> 130 | P81: =H81-H82 -> 40 | Q81: =I81-I82 -> 0 | R81: =J81-J82 -> 0 | S81: =(N81*$AC$2) -> 117 | T81: =(O81*$AD$2) -> 172.25 | U81: =(P81*$AE$2) -> 50 | V81: =Tabla1[[#This Row],[CONSUMO POL ANIONICO (KG)]] -> 0 | W81: =Tabla1[[#This Row],[CONSUMO POL CATIONICO (KG)]] -> 0 | X81: =(S81*1000)/L81 -> 731.25 | Y81: =(T81*1000)/L81 -> 1076.5625 | Z81: =(U81*1000)/L81 -> 312.5 | AA81: =(V81*1000)/L81 -> 0 | AB81: =(W81*1000)/L81 -> 0 | AC81: 1.3 | AD81: 1.325 | AE81: 1.25 | AF81: 2500 | AG81: 2500 | AH81: 830 | AI81: 2818 | AJ81: 6295 | AK81: 19050 | AL81: 22050 | AM81: =S81*AH81 -> 97110 | AN81: =T81*AI81 -> 485400.5 | AO81: =U81*AJ81 -> 314750 | AP81: =V81*AK81 -> 0 | AQ81: =W81*AL81 -> 0 | AR81: =SUM(Tabla1[[#This Row],[COSTO OPERATIVO ACIDO]:[COSTO OPERATIVO CATIONICO]]) -> 897260.5 | AS81: 3599 | AT81: =AR81/L81 -> 5607.8781
A82: =A81 -> 46108 | B82: =DAY(Tabla1[[#This Row],[FECHA]]) -> 27 | C82: 3(TARDE) | D82: 81 | E82: FINAL TURNO 2 | F82: 2250 | G82: 3350 | H82: 3500 | I82: =+I81-0 -> 202 | J82: =+J81-0 -> 135 | K82: 17591 | L82: =+(K83-Tabla1[[#This Row],[Lectura Horometro INICIAL (06:00)]])*Tabla1[[#This Row],[CAUDAL DE TRATAMIENTO]] -> 480 | M82: 80 | N82: =F82-F83+1000 -> 100 | O82: =G82-G83+3000 -> 60 | P82: =H82-H83+1000 -> 50 | Q82: =I82-I83 -> 0 | R82: =J82-J83+25 -> 5 | S82: =(N82*$AC$2) -> 130 | T82: =(O82*$AD$2) -> 79.5 | U82: =(P82*$AE$2) -> 62.5 | V82: =Tabla1[[#This Row],[CONSUMO POL ANIONICO (KG)]] -> 0 | W82: =Tabla1[[#This Row],[CONSUMO POL CATIONICO (KG)]] -> 5 | X82: =(S82*1000)/L82 -> 270.83333 | Y82: =(T82*1000)/L82 -> 165.625 | Z82: =(U82*1000)/L82 -> 130.20833 | AA82: =(V82*1000)/L82 -> 0 | AB82: =(W82*1000)/L82 -> 10.416667 | AC82: 1.3 | AD82: 1.325 | AE82: 1.25 | AF82: 2500 | AG82: 2500 | AH82: 830 | AI82: 2818 | AJ82: 6295 | AK82: 19050 | AL82: 22050 | AM82: =S82*AH82 -> 107900 | AN82: =T82*AI82 -> 224031 | AO82: =U82*AJ82 -> 393437.5 | AP82: =V82*AK82 -> 0 | AQ82: =W82*AL82 -> 110250 | AR82: =SUM(Tabla1[[#This Row],[COSTO OPERATIVO ACIDO]:[COSTO OPERATIVO CATIONICO]]) -> 835618.5 | AS82: 3599 | AT82: =AR82/L82 -> 1740.8719
A83: 46109 | B83: =DAY(Tabla1[[#This Row],[FECHA]]) -> 28 | C83: 28 (NOCHE) | D83: 82 | E83: FINAL TURNO 3 | F83: 3150 | G83: 6290 | H83: 4450 | I83: =+I82-0 -> 202 | J83: =+J82-5+25 -> 155 | K83: 17597 | L83: =+(K84-Tabla1[[#This Row],[Lectura Horometro INICIAL (06:00)]])*Tabla1[[#This Row],[CAUDAL DE TRATAMIENTO]] -> 560 | M83: 80 | N83: =F83-F84 -> 130 | O83: =G83-G84 -> 190 | P83: =H83-H84 -> 80 | Q83: =I83-I84 -> 5 | R83: =J83-J84 -> 10 | S83: =(N83*$AC$2) -> 169 | T83: =(O83*$AD$2) -> 251.75 | U83: =(P83*$AE$2) -> 100 | V83: =Tabla1[[#This Row],[CONSUMO POL ANIONICO (KG)]] -> 5 | W83: =Tabla1[[#This Row],[CONSUMO POL CATIONICO (KG)]] -> 10 | X83: =(S83*1000)/L83 -> 301.78571 | Y83: =(T83*1000)/L83 -> 449.55357 | Z83: =(U83*1000)/L83 -> 178.57143 | AA83: =(V83*1000)/L83 -> 8.9285714 | AB83: =(W83*1000)/L83 -> 17.857143 | AC83: 1.3 | AD83: 1.325 | AE83: 1.25 | AF83: 2500 | AG83: 2500 | AH83: 830 | AI83: 2818 | AJ83: 6295 | AK83: 19050 | AL83: 22050 | AM83: =S83*AH83 -> 140270 | AN83: =T83*AI83 -> 709431.5 | AO83: =U83*AJ83 -> 629500 | AP83: =V83*AK83 -> 95250 | AQ83: =W83*AL83 -> 220500 | AR83: =SUM(Tabla1[[#This Row],[COSTO OPERATIVO ACIDO]:[COSTO OPERATIVO CATIONICO]]) -> 1794951.5 | AS83: 3599 | AT83: =AR83/L83 -> 3205.2705
A84: =A83 -> 46109 | B84: =DAY(Tabla1[[#This Row],[FECHA]]) -> 28 | C84: 29 (MAÑANA) | D84: 83 | E84: FINAL TURNO 1 | F84: 3020 | G84: 6100 | H84: 4370 | I84: =+I83-5 -> 197 | J84: =+J83-10 -> 145 | K84: 17604 | L84: =+(K85-Tabla1[[#This Row],[Lectura Horometro INICIAL (06:00)]])*Tabla1[[#This Row],[CAUDAL DE TRATAMIENTO]] -> 320 | M84: 80 | N84: =F84-F85 -> 20 | O84: =G84-G85 -> 100 | P84: =H84-H85 -> 10 | Q84: =I84-I85 -> 0 | R84: =J84-J85 -> 10 | S84: =(N84*$AC$2) -> 26 | T84: =(O84*$AD$2) -> 132.5 | U84: =(P84*$AE$2) -> 12.5 | V84: =Tabla1[[#This Row],[CONSUMO POL ANIONICO (KG)]] -> 0 | W84: =Tabla1[[#This Row],[CONSUMO POL CATIONICO (KG)]] -> 10 | X84: =(S84*1000)/L84 -> 81.25 | Y84: =(T84*1000)/L84 -> 414.0625 | Z84: =(U84*1000)/L84 -> 39.0625 | AA84: =(V84*1000)/L84 -> 0 | AB84: =(W84*1000)/L84 -> 31.25 | AC84: 1.3 | AD84: 1.325 | AE84: 1.25 | AF84: 2500 | AG84: 2500 | AH84: 830 | AI84: 2818 | AJ84: 6295 | AK84: 19050 | AL84: 22050 | AM84: =S84*AH84 -> 21580 | AN84: =T84*AI84 -> 373385 | AO84: =U84*AJ84 -> 78687.5 | AP84: =V84*AK84 -> 0 | AQ84: =W84*AL84 -> 220500 | AR84: =SUM(Tabla1[[#This Row],[COSTO OPERATIVO ACIDO]:[COSTO OPERATIVO CATIONICO]]) -> 694152.5 | AS84: 3599 | AT84: =AR84/L84 -> 2169.2266
A85: =A84 -> 46109 | B85: =DAY(Tabla1[[#This Row],[FECHA]]) -> 28 | C85: 3(TARDE) | D85: 84 | E85: FINAL TURNO 2 | F85: 3000 | G85: 6000 | H85: 4360 | I85: =+I84-0 -> 197 | J85: =+J84-10 -> 135 | K85: 17608 | L85: =+(K86-Tabla1[[#This Row],[Lectura Horometro INICIAL (06:00)]])*Tabla1[[#This Row],[CAUDAL DE TRATAMIENTO]] -> 640 | M85: 80 | N85: =F85-F86 -> 200 | O85: =G85-G86 -> 200 | P85: =H85-H86 -> 70 | Q85: =I85-I86 -> 5 | R85: =J85-J86 -> 5 | S85: =(N85*$AC$2) -> 260 | T85: =(O85*$AD$2) -> 265 | U85: =(P85*$AE$2) -> 87.5 | V85: =Tabla1[[#This Row],[CONSUMO POL ANIONICO (KG)]] -> 5 | W85: =Tabla1[[#This Row],[CONSUMO POL CATIONICO (KG)]] -> 5 | X85: =(S85*1000)/L85 -> 406.25 | Y85: =(T85*1000)/L85 -> 414.0625 | Z85: =(U85*1000)/L85 -> 136.71875 | AA85: =(V85*1000)/L85 -> 7.8125 | AB85: =(W85*1000)/L85 -> 7.8125 | AC85: 1.3 | AD85: 1.325 | AE85: 1.25 | AF85: 2500 | AG85: 2500 | AH85: 830 | AI85: 2818 | AJ85: 6295 | AK85: 19050 | AL85: 22050 | AM85: =S85*AH85 -> 215800 | AN85: =T85*AI85 -> 746770 | AO85: =U85*AJ85 -> 550812.5 | AP85: =V85*AK85 -> 95250 | AQ85: =W85*AL85 -> 110250 | AR85: =SUM(Tabla1[[#This Row],[COSTO OPERATIVO ACIDO]:[COSTO OPERATIVO CATIONICO]]) -> 1718882.5 | AS85: 3599 | AT85: =AR85/L85 -> 2685.7539
A86: 46110 | B86: =DAY(Tabla1[[#This Row],[FECHA]]) -> 29 | C86: 29 (NOCHE) | D86: 85 | E86: FINAL TURNO 3 | F86: 2800 | G86: 5800 | H86: 4290 | I86: =+I85-5 -> 192 | J86: =+J85-5 -> 130 | K86: 17616 | L86: =+(K87-Tabla1[[#This Row],[Lectura Horometro INICIAL (06:00)]])*Tabla1[[#This Row],[CAUDAL DE TRATAMIENTO]] -> 480 | M86: 80 | N86: =F86-F87 -> 20 | O86: =G86-G87 -> 80 | P86: =H86-H87 -> 10 | Q86: =I86-I87 -> 0 | R86: =J86-J87 -> 5 | S86: =(N86*$AC$2) -> 26 | T86: =(O86*$AD$2) -> 106 | U86: =(P86*$AE$2) -> 12.5 | V86: =Tabla1[[#This Row],[CONSUMO POL ANIONICO (KG)]] -> 0 | W86: =Tabla1[[#This Row],[CONSUMO POL CATIONICO (KG)]] -> 5 | X86: =(S86*1000)/L86 -> 54.166667 | Y86: =(T86*1000)/L86 -> 220.83333 | Z86: =(U86*1000)/L86 -> 26.041667 | AA86: =(V86*1000)/L86 -> 0 | AB86: =(W86*1000)/L86 -> 10.416667 | AC86: 1.3 | AD86: 1.325 | AE86: 1.25 | AF86: 2500 | AG86: 2500 | AH86: 830 | AI86: 2818 | AJ86: 6295 | AK86: 19050 | AL86: 22050 | AM86: =S86*AH86 -> 21580 | AN86: =T86*AI86 -> 298708 | AO86: =U86*AJ86 -> 78687.5 | AP86: =V86*AK86 -> 0 | AQ86: =W86*AL86 -> 110250 | AR86: =SUM(Tabla1[[#This Row],[COSTO OPERATIVO ACIDO]:[COSTO OPERATIVO CATIONICO]]) -> 509225.5 | AS86: 3599 | AT86: =AR86/L86 -> 1060.8865
A87: =A86 -> 46110 | B87: =DAY(Tabla1[[#This Row],[FECHA]]) -> 29 | C87: 30 (MAÑANA) | D87: 86 | E87: FINAL TURNO 1 | F87: 2780 | G87: 5720 | H87: 4280 | I87: =+I86-0 -> 192 | J87: =+J86-5 -> 125 | K87: 17622 | L87: =+(K88-Tabla1[[#This Row],[Lectura Horometro INICIAL (06:00)]])*Tabla1[[#This Row],[CAUDAL DE TRATAMIENTO]] -> 0 | M87: 80 | N87: =F87-F88 -> 0 | O87: =G87-G88 -> 0 | P87: =H87-H88 -> 0 | Q87: =I87-I88 -> 0 | R87: =J87-J88 -> 0 | S87: =(N87*$AC$2) -> 0 | T87: =(O87*$AD$2) -> 0 | U87: =(P87*$AE$2) -> 0 | V87: =Tabla1[[#This Row],[CONSUMO POL ANIONICO (KG)]] -> 0 | W87: =Tabla1[[#This Row],[CONSUMO POL CATIONICO (KG)]] -> 0 | X87: =(S87*1000)/L87 -> #DIV/0! | Y87: =(T87*1000)/L87 -> #DIV/0! | Z87: =(U87*1000)/L87 -> #DIV/0! | AA87: =(V87*1000)/L87 -> #DIV/0! | AB87: =(W87*1000)/L87 -> #DIV/0! | AC87: 1.3 | AD87: 1.325 | AE87: 1.25 | AF87: 2500 | AG87: 2500 | AH87: 830 | AI87: 2818 | AJ87: 6295 | AK87: 19050 | AL87: 22050 | AM87: =S87*AH87 -> 0 | AN87: =T87*AI87 -> 0 | AO87: =U87*AJ87 -> 0 | AP87: =V87*AK87 -> 0 | AQ87: =W87*AL87 -> 0 | AR87: =SUM(Tabla1[[#This Row],[COSTO OPERATIVO ACIDO]:[COSTO OPERATIVO CATIONICO]]) -> 0 | AS87: 3599 | AT87: =AR87/L87 -> #DIV/0!
A88: =A87 -> 46110 | B88: =DAY(Tabla1[[#This Row],[FECHA]]) -> 29 | C88: 3(TARDE) | D88: 87 | E88: FINAL TURNO 2 | F88: 2780 | G88: 5720 | H88: 4280 | I88: 192 | J88: 125 | K88: 17622 | L88: =+(K89-Tabla1[[#This Row],[Lectura Horometro INICIAL (06:00)]])*Tabla1[[#This Row],[CAUDAL DE TRATAMIENTO]] -> 0 | M88: 80 | N88: =F88-F89 -> 0 | O88: =G88-G89 -> 0 | P88: =H88-H89 -> 0 | Q88: =I88-I89 -> 0 | R88: =J88-J89 -> 0 | S88: =(N88*$AC$2) -> 0 | T88: =(O88*$AD$2) -> 0 | U88: =(P88*$AE$2) -> 0 | V88: =Tabla1[[#This Row],[CONSUMO POL ANIONICO (KG)]] -> 0 | W88: =Tabla1[[#This Row],[CONSUMO POL CATIONICO (KG)]] -> 0 | X88: =(S88*1000)/L88 -> #DIV/0! | Y88: =(T88*1000)/L88 -> #DIV/0! | Z88: =(U88*1000)/L88 -> #DIV/0! | AA88: =(V88*1000)/L88 -> #DIV/0! | AB88: =(W88*1000)/L88 -> #DIV/0! | AC88: 1.3 | AD88: 1.325 | AE88: 1.25 | AF88: 2500 | AG88: 2500 | AH88: 830 | AI88: 2818 | AJ88: 6295 | AK88: 19050 | AL88: 22050 | AM88: =S88*AH88 -> 0 | AN88: =T88*AI88 -> 0 | AO88: =U88*AJ88 -> 0 | AP88: =V88*AK88 -> 0 | AQ88: =W88*AL88 -> 0 | AR88: =SUM(Tabla1[[#This Row],[COSTO OPERATIVO ACIDO]:[COSTO OPERATIVO CATIONICO]]) -> 0 | AS88: 3599 | AT88: =AR88/L88 -> #DIV/0!
A89: 46111 | B89: =DAY(Tabla1[[#This Row],[FECHA]]) -> 30 | C89: 30 (NOCHE) | D89: 88 | E89: FINAL TURNO 3 | F89: 2780 | G89: 5720 | H89: 4280 | I89: 192 | J89: 125 | K89: 17622 | L89: =+(K90-Tabla1[[#This Row],[Lectura Horometro INICIAL (06:00)]])*Tabla1[[#This Row],[CAUDAL DE TRATAMIENTO]] -> 0 | M89: 80 | N89: =F89-F90 -> 0 | O89: =G89-G90 -> 0 | P89: =H89-H90 -> 0 | Q89: =I89-I90 -> 0 | R89: =J89-J90 -> 0 | S89: =(N89*$AC$2) -> 0 | T89: =(O89*$AD$2) -> 0 | U89: =(P89*$AE$2) -> 0 | V89: =Tabla1[[#This Row],[CONSUMO POL ANIONICO (KG)]] -> 0 | W89: =Tabla1[[#This Row],[CONSUMO POL CATIONICO (KG)]] -> 0 | X89: =(S89*1000)/L89 -> #DIV/0! | Y89: =(T89*1000)/L89 -> #DIV/0! | Z89: =(U89*1000)/L89 -> #DIV/0! | AA89: =(V89*1000)/L89 -> #DIV/0! | AB89: =(W89*1000)/L89 -> #DIV/0! | AC89: 1.3 | AD89: 1.325 | AE89: 1.25 | AF89: 2500 | AG89: 2500 | AH89: 830 | AI89: 2818 | AJ89: 6295 | AK89: 19050 | AL89: 22050 | AM89: =S89*AH89 -> 0 | AN89: =T89*AI89 -> 0 | AO89: =U89*AJ89 -> 0 | AP89: =V89*AK89 -> 0 | AQ89: =W89*AL89 -> 0 | AR89: =SUM(Tabla1[[#This Row],[COSTO OPERATIVO ACIDO]:[COSTO OPERATIVO CATIONICO]]) -> 0 | AS89: 3599 | AT89: =AR89/L89 -> #DIV/0!
A90: =A89 -> 46111 | B90: =DAY(Tabla1[[#This Row],[FECHA]]) -> 30 | C90: 31 (MAÑANA) | D90: 89 | E90: FINAL TURNO 1 | F90: 2780 | G90: 5720 | H90: 4280 | I90: 192 | J90: 125 | K90: 17622 | L90: =+(K91-Tabla1[[#This Row],[Lectura Horometro INICIAL (06:00)]])*Tabla1[[#This Row],[CAUDAL DE TRATAMIENTO]] -> 0 | M90: 80 | N90: =F90-F91 -> 0 | O90: =G90-G91 -> 0 | P90: =H90-H91 -> 0 | Q90: =I90-I91 -> 0 | R90: =J90-J91 -> 0 | S90: =(N90*$AC$2) -> 0 | T90: =(O90*$AD$2) -> 0 | U90: =(P90*$AE$2) -> 0 | V90: =Tabla1[[#This Row],[CONSUMO POL ANIONICO (KG)]] -> 0 | W90: =Tabla1[[#This Row],[CONSUMO POL CATIONICO (KG)]] -> 0 | X90: =(S90*1000)/L90 -> #DIV/0! | Y90: =(T90*1000)/L90 -> #DIV/0! | Z90: =(U90*1000)/L90 -> #DIV/0! | AA90: =(V90*1000)/L90 -> #DIV/0! | AB90: =(W90*1000)/L90 -> #DIV/0! | AC90: 1.3 | AD90: 1.325 | AE90: 1.25 | AF90: 2500 | AG90: 2500 | AH90: 830 | AI90: 2818 | AJ90: 6295 | AK90: 19050 | AL90: 22050 | AM90: =S90*AH90 -> 0 | AN90: =T90*AI90 -> 0 | AO90: =U90*AJ90 -> 0 | AP90: =V90*AK90 -> 0 | AQ90: =W90*AL90 -> 0 | AR90: =SUM(Tabla1[[#This Row],[COSTO OPERATIVO ACIDO]:[COSTO OPERATIVO CATIONICO]]) -> 0 | AS90: 3599 | AT90: =AR90/L90 -> #DIV/0!
A91: =A90 -> 46111 | B91: =DAY(Tabla1[[#This Row],[FECHA]]) -> 30 | C91: 3(TARDE) | D91: 90 | E91: FINAL TURNO 2 | F91: 2780 | G91: 5720 | H91: 4280 | I91: 192 | J91: 125 | K91: 17622 | L91: =+(K92-Tabla1[[#This Row],[Lectura Horometro INICIAL (06:00)]])*Tabla1[[#This Row],[CAUDAL DE TRATAMIENTO]] -> 0 | M91: 80 | N91: =F91-F92 -> 0 | O91: =G91-G92 -> 0 | P91: =H91-H92 -> 0 | Q91: =I91-I92 -> 0 | R91: =J91-J92 -> 0 | S91: =(N91*$AC$2) -> 0 | T91: =(O91*$AD$2) -> 0 | U91: =(P91*$AE$2) -> 0 | V91: =Tabla1[[#This Row],[CONSUMO POL ANIONICO (KG)]] -> 0 | W91: =Tabla1[[#This Row],[CONSUMO POL CATIONICO (KG)]] -> 0 | X91: =(S91*1000)/L91 -> #DIV/0! | Y91: =(T91*1000)/L91 -> #DIV/0! | Z91: =(U91*1000)/L91 -> #DIV/0! | AA91: =(V91*1000)/L91 -> #DIV/0! | AB91: =(W91*1000)/L91 -> #DIV/0! | AC91: 1.3 | AD91: 1.325 | AE91: 1.25 | AF91: 2500 | AG91: 2500 | AH91: 830 | AI91: 2818 | AJ91: 6295 | AK91: 19050 | AL91: 22050 | AM91: =S91*AH91 -> 0 | AN91: =T91*AI91 -> 0 | AO91: =U91*AJ91 -> 0 | AP91: =V91*AK91 -> 0 | AQ91: =W91*AL91 -> 0 | AR91: =SUM(Tabla1[[#This Row],[COSTO OPERATIVO ACIDO]:[COSTO OPERATIVO CATIONICO]]) -> 0 | AS91: 3599 | AT91: =AR91/L91 -> #DIV/0!
A92: 46112 | B92: =DAY(Tabla1[[#This Row],[FECHA]]) -> 31 | C92: 31 (NOCHE) | D92: 91 | E92: FINAL TURNO 3 | F92: 2780 | G92: 5720 | H92: 4280 | I92: 192 | J92: 125 | K92: 17622 | L92: =+(K93-Tabla1[[#This Row],[Lectura Horometro INICIAL (06:00)]])*Tabla1[[#This Row],[CAUDAL DE TRATAMIENTO]] -> 0 | M92: 80 | N92: =F92-F93 -> 0 | O92: =G92-G93 -> 0 | P92: =H92-H93 -> 0 | Q92: =I92-I93 -> 0 | R92: =J92-J93 -> 0 | S92: =(N92*$AC$2) -> 0 | T92: =(O92*$AD$2) -> 0 | U92: =(P92*$AE$2) -> 0 | V92: =Tabla1[[#This Row],[CONSUMO POL ANIONICO (KG)]] -> 0 | W92: =Tabla1[[#This Row],[CONSUMO POL CATIONICO (KG)]] -> 0 | X92: =(S92*1000)/L92 -> #DIV/0! | Y92: =(T92*1000)/L92 -> #DIV/0! | Z92: =(U92*1000)/L92 -> #DIV/0! | AA92: =(V92*1000)/L92 -> #DIV/0! | AB92: =(W92*1000)/L92 -> #DIV/0! | AC92: 1.3 | AD92: 1.325 | AE92: 1.25 | AF92: 2500 | AG92: 2500 | AH92: 830 | AI92: 2818 | AJ92: 6295 | AK92: 19050 | AL92: 22050 | AM92: =S92*AH92 -> 0 | AN92: =T92*AI92 -> 0 | AO92: =U92*AJ92 -> 0 | AP92: =V92*AK92 -> 0 | AQ92: =W92*AL92 -> 0 | AR92: =SUM(Tabla1[[#This Row],[COSTO OPERATIVO ACIDO]:[COSTO OPERATIVO CATIONICO]]) -> 0 | AS92: 3599 | AT92: =AR92/L92 -> #DIV/0!
A93: =A92 -> 46112 | B93: =DAY(Tabla1[[#This Row],[FECHA]]) -> 31 | C93: 32 (MAÑANA) | D93: 92 | E93: FINAL TURNO 1 | F93: 2780 | G93: 5720 | H93: 4280 | I93: 192 | J93: 125 | K93: 17622 | L93: =+(K94-Tabla1[[#This Row],[Lectura Horometro INICIAL (06:00)]])*Tabla1[[#This Row],[CAUDAL DE TRATAMIENTO]] -> 0 | M93: 80 | N93: =F93-F94 -> 0 | O93: =G93-G94 -> 0 | P93: =H93-H94 -> 0 | Q93: =I93-I94 -> 0 | R93: =J93-J94 -> 0 | S93: =(N93*$AC$2) -> 0 | T93: =(O93*$AD$2) -> 0 | U93: =(P93*$AE$2) -> 0 | V93: =Tabla1[[#This Row],[CONSUMO POL ANIONICO (KG)]] -> 0 | W93: =Tabla1[[#This Row],[CONSUMO POL CATIONICO (KG)]] -> 0 | X93: =(S93*1000)/L93 -> #DIV/0! | Y93: =(T93*1000)/L93 -> #DIV/0! | Z93: =(U93*1000)/L93 -> #DIV/0! | AA93: =(V93*1000)/L93 -> #DIV/0! | AB93: =(W93*1000)/L93 -> #DIV/0! | AC93: 1.3 | AD93: 1.325 | AE93: 1.25 | AF93: 2500 | AG93: 2500 | AH93: 830 | AI93: 2818 | AJ93: 6295 | AK93: 19050 | AL93: 22050 | AM93: =S93*AH93 -> 0 | AN93: =T93*AI93 -> 0 | AO93: =U93*AJ93 -> 0 | AP93: =V93*AK93 -> 0 | AQ93: =W93*AL93 -> 0 | AR93: =SUM(Tabla1[[#This Row],[COSTO OPERATIVO ACIDO]:[COSTO OPERATIVO CATIONICO]]) -> 0 | AS93: 3599 | AT93: =AR93/L93 -> #DIV/0!
A94: =A93 -> 46112 | B94: =DAY(Tabla1[[#This Row],[FECHA]]) -> 31 | C94: 3(TARDE) | D94: 93 | E94: FINAL TURNO 2 | F94: 2780 | G94: 5720 | H94: 4280 | I94: 192 | J94: 125 | K94: 17622 | L94: =+(K95-Tabla1[[#This Row],[Lectura Horometro INICIAL (06:00)]])*Tabla1[[#This Row],[CAUDAL DE TRATAMIENTO]] -> 0 | M94: 80 | N94: =F94-F95 -> 0 | O94: =G94-G95 -> 0 | P94: =H94-H95 -> 0 | Q94: =I94-I95 -> 0 | R94: =J94-J95 -> 0 | S94: =(N94*$AC$2) -> 0 | T94: =(O94*$AD$2) -> 0 | U94: =(P94*$AE$2) -> 0 | V94: =Tabla1[[#This Row],[CONSUMO POL ANIONICO (KG)]] -> 0 | W94: =Tabla1[[#This Row],[CONSUMO POL CATIONICO (KG)]] -> 0 | X94: =(S94*1000)/L94 -> #DIV/0! | Y94: =(T94*1000)/L94 -> #DIV/0! | Z94: =(U94*1000)/L94 -> #DIV/0! | AA94: =(V94*1000)/L94 -> #DIV/0! | AB94: =(W94*1000)/L94 -> #DIV/0! | AC94: 1.3 | AD94: 1.325 | AE94: 1.25 | AF94: 2500 | AG94: 2500 | AH94: 830 | AI94: 2818 | AJ94: 6295 | AK94: 19050 | AL94: 22050 | AM94: =S94*AH94 -> 0 | AN94: =T94*AI94 -> 0 | AO94: =U94*AJ94 -> 0 | AP94: =V94*AK94 -> 0 | AQ94: =W94*AL94 -> 0 | AR94: =SUM(Tabla1[[#This Row],[COSTO OPERATIVO ACIDO]:[COSTO OPERATIVO CATIONICO]]) -> 0 | AS94: 3599 | AT94: =AR94/L94 -> #DIV/0!
F95: 2780 | G95: 5720 | H95: 4280 | I95: 192 | J95: 125 | K95: 17622 | L95: =+(K96-Tabla1[[#This Row],[Lectura Horometro INICIAL (06:00)]])*Tabla1[[#This Row],[CAUDAL DE TRATAMIENTO]] -> -1409760 | M95: 80 | N95: =F95-F96 -> 2780 | O95: =G95-G96 -> 5720 | P95: =H95-H96 -> 4280 | Q95: =I95-I96 -> 192 | R95: =J95-J96 -> 125 | S95: =(N95*$AC$2) -> 3614 | T95: =(O95*$AD$2) -> 7579 | U95: =(P95*$AE$2) -> 5350 | V95: =Tabla1[[#This Row],[CONSUMO POL ANIONICO (KG)]] -> 192 | W95: =Tabla1[[#This Row],[CONSUMO POL CATIONICO (KG)]] -> 125 | X95: =(S95*1000)/L95 -> -2.5635569 | Y95: =(T95*1000)/L95 -> -5.3760924 | Z95: =(U95*1000)/L95 -> -3.7949722 | AA95: =(V95*1000)/L95 -> -0.13619339 | AB95: =(W95*1000)/L95 -> -0.088667575 | AM95: =S95*AH95 -> 0 | AN95: =T95*AI95 -> 0 | AO95: =U95*AJ95 -> 0 | AP95: =V95*AK95 -> 0 | AQ95: =W95*AL95 -> 0 | AR95: =SUM(Tabla1[[#This Row],[COSTO OPERATIVO ACIDO]:[COSTO OPERATIVO CATIONICO]]) -> 0 | AT95: =AR95/L95 -> 0
AR96: =SUM(Tabla1[[COSTO QUIMICA ]]) -> 1.0240107e+08
L97: =+SUM(L2:L13) -> 4880 | N97: =+SUM(N2:N88) -> 9600 | O97: =+SUM(O2:O88) -> 11860 | P97: =+SUM(P2:P87) -> 4710 | Q97: =+SUM(Q2:Q87) -> 168 | R97: =+SUM(R2:R87) -> 340 | S97: =+SUM(S2:S93) -> 12480 | T97: =+SUM(T2:T93) -> 15714.5 | U97: =+SUM(U2:U93) -> 5887.5 | V97: =+SUM(V2:V93) -> 168 | W97: =+SUM(W2:W93) -> 340 | AM97: =+SUM(AM2:AM95) -> 10358400 | AN97: =+SUM(AN2:AN95) -> 44283461 | AO97: =+SUM(AO2:AO95) -> 37061812 | AP97: =+SUM(AP2:AP95) -> 3200400 | AQ97: =+SUM(AQ2:AQ95) -> 7497000
L98: =+SUM(L2:L13) -> 4880 | P98: =+MEDIAN(P2:P78)+2000 -> 2050 | AR98: =+SUM(AR2:AR94) -> 1.0240107e+08
N99: =+N97*1.3 -> 12480 | O99: =+O97*1.325 -> 15714.5 | P99: =+P97*1.25 -> 5887.5
S100: =+SUM(S2:S50) -> 8450 | T100: =+SUM(T2:T50) -> 10626.5 | U100: =+SUM(U2:U50) -> 4050 | V100: =+SUM(V2:V50) -> 85 | W100: =+SUM(W2:W50) -> 190
...

Sheet DB QUIMICA
A1: CONSUMO DE QUIMICO | M1: TABLA GRAFICA 1 Y 2 . CONSUMO QUIMICO DETALLADO | U1: TABLA GRAFICA 2. COSTO CONSUMO QUIMICO VS $M3 | AA1: TABLA GRAFICA 3. RO COSTO CONSUMO QUIMICO VS $M3 | AG1: TABLA GRAFICA 4. RO PPM CONSUMO QUIMICO
A2: GEM
B3: CONSUMO QUIMICO PPM
L4: FECHA | M4: CAUDAL TOTAL TRATADO GEM | N4: COF 235 - PPM COAGULANTE | O4: COF 255 - PPM DECOLORANTE | P4: COF 280 - PPM ACIDO | Q4: COF 440 - PPM POL ANIONICO | R4: COF 494 - PPM POL CATIONICO | U4: DIA | V4: CAUDAL TOTAL TRATADO GEM | W4: INDICADOR $m3 | X4: 2024-2 $m3 GEM | Y4: 2024 $m3 GEM | AA4: DÍA | AB4: VOLUMEN ENVIADO A RO (m3) | AC4: LIMITE INDICADOR M3 | AD4: INDICADOR $m3 RO | AG4: DÍA | AH4: VOLUMEN ENVIADO A RO (m3) | AI4: PPM HCL | AJ4: PPM KURIVERTER | AK4: PPM VITEC | AL4: PPM BISULFITO
L5: (en blanco) | M5: -1409760 | N5: -5.3760924 | O5: -3.7949722 | P5: -2.5635569 | Q5: -0.13619339 | R5: -0.088667575 | U5: 1 | V5: 240 | W5: 0 | X5: 3599 | Y5: 4909 | AA5: 1 | AB5: 0 | AC5: 1000 | AD5: 0 | AG5: 1 | AH5: 0 | AI5: 0 | AJ5: 0 | AK5: 0 | AL5: 0
L6: 46082 | M6: 240 | N6: 0 | O6: 0 | P6: 0 | Q6: 0 | R6: 0 | U6: 2 | V6: 1600 | W6: 3863.5328 | X6: 3599 | Y6: 4909 | AA6: 2 | AB6: 463.75 | AC6: 1000 | AD6: 0 | AG6: 2 | AH6: 463.75 | AI6: 0 | AJ6: 0 | AK6: 0 | AL6: 0
L7: 46083 | M7: 1600 | N7: 372.65625 | O7: 343.75 | P7: 390 | Q7: 6.25 | R7: 9.375 | U7: 3 | V7: 1440 | W7: 1946.4653 | X7: 3599 | Y7: 4909 | AA7: 3 | AB7: 1090.694 | AC7: 1000 | AD7: 0 | AG7: 3 | AH7: 1090.694 | AI7: 0 | AJ7: 0 | AK7: 0 | AL7: 0
L8: 46084 | M8: 1440 | N8: 322.04861 | O8: 130.20833 | P8: 0 | Q8: 3.4722222 | R8: 6.9444444 | U8: 4 | V8: 1600 | W8: 2545.6834 | X8: 3599 | Y8: 4909 | AA8: 4 | AB8: 972.35 | AC8: 1000 | AD8: 610.7563 | AG8: 4 | AH8: 972.35 | AI8: 0 | AJ8: 704.38863 | AK8: 281.46677 | AL8: 0
L9: 46085 | M9: 1600 | N9: 339.53125 | O9: 203.125 | P9: 373.75 | Q9: 0 | R9: 0 | U9: 5 | V9: 1760 | W9: 3339.5418 | X9: 3599 | Y9: 4909 | AA9: 5 | AB9: 920.28 | AC9: 1000 | AD9: 1163.0228 | AG9: 5 | AH9: 920.28 | AI9: 0 | AJ9: 378.22204 | AK9: 674.85182 | AL9: 0
L10: 46086 | M10: 1760 | N10: 496.875 | O10: 220.17045 | P10: 450.56818 | Q10: 2.8409091 | R10: 5.6818182 | U10: 6 | V10: 1520 | W10: 3266.3855 | X10: 3599 | Y10: 4909 | AA10: 6 | AB10: 972.565 | AC10: 1000 | AD10: 691.61925 | AG10: 6 | AH10: 972.565 | AI10: 0 | AJ10: 380.97846 | AK10: 378.81381 | AL10: 0
L11: 46087 | M11: 1520 | N11: 575.32895 | O11: 148.02632 | P11: 521.71053 | Q11: 3.2894737 | R11: 9.8684211 | U11: 7 | V11: 1280 | W11: 4834.5277 | X11: 3599 | Y11: 4909 | AA11: 7 | AB11: 544.536 | AC11: 1000 | AD11: 0 | AG11: 7 | AH11: 544.536 | AI11: 0 | AJ11: 0 | AK11: 0 | AL11: 0
L12: 46088 | M12: 1280 | N12: 652.14844 | O12: 273.4375 | P12: 1046.0938 | Q12: 7.8125 | R12: 11.71875 | U12: 8 | V12: 0 | W12: 0 | X12: 3599 | Y12: 4909 | AA12: 8 | AB12: 0 | AC12: 1000 | AD12: 0 | AG12: 8 | AH12: 0 | AI12: 0 | AJ12: 0 | AK12: 0 | AL12: 0
L13: 46089 | M13: 0 | N13: 0 | O13: 0 | P13: 0 | Q13: 0 | R13: 0 | U13: 9 | V13: 1520 | W13: 4048.1164 | X13: 3599 | Y13: 4909 | AA13: 9 | AB13: 908.007 | AC13: 1000 | AD13: 83.885604 | AG13: 9 | AH13: 908.007 | AI13: 0 | AJ13: 123.65621 | AK13: 34.778308 | AL13: 0
L14: 46090 | M14: 1520 | N14: 714.80263 | O14: 197.36842 | P14: 615.78947 | Q14: 3.2894737 | R14: 9.8684211 | U14: 10 | V14: 1520 | W14: 3497.648 | X14: 3599 | Y14: 4909 | AA14: 10 | AB14: 877.677 | AC14: 1000 | AD14: 542.80077 | AG14: 10 | AH14: 877.677 | AI14: 0 | AJ14: 281.4447 | AK14: 299.83456 | AL14: 0
L15: 46091 | M15: 1520 | N15: 523.02632 | O15: 213.81579 | P15: 478.94737 | Q15: 3.2894737 | R15: 9.8684211 | U15: 11 | V15: 1280 | W15: 5348.5871 | X15: 3599 | Y15: 4909 | AA15: 11 | AB15: 822.903 | AC15: 1000 | AD15: 804.85603 | AG15: 11 | AH15: 822.903 | AI15: 0 | AJ15: 395.68945 | AK15: 447.70897 | AL15: 0
L16: 46092 | M16: 1280 | N16: 973.04688 | O16: 263.67188 | P16: 650 | Q16: 7.8125 | R16: 11.71875 | U16: 12 | V16: 1520 | W16: 4138.1046 | X16: 3599 | Y16: 4909 | AA16: 12 | AB16: 791.274 | AC16: 1000 | AD16: 791.33097 | AG16: 12 | AH16: 791.274 | AI16: 0 | AJ16: 581.78441 | AK16: 412.39291 | AL16: 0
L17: 46093 | M17: 1520 | N17: 732.23684 | O17: 246.71053 | P17: 290.78947 | Q17: 3.2894737 | R17: 9.8684211 | U17: 13 | V17: 1280 | W17: 3311.2105 | X17: 3599 | Y17: 4909 | AA17: 13 | AB17: 714.389 | AC17: 1000 | AD17: 558.43525 | AG17: 13 | AH17: 714.389 | AI17: 0 | AJ17: 282.90646 | AK17: 309.42894 | AL17: 0
... L27: 46103 | M27: 0 | N27: 0 | O27: 0 | P27: 0 | Q27: 0 | R27: 0 | U27: 23 | V27: 720 | W27: 2306.0451 | X27: 3599 | Y27: 4909 | AA27: 23 | AB27: 466.818 | AC27: 1000 | AD27: 1059.245 | AG27: 23 | AH27: 466.818 | AI27: 0 | AJ27: 697.51817 | AK27: 563.72697 | AL27: 0
B28: COSTO TTO - CAUDAL TRATADP GEM Vs $M3 | L28: 46104 | M28: 720 | N28: 276.04167 | O28: 173.61111 | P28: 180.55556 | Q28: 6.9444444 | R28: 6.9444444 | U28: 24 | V28: 1295 | W28: 1779.271 | X28: 3599 | Y28: 4909 | AA28: 24 | AB28: 989.193 | AC28: 1000 | AD28: 335.41885 | AG28: 24 | AH28: 989.193 | AI28: 0 | AJ28: 351.87287 | AK28: 159.61975 | AL28: 0
L29: 46105 | M29: 1295 | N29: 266.02317 | O29: 96.525097 | P29: 120.46332 | Q29: 6.1776062 | R29: 9.2664093 | U29: 25 | V29: 1200 | W29: 2688.2196 | X29: 3599 | Y29: 4909 | AA29: 25 | AB29: 936.422 | AC29: 1000 | AD29: 27.568317 | AG29: 25 | AH29: 936.422 | AI29: 0 | AJ29: 119.90396 | AK29: 0 | AL29: 0
L30: 46106 | M30: 1200 | N30: 342.29167 | O30: 125 | P30: 303.33333 | Q30: 16.666667 | R30: 16.666667 | U30: 26 | V30: 1360 | W30: 1857.4879 | X30: 3599 | Y30: 4909 | AA30: 26 | AB30: 873.699 | AC30: 1000 | AD30: 88.642355 | AG30: 26 | AH30: 873.699 | AI30: 0 | AJ30: 385.53564 | AK30: 0 | AL30: 0
L31: 46107 | M31: 1360 | N31: 204.59559 | O31: 91.911765 | P31: 286.76471 | Q31: 7.3529412 | R31: 14.705882 | U31: 27 | V31: 1120 | W31: 2451.2125 | X31: 3599 | Y31: 4909 | AA31: 27 | AB31: 841.701 | AC31: 1000 | AD31: 64.40852 | AG31: 27 | AH31: 841.701 | AI31: 0 | AJ31: 280.13448 | AK31: 0 | AL31: 0
L32: 46108 | M32: 1120 | N32: 390.40179 | O32: 145.08929 | P32: 290.17857 | Q32: 0 | R32: 8.9285714 | U32: 28 | V32: 1520 | W32: 2768.4122 | X32: 3599 | Y32: 4909 | AA32: 28 | AB32: 368.133 | AC32: 1000 | AD32: 56.100548 | AG32: 28 | AH32: 368.133 | AI32: 0 | AJ32: 244.0003 | AK32: 0 | AL32: 0
L33: 46109 | M33: 1520 | N33: 427.13816 | O33: 131.57895 | P33: 299.34211 | Q33: 6.5789474 | R33: 16.447368 | U33: 29 | V33: 480 | W33: 1060.8865 | X33: 3599 | Y33: 4909 | AA33: 29 | AB33: 0 | AC33: 1000 | AD33: 0 | AG33: 29 | AH33: 0 | AI33: 0 | AJ33: 0 | AK33: 0 | AL33: 0
L34: 46110 | M34: 480 | N34: 220.83333 | O34: 26.041667 | P34: 54.166667 | Q34: 0 | R34: 10.416667 | U34: 30 | V34: 0 | W34: 0 | X34: 3599 | Y34: 4909 | AA34: 30 | AB34: 0 | AC34: 1000 | AD34: 0 | AG34: 30 | AH34: 0 | AI34: 0 | AJ34: 0 | AK34: 0 | AL34: 0
L35: 46111 | M35: 0 | N35: 0 | O35: 0 | P35: 0 | Q35: 0 | R35: 0 | U35: 31 | V35: 0 | W35: 0 | X35: 3599 | Y35: 4909 | AA35: 31 | AB35: 0 | AC35: 1000 | AD35: 0 | AG35: 31 | AH35: 0 | AI35: 0 | AJ35: 0 | AK35: 0 | AL35: 0
L36: 46112 | M36: 0 | N36: 0 | O36: 0 | P36: 0 | Q36: 0 | R36: 0 | U36: Total general | V36: 32829 | W36: 3119.2261 | X36: 3599 | Y36: 4909 | AA36: Total general | AB36: 18998.49 | AC36: 1000 | AD36: 504.39461 | AG36: 0 | AH36: 0 | AI36: 0 | AJ36: 0 | AK36: 0 | AL36: 0
L37: Total general | M37: -1376931 | N37: -16.91697 | O37: -8.1612659 | P37: -11.688313 | Q37: -0.26145101 | R37: -0.33770755 | AG37: Total general | AH37: 18998.49 | AI37: 0 | AJ37: 334.03209 | AK37: 268.16536 | AL37: 0
B51: CONSOLIDADO COSTO TTO - CAUDAL TRATADP GEM Vs $M3 | F51: CONSOLIDADO COSTO TTO - CAUDAL TRATADP RO Vs $M3
B53: ACUMULADO CAUDAL TRATADO GEM | D53: =+'INVENTARIO Y CONSUMO GEM '!AR98 -> 1.0240107e+08 | F53: ACUMULADO CAUDAL TRATADO RO | H53: =+Tabla2[[#Totals],[COSTO QUIMICA ]] -> 9582735.9
B54: TOTAL CAUDAL TRATADO GEM | C54: $m3 | D54: 114996411 | F54: TOTAL CAUDAL TRATADO RO | G54: $m3 | H54: 2515885.2
A55: GEM | B55: =+GETPIVOTDATA(" CAUDAL TOTAL TRATADO GEM ",$U$4) -> 32829 | C55: =+D53/B55 -> 3119.2261 | D55: =C55*B55 -> 1.0240107e+08 | F55: =+GETPIVOTDATA(" VOLUMEN ENVIADO A RO (m3)",$AA$4) -> 18998.49 | G55: =H53/F55 -> 504.39461 | H55: =G55*F55 -> 9582735.9
A56: TH | B56: 13239 | C56: =+D53/B56 -> 7734.8043
A58: OSMOSIS INVERSA
B81: CONSUMO QUIMICO PPM

Sheet CONSUMO QUÍMICA-CAUDALES GEM  
A1: CONSOLIDADO CONSUMO DIARIO QUÍMICA (Litros)
B2: DIAS
A3: PRODUCTOS QUÍMICOS | B3: 1 | C3: 2 | D3: 3 | E3: 4 | F3: 5 | G3: 6 | H3: 7 | I3: 8 | J3: 9 | K3: 10 | L3: 11 | M3: 12 | N3: 13 | O3: 14 | P3: 15 | Q3: 16 | R3: 17 | S3: 18 | T3: 19 | U3: 20 | V3: 21 | W3: 22 | X3: 23 | Y3: 24 | Z3: 25 | AA3: 26 | AB3: 27 | AC3: 28 | AD3: 29 | AE3: 30 | AF3: 31 | AG3: (en blanco) | AH3: Total general
A4: COF 280 ACIDO (L) | B4: 0 | C4: 480 | D4: 0 | E4: 460 | F4: 610 | G4: 610 | H4: 1030 | I4: 0 | J4: 720 | K4: 560 | L4: 640 | M4: 340 | N4: 360 | O4: 210 | P4: 0 | Q4: 300 | R4: 420 | S4: 680 | T4: 290 | U4: 130 | V4: 340 | W4: 0 | X4: 100 | Y4: 120 | Z4: 280 | AA4: 300 | AB4: 250 | AC4: 350 | AD4: 20 | AE4: 0 | AF4: 0 | AG4: 2780 | AH4: 12380
A5: COF 235 COAGULANTE (L) | B5: 0 | C5: 450 | D5: 350 | E5: 410 | F5: 660 | G5: 660 | H5: 630 | I5: 0 | J5: 820 | K5: 600 | L5: 940 | M5: 840 | N5: 470 | O5: 340 | P5: 0 | Q5: 800 | R5: 510 | S5: 460 | T5: 330 | U5: 440 | V5: 320 | W5: 0 | X5: 150 | Y5: 260 | Z5: 310 | AA5: 210 | AB5: 330 | AC5: 490 | AD5: 80 | AE5: 0 | AF5: 0 | AG5: 5720 | AH5: 17580
A6: COF 255 DECOLORANTE (L) | B6: 0 | C6: 440 | D6: 150 | E6: 260 | F6: 310 | G6: 180 | H6: 280 | I6: 0 | J6: 240 | K6: 260 | L6: 270 | M6: 300 | N6: 200 | O6: 100 | P6: 0 | Q6: 150 | R6: 190 | S6: 170 | T6: 140 | U6: 240 | V6: 110 | W6: 0 | X6: 100 | Y6: 100 | Z6: 120 | AA6: 100 | AB6: 130 | AC6: 160 | AD6: 10 | AE6: 0 | AF6: 0 | AG6: 4280 | AH6: 8990
A7: COF 440 POL ANIONICO (KG) | B7: 0 | C7: 10 | D7: 5 | E7: 0 | F7: 5 | G7: 5 | H7: 10 | I7: 0 | J7: 5 | K7: 5 | L7: 10 | M7: 5 | N7: 10 | O7: 5 | P7: 0 | Q7: 10 | R7: 5 | S7: 8 | T7: 7 | U7: 5 | V7: 5 | W7: 0 | X7: 5 | Y7: 8 | Z7: 20 | AA7: 10 | AB7: 0 | AC7: 10 | AD7: 0 | AE7: 0 | AF7: 0 | AG7: 192 | AH7: 360
A8: COF 494 POL CATIONICO (KG) | B8: 0 | C8: 15 | D8: 10 | E8: 0 | F8: 10 | G8: 15 | H8: 15 | I8: 0 | J8: 15 | K8: 15 | L8: 15 | M8: 15 | N8: 15 | O8: 15 | P8: 15 | Q8: 15 | R8: 15 | S8: 18 | T8: 15 | U8: 5 | V8: 5 | W8: 0 | X8: 5 | Y8: 12 | Z8: 20 | AA8: 20 | AB8: 10 | AC8: 25 | AD8: 5 | AE8: 0 | AF8: 0 | AG8: 125 | AH8: 465
A10: CONSOLIDADO CONSUMO DIARIO QUÍMICA (Kg)
B11: DIAS
A12: PRODUCTOS QUÍMICOS | B12: 1 | C12: 2 | D12: 3 | E12: 4 | F12: 5 | G12: 6 | H12: 7 | I12: 8 | J12: 9 | K12: 10 | L12: 11 | M12: 12 | N12: 13 | O12: 14 | P12: 15 | Q12: 16 | R12: 17 | S12: 18 | T12: 19 | U12: 20 | V12: 21 | W12: 22 | X12: 23 | Y12: 24 | Z12: 25 | AA12: 26 | AB12: 27 | AC12: 28 | AD12: 29 | AE12: 30 | AF12: 31 | AG12: (en blanco) | AH12: Total general
A13: COF 280 - KG ACIDO | B13: 0 | C13: 624 | D13: 0 | E13: 598 | F13: 793 | G13: 793 | H13: 1339 | I13: 0 | J13: 936 | K13: 728 | L13: 832 | M13: 442 | N13: 468 | O13: 273 | P13: 0 | Q13: 390 | R13: 546 | S13: 884 | T13: 377 | U13: 169 | V13: 442 | W13: 0 | X13: 130 | Y13: 156 | Z13: 364 | AA13: 390 | AB13: 325 | AC13: 455 | AD13: 26 | AE13: 0 | AF13: 0 | AG13: 3614 | AH13: 16094
A14: COF 235 - KG COAGULANTE | B14: 0 | C14: 596.25 | D14: 463.75 | E14: 543.25 | F14: 874.5 | G14: 874.5 | H14: 834.75 | I14: 0 | J14: 1086.5 | K14: 795 | L14: 1245.5 | M14: 1113 | N14: 622.75 | O14: 450.5 | P14: 0 | Q14: 1060 | R14: 675.75 | S14: 609.5 | T14: 437.25 | U14: 583 | V14: 424 | W14: 0 | X14: 198.75 | Y14: 344.5 | Z14: 410.75 | AA14: 278.25 | AB14: 437.25 | AC14: 649.25 | AD14: 106 | AE14: 0 | AF14: 0 | AG14: 7579 | AH14: 23293.5
A15: COF 255 - KG DECOLORANTE | B15: 0 | C15: 550 | D15: 187.5 | E15: 325 | F15: 387.5 | G15: 225 | H15: 350 | I15: 0 | J15: 300 | K15: 325 | L15: 337.5 | M15: 375 | N15: 250 | O15: 125 | P15: 0 | Q15: 187.5 | R15: 237.5 | S15: 212.5 | T15: 175 | U15: 300 | V15: 137.5 | W15: 0 | X15: 125 | Y15: 125 | Z15: 150 | AA15: 125 | AB15: 162.5 | AC15: 200 | AD15: 12.5 | AE15: 0 | AF15: 0 | AG15: 5350 | AH15: 11237.5
A16: COF 440 - KG POL ANIONICO | B16: 0 | C16: 10 | D16: 5 | E16: 0 | F16: 5 | G16: 5 | H16: 10 | I16: 0 | J16: 5 | K16: 5 | L16: 10 | M16: 5 | N16: 10 | O16: 5 | P16: 0 | Q16: 10 | R16: 5 | S16: 8 | T16: 7 | U16: 5 | V16: 5 | W16: 0 | X16: 5 | Y16: 8 | Z16: 20 | AA16: 10 | AB16: 0 | AC16: 10 | AD16: 0 | AE16: 0 | AF16: 0 | AG16: 192 | AH16: 360
A17: COF 494 - KG POL CATIONICO | B17: 0 | C17: 15 | D17: 10 | E17: 0 | F17: 10 | G17: 15 | H17: 15 | I17: 0 | J17: 15 | K17: 15 | L17: 15 | M17: 15 | N17: 15 | O17: 15 | P17: 15 | Q17: 15 | R17: 15 | S17: 18 | T17: 15 | U17: 5 | V17: 5 | W17: 0 | X17: 5 | Y17: 12 | Z17: 20 | AA17: 20 | AB17: 10 | AC17: 25 | AD17: 5 | AE17: 0 | AF17: 0 | AG17: 125 | AH17: 465
A19: CONSOLIDADO DOSIFICACIÓN QUÍMICA PPM (mg/L)
B20: DIAS
A21: PRODUCTOS QUÍMICOS | B21: 1 | C21: 2 | D21: 3 | E21: 4 | F21: 5 | G21: 6 | H21: 7 | I21: 8 | J21: 9 | K21: 10 | L21: 11 | M21: 12 | N21: 13 | O21: 14 | P21: 15 | Q21: 16 | R21: 17 | S21: 18 | T21: 19 | U21: 20 | V21: 21 | W21: 22 | X21: 23 | Y21: 24 | Z21: 25 | AA21: 26 | AB21: 27 | AC21: 28 | AD21: 29 | AE21: 30 | AF21: 31 | AG21: (en blanco)
A22: COF 280 - PPM ACIDO | B22: 0 | C22: 390 | D22: 0 | E22: 373.75 | F22: 450.56818 | G22: 521.71053 | H22: 1046.0938 | I22: #DIV/0! | J22: 615.78947 | K22: 478.94737 | L22: 650 | M22: 290.78947 | N22: 365.625 | O22: 213.28125 | P22: #DIV/0! | Q22: 301.62413 | R22: 455 | S22: 652.88035 | T22: 314.16667 | U22: 150.89286 | V22: 392.19166 | W22: #DIV/0! | X22: 180.55556 | Y22: 120.46332 | Z22: 303.33333 | AA22: 286.76471 | AB22: 290.17857 | AC22: 299.34211 | AD22: 54.166667 | AE22: #DIV/0! | AF22: #DIV/0! | AG22: -2.5635569
A23: COF 235 - PPM COAGULANTE | B23: 0 | C23: 372.65625 | D23: 322.04861 | E23: 339.53125 | F23: 496.875 | G23: 575.32895 | H23: 652.14844 | I23: #DIV/0! | J23: 714.80263 | K23: 523.02632 | L23: 973.04688 | M23: 732.23684 | N23: 486.52344 | O23: 351.95312 | P23: #DIV/0! | Q23: 819.79892 | R23: 563.125 | S23: 450.14771 | T23: 364.375 | U23: 520.53571 | V23: 376.22005 | W23: #DIV/0! | X23: 276.04167 | Y23: 266.02317 | Z23: 342.29167 | AA23: 204.59559 | AB23: 390.40179 | AC23: 427.13816 | AD23: 220.83333 | AE23: #DIV/0! | AF23: #DIV/0! | AG23: -5.3760924
A24: COF 255 - PPM DECOLORANTE | B24: 0 | C24: 343.75 | D24: 130.20833 | E24: 203.125 | F24: 220.17045 | G24: 148.02632 | H24: 273.4375 | I24: #DIV/0! | J24: 197.36842 | K24: 213.81579 | L24: 263.67188 | M24: 246.71053 | N24: 195.3125 | O24: 97.65625 | P24: #DIV/0! | Q24: 145.0116 | R24: 197.91667 | S24: 156.94239 | T24: 145.83333 | U24: 267.85714 | V24: 122.00532 | W24: #DIV/0! | X24: 173.61111 | Y24: 96.525097 | Z24: 125 | AA24: 91.911765 | AB24: 145.08929 | AC24: 131.57895 | AD24: 26.041667 | AE24: #DIV/0! | AF24: #DIV/0! | AG24: -3.7949722
A25: COF 440 - PPM POL ANIONICO | B25: 0 | C25: 6.25 | D25: 3.4722222 | E25: 0 | F25: 2.8409091 | G25: 3.2894737 | H25: 7.8125 | I25: #DIV/0! | J25: 3.2894737 | K25: 3.2894737 | L25: 7.8125 | M25: 3.2894737 | N25: 7.8125 | O25: 3.90625 | P25: #DIV/0! | Q25: 7.733952 | R25: 4.1666667 | S25: 5.9084195 | T25: 5.8333333 | U25: 4.4642857 | V25: 4.4365572 | W25: #DIV/0! | X25: 6.9444444 | Y25: 6.1776062 | Z25: 16.666667 | AA25: 7.3529412 | AB25: 0 | AC25: 6.5789474 | AD25: 0 | AE25: #DIV/0! | AF25: #DIV/0! | AG25: -0.13619339
A26: COF 494 - PPM POL CATIONICO | B26: 0 | C26: 9.375 | D26: 6.9444444 | E26: 0 | F26: 5.6818182 | G26: 9.8684211 | H26: 11.71875 | I26: #DIV/0! | J26: 9.8684211 | K26: 9.8684211 | L26: 11.71875 | M26: 9.8684211 | N26: 11.71875 | O26: 11.71875 | P26: #DIV/0! | Q26: 11.600928 | R26: 12.5 | S26: 13.293944 | T26: 12.5 | U26: 4.4642857 | V26: 4.4365572 | W26: #DIV/0! | X26: 6.9444444 | Y26: 9.2664093 | Z26: 16.666667 | AA26: 14.705882 | AB26: 8.9285714 | AC26: 16.447368 | AD26: 10.416667 | AE26: #DIV/0! | AF26: #DIV/0! | AG26: -0.088667575
B29: DIAS
B30: 1 | C30: 2 | D30: 3 | E30: 4 | F30: 5 | G30: 6 | H30: 7 | I30: 8 | J30: 9 | K30: 10 | L30: 11 | M30: 12 | N30: 13 | O30: 14 | P30: 15 | Q30: 16 | R30: 17 | S30: 18 | T30: 19 | U30: 20 | V30: 21 | W30: 22 | X30: 23 | Y30: 24 | Z30: 25 | AA30: 26 | AB30: 27 | AC30: 28 | AD30: 29 | AE30: 30 | AF30: 31 | AG30: (en blanco) | AH30: Total general
A31: CAUDAL TOTAL TRATADO GEM | B31: 240 | C31: 1600 | D31: 1440 | E31: 1600 | F31: 1760 | G31: 1520 | H31: 1280 | I31: 0 | J31: 1520 | K31: 1520 | L31: 1280 | M31: 1520 | N31: 1280 | O31: 1280 | P31: 0 | Q31: 1293 | R31: 1200 | S31: 1354 | T31: 1200 | U31: 1120 | V31: 1127 | W31: 0 | X31: 720 | Y31: 1295 | Z31: 1200 | AA31: 1360 | AB31: 1120 | AC31: 1520 | AD31: 480 | AE31: 0 | AF31: 0 | AG31: -1409760 | AH31: -1376931

Sheet INVENTARIO INSUMOS QUÍMICOS GEM
B2: PRODUCTOS QUÍMICOS | C2: Densidad (g/ml) | D2: INVENTARIO INICIO DE MES | F2: CONSOLIDADO CONSUMO QUÍMICA MENSUAL | H2: TOTAL SUMINISTRO QUÍMICOS (PROVEEDOR) | J2: INVENTARIO ACTUALIZADO | L2: TOTAL EXTRA PROVEDOR | N2: INVENTARIO ACTUALIZADO REAL
D3: Litros | E3: Kg | F3: Litros | G3: Kg | H3: Litros | I3: Kg | J3: Litros | K3: Kg | L3: Litros | M3: Kg | N3: Litros | O3: Kg
B4: Ácido COF280 | C4: 1.24 | D4: 1.500 | E4: =D4*C4 -> 1860 | F4: =GETPIVOTDATA("COF 280 ACIDO (L)",'CONSUMO QUÍMICA-CAUDALES GEM '!$A$2) -> 12380 | G4: =GETPIVOTDATA("COF 280 - KG ACIDO",'CONSUMO QUÍMICA-CAUDALES GEM '!$A$11) -> 16094 | H4: =(+C15+E15+G15+I15+K15+M15+O15+Q15+S15) -> 8387.1613 | I4: =H4*C4 -> 10400.08 | J4: =(D4+H4)-F4 -> -2492.8387 | K4: =J4*$C4 -> -3091.12 | L4: =97+48+97 -> 242 | M4: =L4*$C4 -> 300.08 | N4: =J4-L4-1000 -> -3734.8387 | O4: =N4*$C4 -> -4631.2
B5: Coagulante COF235 | C5: 1.325 | D5: 3500 | E5: =D5*C5 -> 4637.5 | F5: =GETPIVOTDATA("COF 235 COAGULANTE (L)",'CONSUMO QUÍMICA-CAUDALES GEM '!$A$2) -> 17580 | G5: =GETPIVOTDATA("COF 235 - KG COAGULANTE",'CONSUMO QUÍMICA-CAUDALES GEM '!$A$11) -> 23293.5 | H5: =(+C16+E16+G16+I16+K16+M16+O16+Q16+S16) -> 13000 | I5: =H5*C5 -> 17225 | J5: =(D5+H5)-F5 -> -1080 | K5: =J5*$C5 -> -1431 | L5: 0 | M5: =L5*$C5 -> 0 | N5: =J5-L5 -> -1080 | O5: =N5*$C5 -> -1431
B6: Decolorante COF255 | C6: 1.1 | D6: 420 | E6: =D6*C6 -> 462 | F6: =GETPIVOTDATA("COF 255 DECOLORANTE (L)",'CONSUMO QUÍMICA-CAUDALES GEM '!$A$2) -> 8990 | G6: =GETPIVOTDATA("COF 255 - KG DECOLORANTE ",'CONSUMO QUÍMICA-CAUDALES GEM '!$A$11) -> 11237.5 | H6: =(+C17+E17+G17+I17+K17+M17+O17+Q17+S17) -> 7681.7273 | I6: =H6*C6 -> 8449.9 | J6: =(D6+H6)-F6 -> -888.27273 | K6: =J6*$C6 -> -977.1 | L6: =273+273+273+409+136 -> 1364 | M6: =L6*$C6 -> 1500.4 | N6: =J6-L6 -> -2252.2727 | O6: =N6*$C6 -> -2477.5
B7: Polimero COF440 (Aniónico) | C7: 0.0025 | D7: 140 | E7: =D7*C7 -> 0.35 | F7: =(GETPIVOTDATA("COF 440 POL ANIONICO (KG)",'CONSUMO QUÍMICA-CAUDALES GEM '!$A$2)/C7) -> 144000 | G7: =GETPIVOTDATA("COF 440 - KG POL ANIONICO ",'CONSUMO QUÍMICA-CAUDALES GEM '!$A$11) -> 360 | H7: =(+C18+E18+G18+I18+K18+M18+O18+Q18+S18) -> 30000 | I7: =H7*C7 -> 75 | J7: =(D7+H7)-F7 -> -113860 | K7: =J7*$C7 -> -284.65 | L7: 0 | M7: =L7*$C7 -> 0 | N7: =J7-L7 -> -113860 | O7: =N7*$C7 -> -284.65
B8: Polimero COF494 (Cátionico) | C8: 0.0025 | D8: 155 | E8: =D8*C8 -> 0.3875 | F8: 150000 | G8: =GETPIVOTDATA("COF 494 - KG POL CATIONICO ",'CONSUMO QUÍMICA-CAUDALES GEM '!$A$11) -> 465 | H8: =(+C19+E19+G19+I19+K19+M19+O19+Q19+S19) -> 40000 | I8: =H8*C8 -> 100 | J8: =(D8+H8)-F8 -> -109845 | K8: =J8*$C8 -> -274.6125 | L8: 0 | M8: =L8*$C8 -> 0 | N8: =J8-L8 -> -109845 | O8: =N8*$C8 -> -274.6125
B10: PRODUCTOS QUÍMICOS | C10: ENTREGAS DE INSUMOS QUÍMICOS PROVEEEDOR COFAI (FECHA)
C11: 45660 | E11: 3/01/2025 - 4/01/2025 | G11: 45672 | I11: 45674
C12: REM No | D12: O T | E12: REM No | F12: O T | G12: REM No | H12: O T | I12: REM No | J12: O T | K12: REM No | L12: O T | M12: REM No | N12: O T | O12: REM No | P12: O T | Q12: REM No | R12: O T | S12: REM No | T12: O T
C14: Litros | D14: Kg | E14: Litros | F14: Kg | G14: Litros | H14: Kg | I14: Litros | J14: Kg | K14: Litros | L14: Kg | M14: Litros | N14: Kg | O14: Litros | P14: Kg | Q14: Litros | R14: Kg | S14: Litros | T14: Kg
B15: Ácido COF280 | C15: 0 | D15: =C15*$C$4 -> 0 | E15: 2097 | F15: =E15*$C$4 -> 2600.28 | G15: 3145 | H15: =G15*$C$4 -> 3899.8 | I15: 3145.1613 | J15: =I15*$C$4 -> 3900
B16: Coagulante COF235 | C16: 1000 | D16: =+C16*$C$5 -> 1325 | E16: 3000 | F16: =+E16*$C$5 -> 3975 | G16: 4000 | H16: =+G16*$C$5 -> 5300 | I16: 5000 | J16: =+I16*$C$5 -> 6625
B17: Decolorante COF255 | C17: 1136 | D17: =+C17*$C$6 -> 1249.6 | E17: 2273 | F17: =+E17*$C$6 -> 2500.3 | G17: 2000 | H17: =+G17*$C$6 -> 2200 | I17: 2272.7273 | J17: =+I17*$C$6 -> 2500
B18: Polimero COF440 (Aniónico) | C18: 30000 | D18: =+C18*$C$7 -> 75 | E18: 0 | F18: =+E18*$C$7 -> 0 | G18: 0 | H18: =+G18*$C$7 -> 0 | I18: 0 | J18: =+I18*$C$7 -> 0
B19: Polimero COF494 (Cátionico) | C19: 0 | D19: =+C19*$C$8 -> 0 | E19: 0 | F19: =+E19*$C$8 -> 0 | G19: 0 | H19: =+G19*$C$8 -> 0 | I19: 40000 | J19: =+I19*$C$8 -> 100
B22: PRODUCTOS QUÍMICOS | C22: REGISTRO DENSIDADES DE INSUMOS QUÍMICOS PROVEEEDOR COFAI (FECHA)
C23: 2 | F23: 3 | I23: 4 | L23: 45667 | O23: 45668 | R23: 45670 | U23: 45672 | X23: 45673 | AA23: 45674 | AD23: 45677
C24: Litros | D24: Densidad (g/ml) | E24: Kg | F24: Litros | G24: Densidad (g/ml) | H24: Kg | I24: Litros | J24: Densidad (g/ml) | K24: Kg | L24: Litros | M24: Densidad (g/ml) | N24: Kg | O24: Litros | P24: Densidad (g/ml) | Q24: Kg | R24: Litros | S24: Densidad (g/ml) | T24: Kg | U24: Litros | V24: Densidad (g/ml) | W24: Kg | X24: Litros | Y24: Densidad (g/ml) | Z24: Kg | AA24: Litros | AB24: Densidad (g/ml) | AC24: Kg | AD24: Litros | AE24: Densidad (g/ml) | AF24: Kg
B25: Ácido COF280 | E25: =C25*D25 -> 0 | F25: 1 | H25: =F25*G25 -> 0 | I25: 1 | K25: =I25*J25 -> 0 | L25: 2 | N25: =L25*M25 -> 0 | Q25: =O25*P25 -> 0 | R25: 1 | T25: =R25*S25 -> 0 | W25: =U25*V25 -> 0 | X25: 3 | Z25: =X25*Y25 -> 0 | AC25: =AA25*AB25 -> 0 | AF25: =AD25*AE25 -> 0
B26: Coagulante COF235 | C26: 1 | E26: =C26*D26 -> 0 | F26: 1 | H26: =F26*G26 -> 0 | I26: 2 | K26: =I26*J26 -> 0 | N26: =L26*M26 -> 0 | O26: 3 | Q26: =O26*P26 -> 0 | T26: =R26*S26 -> 0 | U26: 3 | W26: =U26*V26 -> 0 | Z26: =X26*Y26 -> 0 | AA26: 3 | AC26: =AA26*AB26 -> 0 | AF26: =AD26*AE26 -> 0
B27: Decolorante COF255 | E27: =C27*D27 -> 0 | F27: 2 | H27: =F27*G27 -> 0 | K27: =I27*J27 -> 0 | L27: 1 | N27: =L27*M27 -> 0 | O27: 1 | Q27: =O27*P27 -> 0 | T27: =R27*S27 -> 0 | U27: 1 | W27: =U27*V27 -> 0 | X27: 1 | Z27: =X27*Y27 -> 0 | AC27: =AA27*AB27 -> 0 | AD27: 3 | AF27: =AD27*AE27 -> 0
B28: Polimero COF440 (Aniónico) | E28: =C28*D28 -> 0 | H28: =F28*G28 -> 0 | K28: =I28*J28 -> 0 | N28: =L28*M28 -> 0 | Q28: =O28*P28 -> 0 | T28: =R28*S28 -> 0 | W28: =U28*V28 -> 0 | Z28: =X28*Y28 -> 0 | AC28: =AA28*AB28 -> 0 | AF28: =AD28*AE28 -> 0
B29: Polimero COF494 (Cátionico) | E29: =C29*D29 -> 0 | H29: =F29*G29 -> 0 | K29: =I29*J29 -> 0 | N29: =L29*M29 -> 0 | Q29: =O29*P29 -> 0 | T29: =R29*S29 -> 0 | W29: =U29*V29 -> 0 | X29: 100 | Z29: =X29*Y29 -> 0 | AC29: =AA29*AB29 -> 0 | AF29: =AD29*AE29 -> 0

Sheet REGISTRO RO
A1: FECHA | B1: DIA | C1: TURNO | D1: HCL (10%) | E1: KURIVERTER IK-220 (Biocida) | F1: VITEC 7000 (Antiincrustante) | G1: Hidróxido de Sodio (NaOH) | H1: Bisulfito de sodio | I1: TIEMPO DE OPERACIÓN (minutos) | J1: cm HCL (10%) | K1: cm IK-220 (Biocida) | L1: cm Vitec 7000 | M1: cm NaOH | N1: cm Bisulfito de sodio | O1: (INV- L) - HCL (10%) | P1: (INV -L) - KURIVERTER IK-220 (Biocida) | Q1: (INV -L) - VITEC 7000 (Antiincrustante) | R1: (INV -L) - Hidróxido de Sodio (NaOH) | S1: (INV -L) Bisulfito de sodio | T1: CONSUMO (L) HCL (10%)2 | U1: CONSUMO (L) KURIVERTER IK-220 (Biocida) | V1: CONSUMO (L) VITEC 7000 (Antiincrustante) | W1: CONSUMO (L) Hidróxido de Sodio (NaOH) | X1: CONSUMO (L) Bisulfito de sodio | Y1: DENSIDAD HCL (10%) | Z1: DENSIDAD KURIVERTER IK-220 (Biocida) | AA1: DENSIDAD VITEC 7000 (Antiincrustante) | AB1: DENSIDAD Hidróxido de Sodio (NaOH) | AC1: DENSIDAD Bisulfito de sodio | AD1: CONSUMO (Kg) HCL (10%)22 | AE1: CONSUMO (Kg) KURIVERTER IK-220 (Biocida) | AF1: CONSUMO (Kg) VITEC 7000 (Antiincrustante) | AG1: CONSUMO (Kg) Hidróxido de Sodio (NaOH) | AH1: CONSUMO (Kg) Bisulfito de sodio6 | AI1: VOLUMEN ENVIADO A RO (m3) | AJ1: PPM HCL (10%) | AK1: PPM KURIVERTER IK-220 (Biocida) | AL1: PPM VITEC 7000 (Antiincrustante) | AM1: PPM Hidróxido de Sodio (NaOH) | AN1: PPM Bisulfito de sodio | AO1: PRECIO HCL (10%) | AP1: PRECIO KURIVERTER IK-220 (Biocida) | AQ1: PRECIO VITEC 7000 (Antiincrustante) | AR1: PRECIO Hidróxido de Sodio (NaOH) | AS1: PRECIO Bisulfito de sodio | AT1: COSTO OPERATIVO HCL (10%) | AU1: COSTO OPERATIVO KURIVERTER IK-220 (Biocida) | AV1: COSTO OPERATIVO VITEC 7000 (Antiincrustante) | AW1: COSTO OPERATIVO Hidróxido de Sodio (NaOH) | AX1: COSTO OPERATIVO Bisulfito de sodio | AY1: COSTO QUIMICA | AZ1: LIMITE INDICADOR M3 | BA1: $m3 ENVIADO A RO (m3) | BB1: $m3 RECHAZO (m3) | BC1: $m3 PERMEADO RO (m3)
A2: 46082 | B2: =DAY(Tabla2[[#This Row],[FECHA]]) -> 1 | C2: 1 (NOCHE) | I2: =((Tabla2[[#This Row],[VOLUMEN ENVIADO A RO (m3)]]/80)/3)*60 -> 0 | J2: 0 | K2: 175 | L2: 40 | M2: 0 | N2: 0 | O2: =J2*(1000/114) -> 0 | P2: =K2*(1000/114) -> 1535.0877 | Q2: =L2*(1000/114) -> 350.87719 | R2: =M2*(1000/114) -> 0 | S2: =N2*(1000/114) -> 0 | T2: =O2-O3 -> 0 | U2: =P2-P3 -> 0 | V2: =Q2-Q3 -> 0 | W2: =R2-R3 -> 0 | X2: =S2-S3 -> 0 | Y2: 1.18 | Z2: 1.28 | AA2: 1.2 | AB2: 1.53 | AC2: 1.2 | AD2: =T2*Y2 -> 0 | AE2: =U2*Z2 -> 0 | AF2: =V2*AA2 -> 0 | AG2: =W2*AB2 -> 0 | AH2: =X2*AC2 -> 0 | AI2: 0 | AJ2: =(AD2*1000)/$AI2 -> #DIV/0! | AK2: =(AE2*1000)/$AI2 -> #DIV/0! | AL2: =(AF2*1000)/$AI2 -> #DIV/0! | AM2: =(AG2*1000)/$AI2 -> #DIV/0! | AN2: =(AH2*1000)/$AI2 -> #DIV/0! | AO2: 1550 | AP2: 19160 | AQ2: 36239 | AR2: 1560 | AS2: 3640 | AT2: =AO2*(AD2*0.8) -> 0 | AU2: =AP2*(AE2*0.012) -> 0 | AV2: =AQ2*(AF2*0.044) -> 0 | AW2: =AR2*AG2 -> 0 | AX2: =AS2*(AH2*0.025) -> 0 | AY2: =AT2+AU2+AV2+AW2+AX2 -> 0 | AZ2: 1000 | BA2: =$AY2/AI2 -> #DIV/0! | BB2: =$AY2/#REF! -> #REF! | BC2: =$AY2/#REF! -> #REF!
A3: =+A2 -> 46082 | B3: =DAY(Tabla2[[#This Row],[FECHA]]) -> 1 | C3: 2 (MAÑANA) | I3: =((Tabla2[[#This Row],[VOLUMEN ENVIADO A RO (m3)]]/80)/3)*60 -> 0 | J3: 0 | K3: 175 | L3: 40 | M3: 0 | N3: 0 | O3: =J3*(1000/114) -> 0 | P3: =K3*(1000/114) -> 1535.0877 | Q3: =L3*(1000/114) -> 350.87719 | R3: =M3*(1000/114) -> 0 | S3: =N3*(1000/114) -> 0 | T3: =O3-O4 -> 0 | U3: =P3-P4 -> 0 | V3: =Q3-Q4 -> 0 | W3: =R3-R4 -> 0 | X3: =S3-S4 -> 0 | Y3: 1.18 | Z3: 1.28 | AA3: 1.2 | AB3: 1.53 | AC3: 1.2 | AD3: =T3*Y3 -> 0 | AE3: =U3*Z3 -> 0 | AF3: =V3*AA3 -> 0 | AG3: =W3*AB3 -> 0 | AH3: =X3*AC3 -> 0 | AI3: 0 | AJ3: =(AD3*1000)/$AI3 -> #DIV/0! | AK3: =(AE3*1000)/$AI3 -> #DIV/0! | AL3: =(AF3*1000)/$AI3 -> #DIV/0! | AM3: =(AG3*1000)/$AI3 -> #DIV/0! | AN3: =(AH3*1000)/$AI3 -> #DIV/0! | AO3: =AO2 -> 1550 | AP3: =AP2 -> 19160 | AQ3: =AQ2 -> 36239 | AR3: =AR2 -> 1560 | AS3: =AS2 -> 3640 | AT3: =AO3*(AD3*0.8) -> 0 | AU3: =AP3*(AE3*0.012) -> 0 | AV3: =AQ3*(AF3*0.044) -> 0 | AW3: =AR3*AG3 -> 0 | AX3: =AS3*(AH3*0.025) -> 0 | AY3: =AT3+AU3+AV3+AW3+AX3 -> 0 | AZ3: 1000 | BA3: =AY3/AI3 -> #DIV/0! | BB3: =$AY3/#REF! -> #REF! | BC3: =$AY3/#REF! -> #REF!
A4: =+A3 -> 46082 | B4: =DAY(Tabla2[[#This Row],[FECHA]]) -> 1 | C4: 3(TARDE) | I4: =((Tabla2[[#This Row],[VOLUMEN ENVIADO A RO (m3)]]/80)/3)*60 -> 0 | J4: 0 | K4: 175 | L4: 40 | M4: 0 | N4: 0 | O4: =J4*(1000/114) -> 0 | P4: =K4*(1000/114) -> 1535.0877 | Q4: =L4*(1000/114) -> 350.87719 | R4: =M4*(1000/114) -> 0 | S4: =N4*(1000/114) -> 0 | T4: =O4-O5 -> 0 | U4: =P4-P5 -> 0 | V4: =Q4-Q5 -> 0 | W4: =R4-R5 -> 0 | X4: =S4-S5 -> 0 | Y4: 1.18 | Z4: 1.28 | AA4: 1.2 | AB4: 1.53 | AC4: 1.2 | AD4: =T4*Y4 -> 0 | AE4: =U4*Z4 -> 0 | AF4: =V4*AA4 -> 0 | AG4: =W4*AB4 -> 0 | AH4: =X4*AC4 -> 0 | AI4: 0 | AJ4: =(AD4*1000)/$AI4 -> #DIV/0! | AK4: =(AE4*1000)/$AI4 -> #DIV/0! | AL4: =(AF4*1000)/$AI4 -> #DIV/0! | AM4: =(AG4*1000)/$AI4 -> #DIV/0! | AN4: =(AH4*1000)/$AI4 -> #DIV/0! | AO4: =AO3 -> 1550 | AP4: =AP3 -> 19160 | AQ4: =AQ3 -> 36239 | AR4: =AR3 -> 1560 | AS4: =AS3 -> 3640 | AT4: =AO4*(AD4*0.8) -> 0 | AU4: =AP4*(AE4*0.012) -> 0 | AV4: =AQ4*(AF4*0.044) -> 0 | AW4: =AR4*AG4 -> 0 | AX4: =AS4*(AH4*0.025) -> 0 | AY4: =AT4+AU4+AV4+AW4+AX4 -> 0 | AZ4: 1000 | BA4: =AY4/AI4 -> #DIV/0!
A5: =+A4+1 -> 46083 | B5: =DAY(Tabla2[[#This Row],[FECHA]]) -> 2 | C5: 1 (NOCHE) | I5: =((Tabla2[[#This Row],[VOLUMEN ENVIADO A RO (m3)]]/80)/3)*60 -> 3.817 | J5: 0 | K5: 175 | L5: 40 | M5: 0 | N5: 0 | O5: =J5*(1000/114) -> 0 | P5: =K5*(1000/114) -> 1535.0877 | Q5: =L5*(1000/114) -> 350.87719 | R5: =M5*(1000/114) -> 0 | S5: =N5*(1000/114) -> 0 | T5: =O5-O6 -> 0 | U5: =P5-P6 -> 0 | V5: =Q5-Q6 -> 0 | W5: =R5-R6 -> 0 | X5: =S5-S6 -> 0 | Y5: 1.18 | Z5: 1.28 | AA5: 1.2 | AB5: 1.53 | AC5: 1.2 | AD5: =T5*Y5 -> 0 | AE5: =U5*Z5 -> 0 | AF5: =V5*AA5 -> 0 | AG5: =W5*AB5 -> 0 | AH5: =X5*AC5 -> 0 | AI5: 15.268 | AJ5: =(AD5*1000)/$AI5 -> 0 | AK5: =(AE5*1000)/$AI5 -> 0 | AL5: =(AF5*1000)/$AI5 -> 0 | AM5: =(AG5*1000)/$AI5 -> 0 | AN5: =(AH5*1000)/$AI5 -> 0 | AO5: =AO4 -> 1550 | AP5: =AP4 -> 19160 | AQ5: =AQ4 -> 36239 | AR5: =AR4 -> 1560 | AS5: =AS4 -> 3640 | AT5: =AO5*(AD5*0.8) -> 0 | AU5: =AP5*(AE5*0.012) -> 0 | AV5: =AQ5*(AF5*0.044) -> 0 | AW5: =AR5*AG5 -> 0 | AX5: =AS5*(AH5*0.025) -> 0 | AY5: =AT5+AU5+AV5+AW5+AX5 -> 0 | AZ5: 1000 | BA5: =AY5/AI5 -> 0
A6: =+A5 -> 46083 | B6: =DAY(Tabla2[[#This Row],[FECHA]]) -> 2 | C6: 2 (MAÑANA) | I6: =((Tabla2[[#This Row],[VOLUMEN ENVIADO A RO (m3)]]/80)/3)*60 -> 70.5795 | J6: 0 | K6: 175 | L6: 40 | M6: 0 | N6: 0 | O6: =J6*(1000/114) -> 0 | P6: =K6*(1000/114) -> 1535.0877 | Q6: =L6*(1000/114) -> 350.87719 | R6: =M6*(1000/114) -> 0 | S6: =N6*(1000/114) -> 0 | T6: =O6-O7 -> 0 | U6: =P6-P7 -> 0 | V6: =Q6-Q7 -> 0 | W6: =R6-R7 -> 0 | X6: =S6-S7 -> 0 | Y6: 1.18 | Z6: 1.28 | AA6: 1.2 | AB6: 1.53 | AC6: 1.2 | AD6: =T6*Y6 -> 0 | AE6: =U6*Z6 -> 0 | AF6: =V6*AA6 -> 0 | AG6: =W6*AB6 -> 0 | AH6: =X6*AC6 -> 0 | AI6: 282.318 | AJ6: =(AD6*1000)/$AI6 -> 0 | AK6: =(AE6*1000)/$AI6 -> 0 | AL6: =(AF6*1000)/$AI6 -> 0 | AM6: =(AG6*1000)/$AI6 -> 0 | AN6: =(AH6*1000)/$AI6 -> 0 | AO6: =AO5 -> 1550 | AP6: =AP5 -> 19160 | AQ6: =AQ5 -> 36239 | AR6: =AR5 -> 1560 | AS6: =AS5 -> 3640 | AT6: =AO6*(AD6*0.8) -> 0 | AU6: =AP6*(AE6*0.012) -> 0 | AV6: =AQ6*(AF6*0.044) -> 0 | AW6: =AR6*AG6 -> 0 | AX6: =AS6*(AH6*0.025) -> 0 | AY6: =AT6+AU6+AV6+AW6+AX6 -> 0 | AZ6: 1000 | BA6: =AY6/AI6 -> 0
A7: =+A6 -> 46083 | B7: =DAY(Tabla2[[#This Row],[FECHA]]) -> 2 | C7: 3(TARDE) | I7: =((Tabla2[[#This Row],[VOLUMEN ENVIADO A RO (m3)]]/80)/3)*60 -> 41.541 | J7: 0 | K7: 175 | L7: 40 | M7: 0 | N7: 0 | O7: =J7*(1000/114) -> 0 | P7: =K7*(1000/114) -> 1535.0877 | Q7: =L7*(1000/114) -> 350.87719 | R7: =M7*(1000/114) -> 0 | S7: =N7*(1000/114) -> 0 | T7: =O7-O8 -> 0 | U7: =P7-P8 -> 0 | V7: =Q7-Q8 -> 0 | W7: =R7-R8 -> 0 | X7: =S7-S8 -> 0 | Y7: 1.18 | Z7: 1.28 | AA7: 1.2 | AB7: 1.53 | AC7: 1.2 | AD7: =T7*Y7 -> 0 | AE7: =U7*Z7 -> 0 | AF7: =V7*AA7 -> 0 | AG7: =W7*AB7 -> 0 | AH7: =X7*AC7 -> 0 | AI7: 166.164 | AJ7: =(AD7*1000)/$AI9 -> 0 | AK7: =(AE7*1000)/$AI9 -> 0 | AL7: =(AF7*1000)/$AI9 -> 0 | AM7: =(AG7*1000)/$AI9 -> 0 | AN7: =(AH7*1000)/$AI9 -> 0 | AO7: =AO6 -> 1550 | AP7: =AP6 -> 19160 | AQ7: =AQ6 -> 36239 | AR7: =AR6 -> 1560 | AS7: =AS6 -> 3640 | AT7: =AO7*(AD7*0.8) -> 0 | AU7: =AP7*(AE7*0.012) -> 0 | AV7: =AQ7*(AF7*0.044) -> 0 | AW7: =AR7*AG7 -> 0 | AX7: =AS7*(AH7*0.025) -> 0 | AY7: =AT7+AU7+AV7+AW7+AX7 -> 0 | AZ7: 1000 | BA7: =AY7/AI9 -> 0
A8: =+A7+1 -> 46084 | B8: =DAY(Tabla2[[#This Row],[FECHA]]) -> 3 | C8: 1 (NOCHE) | I8: =((Tabla2[[#This Row],[VOLUMEN ENVIADO A RO (m3)]]/80)/3)*60 -> 92.944 | J8: 0 | K8: 175 | L8: 40 | M8: 0 | N8: 0 | O8: =J8*(1000/114) -> 0 | P8: =K8*(1000/114) -> 1535.0877 | Q8: =L8*(1000/114) -> 350.87719 | R8: =M8*(1000/114) -> 0 | S8: =N8*(1000/114) -> 0 | T8: =O8-O9 -> 0 | U8: =P8-P9 -> 0 | V8: =Q8-Q9 -> 0 | W8: =R8-R9 -> 0 | X8: =S8-S9 -> 0 | Y8: 1.18 | Z8: 1.28 | AA8: 1.2 | AB8: 1.53 | AC8: 1.2 | AD8: =T8*Y8 -> 0 | AE8: =U8*Z8 -> 0 | AF8: =V8*AA8 -> 0 | AG8: =W8*AB8 -> 0 | AH8: =X8*AC8 -> 0 | AI8: 371.776 | AJ8: =(AD8*1000)/$AI12 -> 0 | AK8: =(AE8*1000)/$AI12 -> 0 | AL8: =(AF8*1000)/$AI12 -> 0 | AM8: =(AG8*1000)/$AI12 -> 0 | AN8: =(AH8*1000)/$AI12 -> 0 | AO8: =AO7 -> 1550 | AP8: =AP7 -> 19160 | AQ8: =AQ7 -> 36239 | AR8: =AR7 -> 1560 | AS8: =AS7 -> 3640 | AT8: =AO8*(AD8*0.8) -> 0 | AU8: =AP8*(AE8*0.012) -> 0 | AV8: =AQ8*(AF8*0.044) -> 0 | AW8: =AR8*AG8 -> 0 | AX8: =AS8*(AH8*0.025) -> 0 | AY8: =AT8+AU8+AV8+AW8+AX8 -> 0 | AZ8: 1000 | BA8: =AY8/AI12 -> 0
A9: =+A8 -> 46084 | B9: =DAY(Tabla2[[#This Row],[FECHA]]) -> 3 | C9: 2 (MAÑANA) | I9: =((Tabla2[[#This Row],[VOLUMEN ENVIADO A RO (m3)]]/80)/3)*60 -> 97.177 | J9: 0 | K9: 175 | L9: 40 | M9: 0 | N9: 0 | O9: =J9*(1000/114) -> 0 | P9: =K9*(1000/114) -> 1535.0877 | Q9: =L9*(1000/114) -> 350.87719 | R9: =M9*(1000/114) -> 0 | S9: =N9*(1000/114) -> 0 | T9: =O9-O10 -> 0 | U9: =P9-P10 -> 0 | V9: =Q9-Q10 -> 0 | W9: =R9-R10 -> 0 | X9: =S9-S10 -> 0 | Y9: 1.18 | Z9: 1.28 | AA9: 1.2 | AB9: 1.53 | AC9: 1.2 | AD9: =T9*Y9 -> 0 | AE9: =U9*Z9 -> 0 | AF9: =V9*AA9 -> 0 | AG9: =W9*AB9 -> 0 | AH9: =X9*AC9 -> 0 | AI9: 388.708 | AJ9: =(AD9*1000)/$AI15 -> 0 | AK9: =(AE9*1000)/$AI15 -> 0 | AL9: =(AF9*1000)/$AI15 -> 0 | AM9: =(AG9*1000)/$AI15 -> 0 | AN9: =(AH9*1000)/$AI15 -> 0 | AO9: =AO8 -> 1550 | AP9: =AP8 -> 19160 | AQ9: =AQ8 -> 36239 | AR9: =AR8 -> 1560 | AS9: =AS8 -> 3640 | AT9: =AO9*(AD9*0.8) -> 0 | AU9: =AP9*(AE9*0.012) -> 0 | AV9: =AQ9*(AF9*0.044) -> 0 | AW9: =AR9*AG9 -> 0 | AX9: =AS9*(AH9*0.025) -> 0 | AY9: =AT9+AU9+AV9+AW9+AX9 -> 0 | AZ9: 1000 | BA9: =AY9/AI15 -> 0
A10: =+A9 -> 46084 | B10: =DAY(Tabla2[[#This Row],[FECHA]]) -> 3 | C10: 3(TARDE) | I10: =((Tabla2[[#This Row],[VOLUMEN ENVIADO A RO (m3)]]/80)/3)*60 -> 82.5525 | J10: 0 | K10: 175 | L10: 40 | M10: 0 | N10: 0 | O10: =J10*(1000/114) -> 0 | P10: =K10*(1000/114) -> 1535.0877 | Q10: =L10*(1000/114) -> 350.87719 | R10: =M10*(1000/114) -> 0 | S10: =N10*(1000/114) -> 0 | T10: =O10-O11 -> 0 | U10: =P10-P11 -> 0 | V10: =Q10-Q11 -> 0 | W10: =R10-R11 -> 0 | X10: =S10-S11 -> 0 | Y10: 1.18 | Z10: 1.28 | AA10: 1.2 | AB10: 1.53 | AC10: 1.2 | AD10: =T10*Y10 -> 0 | AE10: =U10*Z10 -> 0 | AF10: =V10*AA10 -> 0 | AG10: =W10*AB10 -> 0 | AH10: =X10*AC10 -> 0 | AI10: 330.21 | AJ10: =(AD10*1000)/$AI18 -> 0 | AK10: =(AE10*1000)/$AI18 -> 0 | AL10: =(AF10*1000)/$AI18 -> 0 | AM10: =(AG10*1000)/$AI18 -> 0 | AN10: =(AH10*1000)/$AI18 -> 0 | AO10: =AO9 -> 1550 | AP10: =AP9 -> 19160 | AQ10: =AQ9 -> 36239 | AR10: =AR9 -> 1560 | AS10: =AS9 -> 3640 | AT10: =AO10*(AD10*0.8) -> 0 | AU10: =AP10*(AE10*0.012) -> 0 | AV10: =AQ10*(AF10*0.044) -> 0 | AW10: =AR10*AG10 -> 0 | AX10: =AS10*(AH10*0.025) -> 0 | AY10: =AT10+AU10+AV10+AW10+AX10 -> 0 | AZ10: 1000 | BA10: =AY10/AI18 -> 0
A11: =+A10+1 -> 46085 | B11: =DAY(Tabla2[[#This Row],[FECHA]]) -> 4 | C11: 1 (NOCHE) | I11: =((Tabla2[[#This Row],[VOLUMEN ENVIADO A RO (m3)]]/80)/3)*60 -> 69.83175 | J11: 0 | K11: 175 | L11: 40 | M11: 0 | N11: 0 | O11: =J11*(1000/114) -> 0 | P11: =K11*(1000/114) -> 1535.0877 | Q11: =L11*(1000/114) -> 350.87719 | R11: =M11*(1000/114) -> 0 | S11: =N11*(1000/114) -> 0 | T11: =O11-O12 -> 0 | U11: =P11-P12 -> 0 | V11: =Q11-Q12 -> 105.26316 | W11: =R11-R12 -> 0 | X11: =S11-S12 -> 0 | Y11: 1.18 | Z11: 1.28 | AA11: 1.2 | AB11: 1.53 | AC11: 1.2 | AD11: =T11*Y11 -> 0 | AE11: =U11*Z11 -> 0 | AF11: =V11*AA11 -> 126.31579 | AG11: =W11*AB11 -> 0 | AH11: =X11*AC11 -> 0 | AI11: 279.327 | AJ11: =(AD11*1000)/$AI21 -> 0 | AK11: =(AE11*1000)/$AI21 -> 0 | AL11: =(AF11*1000)/$AI21 -> 484.19487 | AM11: =(AG11*1000)/$AI21 -> 0 | AN11: =(AH11*1000)/$AI21 -> 0 | AO11: =AO10 -> 1550 | AP11: =AP10 -> 19160 | AQ11: =AQ10 -> 36239 | AR11: =AR10 -> 1560 | AS11: =AS10 -> 3640 | AT11: =AO11*(AD11*0.8) -> 0 | AU11: =AP11*(AE11*0.012) -> 0 | AV11: =AQ11*(AF11*0.044) -> 201412.55 | AW11: =AR11*AG11 -> 0 | AX11: =AS11*(AH11*0.025) -> 0 | AY11: =AT11+AU11+AV11+AW11+AX11 -> 201412.55 | AZ11: 1000 | BA11: =AY11/AI21 -> 772.05647
A12: =+A11 -> 46085 | B12: =DAY(Tabla2[[#This Row],[FECHA]]) -> 4 | C12: 2 (MAÑANA) | I12: =((Tabla2[[#This Row],[VOLUMEN ENVIADO A RO (m3)]]/80)/3)*60 -> 99.02275 | J12: 0 | K12: 175 | L12: 28 | M12: 0 | N12: 0 | O12: =J12*(1000/114) -> 0 | P12: =K12*(1000/114) -> 1535.0877 | Q12: =L12*(1000/114) -> 245.61404 | R12: =M12*(1000/114) -> 0 | S12: =N12*(1000/114) -> 0 | T12: =O12-O13 -> 0 | U12: =P12-P13 -> 219.29825 | V12: =Q12-Q13 -> 17.54386 | W12: =R12-R13 -> 0 | X12: =S12-S13 -> 0 | Y12: 1.18 | Z12: 1.28 | AA12: 1.2 | AB12: 1.53 | AC12: 1.2 | AD12: =T12*Y12 -> 0 | AE12: =U12*Z12 -> 280.70175 | AF12: =V12*AA12 -> 21.052632 | AG12: =W12*AB12 -> 0 | AH12: =X12*AC12 -> 0 | AI12: 396.091 | AJ12: =(AD12*1000)/$AI24 -> #DIV/0! | AK12: =(AE12*1000)/$AI24 -> #DIV/0! | AL12: =(AF12*1000)/$AI24 -> #DIV/0! | AM12: =(AG12*1000)/$AI24 -> #DIV/0! | AN12: =(AH12*1000)/$AI24 -> #DIV/0! | AO12: =AO11 -> 1550 | AP12: =AP11 -> 19160 | AQ12: =AQ11 -> 36239 | AR12: =AR11 -> 1560 | AS12: =AS11 -> 3640 | AT12: =AO12*(AD12*0.8) -> 0 | AU12: =AP12*(AE12*0.012) -> 64538.947 | AV12: =AQ12*(AF12*0.044) -> 33568.758 | AW12: =AR12*AG12 -> 0 | AX12: =AS12*(AH12*0.025) -> 0 | AY12: =AT12+AU12+AV12+AW12+AX12 -> 98107.705 | AZ12: 1000 | BA12: =AY12/AI24 -> #DIV/0!
A13: =+A12 -> 46085 | B13: =DAY(Tabla2[[#This Row],[FECHA]]) -> 4 | C13: 3(TARDE) | I13: =((Tabla2[[#This Row],[VOLUMEN ENVIADO A RO (m3)]]/80)/3)*60 -> 74.233 | J13: 0 | K13: 150 | L13: 26 | M13: 0 | N13: 0 | O13: =J13*(1000/114) -> 0 | P13: =K13*(1000/114) -> 1315.7895 | Q13: =L13*(1000/114) -> 228.07018 | R13: =M13*(1000/114) -> 0 | S13: =N13*(1000/114) -> 0 | T13: =O13-O14 -> 0 | U13: =P13-P14 -> 315.78947 | V13: =Q13-Q14 -> 105.26316 | W13: =R13-R14 -> 0 | X13: =S13-S14 -> 0 | Y13: 1.18 | Z13: 1.28 | AA13: 1.2 | AB13: 1.53 | AC13: 1.2 | AD13: =T13*Y13 -> 0 | AE13: =U13*Z13 -> 404.21053 | AF13: =V13*AA13 -> 126.31579 | AG13: =W13*AB13 -> 0 | AH13: =X13*AC13 -> 0 | AI13: 296.932 | AJ13: =(AD13*1000)/$AI27 -> 0 | AK13: =(AE13*1000)/$AI27 -> 1351.4408 | AL13: =(AF13*1000)/$AI27 -> 422.32524 | AM13: =(AG13*1000)/$AI27 -> 0 | AN13: =(AH13*1000)/$AI27 -> 0 | AO13: =AO12 -> 1550 | AP13: =AP12 -> 19160 | AQ13: =AQ12 -> 36239 | AR13: =AR12 -> 1560 | AS13: =AS12 -> 3640 | AT13: =AO13*(AD13*0.8) -> 0 | AU13: =AP13*(AE13*0.012) -> 92936.084 | AV13: =AQ13*(AF13*0.044) -> 201412.55 | AW13: =AR13*AG13 -> 0 | AX13: =AS13*(AH13*0.025) -> 0 | AY13: =AT13+AU13+AV13+AW13+AX13 -> 294348.63 | AZ13: 1000 | BA13: =AY13/AI27 -> 984.12761
A14: =+A13+1 -> 46086 | B14: =DAY(Tabla2[[#This Row],[FECHA]]) -> 5 | C14: 1 (NOCHE) | I14: =((Tabla2[[#This Row],[VOLUMEN ENVIADO A RO (m3)]]/80)/3)*60 -> 95.7215 | J14: 0 | K14: 114 | L14: 14 | M14: 0 | N14: 0 | O14: =J14*(1000/114) -> 0 | P14: =K14*(1000/114) -> 1000 | Q14: =L14*(1000/114) -> 122.80702 | R14: =M14*(1000/114) -> 0 | S14: =N14*(1000/114) -> 0 | T14: =O14-O15 -> 0 | U14: =P14-P15 -> 61.403509 | V14: =Q14-Q15+1000 -> 280.70175 | W14: =R14-R15 -> 0 | X14: =S14-S15 -> 0 | Y14: 1.18 | Z14: 1.28 | AA14: 1.2 | AB14: 1.53 | AC14: 1.2 | AD14: =T14*Y14 -> 0 | AE14: =U14*Z14 -> 78.596491 | AF14: =V14*AA14 -> 336.84211 | AG14: =W14*AB14 -> 0 | AH14: =X14*AC14 -> 0 | AI14: 382.886 | AJ14: =(AD14*1000)/$AI30 -> 0 | AK14: =(AE14*1000)/$AI30 -> 281.75027 | AL14: =(AF14*1000)/$AI30 -> 1207.5011 | AM14: =(AG14*1000)/$AI30 -> 0 | AN14: =(AH14*1000)/$AI30 -> 0 | AO14: =AO13 -> 1550 | AP14: =AP13 -> 19160 | AQ14: =AQ13 -> 36239 | AR14: =AR13 -> 1560 | AS14: =AS13 -> 3640 | AT14: =AO14*(AD14*0.8) -> 0 | AU14: =AP14*(AE14*0.012) -> 18070.905 | AV14: =AQ14*(AF14*0.044) -> 537100.13 | AW14: =AR14*AG14 -> 0 | AX14: =AS14*(AH14*0.025) -> 0 | AY14: =AT14+AU14+AV14+AW14+AX14 -> 555171.03 | AZ14: 1000 | BA14: =AY14/AI30 -> 1990.1599
A15: =+A14 -> 46086 | B15: =DAY(Tabla2[[#This Row],[FECHA]]) -> 5 | C15: 2 (MAÑANA) | I15: =((Tabla2[[#This Row],[VOLUMEN ENVIADO A RO (m3)]]/80)/3)*60 -> 68.7055 | J15: 0 | K15: 107 | L15: 96 | M15: 0 | N15: 0 | O15: =J15*(1000/114) -> 0 | P15: =K15*(1000/114) -> 938.59649 | Q15: =L15*(1000/114) -> 842.10526 | R15: =M15*(1000/114) -> 0 | S15: =N15*(1000/114) -> 0 | T15: =O15-O16 -> 0 | U15: =P15-P16 -> 17.54386 | V15: =Q15-Q16 -> 17.54386 | W15: =R15-R16 -> 0 | X15: =S15-S16 -> 0 | Y15: 1.18 | Z15: 1.28 | AA15: 1.2 | AB15: 1.53 | AC15: 1.2 | AD15: =T15*Y15 -> 0 | AE15: =U15*Z15 -> 22.45614 | AF15: =V15*AA15 -> 21.052632 | AG15: =W15*AB15 -> 0 | AH15: =X15*AC15 -> 0 | AI15: 274.822 | AJ15: =(AD15*1000)/$AI33 -> 0 | AK15: =(AE15*1000)/$AI33 -> 78.431041 | AL15: =(AF15*1000)/$AI33 -> 73.529101 | AM15: =(AG15*1000)/$AI33 -> 0 | AN15: =(AH15*1000)/$AI33 -> 0 | AO15: =AO14 -> 1550 | AP15: =AP14 -> 19160 | AQ15: =AQ14 -> 36239 | AR15: =AR14 -> 1560 | AS15: =AS14 -> 3640 | AT15: =AO15*(AD15*0.8) -> 0 | AU15: =AP15*(AE15*0.012) -> 5163.1158 | AV15: =AQ15*(AF15*0.044) -> 33568.758 | AW15: =AR15*AG15 -> 0 | AX15: =AS15*(AH15*0.025) -> 0 | AY15: =AT15+AU15+AV15+AW15+AX15 -> 38731.874 | AZ15: 1000 | BA15: =AY15/AI33 -> 135.27619
A16: =+A15 -> 46086 | B16: =DAY(Tabla2[[#This Row],[FECHA]]) -> 5 | C16: 3(TARDE) | I16: =((Tabla2[[#This Row],[VOLUMEN ENVIADO A RO (m3)]]/80)/3)*60 -> 65.643 | J16: 0 | K16: 105 | L16: 94 | M16: 0 | N16: 0 | O16: =J16*(1000/114) -> 0 | P16: =K16*(1000/114) -> 921.05263 | Q16: =L16*(1000/114) -> 824.5614 | R16: =M16*(1000/114) -> 0 | S16: =N16*(1000/114) -> 0 | T16: =O16-O17 -> 0 | U16: =P16-P17 -> 192.98246 | V16: =Q16-Q17 -> 219.29825 | W16: =R16-R17 -> 0 | X16: =S16-S17 -> 0 | Y16: 1.18 | Z16: 1.28 | AA16: 1.2 | AB16: 1.53 | AC16: 1.2 | AD16: =T16*Y16 -> 0 | AE16: =U16*Z16 -> 247.01754 | AF16: =V16*AA16 -> 263.15789 | AG16: =W16*AB16 -> 0 | AH16: =X16*AC16 -> 0 | AI16: 262.572 | AJ16: =(AD16*1000)/$AI36 -> 0 | AK16: =(AE16*1000)/$AI36 -> 1098.2072 | AL16: =(AF16*1000)/$AI36 -> 1169.965 | AM16: =(AG16*1000)/$AI36 -> 0 | AN16: =(AH16*1000)/$AI36 -> 0 | AO16: =AO15 -> 1550 | AP16: =AP15 -> 19160 | AQ16: =AQ15 -> 36239 | AR16: =AR15 -> 1560 | AS16: =AS15 -> 3640 | AT16: =AO16*(AD16*0.8) -> 0 | AU16: =AP16*(AE16*0.012) -> 56794.274 | AV16: =AQ16*(AF16*0.044) -> 419609.47 | AW16: =AR16*AG16 -> 0 | AX16: =AS16*(AH16*0.025) -> 0 | AY16: =AT16+AU16+AV16+AW16+AX16 -> 476403.75 | AZ16: 1000 | BA16: =AY16/AI36 -> 2118.0278
A17: =+A16+1 -> 46087 | B17: =DAY(Tabla2[[#This Row],[FECHA]]) -> 6 | C17: 1 (NOCHE) | I17: =((Tabla2[[#This Row],[VOLUMEN ENVIADO A RO (m3)]]/80)/3)*60 -> 87.52225 | J17: 0 | K17: 83 | L17: 69 | M17: 0 | N17: 0 | O17: =J17*(1000/114) -> 0 | P17: =K17*(1000/114) -> 728.07018 | Q17: =L17*(1000/114) -> 605.26316 | R17: =M17*(1000/114) -> 0 | S17: =N17*(1000/114) -> 0 | T17: =O17-O18 -> 0 | U17: =P17-P18 -> 0 | V17: =Q17-Q18 -> 0 | W17: =R17-R18 -> 0 | X17: =S17-S18 -> 0 | Y17: 1.18 | Z17: 1.28 | AA17: 1.2 | AB17: 1.53 | AC17: 1.2 | AD17: =T17*Y17 -> 0 | AE17: =U17*Z17 -> 0 | AF17: =V17*AA17 -> 0 | AG17: =W17*AB17 -> 0 | AH17: =X17*AC17 -> 0 | AI17: 350.089 | AJ17: =(AD17*1000)/$AI39 -> 0 | AK17: =(AE17*1000)/$AI39 -> 0 | AL17: =(AF17*1000)/$AI39 -> 0 | AM17: =(AG17*1000)/$AI39 -> 0 | AN17: =(AH17*1000)/$AI39 -> 0 | AO17: =AO16 -> 1550 | AP17: =AP16 -> 19160 | AQ17: =AQ16 -> 36239 | AR17: =AR16 -> 1560 | AS17: =AS16 -> 3640 | AT17: =AO17*(AD17*0.8) -> 0 | AU17: =AP17*(AE17*0.012) -> 0 | AV17: =AQ17*(AF17*0.044) -> 0 | AW17: =AR17*AG17 -> 0 | AX17: =AS17*(AH17*0.025) -> 0 | AY17: =AT17+AU17+AV17+AW17+AX17 -> 0 | AZ17: 1000 | BA17: =AY17/AI39 -> 0
A18: =+A17 -> 46087 | B18: =DAY(Tabla2[[#This Row],[FECHA]]) -> 6 | C18: 2 (MAÑANA) | I18: =((Tabla2[[#This Row],[VOLUMEN ENVIADO A RO (m3)]]/80)/3)*60 -> 77.57025 | J18: 0 | K18: 83 | L18: 69 | M18: 0 | N18: 0 | O18: =J18*(1000/114) -> 0 | P18: =K18*(1000/114) -> 728.07018 | Q18: =L18*(1000/114) -> 605.26316 | R18: =M18*(1000/114) -> 0 | S18: =N18*(1000/114) -> 0 | T18: =O18-O19 -> 0 | U18: =P18-P19 -> 192.98246 | V18: =Q18-Q19 -> 228.07018 | W18: =R18-R19 -> 0 | X18: =S18-S19 -> 0 | Y18: 1.18 | Z18: 1.28 | AA18: 1.2 | AB18: 1.53 | AC18: 1.2 | AD18: =T18*Y18 -> 0 | AE18: =U18*Z18 -> 247.01754 | AF18: =V18*AA18 -> 273.68421 | AG18: =W18*AB18 -> 0 | AH18: =X18*AC18 -> 0 | AI18: 310.281 | AJ18: =(AD18*1000)/$AI42 -> #DIV/0! | AK18: =(AE18*1000)/$AI42 -> #DIV/0! | AL18: =(AF18*1000)/$AI42 -> #DIV/0! | AM18: =(AG18*1000)/$AI42 -> #DIV/0! | AN18: =(AH18*1000)/$AI42 -> #DIV/0! | AO18: =AO17 -> 1550 | AP18: =AP17 -> 19160 | AQ18: =AQ17 -> 36239 | AR18: =AR17 -> 1560 | AS18: =AS17 -> 3640 | AT18: =AO18*(AD18*0.8) -> 0 | AU18: =AP18*(AE18*0.012) -> 56794.274 | AV18: =AQ18*(AF18*0.044) -> 436393.85 | AW18: =AR18*AG18 -> 0 | AX18: =AS18*(AH18*0.025) -> 0 | AY18: =AT18+AU18+AV18+AW18+AX18 -> 493188.13 | AZ18: 1000 | BA18: =AY18/AI42 -> #DIV/0!
A19: =+A18 -> 46087 | B19: =DAY(Tabla2[[#This Row],[FECHA]]) -> 6 | C19: 3(TARDE) | I19: =((Tabla2[[#This Row],[VOLUMEN ENVIADO A RO (m3)]]/80)/3)*60 -> 78.04875 | J19: 0 | K19: 61 | L19: 43 | M19: 0 | N19: 0 | O19: =J19*(1000/114) -> 0 | P19: =K19*(1000/114) -> 535.08772 | Q19: =L19*(1000/114) -> 377.19298 | R19: =M19*(1000/114) -> 0 | S19: =N19*(1000/114) -> 0 | T19: =O19-O20 -> 0 | U19: =P19-P20 -> 96.491228 | V19: =Q19-Q20 -> 78.947368 | W19: =R19-R20 -> 0 | X19: =S19-S20 -> 0 | Y19: 1.18 | Z19: 1.28 | AA19: 1.2 | AB19: 1.53 | AC19: 1.2 | AD19: =T19*Y19 -> 0 | AE19: =U19*Z19 -> 123.50877 | AF19: =V19*AA19 -> 94.736842 | AG19: =W19*AB19 -> 0 | AH19: =X19*AC19 -> 0 | AI19: 312.195 | AJ19: =(AD19*1000)/$AI45 -> #DIV/0! | AK19: =(AE19*1000)/$AI45 -> #DIV/0! | AL19: =(AF19*1000)/$AI45 -> #DIV/0! | AM19: =(AG19*1000)/$AI45 -> #DIV/0! | AN19: =(AH19*1000)/$AI45 -> #DIV/0! | AO19: =AO18 -> 1550 | AP19: =AP18 -> 19160 | AQ19: =AQ18 -> 36239 | AR19: =AR18 -> 1560 | AS19: =AS18 -> 3640 | AT19: =AO19*(AD19*0.8) -> 0 | AU19: =AP19*(AE19*0.012) -> 28397.137 | AV19: =AQ19*(AF19*0.044) -> 151059.41 | AW19: =AR19*AG19 -> 0 | AX19: =AS19*(AH19*0.025) -> 0 | AY19: =AT19+AU19+AV19+AW19+AX19 -> 179456.55 | AZ19: 1000 | BA19: =AY19/AI45 -> #DIV/0!
A20: =+A19+1 -> 46088 | B20: =DAY(Tabla2[[#This Row],[FECHA]]) -> 7 | C20: 1 (NOCHE) | I20: =((Tabla2[[#This Row],[VOLUMEN ENVIADO A RO (m3)]]/80)/3)*60 -> 70.9145 | J20: 0 | K20: 50 | L20: 34 | M20: 0 | N20: 0 | O20: =J20*(1000/114) -> 0 | P20: =K20*(1000/114) -> 438.59649 | Q20: =L20*(1000/114) -> 298.24561 | R20: =M20*(1000/114) -> 0 | S20: =N20*(1000/114) -> 0 | T20: =O20-O21 -> 0 | U20: =P20-P21 -> 0 | V20: =Q20-Q21 -> 0 | W20: =R20-R21 -> 0 | X20: =S20-S21 -> 0 | Y20: 1.18 | Z20: 1.28 | AA20: 1.2 | AB20: 1.53 | AC20: 1.2 | AD20: =T20*Y20 -> 0 | AE20: =U20*Z20 -> 0 | AF20: =V20*AA20 -> 0 | AG20: =W20*AB20 -> 0 | AH20: =X20*AC20 -> 0 | AI20: 283.658 | AJ20: =(AD20*1000)/$AI48 -> 0 | AK20: =(AE20*1000)/$AI48 -> 0 | AL20: =(AF20*1000)/$AI48 -> 0 | AM20: =(AG20*1000)/$AI48 -> 0 | AN20: =(AH20*1000)/$AI48 -> 0 | AO20: =AO19 -> 1550 | AP20: =AP19 -> 19160 | AQ20: =AQ19 -> 36239 | AR20: =AR19 -> 1560 | AS20: =AS19 -> 3640 | AT20: =AO20*(AD20*0.8) -> 0 | AU20: =AP20*(AE20*0.012) -> 0 | AV20: =AQ20*(AF20*0.044) -> 0 | AW20: =AR20*AG20 -> 0 | AX20: =AS20*(AH20*0.025) -> 0 | AY20: =AT20+AU20+AV20+AW20+AX20 -> 0 | AZ20: 1000 | BA20: =AY20/AI48 -> 0
A21: =+A20 -> 46088 | B21: =DAY(Tabla2[[#This Row],[FECHA]]) -> 7 | C21: 2 (MAÑANA) | I21: =((Tabla2[[#This Row],[VOLUMEN ENVIADO A RO (m3)]]/80)/3)*60 -> 65.2195 | J21: 0 | K21: 50 | L21: 34 | M21: 0 | N21: 0 | O21: =J21*(1000/114) -> 0 | P21: =K21*(1000/114) -> 438.59649 | Q21: =L21*(1000/114) -> 298.24561 | R21: =M21*(1000/114) -> 0 | S21: =N21*(1000/114) -> 0 | T21: =O21-O22 -> 0 | U21: =P21-P22 -> 0 | V21: =Q21-Q22 -> 0 | W21: =R21-R22 -> 0 | X21: =S21-S22 -> 0 | Y21: 1.18 | Z21: 1.28 | AA21: 1.2 | AB21: 1.53 | AC21: 1.2 | AD21: =T21*Y21 -> 0 | AE21: =U21*Z21 -> 0 | AF21: =V21*AA21 -> 0 | AG21: =W21*AB21 -> 0 | AH21: =X21*AC21 -> 0 | AI21: 260.878 | AJ21: =(AD21*1000)/$AI51 -> 0 | AK21: =(AE21*1000)/$AI51 -> 0 | AL21: =(AF21*1000)/$AI51 -> 0 | AM21: =(AG21*1000)/$AI51 -> 0 | AN21: =(AH21*1000)/$AI51 -> 0 | AO21: =AO20 -> 1550 | AP21: =AP20 -> 19160 | AQ21: =AQ20 -> 36239 | AR21: =AR20 -> 1560 | AS21: =AS20 -> 3640 | AT21: =AO21*(AD21*0.8) -> 0 | AU21: =AP21*(AE21*0.012) -> 0 | AV21: =AQ21*(AF21*0.044) -> 0 | AW21: =AR21*AG21 -> 0 | AX21: =AS21*(AH21*0.025) -> 0 | AY21: =AT21+AU21+AV21+AW21+AX21 -> 0 | AZ21: 1000 | BA21: =AY21/AI51 -> 0
A22: =+A21 -> 46088 | B22: =DAY(Tabla2[[#This Row],[FECHA]]) -> 7 | C22: 3(TARDE) | I22: =((Tabla2[[#This Row],[VOLUMEN ENVIADO A RO (m3)]]/80)/3)*60 -> 0 | J22: 0 | K22: 50 | L22: 34 | M22: 0 | N22: 0 | O22: =J22*(1000/114) -> 0 | P22: =K22*(1000/114) -> 438.59649 | Q22: =L22*(1000/114) -> 298.24561 | R22: =M22*(1000/114) -> 0 | S22: =N22*(1000/114) -> 0 | T22: =O22-O23 -> 0 | U22: =P22-P23 -> 0 | V22: =Q22-Q23 -> 0 | W22: =R22-R23 -> 0 | X22: =S22-S23 -> 0 | Y22: 1.18 | Z22: 1.28 | AA22: 1.2 | AB22: 1.53 | AC22: 1.2 | AD22: =T22*Y22 -> 0 | AE22: =U22*Z22 -> 0 | AF22: =V22*AA22 -> 0 | AG22: =W22*AB22 -> 0 | AH22: =X22*AC22 -> 0 | AI22: 0 | AJ22: =(AD22*1000)/$AI54 -> 0 | AK22: =(AE22*1000)/$AI54 -> 0 | AL22: =(AF22*1000)/$AI54 -> 0 | AM22: =(AG22*1000)/$AI54 -> 0 | AN22: =(AH22*1000)/$AI54 -> 0 | AO22: =AO21 -> 1550 | AP22: =AP21 -> 19160 | AQ22: =AQ21 -> 36239 | AR22: =AR21 -> 1560 | AS22: =AS21 -> 3640 | AT22: =AO22*(AD22*0.8) -> 0 | AU22: =AP22*(AE22*0.012) -> 0 | AV22: =AQ22*(AF22*0.044) -> 0 | AW22: =AR22*AG22 -> 0 | AX22: =AS22*(AH22*0.025) -> 0 | AY22: =AT22+AU22+AV22+AW22+AX22 -> 0 | AZ22: 1000 | BA22: =AY22/AI54 -> 0
A23: =+A22+1 -> 46089 | B23: =DAY(Tabla2[[#This Row],[FECHA]]) -> 8 | C23: 1 (NOCHE) | I23: =((Tabla2[[#This Row],[VOLUMEN ENVIADO A RO (m3)]]/80)/3)*60 -> 0 | J23: 0 | K23: 50 | L23: 34 | M23: 0 | N23: 0 | O23: =J23*(1000/114) -> 0 | P23: =K23*(1000/114) -> 438.59649 | Q23: =L23*(1000/114) -> 298.24561 | R23: =M23*(1000/114) -> 0 | S23: =N23*(1000/114) -> 0 | T23: =O23-O24 -> 0 | U23: =P23-P24 -> 0 | V23: =Q23-Q24 -> 0 | W23: =R23-R24 -> 0 | X23: =S23-S24 -> 0 | Y23: 1.18 | Z23: 1.28 | AA23: 1.2 | AB23: 1.53 | AC23: 1.2 | AD23: =T23*Y23 -> 0 | AE23: =U23*Z23 -> 0 | AF23: =V23*AA23 -> 0 | AG23: =W23*AB23 -> 0 | AH23: =X23*AC23 -> 0 | AI23: 0 | AJ23: =(AD23*1000)/$AI57 -> #DIV/0! | AK23: =(AE23*1000)/$AI57 -> #DIV/0! | AL23: =(AF23*1000)/$AI57 -> #DIV/0! | AM23: =(AG23*1000)/$AI57 -> #DIV/0! | AN23: =(AH23*1000)/$AI57 -> #DIV/0! | AO23: =AO22 -> 1550 | AP23: =AP22 -> 19160 | AQ23: =AQ22 -> 36239 | AR23: =AR22 -> 1560 | AS23: =AS22 -> 3640 | AT23: =AO23*(AD23*0.8) -> 0 | AU23: =AP23*(AE23*0.012) -> 0 | AV23: =AQ23*(AF23*0.044) -> 0 | AW23: =AR23*AG23 -> 0 | AX23: =AS23*(AH23*0.025) -> 0 | AY23: =AT23+AU23+AV23+AW23+AX23 -> 0 | AZ23: 1000 | BA23: =AY23/AI57 -> #DIV/0!
A24: =+A23 -> 46089 | B24: =DAY(Tabla2[[#This Row],[FECHA]]) -> 8 | C24: 2 (MAÑANA) | I24: =((Tabla2[[#This Row],[VOLUMEN ENVIADO A RO (m3)]]/80)/3)*60 -> 0 | J24: 0 | K24: 50 | L24: 34 | M24: 0 | N24: 0 | O24: =J24*(1000/114) -> 0 | P24: =K24*(1000/114) -> 438.59649 | Q24: =L24*(1000/114) -> 298.24561 | R24: =M24*(1000/114) -> 0 | S24: =N24*(1000/114) -> 0 | T24: =O24-O25 -> 0 | U24: =P24-P25 -> 0 | V24: =Q24-Q25 -> 0 | W24: =R24-R25 -> 0 | X24: =S24-S25 -> 0 | Y24: 1.18 | Z24: 1.28 | AA24: 1.2 | AB24: 1.53 | AC24: 1.2 | AD24: =T24*Y24 -> 0 | AE24: =U24*Z24 -> 0 | AF24: =V24*AA24 -> 0 | AG24: =W24*AB24 -> 0 | AH24: =X24*AC24 -> 0 | AI24: 0 | AJ24: =(AD24*1000)/$AI60 -> 0 | AK24: =(AE24*1000)/$AI60 -> 0 | AL24: =(AF24*1000)/$AI60 -> 0 | AM24: =(AG24*1000)/$AI60 -> 0 | AN24: =(AH24*1000)/$AI60 -> 0 | AO24: =AO23 -> 1550 | AP24: =AP23 -> 19160 | AQ24: =AQ23 -> 36239 | AR24: =AR23 -> 1560 | AS24: =AS23 -> 3640 | AT24: =AO24*(AD24*0.8) -> 0 | AU24: =AP24*(AE24*0.012) -> 0 | AV24: =AQ24*(AF24*0.044) -> 0 | AW24: =AR24*AG24 -> 0 | AX24: =AS24*(AH24*0.025) -> 0 | AY24: =AT24+AU24+AV24+AW24+AX24 -> 0 | AZ24: 1000 | BA24: =AY24/AI60 -> 0
A25: =+A24 -> 46089 | B25: =DAY(Tabla2[[#This Row],[FECHA]]) -> 8 | C25: 3(TARDE) | I25: =((Tabla2[[#This Row],[VOLUMEN ENVIADO A RO (m3)]]/80)/3)*60 -> 0 | J25: 0 | K25: 50 | L25: 34 | M25: 0 | N25: 0 | O25: =J25*(1000/114) -> 0 | P25: =K25*(1000/114) -> 438.59649 | Q25: =L25*(1000/114) -> 298.24561 | R25: =M25*(1000/114) -> 0 | S25: =N25*(1000/114) -> 0 | T25: =O25-O26 -> 0 | U25: =P25-P26 -> 201.75439 | V25: =Q25-Q26 -> 228.07018 | W25: =R25-R26 -> 0 | X25: =S25-S26 -> 0 | Y25: 1.18 | Z25: 1.28 | AA25: 1.2 | AB25: 1.53 | AC25: 1.2 | AD25: =T25*Y25 -> 0 | AE25: =U25*Z25 -> 258.24561 | AF25: =V25*AA25 -> 273.68421 | AG25: =W25*AB25 -> 0 | AH25: =X25*AC25 -> 0 | AI25: 0 | AJ25: =(AD25*1000)/$AI63 -> 0 | AK25: =(AE25*1000)/$AI63 -> 1053.1481 | AL25: =(AF25*1000)/$AI63 -> 1116.1081 | AM25: =(AG25*1000)/$AI63 -> 0 | AN25: =(AH25*1000)/$AI63 -> 0 | AO25: =AO24 -> 1550 | AP25: =AP24 -> 19160 | AQ25: =AQ24 -> 36239 | AR25: =AR24 -> 1560 | AS25: =AS24 -> 3640 | AT25: =AO25*(AD25*0.8) -> 0 | AU25: =AP25*(AE25*0.012) -> 59375.832 | AV25: =AQ25*(AF25*0.044) -> 436393.85 | AW25: =AR25*AG25 -> 0 | AX25: =AS25*(AH25*0.025) -> 0 | AY25: =AT25+AU25+AV25+AW25+AX25 -> 495769.68 | AZ25: 1000 | BA25: =AY25/AI63 -> 2021.792
A26: =+A25+1 -> 46090 | B26: =DAY(Tabla2[[#This Row],[FECHA]]) -> 9 | C26: 1 (NOCHE) | I26: =((Tabla2[[#This Row],[VOLUMEN ENVIADO A RO (m3)]]/80)/3)*60 -> 79.97775 | J26: 0 | K26: 27 | L26: 8 | M26: 0 | N26: 0 | O26: =J26*(1000/114) -> 0 | P26: =K26*(1000/114) -> 236.84211 | Q26: =L26*(1000/114) -> 70.175439 | R26: =M26*(1000/114) -> 0 | S26: =N26*(1000/114) -> 0 | T26: =O26-O27 -> 0 | U26: =P26-P27 -> 17.54386 | V26: =Q26-Q27 -> 0 | W26: =R26-R27 -> 0 | X26: =S26-S27 -> 0 | Y26: 1.18 | Z26: 1.28 | AA26: 1.2 | AB26: 1.53 | AC26: 1.2 | AD26: =T26*Y26 -> 0 | AE26: =U26*Z26 -> 22.45614 | AF26: =V26*AA26 -> 0 | AG26: =W26*AB26 -> 0 | AH26: =X26*AC26 -> 0 | AI26: 319.911 | AJ26: =(AD26*1000)/#REF! -> #REF! | AK26: =(AE26*1000)/#REF! -> #REF! | AL26: =(AF26*1000)/#REF! -> #REF! | AM26: =(AG26*1000)/#REF! -> #REF! | AN26: =(AH26*1000)/#REF! -> #REF! | AO26: =AO25 -> 1550 | AP26: =AP25 -> 19160 | AQ26: =AQ25 -> 36239 | AR26: =AR25 -> 1560 | AS26: =AS25 -> 3640 | AT26: =AO26*(AD26*0.8) -> 0 | AU26: =AP26*(AE26*0.012) -> 5163.1158 | AV26: =AQ26*(AF26*0.044) -> 0 | AW26: =AR26*AG26 -> 0 | AX26: =AS26*(AH26*0.025) -> 0 | AY26: =AT26+AU26+AV26+AW26+AX26 -> 5163.1158 | AZ26: 1000 | BA26: =AY26/#REF! -> #REF!
A27: =+A26 -> 46090 | B27: =DAY(Tabla2[[#This Row],[FECHA]]) -> 9 | C27: 2 (MAÑANA) | I27: =((Tabla2[[#This Row],[VOLUMEN ENVIADO A RO (m3)]]/80)/3)*60 -> 74.774 | J27: 0 | K27: 25 | L27: 8 | M27: 0 | N27: 0 | O27: =J27*(1000/114) -> 0 | P27: =K27*(1000/114) -> 219.29825 | Q27: =L27*(1000/114) -> 70.175439 | R27: =M27*(1000/114) -> 0 | S27: =N27*(1000/114) -> 0 | T27: =O27-O28 -> 0 | U27: =P27-P28 -> 26.315789 | V27: =Q27-Q28 -> 0 | W27: =R27-R28 -> 0 | X27: =S27-S28 -> 0 | Y27: 1.18 | Z27: 1.28 | AA27: 1.2 | AB27: 1.53 | AC27: 1.2 | AD27: =T27*Y27 -> 0 | AE27: =U27*Z27 -> 33.684211 | AF27: =V27*AA27 -> 0 | AG27: =W27*AB27 -> 0 | AH27: =X27*AC27 -> 0 | AI27: 299.096 | AJ27: =(AD27*1000)/#REF! -> #REF! | AK27: =(AE27*1000)/#REF! -> #REF! | AL27: =(AF27*1000)/#REF! -> #REF! | AM27: =(AG27*1000)/#REF! -> #REF! | AN27: =(AH27*1000)/#REF! -> #REF! | AO27: =AO26 -> 1550 | AP27: =AP26 -> 19160 | AQ27: =AQ26 -> 36239 | AR27: =AR26 -> 1560 | AS27: =AS26 -> 3640 | AT27: =AO27*(AD27*0.8) -> 0 | AU27: =AP27*(AE27*0.012) -> 7744.6737 | AV27: =AQ27*(AF27*0.044) -> 0 | AW27: =AR27*AG27 -> 0 | AX27: =AS27*(AH27*0.025) -> 0 | AY27: =AT27+AU27+AV27+AW27+AX27 -> 7744.6737 | AZ27: 1000 | BA27: =AY27/#REF! -> #REF!
A28: =+A27 -> 46090 | B28: =DAY(Tabla2[[#This Row],[FECHA]]) -> 9 | C28: 3(TARDE) | I28: =((Tabla2[[#This Row],[VOLUMEN ENVIADO A RO (m3)]]/80)/3)*60 -> 72.25 | J28: 0 | K28: 22 | L28: 8 | M28: 0 | N28: 0 | O28: =J28*(1000/114) -> 0 | P28: =K28*(1000/114) -> 192.98246 | Q28: =L28*(1000/114) -> 70.175439 | R28: =M28*(1000/114) -> 0 | S28: =N28*(1000/114) -> 0 | T28: =O28-O29 -> 0 | U28: =P28-P29 -> 43.859649 | V28: =Q28-Q29 -> 26.315789 | W28: =R28-R29 -> 0 | X28: =S28-S29 -> 0 | Y28: 1.18 | Z28: 1.28 | AA28: 1.2 | AB28: 1.53 | AC28: 1.2 | AD28: =T28*Y28 -> 0 | AE28: =U28*Z28 -> 56.140351 | AF28: =V28*AA28 -> 31.578947 | AG28: =W28*AB28 -> 0 | AH28: =X28*AC28 -> 0 | AI28: 289 | AJ28: =(AD28*1000)/#REF! -> #REF! | AK28: =(AE28*1000)/#REF! -> #REF! | AL28: =(AF28*1000)/#REF! -> #REF! | AM28: =(AG28*1000)/#REF! -> #REF! | AN28: =(AH28*1000)/#REF! -> #REF! | AO28: =AO27 -> 1550 | AP28: =AP27 -> 19160 | AQ28: =AQ27 -> 36239 | AR28: =AR27 -> 1560 | AS28: =AS27 -> 3640 | AT28: =AO28*(AD28*0.8) -> 0 | AU28: =AP28*(AE28*0.012) -> 12907.789 | AV28: =AQ28*(AF28*0.044) -> 50353.137 | AW28: =AR28*AG28 -> 0 | AX28: =AS28*(AH28*0.025) -> 0 | AY28: =AT28+AU28+AV28+AW28+AX28 -> 63260.926 | AZ28: 1000 | BA28: =AY28/#REF! -> #REF!
A29: =+A28+1 -> 46091 | B29: =DAY(Tabla2[[#This Row],[FECHA]]) -> 10 | C29: 1 (NOCHE) | I29: =((Tabla2[[#This Row],[VOLUMEN ENVIADO A RO (m3)]]/80)/3)*60 -> 72.197 | J29: 0 | K29: 17 | L29: 5 | M29: 0 | N29: 0 | O29: =J29*(1000/114) -> 0 | P29: =K29*(1000/114) -> 149.12281 | Q29: =L29*(1000/114) -> 43.859649 | R29: =M29*(1000/114) -> 0 | S29: =N29*(1000/114) -> 0 | T29: =O29-O30 -> 0 | U29: =P29-P30+1000 -> 140.35088 | V29: =Q29-Q30+1000 -> 166.66667 | W29: =R29-R30 -> 0 | X29: =S29-S30 -> 0 | Y29: 1.18 | Z29: 1.28 | AA29: 1.2 | AB29: 1.53 | AC29: 1.2 | AD29: =T29*Y29 -> 0 | AE29: =U29*Z29 -> 179.64912 | AF29: =V29*AA29 -> 200 | AG29: =W29*AB29 -> 0 | AH29: =X29*AC29 -> 0 | AI29: 288.788 | AJ29: =(AD29*1000)/#REF! -> #REF! | AK29: =(AE29*1000)/#REF! -> #REF! | AL29: =(AF29*1000)/#REF! -> #REF! | AM29: =(AG29*1000)/#REF! -> #REF! | AN29: =(AH29*1000)/#REF! -> #REF! | AO29: =AO28 -> 1550 | AP29: =AP28 -> 19160 | AQ29: =AQ28 -> 36239 | AR29: =AR28 -> 1560 | AS29: =AS28 -> 3640 | AT29: =AO29*(AD29*0.8) -> 0 | AU29: =AP29*(AE29*0.012) -> 41304.926 | AV29: =AQ29*(AF29*0.044) -> 318903.2 | AW29: =AR29*AG29 -> 0 | AX29: =AS29*(AH29*0.025) -> 0 | AY29: =AT29+AU29+AV29+AW29+AX29 -> 360208.13 | AZ29: 1000 | BA29: =AY29/#REF! -> #REF!
A30: =+A29 -> 46091 | B30: =DAY(Tabla2[[#This Row],[FECHA]]) -> 10 | C30: 2 (MAÑANA) | I30: =((Tabla2[[#This Row],[VOLUMEN ENVIADO A RO (m3)]]/80)/3)*60 -> 69.7395 | J30: 0 | K30: 115 | L30: 100 | M30: 0 | N30: 0 | O30: =J30*(1000/114) -> 0 | P30: =K30*(1000/114) -> 1008.7719 | Q30: =L30*(1000/114) -> 877.19298 | R30: =M30*(1000/114) -> 0 | S30: =N30*(1000/114) -> 0 | T30: =O30-O31 -> 0 | U30: =P30-P31 -> 17.54386 | V30: =Q30-Q31 -> 17.54386 | W30: =R30-R31 -> 0 | X30: =S30-S31 -> 0 | Y30: 1.18 | Z30: 1.28 | AA30: 1.2 | AB30: 1.53 | AC30: 1.2 | AD30: =T30*Y30 -> 0 | AE30: =U30*Z30 -> 22.45614 | AF30: =V30*AA30 -> 21.052632 | AG30: =W30*AB30 -> 0 | AH30: =X30*AC30 -> 0 | AI30: 278.958 | AJ30: =(AD30*1000)/#REF! -> #REF! | AK30: =(AE30*1000)/#REF! -> #REF! | AL30: =(AF30*1000)/#REF! -> #REF! | AM30: =(AG30*1000)/#REF! -> #REF! | AN30: =(AH30*1000)/#REF! -> #REF! | AO30: =AO29 -> 1550 | AP30: =AP29 -> 19160 | AQ30: =AQ29 -> 36239 | AR30: =AR29 -> 1560 | AS30: =AS29 -> 3640 | AT30: =AO30*(AD30*0.8) -> 0 | AU30: =AP30*(AE30*0.012) -> 5163.1158 | AV30: =AQ30*(AF30*0.044) -> 33568.758 | AW30: =AR30*AG30 -> 0 | AX30: =AS30*(AH30*0.025) -> 0 | AY30: =AT30+AU30+AV30+AW30+AX30 -> 38731.874 | AZ30: 1000 | BA30: =AY30/#REF! -> #REF!
A31: =+A30 -> 46091 | B31: =DAY(Tabla2[[#This Row],[FECHA]]) -> 10 | C31: 3(TARDE) | I31: =((Tabla2[[#This Row],[VOLUMEN ENVIADO A RO (m3)]]/80)/3)*60 -> 77.48275 | J31: 0 | K31: 113 | L31: 98 | M31: 0 | N31: 0 | O31: =J31*(1000/114) -> 0 | P31: =K31*(1000/114) -> 991.22807 | Q31: =L31*(1000/114) -> 859.64912 | R31: =M31*(1000/114) -> 0 | S31: =N31*(1000/114) -> 0 | T31: =O31-O32 -> 0 | U31: =P31-P32 -> 35.087719 | V31: =Q31-Q32 -> 35.087719 | W31: =R31-R32 -> 0 | X31: =S31-S32 -> 0 | Y31: 1.18 | Z31: 1.28 | AA31: 1.2 | AB31: 1.53 | AC31: 1.2 | AD31: =T31*Y31 -> 0 | AE31: =U31*Z31 -> 44.912281 | AF31: =V31*AA31 -> 42.105263 | AG31: =W31*AB31 -> 0 | AH31: =X31*AC31 -> 0 | AI31: 309.931 | AJ31: =(AD31*1000)/#REF! -> #REF! | AK31: =(AE31*1000)/#REF! -> #REF! | AL31: =(AF31*1000)/#REF! -> #REF! | AM31: =(AG31*1000)/#REF! -> #REF! | AN31: =(AH31*1000)/#REF! -> #REF! | AO31: =AO30 -> 1550 | AP31: =AP30 -> 19160 | AQ31: =AQ30 -> 36239 | AR31: =AR30 -> 1560 | AS31: =AS30 -> 3640 | AT31: =AO31*(AD31*0.8) -> 0 | AU31: =AP31*(AE31*0.012) -> 10326.232 | AV31: =AQ31*(AF31*0.044) -> 67137.516 | AW31: =AR31*AG31 -> 0 | AX31: =AS31*(AH31*0.025) -> 0 | AY31: =AT31+AU31+AV31+AW31+AX31 -> 77463.747 | AZ31: 1000 | BA31: =AY31/#REF! -> #REF!
A32: =+A31+1 -> 46092 | B32: =DAY(Tabla2[[#This Row],[FECHA]]) -> 11 | C32: 1 (NOCHE) | I32: =((Tabla2[[#This Row],[VOLUMEN ENVIADO A RO (m3)]]/80)/3)*60 -> 72.3885 | J32: 0 | K32: 109 | L32: 94 | M32: 0 | N32: 0 | O32: =J32*(1000/114) -> 0 | P32: =K32*(1000/114) -> 956.14035 | Q32: =L32*(1000/114) -> 824.5614 | R32: =M32*(1000/114) -> 0 | S32: =N32*(1000/114) -> 0 | T32: =O32-O33 -> 0 | U32: =P32-P33 -> 149.12281 | V32: =Q32-Q33 -> 175.4386 | W32: =R32-R33 -> 0 | X32: =S32-S33 -> 0 | Y32: 1.18 | Z32: 1.28 | AA32: 1.2 | AB32: 1.53 | AC32: 1.2 | AD32: =T32*Y32 -> 0 | AE32: =U32*Z32 -> 190.87719 | AF32: =V32*AA32 -> 210.52632 | AG32: =W32*AB32 -> 0 | AH32: =X32*AC32 -> 0 | AI32: 289.554 | AJ32: =(AD32*1000)/#REF! -> #REF! | AK32: =(AE32*1000)/#REF! -> #REF! | AL32: =(AF32*1000)/#REF! -> #REF! | AM32: =(AG32*1000)/#REF! -> #REF! | AN32: =(AH32*1000)/#REF! -> #REF! | AO32: =AO31 -> 1550 | AP32: =AP31 -> 19160 | AQ32: =AQ31 -> 36239 | AR32: =AR31 -> 1560 | AS32: =AS31 -> 3640 | AT32: =AO32*(AD32*0.8) -> 0 | AU32: =AP32*(AE32*0.012) -> 43886.484 | AV32: =AQ32*(AF32*0.044) -> 335687.58 | AW32: =AR32*AG32 -> 0 | AX32: =AS32*(AH32*0.025) -> 0 | AY32: =AT32+AU32+AV32+AW32+AX32 -> 379574.06 | AZ32: 1000 | BA32: =AY32/#REF! -> #REF!
A33: =+A32 -> 46092 | B33: =DAY(Tabla2[[#This Row],[FECHA]]) -> 11 | C33: 2 (MAÑANA) | I33: =((Tabla2[[#This Row],[VOLUMEN ENVIADO A RO (m3)]]/80)/3)*60 -> 71.57925 | J33: 0 | K33: 92 | L33: 74 | M33: 0 | N33: 0 | O33: =J33*(1000/114) -> 0 | P33: =K33*(1000/114) -> 807.01754 | Q33: =L33*(1000/114) -> 649.12281 | R33: =M33*(1000/114) -> 0 | S33: =N33*(1000/114) -> 0 | T33: =O33-O34 -> 0 | U33: =P33-P34 -> 87.719298 | V33: =Q33-Q34 -> 105.26316 | W33: =R33-R34 -> 0 | X33: =S33-S34 -> 0 | Y33: 1.18 | Z33: 1.28 | AA33: 1.2 | AB33: 1.53 | AC33: 1.2 | AD33: =T33*Y33 -> 0 | AE33: =U33*Z33 -> 112.2807 | AF33: =V33*AA33 -> 126.31579 | AG33: =W33*AB33 -> 0 | AH33: =X33*AC33 -> 0 | AI33: 286.317 | AJ33: =(AD33*1000)/#REF! -> #REF! | AK33: =(AE33*1000)/#REF! -> #REF! | AL33: =(AF33*1000)/#REF! -> #REF! | AM33: =(AG33*1000)/#REF! -> #REF! | AN33: =(AH33*1000)/#REF! -> #REF! | AO33: =AO32 -> 1550 | AP33: =AP32 -> 19160 | AQ33: =AQ32 -> 36239 | AR33: =AR32 -> 1560 | AS33: =AS32 -> 3640 | AT33: =AO33*(AD33*0.8) -> 0 | AU33: =AP33*(AE33*0.012) -> 25815.579 | AV33: =AQ33*(AF33*0.044) -> 201412.55 | AW33: =AR33*AG33 -> 0 | AX33: =AS33*(AH33*0.025) -> 0 | AY33: =AT33+AU33+AV33+AW33+AX33 -> 227228.13 | AZ33: 1000 | BA33: =AY33/#REF! -> #REF!
A34: =+A33 -> 46092 | B34: =DAY(Tabla2[[#This Row],[FECHA]]) -> 11 | C34: 3(TARDE) | I34: =((Tabla2[[#This Row],[VOLUMEN ENVIADO A RO (m3)]]/80)/3)*60 -> 61.758 | J34: 0 | K34: 82 | L34: 62 | M34: 0 | N34: 0 | O34: =J34*(1000/114) -> 0 | P34: =K34*(1000/114) -> 719.29825 | Q34: =L34*(1000/114) -> 543.85965 | R34: =M34*(1000/114) -> 0 | S34: =N34*(1000/114) -> 0 | T34: =O34-O35 -> 0 | U34: =P34-P35 -> 17.54386 | V34: =Q34-Q35 -> 26.315789 | W34: =R34-R35 -> 0 | X34: =S34-S35 -> 0 | Y34: 1.18 | Z34: 1.28 | AA34: 1.2 | AB34: 1.53 | AC34: 1.2 | AD34: =T34*Y34 -> 0 | AE34: =U34*Z34 -> 22.45614 | AF34: =V34*AA34 -> 31.578947 | AG34: =W34*AB34 -> 0 | AH34: =X34*AC34 -> 0 | AI34: 247.032 | AJ34: =(AD34*1000)/#REF! -> #REF! | AK34: =(AE34*1000)/#REF! -> #REF! | AL34: =(AF34*1000)/#REF! -> #REF! | AM34: =(AG34*1000)/#REF! -> #REF! | AN34: =(AH34*1000)/#REF! -> #REF! | AO34: =AO33 -> 1550 | AP34: =AP33 -> 19160 | AQ34: =AQ33 -> 36239 | AR34: =AR33 -> 1560 | AS34: =AS33 -> 3640 | AT34: =AO34*(AD34*0.8) -> 0 | AU34: =AP34*(AE34*0.012) -> 5163.1158 | AV34: =AQ34*(AF34*0.044) -> 50353.137 | AW34: =AR34*AG34 -> 0 | AX34: =AS34*(AH34*0.025) -> 0 | AY34: =AT34+AU34+AV34+AW34+AX34 -> 55516.253 | AZ34: 1000 | BA34: =AY34/#REF! -> #REF!
A35: =+A34+1 -> 46093 | B35: =DAY(Tabla2[[#This Row],[FECHA]]) -> 12 | C35: 1 (NOCHE) | I35: =((Tabla2[[#This Row],[VOLUMEN ENVIADO A RO (m3)]]/80)/3)*60 -> 71.27 | J35: 0 | K35: 80 | L35: 59 | M35: 0 | N35: 0 | O35: =J35*(1000/114) -> 0 | P35: =K35*(1000/114) -> 701.75439 | Q35: =L35*(1000/114) -> 517.54386 | R35: =M35*(1000/114) -> 0 | S35: =N35*(1000/114) -> 0 | T35: =O35-O36 -> 0 | U35: =P35-P36 -> 166.66667 | V35: =Q35-Q36 -> 122.80702 | W35: =R35-R36 -> 0 | X35: =S35-S36 -> 0 | Y35: 1.18 | Z35: 1.28 | AA35: 1.2 | AB35: 1.53 | AC35: 1.2 | AD35: =T35*Y35 -> 0 | AE35: =U35*Z35 -> 213.33333 | AF35: =V35*AA35 -> 147.36842 | AG35: =W35*AB35 -> 0 | AH35: =X35*AC35 -> 0 | AI35: 285.08 | AJ35: =(AD35*1000)/#REF! -> #REF! | AK35: =(AE35*1000)/#REF! -> #REF! | AL35: =(AF35*1000)/#REF! -> #REF! | AM35: =(AG35*1000)/#REF! -> #REF! | AN35: =(AH35*1000)/#REF! -> #REF! | AO35: =AO34 -> 1550 | AP35: =AP34 -> 19160 | AQ35: =AQ34 -> 36239 | AR35: =AR34 -> 1560 | AS35: =AS34 -> 3640 | AT35: =AO35*(AD35*0.8) -> 0 | AU35: =AP35*(AE35*0.012) -> 49049.6 | AV35: =AQ35*(AF35*0.044) -> 234981.31 | AW35: =AR35*AG35 -> 0 | AX35: =AS35*(AH35*0.025) -> 0 | AY35: =AT35+AU35+AV35+AW35+AX35 -> 284030.91 | AZ35: 1000 | BA35: =AY35/#REF! -> #REF!
A36: =+A35 -> 46093 | B36: =DAY(Tabla2[[#This Row],[FECHA]]) -> 12 | C36: 2 (MAÑANA) | I36: =((Tabla2[[#This Row],[VOLUMEN ENVIADO A RO (m3)]]/80)/3)*60 -> 56.232 | J36: 0 | K36: 61 | L36: 45 | M36: 0 | N36: 0 | O36: =J36*(1000/114) -> 0 | P36: =K36*(1000/114) -> 535.08772 | Q36: =L36*(1000/114) -> 394.73684 | R36: =M36*(1000/114) -> 0 | S36: =N36*(1000/114) -> 0 | T36: =O36-O37 -> 0 | U36: =P36-P37 -> 96.491228 | V36: =Q36-Q37 -> 78.947368 | W36: =R36-R37 -> 0 | X36: =S36-S37 -> 0 | Y36: 1.18 | Z36: 1.28 | AA36: 1.2 | AB36: 1.53 | AC36: 1.2 | AD36: =T36*Y36 -> 0 | AE36: =U36*Z36 -> 123.50877 | AF36: =V36*AA36 -> 94.736842 | AG36: =W36*AB36 -> 0 | AH36: =X36*AC36 -> 0 | AI36: 224.928 | AJ36: =(AD36*1000)/#REF! -> #REF! | AK36: =(AE36*1000)/#REF! -> #REF! | AL36: =(AF36*1000)/#REF! -> #REF! | AM36: =(AG36*1000)/#REF! -> #REF! | AN36: =(AH36*1000)/#REF! -> #REF! | AO36: =AO35 -> 1550 | AP36: =AP35 -> 19160 | AQ36: =AQ35 -> 36239 | AR36: =AR35 -> 1560 | AS36: =AS35 -> 3640 | AT36: =AO36*(AD36*0.8) -> 0 | AU36: =AP36*(AE36*0.012) -> 28397.137 | AV36: =AQ36*(AF36*0.044) -> 151059.41 | AW36: =AR36*AG36 -> 0 | AX36: =AS36*(AH36*0.025) -> 0 | AY36: =AT36+AU36+AV36+AW36+AX36 -> 179456.55 | AZ36: 1000 | BA36: =AY36/#REF! -> #REF!
A37: =+A36 -> 46093 | B37: =DAY(Tabla2[[#This Row],[FECHA]]) -> 12 | C37: 3(TARDE) | E37: 0 | F37: 0 | I37: =((Tabla2[[#This Row],[VOLUMEN ENVIADO A RO (m3)]]/80)/3)*60 -> 70.3165 | J37: 0 | K37: 50 | L37: 36 | M37: 0 | N37: 0 | O37: =J37*(1000/114) -> 0 | P37: =K37*(1000/114) -> 438.59649 | Q37: =L37*(1000/114) -> 315.78947 | R37: =M37*(1000/114) -> 0 | S37: =N37*(1000/114) -> 0 | T37: =O37-O38 -> 0 | U37: =P37-P38 -> 96.491228 | V37: =Q37-Q38 -> 70.175439 | W37: =R37-R38 -> 0 | X37: =S37-S38 -> 0 | Y37: 1.18 | Z37: 1.28 | AA37: 1.2 | AB37: 1.53 | AC37: 1.2 | AD37: =T37*Y37 -> 0 | AE37: =U37*Z37 -> 123.50877 | AF37: =V37*AA37 -> 84.210526 | AG37: =W37*AB37 -> 0 | AH37: =X37*AC37 -> 0 | AI37: 281.266 | AJ37: =(AD37*1000)/#REF! -> #REF! | AK37: =(AE37*1000)/#REF! -> #REF! | AL37: =(AF37*1000)/#REF! -> #REF! | AM37: =(AG37*1000)/#REF! -> #REF! | AN37: =(AH37*1000)/#REF! -> #REF! | AO37: =AO36 -> 1550 | AP37: =AP36 -> 19160 | AQ37: =AQ36 -> 36239 | AR37: =AR36 -> 1560 | AS37: =AS36 -> 3640 | AT37: =AO37*(AD37*0.8) -> 0 | AU37: =AP37*(AE37*0.012) -> 28397.137 | AV37: =AQ37*(AF37*0.044) -> 134275.03 | AW37: =AR37*AG37 -> 0 | AX37: =AS37*(AH37*0.025) -> 0 | AY37: =AT37+AU37+AV37+AW37+AX37 -> 162672.17 | AZ37: 1000 | BA37: =AY37/#REF! -> #REF!
A38: =+A37+1 -> 46094 | B38: =DAY(Tabla2[[#This Row],[FECHA]]) -> 13 | C38: 1 (NOCHE) | I38: =((Tabla2[[#This Row],[VOLUMEN ENVIADO A RO (m3)]]/80)/3)*60 -> 61.24325 | J38: 0 | K38: 39 | L38: 28 | M38: 0 | N38: 0 | O38: =J38*(1000/114) -> 0 | P38: =K38*(1000/114) -> 342.10526 | Q38: =L38*(1000/114) -> 245.61404 | R38: =M38*(1000/114) -> 0 | S38: =N38*(1000/114) -> 0 | T38: =O38-O39 -> 0 | U38: =P38-P39 -> 17.54386 | V38: =Q38-Q39 -> 26.315789 | W38: =R38-R39 -> 0 | X38: =S38-S39 -> 0 | Y38: 1.18 | Z38: 1.28 | AA38: 1.2 | AB38: 1.53 | AC38: 1.2 | AD38: =T38*Y38 -> 0 | AE38: =U38*Z38 -> 22.45614 | AF38: =V38*AA38 -> 31.578947 | AG38: =W38*AB38 -> 0 | AH38: =X38*AC38 -> 0 | AI38: 244.973 | AJ38: =(AD38*1000)/#REF! -> #REF! | AK38: =(AE38*1000)/#REF! -> #REF! | AL38: =(AF38*1000)/#REF! -> #REF! | AM38: =(AG38*1000)/#REF! -> #REF! | AN38: =(AH38*1000)/#REF! -> #REF! | AO38: =AO37 -> 1550 | AP38: =AP37 -> 19160 | AQ38: =AQ37 -> 36239 | AR38: =AR37 -> 1560 | AS38: =AS37 -> 3640 | AT38: =AO38*(AD38*0.8) -> 0 | AU38: =AP38*(AE38*0.012) -> 5163.1158 | AV38: =AQ38*(AF38*0.044) -> 50353.137 | AW38: =AR38*AG38 -> 0 | AX38: =AS38*(AH38*0.025) -> 0 | AY38: =AT38+AU38+AV38+AW38+AX38 -> 55516.253 | AZ38: 1000 | BA38: =AY38/#REF! -> #REF!
A39: =+A38 -> 46094 | B39: =DAY(Tabla2[[#This Row],[FECHA]]) -> 13 | C39: 2 (MAÑANA) | I39: =((Tabla2[[#This Row],[VOLUMEN ENVIADO A RO (m3)]]/80)/3)*60 -> 46.0105 | J39: 0 | K39: 37 | L39: 25 | M39: 0 | N39: 0 | O39: =J39*(1000/114) -> 0 | P39: =K39*(1000/114) -> 324.5614 | Q39: =L39*(1000/114) -> 219.29825 | R39: =M39*(1000/114) -> 0 | S39: =N39*(1000/114) -> 0 | T39: =O39-O40 -> 0 | U39: =P39-P40 -> 61.403509 | V39: =Q39-Q40 -> 105.26316 | W39: =R39-R40 -> 0 | X39: =S39-S40 -> 0 | Y39: 1.18 | Z39: 1.28 | AA39: 1.2 | AB39: 1.53 | AC39: 1.2 | AD39: =T39*Y39 -> 0 | AE39: =U39*Z39 -> 78.596491 | AF39: =V39*AA39 -> 126.31579 | AG39: =W39*AB39 -> 0 | AH39: =X39*AC39 -> 0 | AI39: 184.042 | AJ39: =(AD39*1000)/#REF! -> #REF! | AK39: =(AE39*1000)/#REF! -> #REF! | AL39: =(AF39*1000)/#REF! -> #REF! | AM39: =(AG39*1000)/#REF! -> #REF! | AN39: =(AH39*1000)/#REF! -> #REF! | AO39: =AO38 -> 1550 | AP39: =AP38 -> 19160 | AQ39: =AQ38 -> 36239 | AR39: =AR38 -> 1560 | AS39: =AS38 -> 3640 | AT39: =AO39*(AD39*0.8) -> 0 | AU39: =AP39*(AE39*0.012) -> 18070.905 | AV39: =AQ39*(AF39*0.044) -> 201412.55 | AW39: =AR39*AG39 -> 0 | AX39: =AS39*(AH39*0.025) -> 0 | AY39: =AT39+AU39+AV39+AW39+AX39 -> 219483.45 | AZ39: 1000 | BA39: =AY39/#REF! -> #REF!
A40: =+A39 -> 46094 | B40: =DAY(Tabla2[[#This Row],[FECHA]]) -> 13 | C40: 3(TARDE) | I40: =((Tabla2[[#This Row],[VOLUMEN ENVIADO A RO (m3)]]/80)/3)*60 -> 71.3435 | J40: 0 | K40: 30 | L40: 13 | M40: 0 | N40: 0 | O40: =J40*(1000/114) -> 0 | P40: =K40*(1000/114) -> 263.15789 | Q40: =L40*(1000/114) -> 114.03509 | R40: =M40*(1000/114) -> 0 | S40: =N40*(1000/114) -> 0 | T40: =O40-O41 -> 0 | U40: =P40-P41 -> 78.947368 | V40: =Q40-Q41 -> 52.631579 | W40: =R40-R41 -> 0 | X40: =S40-S41 -> 0 | Y40: 1.18 | Z40: 1.28 | AA40: 1.2 | AB40: 1.53 | AC40: 1.2 | AD40: =T40*Y40 -> 0 | AE40: =U40*Z40 -> 101.05263 | AF40: =V40*AA40 -> 63.157895 | AG40: =W40*AB40 -> 0 | AH40: =X40*AC40 -> 0 | AI40: 285.374 | AJ40: =(AD40*1000)/#REF! -> #REF! | AK40: =(AE40*1000)/#REF! -> #REF! | AL40: =(AF40*1000)/#REF! -> #REF! | AM40: =(AG40*1000)/#REF! -> #REF! | AN40: =(AH40*1000)/#REF! -> #REF! | AO40: =AO39 -> 1550 | AP40: =AP39 -> 19160 | AQ40: =AQ39 -> 36239 | AR40: =AR39 -> 1560 | AS40: =AS39 -> 3640 | AT40: =AO40*(AD40*0.8) -> 0 | AU40: =AP40*(AE40*0.012) -> 23234.021 | AV40: =AQ40*(AF40*0.044) -> 100706.27 | AW40: =AR40*AG40 -> 0 | AX40: =AS40*(AH40*0.025) -> 0 | AY40: =AT40+AU40+AV40+AW40+AX40 -> 123940.29 | AZ40: 1000 | BA40: =AY40/#REF! -> #REF!
A41: =+A40+1 -> 46095 | B41: =DAY(Tabla2[[#This Row],[FECHA]]) -> 14 | C41: 1 (NOCHE) | I41: =((Tabla2[[#This Row],[VOLUMEN ENVIADO A RO (m3)]]/80)/3)*60 -> 47.17675 | J41: 0 | K41: 21 | L41: 7 | M41: 0 | N41: 0 | O41: =J41*(1000/114) -> 0 | P41: =K41*(1000/114) -> 184.21053 | Q41: =L41*(1000/114) -> 61.403509 | R41: =M41*(1000/114) -> 0 | S41: =N41*(1000/114) -> 0 | T41: =O41-O42 -> 0 | U41: =P41-P42 -> 0 | V41: =Q41-Q42 -> 0 | W41: =R41-R42 -> 0 | X41: =S41-S42 -> 0 | Y41: 1.18 | Z41: 1.28 | AA41: 1.2 | AB41: 1.53 | AC41: 1.2 | AD41: =T41*Y41 -> 0 | AE41: =U41*Z41 -> 0 | AF41: =V41*AA41 -> 0 | AG41: =W41*AB41 -> 0 | AH41: =X41*AC41 -> 0 | AI41: 188.707 | AJ41: =(AD41*1000)/#REF! -> #REF! | AK41: =(AE41*1000)/#REF! -> #REF! | AL41: =(AF41*1000)/#REF! -> #REF! | AM41: =(AG41*1000)/#REF! -> #REF! | AN41: =(AH41*1000)/#REF! -> #REF! | AO41: =AO40 -> 1550 | AP41: =AP40 -> 19160 | AQ41: =AQ40 -> 36239 | AR41: =AR40 -> 1560 | AS41: =AS40 -> 3640 | AT41: =AO41*(AD41*0.8) -> 0 | AU41: =AP41*(AE41*0.012) -> 0 | AV41: =AQ41*(AF41*0.044) -> 0 | AW41: =AR41*AG41 -> 0 | AX41: =AS41*(AH41*0.025) -> 0 | AY41: =AT41+AU41+AV41+AW41+AX41 -> 0 | AZ41: 1000 | BA41: =AY41/#REF! -> #REF!
A42: =+A41 -> 46095 | B42: =DAY(Tabla2[[#This Row],[FECHA]]) -> 14 | C42: 2 (MAÑANA) | I42: =((Tabla2[[#This Row],[VOLUMEN ENVIADO A RO (m3)]]/80)/3)*60 -> 0 | J42: 0 | K42: 21 | L42: 7 | M42: 0 | N42: 0 | O42: =J42*(1000/114) -> 0 | P42: =K42*(1000/114) -> 184.21053 | Q42: =L42*(1000/114) -> 61.403509 | R42: =M42*(1000/114) -> 0 | S42: =N42*(1000/114) -> 0 | T42: =O42-O43 -> 0 | U42: =P42-P43 -> 0 | V42: =Q42-Q43 -> 0 | W42: =R42-R43 -> 0 | X42: =S42-S43 -> 0 | Y42: 1.18 | Z42: 1.28 | AA42: 1.2 | AB42: 1.53 | AC42: 1.2 | AD42: =T42*Y42 -> 0 | AE42: =U42*Z42 -> 0 | AF42: =V42*AA42 -> 0 | AG42: =W42*AB42 -> 0 | AH42: =X42*AC42 -> 0 | AI42: 0 | AJ42: =(AD42*1000)/#REF! -> #REF! | AK42: =(AE42*1000)/#REF! -> #REF! | AL42: =(AF42*1000)/#REF! -> #REF! | AM42: =(AG42*1000)/#REF! -> #REF! | AN42: =(AH42*1000)/#REF! -> #REF! | AO42: =AO41 -> 1550 | AP42: =AP41 -> 19160 | AQ42: =AQ41 -> 36239 | AR42: =AR41 -> 1560 | AS42: =AS41 -> 3640 | AT42: =AO42*(AD42*0.8) -> 0 | AU42: =AP42*(AE42*0.012) -> 0 | AV42: =AQ42*(AF42*0.044) -> 0 | AW42: =AR42*AG42 -> 0 | AX42: =AS42*(AH42*0.025) -> 0 | AY42: =AT42+AU42+AV42+AW42+AX42 -> 0 | AZ42: 1000 | BA42: =AY42/#REF! -> #REF!
A43: =+A42 -> 46095 | B43: =DAY(Tabla2[[#This Row],[FECHA]]) -> 14 | C43: 3(TARDE) | I43: =((Tabla2[[#This Row],[VOLUMEN ENVIADO A RO (m3)]]/80)/3)*60 -> 0 | J43: 0 | K43: 21 | L43: 7 | M43: 0 | N43: 0 | O43: =J43*(1000/114) -> 0 | P43: =K43*(1000/114) -> 184.21053 | Q43: =L43*(1000/114) -> 61.403509 | R43: =M43*(1000/114) -> 0 | S43: =N43*(1000/114) -> 0 | T43: =O43-O44 -> 0 | U43: =P43-P44 -> 0 | V43: =Q43-Q44 -> 0 | W43: =R43-R44 -> 0 | X43: =S43-S44 -> 0 | Y43: 1.18 | Z43: 1.28 | AA43: 1.2 | AB43: 1.53 | AC43: 1.2 | AD43: =T43*Y43 -> 0 | AE43: =U43*Z43 -> 0 | AF43: =V43*AA43 -> 0 | AG43: =W43*AB43 -> 0 | AH43: =X43*AC43 -> 0 | AI43: 0 | AJ43: =(AD43*1000)/#REF! -> #REF! | AK43: =(AE43*1000)/#REF! -> #REF! | AL43: =(AF43*1000)/#REF! -> #REF! | AM43: =(AG43*1000)/#REF! -> #REF! | AN43: =(AH43*1000)/#REF! -> #REF! | AO43: =AO42 -> 1550 | AP43: =AP42 -> 19160 | AQ43: =AQ42 -> 36239 | AR43: =AR42 -> 1560 | AS43: =AS42 -> 3640 | AT43: =AO43*(AD43*0.8) -> 0 | AU43: =AP43*(AE43*0.012) -> 0 | AV43: =AQ43*(AF43*0.044) -> 0 | AW43: =AR43*AG43 -> 0 | AX43: =AS43*(AH43*0.025) -> 0 | AY43: =AT43+AU43+AV43+AW43+AX43 -> 0 | AZ43: 1000 | BA43: =AY43/#REF! -> #REF!
A44: =+A43+1 -> 46096 | B44: =DAY(Tabla2[[#This Row],[FECHA]]) -> 15 | C44: 1 (NOCHE) | I44: =((Tabla2[[#This Row],[VOLUMEN ENVIADO A RO (m3)]]/80)/3)*60 -> 0 | J44: 0 | K44: 21 | L44: 7 | M44: 0 | N44: 0 | O44: =J44*(1000/114) -> 0 | P44: =K44*(1000/114) -> 184.21053 | Q44: =L44*(1000/114) -> 61.403509 | R44: =M44*(1000/114) -> 0 | S44: =N44*(1000/114) -> 0 | T44: =O44-O45 -> 0 | U44: =P44-P45 -> 0 | V44: =Q44-Q45 -> 0 | W44: =R44-R45 -> 0 | X44: =S44-S45 -> 0 | Y44: 1.18 | Z44: 1.28 | AA44: 1.2 | AB44: 1.53 | AC44: 1.2 | AD44: =T44*Y44 -> 0 | AE44: =U44*Z44 -> 0 | AF44: =V44*AA44 -> 0 | AG44: =W44*AB44 -> 0 | AH44: =X44*AC44 -> 0 | AI44: 0 | AJ44: =(AD44*1000)/#REF! -> #REF! | AK44: =(AE44*1000)/#REF! -> #REF! | AL44: =(AF44*1000)/#REF! -> #REF! | AM44: =(AG44*1000)/#REF! -> #REF! | AN44: =(AH44*1000)/#REF! -> #REF! | AO44: =AO43 -> 1550 | AP44: =AP43 -> 19160 | AQ44: =AQ43 -> 36239 | AR44: =AR43 -> 1560 | AS44: =AS43 -> 3640 | AT44: =AO44*(AD44*0.8) -> 0 | AU44: =AP44*(AE44*0.012) -> 0 | AV44: =AQ44*(AF44*0.044) -> 0 | AW44: =AR44*AG44 -> 0 | AX44: =AS44*(AH44*0.025) -> 0 | AY44: =AT44+AU44+AV44+AW44+AX44 -> 0 | AZ44: 1000 | BA44: =AY44/#REF! -> #REF!
A45: =+A44 -> 46096 | B45: =DAY(Tabla2[[#This Row],[FECHA]]) -> 15 | C45: 2 (MAÑANA) | I45: =((Tabla2[[#This Row],[VOLUMEN ENVIADO A RO (m3)]]/80)/3)*60 -> 0 | J45: 0 | K45: 21 | L45: 7 | M45: 0 | N45: 0 | O45: =J45*(1000/114) -> 0 | P45: =K45*(1000/114) -> 184.21053 | Q45: =L45*(1000/114) -> 61.403509 | R45: =M45*(1000/114) -> 0 | S45: =N45*(1000/114) -> 0 | T45: =O45-O46 -> 0 | U45: =P45-P46 -> 0 | V45: =Q45-Q46 -> 0 | W45: =R45-R46 -> 0 | X45: =S45-S46 -> 0 | Y45: 1.18 | Z45: 1.28 | AA45: 1.2 | AB45: 1.53 | AC45: 1.2 | AD45: =T45*Y45 -> 0 | AE45: =U45*Z45 -> 0 | AF45: =V45*AA45 -> 0 | AG45: =W45*AB45 -> 0 | AH45: =X45*AC45 -> 0 | AI45: 0 | AJ45: =(AD45*1000)/#REF! -> #REF! | AK45: =(AE45*1000)/#REF! -> #REF! | AL45: =(AF45*1000)/#REF! -> #REF! | AM45: =(AG45*1000)/#REF! -> #REF! | AN45: =(AH45*1000)/#REF! -> #REF! | AO45: =AO44 -> 1550 | AP45: =AP44 -> 19160 | AQ45: =AQ44 -> 36239 | AR45: =AR44 -> 1560 | AS45: =AS44 -> 3640 | AT45: =AO45*(AD45*0.8) -> 0 | AU45: =AP45*(AE45*0.012) -> 0 | AV45: =AQ45*(AF45*0.044) -> 0 | AW45: =AR45*AG45 -> 0 | AX45: =AS45*(AH45*0.025) -> 0 | AY45: =AT45+AU45+AV45+AW45+AX45 -> 0 | AZ45: 1000 | BA45: =AY45/#REF! -> #REF!
A46: =+A45 -> 46096 | B46: =DAY(Tabla2[[#This Row],[FECHA]]) -> 15 | C46: 3(TARDE) | I46: =((Tabla2[[#This Row],[VOLUMEN ENVIADO A RO (m3)]]/80)/3)*60 -> 0 | J46: 0 | K46: 21 | L46: 7 | M46: 0 | N46: 0 | O46: =J46*(1000/114) -> 0 | P46: =K46*(1000/114) -> 184.21053 | Q46: =L46*(1000/114) -> 61.403509 | R46: =M46*(1000/114) -> 0 | S46: =N46*(1000/114) -> 0 | T46: =O46-O47 -> 0 | U46: =P46-P47 -> 43.859649 | V46: =Q46-Q47+1000 -> 96.491228 | W46: =R46-R47 -> 0 | X46: =S46-S47 -> 0 | Y46: 1.18 | Z46: 1.28 | AA46: 1.2 | AB46: 1.53 | AC46: 1.2 | AD46: =T46*Y46 -> 0 | AE46: =U46*Z46 -> 56.140351 | AF46: =V46*AA46 -> 115.78947 | AG46: =W46*AB46 -> 0 | AH46: =X46*AC46 -> 0 | AI46: 0 | AJ46: =(AD46*1000)/#REF! -> #REF! | AK46: =(AE46*1000)/#REF! -> #REF! | AL46: =(AF46*1000)/#REF! -> #REF! | AM46: =(AG46*1000)/#REF! -> #REF! | AN46: =(AH46*1000)/#REF! -> #REF! | AO46: =AO45 -> 1550 | AP46: =AP45 -> 19160 | AQ46: =AQ45 -> 36239 | AR46: =AR45 -> 1560 | AS46: =AS45 -> 3640 | AT46: =AO46*(AD46*0.8) -> 0 | AU46: =AP46*(AE46*0.012) -> 12907.789 | AV46: =AQ46*(AF46*0.044) -> 184628.17 | AW46: =AR46*AG46 -> 0 | AX46: =AS46*(AH46*0.025) -> 0 | AY46: =AT46+AU46+AV46+AW46+AX46 -> 197535.96 | AZ46: 1000 | BA46: =AY46/#REF! -> #REF!
A47: =+A46+1 -> 46097 | B47: =DAY(Tabla2[[#This Row],[FECHA]]) -> 16 | C47: 1 (NOCHE) | I47: =((Tabla2[[#This Row],[VOLUMEN ENVIADO A RO (m3)]]/80)/3)*60 -> 69.1275 | J47: 0 | K47: 16 | L47: 110 | M47: 0 | N47: 0 | O47: =J47*(1000/114) -> 0 | P47: =K47*(1000/114) -> 140.35088 | Q47: =L47*(1000/114) -> 964.91228 | R47: =M47*(1000/114) -> 0 | S47: =N47*(1000/114) -> 0 | T47: =O47-O48 -> 0 | U47: =P47-P48+1000 -> 210.52632 | V47: =Q47-Q48 -> 0 | W47: =R47-R48 -> 0 | X47: =S47-S48 -> 0 | Y47: 1.18 | Z47: 1.28 | AA47: 1.2 | AB47: 1.53 | AC47: 1.2 | AD47: =T47*Y47 -> 0 | AE47: =U47*Z47 -> 269.47368 | AF47: =V47*AA47 -> 0 | AG47: =W47*AB47 -> 0 | AH47: =X47*AC47 -> 0 | AI47: 276.51 | AJ47: =(AD47*1000)/#REF! -> #REF! | AK47: =(AE47*1000)/#REF! -> #REF! | AL47: =(AF47*1000)/#REF! -> #REF! | AM47: =(AG47*1000)/#REF! -> #REF! | AN47: =(AH47*1000)/#REF! -> #REF! | AO47: =AO46 -> 1550 | AP47: =AP46 -> 19160 | AQ47: =AQ46 -> 36239 | AR47: =AR46 -> 1560 | AS47: =AS46 -> 3640 | AT47: =AO47*(AD47*0.8) -> 0 | AU47: =AP47*(AE47*0.012) -> 61957.389 | AV47: =AQ47*(AF47*0.044) -> 0 | AW47: =AR47*AG47 -> 0 | AX47: =AS47*(AH47*0.025) -> 0 | AY47: =AT47+AU47+AV47+AW47+AX47 -> 61957.389 | AZ47: 1000 | BA47: =AY47/#REF! -> #REF!
A48: =+A47 -> 46097 | B48: =DAY(Tabla2[[#This Row],[FECHA]]) -> 16 | C48: 2 (MAÑANA) | I48: =((Tabla2[[#This Row],[VOLUMEN ENVIADO A RO (m3)]]/80)/3)*60 -> 69.1275 | J48: 0 | K48: 106 | L48: 110 | M48: 0 | N48: 0 | O48: =J48*(1000/114) -> 0 | P48: =K48*(1000/114) -> 929.82456 | Q48: =L48*(1000/114) -> 964.91228 | R48: =M48*(1000/114) -> 0 | S48: =N48*(1000/114) -> 0 | T48: =O48-O49 -> 0 | U48: =P48-P49 -> 0 | V48: =Q48-Q49 -> 26.315789 | W48: =R48-R49 -> 0 | X48: =S48-S49 -> 0 | Y48: 1.18 | Z48: 1.28 | AA48: 1.2 | AB48: 1.53 | AC48: 1.2 | AD48: =T48*Y48 -> 0 | AE48: =U48*Z48 -> 0 | AF48: =V48*AA48 -> 31.578947 | AG48: =W48*AB48 -> 0 | AH48: =X48*AC48 -> 0 | AI48: 276.51 | AJ48: =(AD48*1000)/#REF! -> #REF! | AK48: =(AE48*1000)/#REF! -> #REF! | AL48: =(AF48*1000)/#REF! -> #REF! | AM48: =(AG48*1000)/#REF! -> #REF! | AN48: =(AH48*1000)/#REF! -> #REF! | AO48: =AO47 -> 1550 | AP48: =AP47 -> 19160 | AQ48: =AQ47 -> 36239 | AR48: =AR47 -> 1560 | AS48: =AS47 -> 3640 | AT48: =AO48*(AD48*0.8) -> 0 | AU48: =AP48*(AE48*0.012) -> 0 | AV48: =AQ48*(AF48*0.044) -> 50353.137 | AW48: =AR48*AG48 -> 0 | AX48: =AS48*(AH48*0.025) -> 0 | AY48: =AT48+AU48+AV48+AW48+AX48 -> 50353.137 | AZ48: 1000 | BA48: =AY48/#REF! -> #REF!
A49: =+A48 -> 46097 | B49: =DAY(Tabla2[[#This Row],[FECHA]]) -> 16 | C49: 3(TARDE) | I49: =((Tabla2[[#This Row],[VOLUMEN ENVIADO A RO (m3)]]/80)/3)*60 -> 76.03375 | J49: 0 | K49: 106 | L49: 107 | M49: 0 | N49: 0 | O49: =J49*(1000/114) -> 0 | P49: =K49*(1000/114) -> 929.82456 | Q49: =L49*(1000/114) -> 938.59649 | R49: =M49*(1000/114) -> 0 | S49: =N49*(1000/114) -> 0 | T49: =O49-O50 -> 0 | U49: =P49-P50 -> 0 | V49: =Q49-Q50 -> 78.947368 | W49: =R49-R50 -> 0 | X49: =S49-S50 -> 0 | Y49: 1.18 | Z49: 1.28 | AA49: 1.2 | AB49: 1.53 | AC49: 1.2 | AD49: =T49*Y49 -> 0 | AE49: =U49*Z49 -> 0 | AF49: =V49*AA49 -> 94.736842 | AG49: =W49*AB49 -> 0 | AH49: =X49*AC49 -> 0 | AI49: 304.135 | AJ49: =(AD49*1000)/#REF! -> #REF! | AK49: =(AE49*1000)/#REF! -> #REF! | AL49: =(AF49*1000)/#REF! -> #REF! | AM49: =(AG49*1000)/#REF! -> #REF! | AN49: =(AH49*1000)/#REF! -> #REF! | AO49: =AO48 -> 1550 | AP49: =AP48 -> 19160 | AQ49: =AQ48 -> 36239 | AR49: =AR48 -> 1560 | AS49: =AS48 -> 3640 | AT49: =AO49*(AD49*0.8) -> 0 | AU49: =AP49*(AE49*0.012) -> 0 | AV49: =AQ49*(AF49*0.044) -> 151059.41 | AW49: =AR49*AG49 -> 0 | AX49: =AS49*(AH49*0.025) -> 0 | AY49: =AT49+AU49+AV49+AW49+AX49 -> 151059.41 | AZ49: 1000 | BA49: =AY49/#REF! -> #REF!
A50: =+A49+1 -> 46098 | B50: =DAY(Tabla2[[#This Row],[FECHA]]) -> 17 | C50: 1 (NOCHE) | I50: =((Tabla2[[#This Row],[VOLUMEN ENVIADO A RO (m3)]]/80)/3)*60 -> 73.9575 | J50: 0 | K50: 106 | L50: 98 | M50: 0 | N50: 0 | O50: =J50*(1000/114) -> 0 | P50: =K50*(1000/114) -> 929.82456 | Q50: =L50*(1000/114) -> 859.64912 | R50: =M50*(1000/114) -> 0 | S50: =N50*(1000/114) -> 0 | T50: =O50-O51 -> 0 | U50: =P50-P51 -> 0 | V50: =Q50-Q51 -> 105.26316 | W50: =R50-R51 -> 0 | X50: =S50-S51 -> 0 | Y50: 1.18 | Z50: 1.28 | AA50: 1.2 | AB50: 1.53 | AC50: 1.2 | AD50: =T50*Y50 -> 0 | AE50: =U50*Z50 -> 0 | AF50: =V50*AA50 -> 126.31579 | AG50: =W50*AB50 -> 0 | AH50: =X50*AC50 -> 0 | AI50: 295.83 | AJ50: =(AD50*1000)/#REF! -> #REF! | AK50: =(AE50*1000)/#REF! -> #REF! | AL50: =(AF50*1000)/#REF! -> #REF! | AM50: =(AG50*1000)/#REF! -> #REF! | AN50: =(AH50*1000)/#REF! -> #REF! | AO50: =AO49 -> 1550 | AP50: =AP49 -> 19160 | AQ50: =AQ49 -> 36239 | AR50: =AR49 -> 1560 | AS50: =AS49 -> 3640 | AT50: =AO50*(AD50*0.8) -> 0 | AU50: =AP50*(AE50*0.012) -> 0 | AV50: =AQ50*(AF50*0.044) -> 201412.55 | AW50: =AR50*AG50 -> 0 | AX50: =AS50*(AH50*0.025) -> 0 | AY50: =AT50+AU50+AV50+AW50+AX50 -> 201412.55 | AZ50: 1000 | BA50: =AY50/#REF! -> #REF!
A51: =+A50 -> 46098 | B51: =DAY(Tabla2[[#This Row],[FECHA]]) -> 17 | C51: 2 (MAÑANA) | I51: =((Tabla2[[#This Row],[VOLUMEN ENVIADO A RO (m3)]]/80)/3)*60 -> 84.9815 | J51: 0 | K51: 106 | L51: 86 | M51: 0 | N51: 0 | O51: =J51*(1000/114) -> 0 | P51: =K51*(1000/114) -> 929.82456 | Q51: =L51*(1000/114) -> 754.38596 | R51: =M51*(1000/114) -> 0 | S51: =N51*(1000/114) -> 0 | T51: =O51-O52 -> 0 | U51: =P51-P52 -> 0 | V51: =Q51-Q52 -> 0 | W51: =R51-R52 -> 0 | X51: =S51-S52 -> 0 | Y51: 1.18 | Z51: 1.28 | AA51: 1.2 | AB51: 1.53 | AC51: 1.2 | AD51: =T51*Y51 -> 0 | AE51: =U51*Z51 -> 0 | AF51: =V51*AA51 -> 0 | AG51: =W51*AB51 -> 0 | AH51: =X51*AC51 -> 0 | AI51: 339.926 | AJ51: =(AD51*1000)/#REF! -> #REF! | AK51: =(AE51*1000)/#REF! -> #REF! | AL51: =(AF51*1000)/#REF! -> #REF! | AM51: =(AG51*1000)/#REF! -> #REF! | AN51: =(AH51*1000)/#REF! -> #REF! | AO51: =AO50 -> 1550 | AP51: =AP50 -> 19160 | AQ51: =AQ50 -> 36239 | AR51: =AR50 -> 1560 | AS51: =AS50 -> 3640 | AT51: =AO51*(AD51*0.8) -> 0 | AU51: =AP51*(AE51*0.012) -> 0 | AV51: =AQ51*(AF51*0.044) -> 0 | AW51: =AR51*AG51 -> 0 | AX51: =AS51*(AH51*0.025) -> 0 | AY51: =AT51+AU51+AV51+AW51+AX51 -> 0 | AZ51: 1000 | BA51: =AY51/#REF! -> #REF!
A52: =+A51 -> 46098 | B52: =DAY(Tabla2[[#This Row],[FECHA]]) -> 17 | C52: 3(TARDE) | I52: =((Tabla2[[#This Row],[VOLUMEN ENVIADO A RO (m3)]]/80)/3)*60 -> 77.6395 | J52: 0 | K52: 106 | L52: 86 | M52: 0 | N52: 0 | O52: =J52*(1000/114) -> 0 | P52: =K52*(1000/114) -> 929.82456 | Q52: =L52*(1000/114) -> 754.38596 | R52: =M52*(1000/114) -> 0 | S52: =N52*(1000/114) -> 0 | T52: =O52-O53 -> 0 | U52: =P52-P53 -> 52.631579 | V52: =Q52-Q53 -> 122.80702 | W52: =R52-R53 -> 0 | X52: =S52-S53 -> 0 | Y52: 1.18 | Z52: 1.28 | AA52: 1.2 | AB52: 1.53 | AC52: 1.2 | AD52: =T52*Y52 -> 0 | AE52: =U52*Z52 -> 67.368421 | AF52: =V52*AA52 -> 147.36842 | AG52: =W52*AB52 -> 0 | AH52: =X52*AC52 -> 0 | AI52: 310.558 | AJ52: =(AD52*1000)/#REF! -> #REF! | AK52: =(AE52*1000)/#REF! -> #REF! | AL52: =(AF52*1000)/#REF! -> #REF! | AM52: =(AG52*1000)/#REF! -> #REF! | AN52: =(AH52*1000)/#REF! -> #REF! | AO52: =AO51 -> 1550 | AP52: =AP51 -> 19160 | AQ52: =AQ51 -> 36239 | AR52: =AR51 -> 1560 | AS52: =AS51 -> 3640 | AT52: =AO52*(AD52*0.8) -> 0 | AU52: =AP52*(AE52*0.012) -> 15489.347 | AV52: =AQ52*(AF52*0.044) -> 234981.31 | AW52: =AR52*AG52 -> 0 | AX52: =AS52*(AH52*0.025) -> 0 | AY52: =AT52+AU52+AV52+AW52+AX52 -> 250470.65 | AZ52: 1000 | BA52: =AY52/#REF! -> #REF!
