Workbook
Name SegmentaciónDeDatos_DIA: #N/A
Name SegmentaciónDeDatos_FECHA1: #N/A
Name SegmentaciónDeDatos_FECHA2: #N/A

Sheet INVENTARIO Y CONSUMO GEM  
A1: FECHA | B1: DIA | C1: ANALISIS TURNO | D1: # TURNO | E1: DILIGENCIAR BITACORA | F1: FINAL ACIDO (L) | G1: FINAL COAGULANTE (L) | H1: FINAL DECOLORANTE (L) | I1: FINAL POL ANIONICO (KG) | J1: FINAL POL CATIONICO (KG) | K1: Lectura Horometro INICIAL (06:00) | L1: CAUDAL TOTAL TRATADO GEM | M1: CAUDAL DE TRATAMIENTO | N1: CAUDAL 2 | O1: CONSUMO LITROS ACIDO (L) | P1: CONSUMO LITROS COAGULANTE (L) | Q1: CONSUMO LITROS DECOLORANTE (L) | R1: CONSUMO POL ANIONICO (KG) | S1: CONSUMO POL CATIONICO (KG) | T1: KG ACIDO | U1: KG COAGULANTE | V1: KG DECOLORANTE | W1: KG POL ANIONICO | X1: KG POL CATIONICO | Y1: PPM ACIDO | Z1: PPM COAGULANTE | AA1: PPM DECOLORANTE | AB1: PPM POL ANIONICO | AC1: PPM POL CATIONICO | AD1: DENSIDAD ACIDO | AE1: DENSIDAD COAGULANTE | AF1: DENSIDAD DECOLORANTE | AG1: DENSIDAD ANIONICO | AH1: DENSIDAD CATIONICO | AI1: PRECIO (KG) ACIDO | AJ1: PRECIO (KG) COAGULANTE | AK1: PRECIO (KG) DECOLORANTE | AL1: PRECIO (KG) ANIONICO | AM1: PRECIO (KG) CATIONICO | AN1: COSTO OPERATIVO ACIDO | AO1: COSTO OPERATIVO COAGULANTE | AP1: COSTO OPERATIVO DECOLORANTE | AQ1: COSTO OPERATIVO ANIONICO | AR1: COSTO OPERATIVO CATIONICO | AS1: COSTO QUIMICA | AT1: LIMITE INDICADOR M3 | AU1: $ m3
A2: 46023 | B2: 1 | C2: 1 (NOCHE) | D2: 1 | E2: FINAL TURNO 3 | F2: 2160 | G2: 2100 | H2: 1670 | I2: 250 | J2: 185 | K2: 16502 | L2: 0 | M2: 80 | N2: =+[1]!Tabla1[[#This Row],[CAUDAL DE TRATAMIENTO]]+$M$102 -> 80 | O2: =F2-F3 -> 0 | P2: =G2-G3 -> 0 | Q2: =H2-H3 -> 0 | R2: =I2-I3 -> 0 | S2: 0 | T2: =(O2*$AD$2) -> 0 | U2: =(P2*$AE$2) -> 0 | V2: =(Q2*$AF$2) -> 0 | W2: =[1]!Tabla1[[#This Row],[CONSUMO POL ANIONICO (KG)]] -> 0 | X2: =[1]!Tabla1[[#This Row],[CONSUMO POL CATIONICO (KG)]] -> 0 | Y2: =(T2*1000)/L2 -> #DIV/0! | Z2: =(U2*1000)/L2 -> #DIV/0! | AA2: =(V2*1000)/L2 -> #DIV/0! | AB2: =(W2*1000)/L2 -> #DIV/0! | AC2: =(X2*1000)/L2 -> #DIV/0! | AD2: 1.3 | AE2: 1.325 | AF2: 1.25 | AG2: 2500 | AH2: 2500 | AI2: 830 | AJ2: 2900 | AK2: 6295 | AL2: 19050 | AM2: 22050 | AN2: =T2*AI2 -> 0 | AO2: =U2*AJ2 -> 0 | AP2: =V2*AK2 -> 0 | AQ2: =W2*AL2 -> 0 | AR2: =X2*AM2 -> 0 | AS2: =SUM([1]!Tabla1[[#This Row],[COSTO OPERATIVO ACIDO]:[COSTO OPERATIVO CATIONICO]]) -> 0 | AT2: 5250 | AU2: =AS2/L2 -> #DIV/0!
A3: 46023 | B3: 1 | C3: 2 (MAÑANA) | D3: 2 | E3: FINAL TURNO 1 | F3: 2160 | G3: 2100 | H3: 1670 | I3: 250 | J3: 185 | K3: 16502 | L3: 0 | M3: 80 | N3: =+[1]!Tabla1[[#This Row],[CAUDAL DE TRATAMIENTO]]+$M$102 -> 80 | O3: =F3-F4 -> 0 | P3: =G3-G4 -> 0 | Q3: =H3-H4 -> 0 | R3: =I3-I4 -> 0 | S3: 0 | T3: =(O3*$AD$2) -> 0 | U3: =(P3*$AE$2) -> 0 | V3: =(Q3*$AF$2) -> 0 | W3: =[1]!Tabla1[[#This Row],[CONSUMO POL ANIONICO (KG)]] -> 0 | X3: =[1]!Tabla1[[#This Row],[CONSUMO POL CATIONICO (KG)]] -> 0 | Y3: =(T3*1000)/L3 -> #DIV/0! | Z3: =(U3*1000)/L3 -> #DIV/0! | AA3: =(V3*1000)/L3 -> #DIV/0! | AB3: =(W3*1000)/L3 -> #DIV/0! | AC3: =(X3*1000)/L3 -> #DIV/0! | AD3: 1.3 | AE3: 1.325 | AF3: 1.25 | AG3: 2500 | AH3: 2500 | AI3: 830 | AJ3: 2900 | AK3: 6295 | AL3: 19050 | AM3: 22050 | AN3: =T3*AI3 -> 0 | AO3: =U3*AJ3 -> 0 | AP3: =V3*AK3 -> 0 | AQ3: =W3*AL3 -> 0 | AR3: =X3*AM3 -> 0 | AS3: =SUM([1]!Tabla1[[#This Row],[COSTO OPERATIVO ACIDO]:[COSTO OPERATIVO CATIONICO]]) -> 0 | AT3: 5250 | AU3: =AS3/L3 -> #DIV/0!
A4: 46023 | B4: 1 | C4: 3(TARDE) | D4: 3 | E4: FINAL TURNO 2 | F4: 2160 | G4: 2100 | H4: 1670 | I4: 250 | J4: 185 | K4: 16502 | L4: 0 | M4: 80 | N4: =+[1]!Tabla1[[#This Row],[CAUDAL DE TRATAMIENTO]]+$M$102 -> 80 | O4: =F4-F5 -> 0 | P4: =G4-G5 -> 0 | Q4: =H4-H5 -> 0 | R4: =I4-I5 -> 0 | S4: 0 | T4: =(O4*$AD$2) -> 0 | U4: =(P4*$AE$2) -> 0 | V4: =(Q4*$AF$2) -> 0 | W4: =[1]!Tabla1[[#This Row],[CONSUMO POL ANIONICO (KG)]] -> 0 | X4: =[1]!Tabla1[[#This Row],[CONSUMO POL CATIONICO (KG)]] -> 0 | Y4: =(T4*1000)/L4 -> #DIV/0! | Z4: =(U4*1000)/L4 -> #DIV/0! | AA4: =(V4*1000)/L4 -> #DIV/0! | AB4: =(W4*1000)/L4 -> #DIV/0! | AC4: =(X4*1000)/L4 -> #DIV/0! | AD4: 1.3 | AE4: 1.325 | AF4: 1.25 | AG4: 2500 | AH4: 2500 | AI4: 830 | AJ4: 2900 | AK4: 6295 | AL4: 19050 | AM4: 22050 | AN4: =T4*AI4 -> 0 | AO4: =U4*AJ4 -> 0 | AP4: =V4*AK4 -> 0 | AQ4: =W4*AL4 -> 0 | AR4: =X4*AM4 -> 0 | AS4: =SUM([1]!Tabla1[[#This Row],[COSTO OPERATIVO ACIDO]:[COSTO OPERATIVO CATIONICO]]) -> 0 | AT4: 5250 | AU4: =AS4/L4 -> #DIV/0!
A5: 46024 | B5: 2 | C5: 2 (NOCHE) | D5: 4 | E5: FINAL TURNO 3 | F5: 2160 | G5: 2100 | H5: 1670 | I5: 250 | J5: 185 | K5: 16502 | L5: 0 | M5: 80 | N5: =+[1]!Tabla1[[#This Row],[CAUDAL DE TRATAMIENTO]]+$M$102 -> 80 | O5: =F5-F6 -> 0 | P5: =G5-G6 -> 0 | Q5: =H5-H6 -> 0 | R5: =I5-I6 -> 0 | S5: =J5-J6 -> 0 | T5: =(O5*$AD$2) -> 0 | U5: =(P5*$AE$2) -> 0 | V5: =(Q5*$AF$2) -> 0 | W5: =[1]!Tabla1[[#This Row],[CONSUMO POL ANIONICO (KG)]] -> 0 | X5: =[1]!Tabla1[[#This Row],[CONSUMO POL CATIONICO (KG)]] -> 0 | Y5: =(T5*1000)/L5 -> #DIV/0! | Z5: =(U5*1000)/L5 -> #DIV/0! | AA5: =(V5*1000)/L5 -> #DIV/0! | AB5: =(W5*1000)/L5 -> #DIV/0! | AC5: =(X5*1000)/L5 -> #DIV/0! | AD5: 1.3 | AE5: 1.325 | AF5: 1.25 | AG5: 2500 | AH5: 2500 | AI5: 830 | AJ5: 2900 | AK5: 6295 | AL5: 19050 | AM5: 22050 | AN5: =T5*AI5 -> 0 | AO5: =U5*AJ5 -> 0 | AP5: =V5*AK5 -> 0 | AQ5: =W5*AL5 -> 0 | AR5: =X5*AM5 -> 0 | AS5: =SUM([1]!Tabla1[[#This Row],[COSTO OPERATIVO ACIDO]:[COSTO OPERATIVO CATIONICO]]) -> 0 | AT5: 5250 | AU5: =AS5/L5 -> #DIV/0!
A6: 46024 | B6: 2 | C6: 3 (MAÑANA) | D6: 5 | E6: FINAL TURNO 1 | F6: 2160 | G6: 2100 | H6: 1670 | I6: 250 | J6: 185 | K6: 16502 | L6: 640.23881 | M6: 83 | N6: =+[1]!Tabla1[[#This Row],[CAUDAL DE TRATAMIENTO]]+$M$102 -> 83 | O6: =F6-F7 -> 80 | P6: =G6-G7 -> 150 | Q6: =H6-H7 -> 70 | R6: =I6-I7 -> 5 | S6: =J6-J7 -> 5 | T6: =(O6*$AD$2) -> 104 | U6: =(P6*$AE$2) -> 198.75 | V6: =(Q6*$AF$2) -> 87.5 | W6: =[1]!Tabla1[[#This Row],[CONSUMO POL ANIONICO (KG)]] -> 5 | X6: =[1]!Tabla1[[#This Row],[CONSUMO POL CATIONICO (KG)]] -> 5 | Y6: =(T6*1000)/L6 -> 162.43939 | Z6: =(U6*1000)/L6 -> 310.43104 | AA6: =(V6*1000)/L6 -> 136.66775 | AB6: =(W6*1000)/L6 -> 7.809586 | AC6: =(X6*1000)/L6 -> 7.809586 | AD6: 1.3 | AE6: 1.325 | AF6: 1.25 | AG6: 2500 | AH6: 2500 | AI6: 830 | AJ6: 2900 | AK6: 6295 | AL6: 19050 | AM6: 22050 | AN6: =T6*AI6 -> 86320 | AO6: =U6*AJ6 -> 576375 | AP6: =V6*AK6 -> 550812.5 | AQ6: =W6*AL6 -> 95250 | AR6: =X6*AM6 -> 110250 | AS6: =SUM([1]!Tabla1[[#This Row],[COSTO OPERATIVO ACIDO]:[COSTO OPERATIVO CATIONICO]]) -> 1419007.5 | AT6: 5250 | AU6: =AS6/L6 -> 2216.3722
A7: 46024 | B7: 2 | C7: 3(TARDE) | D7: 6 | E7: FINAL TURNO 2 | F7: 2080 | G7: 1950 | H7: 1600 | I7: 245 | J7: 180 | K7: 16509 | L7: 174.92537 | M7: 79 | N7: =+[1]!Tabla1[[#This Row],[CAUDAL DE TRATAMIENTO]]+$M$102 -> 79 | O7: =F7-F8 -> 80 | P7: =G7-G8-150 -> 50 | Q7: =H7-H8 -> 50 | R7: =I7-I8 -> 5 | S7: =J7-J8 -> 5 | T7: =(O7*$AD$2) -> 104 | U7: =(P7*$AE$2) -> 66.25 | V7: =(Q7*$AF$2) -> 62.5 | W7: =[1]!Tabla1[[#This Row],[CONSUMO POL ANIONICO (KG)]] -> 5 | X7: =[1]!Tabla1[[#This Row],[CONSUMO POL CATIONICO (KG)]] -> 5 | Y7: =(T7*1000)/L7 -> 594.53925 | Z7: =(U7*1000)/L7 -> 378.73294 | AA7: =(V7*1000)/L7 -> 357.29522 | AB7: =(W7*1000)/L7 -> 28.583618 | AC7: =(X7*1000)/L7 -> 28.583618 | AD7: 1.3 | AE7: 1.325 | AF7: 1.25 | AG7: 2500 | AH7: 2500 | AI7: 830 | AJ7: 2900 | AK7: 6295 | AL7: 19050 | AM7: 22050 | AN7: =T7*AI7 -> 86320 | AO7: =U7*AJ7 -> 192125 | AP7: =V7*AK7 -> 393437.5 | AQ7: =W7*AL7 -> 95250 | AR7: =X7*AM7 -> 110250 | AS7: =SUM([1]!Tabla1[[#This Row],[COSTO OPERATIVO ACIDO]:[COSTO OPERATIVO CATIONICO]]) -> 877382.5 | AT7: 5250 | AU7: =AS7/L7 -> 5015.7532
A8: 46025 | B8: 3 | C8: 3 (NOCHE) | D8: 7 | E8: FINAL TURNO 3 | F8: 2000 | G8: 1750 | H8: 1550 | I8: 240 | J8: 175 | K8: 16511 | L8: 0 | M8: 0 | N8: =+[1]!Tabla1[[#This Row],[CAUDAL DE TRATAMIENTO]]+$M$102 -> 0 | O8: =F8-F9 -> 40 | P8: =G8-G9 -> 80 | Q8: =H8-H9 -> 25 | R8: =I8-I9 -> 0 | S8: =J8-J9 -> 0 | T8: =(O8*$AD$2) -> 52 | U8: =(P8*$AE$2) -> 106 | V8: =(Q8*$AF$2) -> 31.25 | W8: =[1]!Tabla1[[#This Row],[CONSUMO POL ANIONICO (KG)]] -> 0 | X8: =[1]!Tabla1[[#This Row],[CONSUMO POL CATIONICO (KG)]] -> 0 | Y8: =(T8*1000)/L8 -> #DIV/0! | Z8: =(U8*1000)/L8 -> #DIV/0! | AA8: =(V8*1000)/L8 -> #DIV/0! | AB8: =(W8*1000)/L8 -> #DIV/0! | AC8: =(X8*1000)/L8 -> #DIV/0! | AD8: 1.3 | AE8: 1.325 | AF8: 1.25 | AG8: 2500 | AH8: 2500 | AI8: 830 | AJ8: 2900 | AK8: 6295 | AL8: 19050 | AM8: 22050 | AN8: =T8*AI8 -> 43160 | AO8: =U8*AJ8 -> 307400 | AP8: =V8*AK8 -> 196718.75 | AQ8: =W8*AL8 -> 0 | AR8: =X8*AM8 -> 0 | AS8: =SUM([1]!Tabla1[[#This Row],[COSTO OPERATIVO ACIDO]:[COSTO OPERATIVO CATIONICO]]) -> 547278.75 | AT8: 5250 | AU8: =AS8/L8 -> #DIV/0!
A9: 46025 | B9: 3 | C9: 4 (MAÑANA) | D9: 8 | E9: FINAL TURNO 1 | F9: =+AVERAGE(F8,F10) -> 1960 | G9: =+AVERAGE(G8,G10) -> 1670 | H9: =+AVERAGE(H8,H10) -> 1525 | I9: 240 | J9: 175 | K9: 16511 | L9: 268.38806 | M9: 81 | N9: =+[1]!Tabla1[[#This Row],[CAUDAL DE TRATAMIENTO]]+$M$102 -> 81 | O9: =F9-F10 -> 40 | P9: =G9-G10 -> 80 | Q9: =H9-H10 -> 25 | R9: =I9-I10 -> 0 | S9: =J9-J10 -> 0 | T9: =(O9*$AD$2) -> 52 | U9: =(P9*$AE$2) -> 106 | V9: =(Q9*$AF$2) -> 31.25 | W9: =[1]!Tabla1[[#This Row],[CONSUMO POL ANIONICO (KG)]] -> 0 | X9: =[1]!Tabla1[[#This Row],[CONSUMO POL CATIONICO (KG)]] -> 0 | Y9: =(T9*1000)/L9 -> 193.7493 | Z9: =(U9*1000)/L9 -> 394.95051 | AA9: =(V9*1000)/L9 -> 116.43588 | AB9: =(W9*1000)/L9 -> 0 | AC9: =(X9*1000)/L9 -> 0 | AD9: 1.3 | AE9: 1.325 | AF9: 1.25 | AG9: 2500 | AH9: 2500 | AI9: 830 | AJ9: 2900 | AK9: 6295 | AL9: 19050 | AM9: 22050 | AN9: =T9*AI9 -> 43160 | AO9: =U9*AJ9 -> 307400 | AP9: =V9*AK9 -> 196718.75 | AQ9: =W9*AL9 -> 0 | AR9: =X9*AM9 -> 0 | AS9: =SUM([1]!Tabla1[[#This Row],[COSTO OPERATIVO ACIDO]:[COSTO OPERATIVO CATIONICO]]) -> 547278.75 | AT9: 5250 | AU9: =AS9/L9 -> 2039.1323
A10: 46025 | B10: 3 | C10: 3(TARDE) | D10: 9 | E10: FINAL TURNO 2 | F10: 1920 | G10: 1590 | H10: 1500 | I10: 240 | J10: 175 | K10: 16514 | L10: 0 | M10: 0 | N10: =+[1]!Tabla1[[#This Row],[CAUDAL DE TRATAMIENTO]]+$M$102 -> 0 | O10: =F10-F11 -> 0 | P10: =G10-G11 -> 0 | Q10: =H10-H11 -> 0 | R10: 0 | S10: 0 | T10: =(O10*$AD$2) -> 0 | U10: =(P10*$AE$2) -> 0 | V10: =(Q10*$AF$2) -> 0 | W10: =[1]!Tabla1[[#This Row],[CONSUMO POL ANIONICO (KG)]] -> 0 | X10: =[1]!Tabla1[[#This Row],[CONSUMO POL CATIONICO (KG)]] -> 0 | Y10: =(T10*1000)/L10 -> #DIV/0! | Z10: =(U10*1000)/L10 -> #DIV/0! | AA10: =(V10*1000)/L10 -> #DIV/0! | AB10: =(W10*1000)/L10 -> #DIV/0! | AC10: =(X10*1000)/L10 -> #DIV/0! | AD10: 1.3 | AE10: 1.325 | AF10: 1.25 | AG10: 2500 | AH10: 2500 | AI10: 830 | AJ10: 2900 | AK10: 6295 | AL10: 19050 | AM10: 22050 | AN10: =T10*AI10 -> 0 | AO10: =U10*AJ10 -> 0 | AP10: =V10*AK10 -> 0 | AQ10: =W10*AL10 -> 0 | AR10: =X10*AM10 -> 0 | AS10: =SUM([1]!Tabla1[[#This Row],[COSTO OPERATIVO ACIDO]:[COSTO OPERATIVO CATIONICO]]) -> 0 | AT10: 5250 | AU10: =AS10/L10 -> #DIV/0!
A11: 46026 | B11: 4 | C11: 4 (NOCHE) | D11: 10 | E11: FINAL TURNO 3 | F11: 1920 | G11: 1590 | H11: 1500 | I11: 240 | J11: 175 | K11: 16514 | L11: 0 | M11: 0 | N11: =+[1]!Tabla1[[#This Row],[CAUDAL DE TRATAMIENTO]]+$M$102 -> 0 | O11: =F11-F12 -> 0 | P11: =G11-G12 -> 0 | Q11: =H11-H12 -> 0 | R11: 0 | S11: 0 | T11: =(O11*$AD$2) -> 0 | U11: =(P11*$AE$2) -> 0 | V11: =(Q11*$AF$2) -> 0 | W11: =[1]!Tabla1[[#This Row],[CONSUMO POL ANIONICO (KG)]] -> 0 | X11: =[1]!Tabla1[[#This Row],[CONSUMO POL CATIONICO (KG)]] -> 0 | Y11: =(T11*1000)/L11 -> #DIV/0! | Z11: =(U11*1000)/L11 -> #DIV/0! | AA11: =(V11*1000)/L11 -> #DIV/0! | AB11: =(W11*1000)/L11 -> #DIV/0! | AC11: =(X11*1000)/L11 -> #DIV/0! | AD11: 1.3 | AE11: 1.325 | AF11: 1.25 | AG11: 2500 | AH11: 2500 | AI11: 830 | AJ11: 2900 | AK11: 6295 | AL11: 19050 | AM11: 22050 | AN11: =T11*AI11 -> 0 | AO11: =U11*AJ11 -> 0 | AP11: =V11*AK11 -> 0 | AQ11: =W11*AL11 -> 0 | AR11: =X11*AM11 -> 0 | AS11: =SUM([1]!Tabla1[[#This Row],[COSTO OPERATIVO ACIDO]:[COSTO OPERATIVO CATIONICO]]) -> 0 | AT11: 5250 | AU11: =AS11/L11 -> #DIV/0!
A12: 46026 | B12: 4 | C12: 5 (MAÑANA) | D12: 11 | E12: FINAL TURNO 1 | F12: 1920 | G12: 1590 | H12: 1500 | I12: 240 | J12: 175 | K12: 16514 | L12: 0 | M12: 0 | N12: =+[1]!Tabla1[[#This Row],[CAUDAL DE TRATAMIENTO]]+$M$102 -> 0 | O12: =F12-F13 -> 0 | P12: =G12-G13 -> 0 | Q12: =H12-H13 -> 0 | R12: 0 | S12: 0 | T12: =(O12*$AD$2) -> 0 | U12: =(P12*$AE$2) -> 0 | V12: =(Q12*$AF$2) -> 0 | W12: =[1]!Tabla1[[#This Row],[CONSUMO POL ANIONICO (KG)]] -> 0 | X12: =[1]!Tabla1[[#This Row],[CONSUMO POL CATIONICO (KG)]] -> 0 | Y12: =(T12*1000)/L12 -> #DIV/0! | Z12: =(U12*1000)/L12 -> #DIV/0! | AA12: =(V12*1000)/L12 -> #DIV/0! | AB12: =(W12*1000)/L12 -> #DIV/0! | AC12: =(X12*1000)/L12 -> #DIV/0! | AD12: 1.3 | AE12: 1.325 | AF12: 1.25 | AG12: 2500 | AH12: 2500 | AI12: 830 | AJ12: 2900 | AK12: 6295 | AL12: 19050 | AM12: 22050 | AN12: =T12*AI12 -> 0 | AO12: =U12*AJ12 -> 0 | AP12: =V12*AK12 -> 0 | AQ12: =W12*AL12 -> 0 | AR12: =X12*AM12 -> 0 | AS12: =SUM([1]!Tabla1[[#This Row],[COSTO OPERATIVO ACIDO]:[COSTO OPERATIVO CATIONICO]]) -> 0 | AT12: 5250 | AU12: =AS12/L12 -> #DIV/0!
A13: 46026 | B13: 4 | C13: 3(TARDE) | D13: 12 | E13: FINAL TURNO 2 | F13: 1920 | G13: 1590 | H13: 1500 | I13: 240 | J13: 175 | K13: 16514 | L13: 0 | M13: 0 | N13: =+[1]!Tabla1[[#This Row],[CAUDAL DE TRATAMIENTO]]+$M$102 -> 0 | O13: =F13-F14 -> 0 | P13: =G13-G14 -> 0 | Q13: =H13-H14 -> 0 | R13: 0 | S13: 0 | T13: =(O13*$AD$2) -> 0 | U13: =(P13*$AE$2) -> 0 | V13: =(Q13*$AF$2) -> 0 | W13: =[1]!Tabla1[[#This Row],[CONSUMO POL ANIONICO (KG)]] -> 0 | X13: =[1]!Tabla1[[#This Row],[CONSUMO POL CATIONICO (KG)]] -> 0 | Y13: =(T13*1000)/L13 -> #DIV/0! | Z13: =(U13*1000)/L13 -> #DIV/0! | AA13: =(V13*1000)/L13 -> #DIV/0! | AB13: =(W13*1000)/L13 -> #DIV/0! | AC13: =(X13*1000)/L13 -> #DIV/0! | AD13: 1.3 | AE13: 1.325 | AF13: 1.25 | AG13: 2500 | AH13: 2500 | AI13: 830 | AJ13: 2900 | AK13: 6295 | AL13: 19050 | AM13: 22050 | AN13: =T13*AI13 -> 0 | AO13: =U13*AJ13 -> 0 | AP13: =V13*AK13 -> 0 | AQ13: =W13*AL13 -> 0 | AR13: =X13*AM13 -> 0 | AS13: =SUM([1]!Tabla1[[#This Row],[COSTO OPERATIVO ACIDO]:[COSTO OPERATIVO CATIONICO]]) -> 0 | AT13: 5250 | AU13: =AS13/L13 -> #DIV/0!
A14: 46027 | B14: 5 | C14: 5 (NOCHE) | D14: 13 | E14: FINAL TURNO 3 | F14: 1920 | G14: 1590 | H14: 1500 | I14: 240 | J14: 175 | K14: 16514 | L14: 89.462687 | M14: 81 | N14: =+[1]!Tabla1[[#This Row],[CAUDAL DE TRATAMIENTO]]+$M$102 -> 81 | O14: =F14-F15 -> 0 | P14: =G14-G15-100 -> 50 | Q14: =H14-H15 -> 0 | R14: 0 | S14: 0 | T14: =(O14*$AD$2) -> 0 | U14: =(P14*$AE$2) -> 66.25 | V14: =(Q14*$AF$2) -> 0 | W14: =[1]!Tabla1[[#This Row],[CONSUMO POL ANIONICO (KG)]] -> 0 | X14: =[1]!Tabla1[[#This Row],[CONSUMO POL CATIONICO (KG)]] -> 0 | Y14: =(T14*1000)/L14 -> 0 | Z14: =(U14*1000)/L14 -> 740.5322 | AA14: =(V14*1000)/L14 -> 0 | AB14: =(W14*1000)/L14 -> 0 | AC14: =(X14*1000)/L14 -> 0 | AD14: 1.3 | AE14: 1.325 | AF14: 1.25 | AG14: 2500 | AH14: 2500 | AI14: 830 | AJ14: 2900 | AK14: 6295 | AL14: 19050 | AM14: 22050 | AN14: =T14*AI14 -> 0 | AO14: =U14*AJ14 -> 192125 | AP14: =V14*AK14 -> 0 | AQ14: =W14*AL14 -> 0 | AR14: =X14*AM14 -> 0 | AS14: =SUM([1]!Tabla1[[#This Row],[COSTO OPERATIVO ACIDO]:[COSTO OPERATIVO CATIONICO]]) -> 192125 | AT14: 5250 | AU14: =AS14/L14 -> 2147.5434
A15: 46027 | B15: 5 | C15: 6 (MAÑANA) | D15: 14 | E15: FINAL TURNO 1 | F15: 1920 | G15: 1440 | H15: 1500 | I15: 250 | J15: 170 | K15: 16515 | L15: 341.85075 | M15: 77 | N15: =+[1]!Tabla1[[#This Row],[CAUDAL DE TRATAMIENTO]]+$M$102 -> 77 | O15: =F15-F16 -> 70 | P15: =G15-G16 -> 40 | Q15: =H15-H16 -> 50 | R15: =I15-I16 -> 0 | S15: =J15-J16 -> 5 | T15: =(O15*$AD$2) -> 91 | U15: =(P15*$AE$2) -> 53 | V15: =(Q15*$AF$2) -> 62.5 | W15: =[1]!Tabla1[[#This Row],[CONSUMO POL ANIONICO (KG)]] -> 0 | X15: =[1]!Tabla1[[#This Row],[CONSUMO POL CATIONICO (KG)]] -> 5 | Y15: =(T15*1000)/L15 -> 266.19804 | Z15: =(U15*1000)/L15 -> 155.03842 | AA15: =(V15*1000)/L15 -> 182.82833 | AB15: =(W15*1000)/L15 -> 0 | AC15: =(X15*1000)/L15 -> 14.626266 | AD15: 1.3 | AE15: 1.325 | AF15: 1.25 | AG15: 2500 | AH15: 2500 | AI15: 830 | AJ15: 2900 | AK15: 6295 | AL15: 19050 | AM15: 22050 | AN15: =T15*AI15 -> 75530 | AO15: =U15*AJ15 -> 153700 | AP15: =V15*AK15 -> 393437.5 | AQ15: =W15*AL15 -> 0 | AR15: =X15*AM15 -> 110250 | AS15: =SUM([1]!Tabla1[[#This Row],[COSTO OPERATIVO ACIDO]:[COSTO OPERATIVO CATIONICO]]) -> 732917.5 | AT15: 5250 | AU15: =AS15/L15 -> 2143.9693
A16: 46027 | B16: 5 | C16: 3(TARDE) | D16: 15 | E16: FINAL TURNO 2 | F16: 1850 | G16: 1400 | H16: 1450 | I16: 250 | J16: 165 | K16: 16519 | L16: 437.31343 | M16: 79 | N16: =+[1]!Tabla1[[#This Row],[CAUDAL DE TRATAMIENTO]]+$M$102 -> 79 | O16: =F16-F17-100 -> 40 | P16: =G16-G17 -> 100 | Q16: =H16-H17 -> 50 | R16: =I16-I17 -> 0 | S16: =J16-J17 -> 5 | T16: =(O16*$AD$2) -> 52 | U16: =(P16*$AE$2) -> 132.5 | V16: =(Q16*$AF$2) -> 62.5 | W16: =[1]!Tabla1[[#This Row],[CONSUMO POL ANIONICO (KG)]] -> 0 | X16: =[1]!Tabla1[[#This Row],[CONSUMO POL CATIONICO (KG)]] -> 5 | Y16: =(T16*1000)/L16 -> 118.90785 | Z16: =(U16*1000)/L16 -> 302.98635 | AA16: =(V16*1000)/L16 -> 142.91809 | AB16: =(W16*1000)/L16 -> 0 | AC16: =(X16*1000)/L16 -> 11.433447 | AD16: 1.3 | AE16: 1.325 | AF16: 1.25 | AG16: 2500 | AH16: 2500 | AI16: 830 | AJ16: 2900 | AK16: 6295 | AL16: 19050 | AM16: 22050 | AN16: =T16*AI16 -> 43160 | AO16: =U16*AJ16 -> 384250 | AP16: =V16*AK16 -> 393437.5 | AQ16: =W16*AL16 -> 0 | AR16: =X16*AM16 -> 110250 | AS16: =SUM([1]!Tabla1[[#This Row],[COSTO OPERATIVO ACIDO]:[COSTO OPERATIVO CATIONICO]]) -> 931097.5 | AT16: 5250 | AU16: =AS16/L16 -> 2129.1308
A17: 46028 | B17: 6 | C17: 6 (NOCHE) | D17: 16 | E17: FINAL TURNO 3 | F17: 1710 | G17: 1300 | H17: 1400 | I17: 250 | J17: 160 | K17: 16524 | L17: 271.38806 | M17: 82 | N17: =+[1]!Tabla1[[#This Row],[CAUDAL DE TRATAMIENTO]]+$M$102 -> 82 | O17: =F17-F18 -> 60 | P17: =G17-G18-150 -> 150 | Q17: =H17-H18 -> 30 | R17: =I17-I18 -> 5 | S17: =J17-J18 -> 5 | T17: =(O17*$AD$2) -> 78 | U17: =(P17*$AE$2) -> 198.75 | V17: =(Q17*$AF$2) -> 37.5 | W17: =[1]!Tabla1[[#This Row],[CONSUMO POL ANIONICO (KG)]] -> 5 | X17: =[1]!Tabla1[[#This Row],[CONSUMO POL CATIONICO (KG)]] -> 5 | Y17: =(T17*1000)/L17 -> 287.41132 | Z17: =(U17*1000)/L17 -> 732.34615 | AA17: =(V17*1000)/L17 -> 138.17852 | AB17: =(W17*1000)/L17 -> 18.423802 | AC17: =(X17*1000)/L17 -> 18.423802 | AD17: 1.3 | AE17: 1.325 | AF17: 1.25 | AG17: 2500 | AH17: 2500 | AI17: 830 | AJ17: 2900 | AK17: 6295 | AL17: 19050 | AM17: 22050 | AN17: =T17*AI17 -> 64740 | AO17: =U17*AJ17 -> 576375 | AP17: =V17*AK17 -> 236062.5 | AQ17: =W17*AL17 -> 95250 | AR17: =X17*AM17 -> 110250 | AS17: =SUM([1]!Tabla1[[#This Row],[COSTO OPERATIVO ACIDO]:[COSTO OPERATIVO CATIONICO]]) -> 1082677.5 | AT17: 5250 | AU17: =AS17/L17 -> 3989.4073
A18: 46028 | B18: 6 | C18: 7 (MAÑANA) | D18: 17 | E18: FINAL TURNO 1 | F18: 1650 | G18: 1000 | H18: 1370 | I18: 245 | J18: 155 | K18: 16527 | L18: 280.38806 | M18: 85 | N18: =+[1]!Tabla1[[#This Row],[CAUDAL DE TRATAMIENTO]]+$M$102 -> 85 | O18: =F18-F19 -> 200 | P18: =G18-G19 -> 200 | Q18: =H18-H19 -> 90 | R18: =I18-I19 -> 0 | S18: =J18-J19 -> 0 | T18: =(O18*$AD$2) -> 260 | U18: =(P18*$AE$2) -> 265 | V18: =(Q18*$AF$2) -> 112.5 | W18: =[1]!Tabla1[[#This Row],[CONSUMO POL ANIONICO (KG)]] -> 0 | X18: =[1]!Tabla1[[#This Row],[CONSUMO POL CATIONICO (KG)]] -> 0 | Y18: =(T18*1000)/L18 -> 927.28628 | Z18: =(U18*1000)/L18 -> 945.11871 | AA18: =(V18*1000)/L18 -> 401.22964 | AB18: =(W18*1000)/L18 -> 0 | AC18: =(X18*1000)/L18 -> 0 | AD18: 1.3 | AE18: 1.325 | AF18: 1.25 | AG18: 2500 | AH18: 2500 | AI18: 830 | AJ18: 2900 | AK18: 6295 | AL18: 19050 | AM18: 22050 | AN18: =T18*AI18 -> 215800 | AO18: =U18*AJ18 -> 768500 | AP18: =V18*AK18 -> 708187.5 | AQ18: =W18*AL18 -> 0 | AR18: =X18*AM18 -> 0 | AS18: =SUM([1]!Tabla1[[#This Row],[COSTO OPERATIVO ACIDO]:[COSTO OPERATIVO CATIONICO]]) -> 1692487.5 | AT18: 5250 | AU18: =AS18/L18 -> 6036.2324
A19: 46028 | B19: 6 | C19: 3(TARDE) | D19: 18 | E19: FINAL TURNO 2 | F19: 1450 | G19: 800 | H19: 1280 | I19: 245 | J19: 155 | K19: 16530 | L19: 530.77612 | M19: 80 | N19: =+[1]!Tabla1[[#This Row],[CAUDAL DE TRATAMIENTO]]+$M$102 -> 80 | O19: =F19-F20+3000 -> 160 | P19: =G19-G20+2000 -> 150 | Q19: =H19-H20 -> 80 | R19: =I19-I20 -> 0 | S19: =J19-J20+25 -> 5 | T19: =(O19*$AD$2) -> 208 | U19: =(P19*$AE$2) -> 198.75 | V19: =(Q19*$AF$2) -> 100 | W19: =[1]!Tabla1[[#This Row],[CONSUMO POL ANIONICO (KG)]] -> 0 | X19: =[1]!Tabla1[[#This Row],[CONSUMO POL CATIONICO (KG)]] -> 5 | Y19: =(T19*1000)/L19 -> 391.87897 | Z19: =(U19*1000)/L19 -> 374.45166 | AA19: =(V19*1000)/L19 -> 188.40335 | AB19: =(W19*1000)/L19 -> 0 | AC19: =(X19*1000)/L19 -> 9.4201676 | AD19: 1.3 | AE19: 1.325 | AF19: 1.25 | AG19: 2500 | AH19: 2500 | AI19: 830 | AJ19: 2900 | AK19: 6295 | AL19: 19050 | AM19: 22050 | AN19: =T19*AI19 -> 172640 | AO19: =U19*AJ19 -> 576375 | AP19: =V19*AK19 -> 629500 | AQ19: =W19*AL19 -> 0 | AR19: =X19*AM19 -> 110250 | AS19: =SUM([1]!Tabla1[[#This Row],[COSTO OPERATIVO ACIDO]:[COSTO OPERATIVO CATIONICO]]) -> 1488765 | AT19: 5250 | AU19: =AS19/L19 -> 2804.8832
A20: 46029 | B20: 7 | C20: 7 (NOCHE) | D20: 19 | E20: FINAL TURNO 3 | F20: 4290 | G20: 2650 | H20: 1200 | I20: 245 | J20: 175 | K20: 16536 | L20: 262.38806 | M20: 79 | N20: =+[1]!Tabla1[[#This Row],[CAUDAL DE TRATAMIENTO]]+$M$102 -> 79 | O20: =F20-F21 -> 50 | P20: =G20-G21 -> 350 | Q20: =H20-H21 -> 50 | R20: =I20-I21 -> 5 | S20: =J20-J21 -> 5 | T20: =(O20*$AD$2) -> 65 | U20: =(P20*$AE$2) -> 463.75 | V20: =(Q20*$AF$2) -> 62.5 | W20: =[1]!Tabla1[[#This Row],[CONSUMO POL ANIONICO (KG)]] -> 5 | X20: =[1]!Tabla1[[#This Row],[CONSUMO POL CATIONICO (KG)]] -> 5 | Y20: =(T20*1000)/L20 -> 247.72469 | Z20: =(U20*1000)/L20 -> 1767.4204 | AA20: =(V20*1000)/L20 -> 238.19681 | AB20: =(W20*1000)/L20 -> 19.055745 | AC20: =(X20*1000)/L20 -> 19.055745 | AD20: 1.3 | AE20: 1.325 | AF20: 1.25 | AG20: 2500 | AH20: 2500 | AI20: 830 | AJ20: 2900 | AK20: 6295 | AL20: 19050 | AM20: 22050 | AN20: =T20*AI20 -> 53950 | AO20: =U20*AJ20 -> 1344875 | AP20: =V20*AK20 -> 393437.5 | AQ20: =W20*AL20 -> 95250 | AR20: =X20*AM20 -> 110250 | AS20: =SUM([1]!Tabla1[[#This Row],[COSTO OPERATIVO ACIDO]:[COSTO OPERATIVO CATIONICO]]) -> 1997762.5 | AT20: 5250 | AU20: =AS20/L20 -> 7613.7706
A21: 46029 | B21: 7 | C21: 8 (MAÑANA) | D21: 20 | E21: FINAL TURNO 1 | F21: 4240 | G21: 2300 | H21: 1150 | I21: 240 | J21: 170 | K21: 16539 | L21: 180.92537 | M21: 82 | N21: =+[1]!Tabla1[[#This Row],[CAUDAL DE TRATAMIENTO]]+$M$102 -> 82 | O21: =F21-F22 -> 90 | P21: =G21-G22-150 -> 150 | Q21: =H21-H22 -> 50 | R21: =I21-I22 -> 0 | S21: =J21-J22 -> 5 | T21: =(O21*$AD$2) -> 117 | U21: =(P21*$AE$2) -> 198.75 | V21: =(Q21*$AF$2) -> 62.5 | W21: =[1]!Tabla1[[#This Row],[CONSUMO POL ANIONICO (KG)]] -> 0 | X21: =[1]!Tabla1[[#This Row],[CONSUMO POL CATIONICO (KG)]] -> 5 | Y21: =(T21*1000)/L21 -> 646.67547 | Z21: =(U21*1000)/L21 -> 1098.5192 | AA21: =(V21*1000)/L21 -> 345.4463 | AB21: =(W21*1000)/L21 -> 0 | AC21: =(X21*1000)/L21 -> 27.635704 | AD21: 1.3 | AE21: 1.325 | AF21: 1.25 | AG21: 2500 | AH21: 2500 | AI21: 830 | AJ21: 2900 | AK21: 6295 | AL21: 19050 | AM21: 22050 | AN21: =T21*AI21 -> 97110 | AO21: =U21*AJ21 -> 576375 | AP21: =V21*AK21 -> 393437.5 | AQ21: =W21*AL21 -> 0 | AR21: =X21*AM21 -> 110250 | AS21: =SUM([1]!Tabla1[[#This Row],[COSTO OPERATIVO ACIDO]:[COSTO OPERATIVO CATIONICO]]) -> 1177172.5 | AT21: 5250 | AU21: =AS21/L21 -> 6506.3981
A22: 46029 | B22: 7 | C22: 3(TARDE) | D22: 21 | E22: FINAL TURNO 2 | F22: 4150 | G22: 2000 | H22: 1100 | I22: 240 | J22: 165 | K22: 16541 | L22: 432.31343 | M22: 78 | N22: =+[1]!Tabla1[[#This Row],[CAUDAL DE TRATAMIENTO]]+$M$102 -> 78 | O22: =F22-F23 -> 120 | P22: =G22-G23+1000 -> 200 | Q22: =H22-H23 -> 40 | R22: =I22-I23 -> 0 | S22: =J22-J23 -> 5 | T22: =(O22*$AD$2) -> 156 | U22: =(P22*$AE$2) -> 265 | V22: =(Q22*$AF$2) -> 50 | W22: =[1]!Tabla1[[#This Row],[CONSUMO POL ANIONICO (KG)]] -> 0 | X22: =[1]!Tabla1[[#This Row],[CONSUMO POL CATIONICO (KG)]] -> 5 | Y22: =(T22*1000)/L22 -> 360.8493 | Z22: =(U22*1000)/L22 -> 612.98118 | AA22: =(V22*1000)/L22 -> 115.65683 | AB22: =(W22*1000)/L22 -> 0 | AC22: =(X22*1000)/L22 -> 11.565683 | AD22: 1.3 | AE22: 1.325 | AF22: 1.25 | AG22: 2500 | AH22: 2500 | AI22: 830 | AJ22: 2900 | AK22: 6295 | AL22: 19050 | AM22: 22050 | AN22: =T22*AI22 -> 129480 | AO22: =U22*AJ22 -> 768500 | AP22: =V22*AK22 -> 314750 | AQ22: =W22*AL22 -> 0 | AR22: =X22*AM22 -> 110250 | AS22: =SUM([1]!Tabla1[[#This Row],[COSTO OPERATIVO ACIDO]:[COSTO OPERATIVO CATIONICO]]) -> 1322980 | AT22: 5250 | AU22: =AS22/L22 -> 3060.2334
A23: 46030 | B23: 8 | C23: 8 (NOCHE) | D23: 22 | E23: FINAL TURNO 3 | F23: 4030 | G23: 2800 | H23: 1060 | I23: 240 | J23: 160 | K23: 16546 | L23: 217.38806 | M23: 64 | N23: =+[1]!Tabla1[[#This Row],[CAUDAL DE TRATAMIENTO]]+$M$102 -> 64 | O23: =F23-F24 -> 80 | P23: =G23-G24 -> 260 | Q23: =H23-H24 -> 20 | R23: =I23-I24 -> 5 | S23: =J23-J24 -> 5 | T23: =(O23*$AD$2) -> 104 | U23: =(P23*$AE$2) -> 344.5 | V23: =(Q23*$AF$2) -> 25 | W23: =[1]!Tabla1[[#This Row],[CONSUMO POL ANIONICO (KG)]] -> 5 | X23: =[1]!Tabla1[[#This Row],[CONSUMO POL CATIONICO (KG)]] -> 5 | Y23: =(T23*1000)/L23 -> 478.40714 | Z23: =(U23*1000)/L23 -> 1584.7237 | AA23: =(V23*1000)/L23 -> 115.00172 | AB23: =(W23*1000)/L23 -> 23.000343 | AC23: =(X23*1000)/L23 -> 23.000343 | AD23: 1.3 | AE23: 1.325 | AF23: 1.25 | AG23: 2500 | AH23: 2500 | AI23: 830 | AJ23: 2900 | AK23: 6295 | AL23: 19050 | AM23: 22050 | AN23: =T23*AI23 -> 86320 | AO23: =U23*AJ23 -> 999050 | AP23: =V23*AK23 -> 157375 | AQ23: =W23*AL23 -> 95250 | AR23: =X23*AM23 -> 110250 | AS23: =SUM([1]!Tabla1[[#This Row],[COSTO OPERATIVO ACIDO]:[COSTO OPERATIVO CATIONICO]]) -> 1448245 | AT23: 5250 | AU23: =AS23/L23 -> 6662.0264
A24: 46030 | B24: 8 | C24: 9 (MAÑANA) | D24: 23 | E24: FINAL TURNO 1 | F24: 3950 | G24: 2540 | H24: 1040 | I24: 235 | J24: 155 | K24: 16549 | L24: 305.85075 | M24: 68 | N24: =+[1]!Tabla1[[#This Row],[CAUDAL DE TRATAMIENTO]]+$M$102 -> 68 | O24: =F24-F25 -> 220 | P24: =G24-G25 -> 100 | Q24: =H24-H25 -> 70 | R24: =I24-I25 -> 0 | S24: =J24-J25 -> 5 | T24: =(O24*$AD$2) -> 286 | U24: =(P24*$AE$2) -> 132.5 | V24: =(Q24*$AF$2) -> 87.5 | W24: =[1]!Tabla1[[#This Row],[CONSUMO POL ANIONICO (KG)]] -> 0 | X24: =[1]!Tabla1[[#This Row],[CONSUMO POL CATIONICO (KG)]] -> 5 | Y24: =(T24*1000)/L24 -> 935.09662 | Z24: =(U24*1000)/L24 -> 433.21784 | AA24: =(V24*1000)/L24 -> 286.08725 | AB24: =(W24*1000)/L24 -> 0 | AC24: =(X24*1000)/L24 -> 16.347843 | AD24: 1.3 | AE24: 1.325 | AF24: 1.25 | AG24: 2500 | AH24: 2500 | AI24: 830 | AJ24: 2900 | AK24: 6295 | AL24: 19050 | AM24: 22050 | AN24: =T24*AI24 -> 237380 | AO24: =U24*AJ24 -> 384250 | AP24: =V24*AK24 -> 550812.5 | AQ24: =W24*AL24 -> 0 | AR24: =X24*AM24 -> 110250 | AS24: =SUM([1]!Tabla1[[#This Row],[COSTO OPERATIVO ACIDO]:[COSTO OPERATIVO CATIONICO]]) -> 1282692.5 | AT24: 5250 | AU24: =AS24/L24 -> 4193.8511
A25: 46030 | B25: 8 | C25: 3(TARDE) | D25: 24 | E25: FINAL TURNO 2 | F25: 3730 | G25: 2440 | H25: 970 | I25: 235 | J25: 150 | K25: 16553 | L25: 434.77612 | M25: 64 | N25: =+[1]!Tabla1[[#This Row],[CAUDAL DE TRATAMIENTO]]+$M$102 -> 64 | O25: =F25-F26 -> 30 | P25: =G25-G26-150 -> 190 | Q25: =H25-H26 -> 70 | R25: =I25-I26 -> 0 | S25: =J25-J26 -> 5 | T25: =(O25*$AD$2) -> 39 | U25: =(P25*$AE$2) -> 251.75 | V25: =(Q25*$AF$2) -> 87.5 | W25: =[1]!Tabla1[[#This Row],[CONSUMO POL ANIONICO (KG)]] -> 0 | X25: =[1]!Tabla1[[#This Row],[CONSUMO POL CATIONICO (KG)]] -> 5 | Y25: =(T25*1000)/L25 -> 89.701339 | Z25: =(U25*1000)/L25 -> 579.03364 | AA25: =(V25*1000)/L25 -> 201.253 | AB25: =(W25*1000)/L25 -> 0 | AC25: =(X25*1000)/L25 -> 11.500172 | AD25: 1.3 | AE25: 1.325 | AF25: 1.25 | AG25: 2500 | AH25: 2500 | AI25: 830 | AJ25: 2900 | AK25: 6295 | AL25: 19050 | AM25: 22050 | AN25: =T25*AI25 -> 32370 | AO25: =U25*AJ25 -> 730075 | AP25: =V25*AK25 -> 550812.5 | AQ25: =W25*AL25 -> 0 | AR25: =X25*AM25 -> 110250 | AS25: =SUM([1]!Tabla1[[#This Row],[COSTO OPERATIVO ACIDO]:[COSTO OPERATIVO CATIONICO]]) -> 1423507.5 | AT25: 5250 | AU25: =AS25/L25 -> 3274.1161
A26: 46031 | B26: 9 | C26: 9 (NOCHE) | D26: 25 | E26: FINAL TURNO 3 | F26: 3700 | G26: 2100 | H26: 900 | I26: 235 | J26: 145 | K26: 16559 | L26: 235.38806 | M26: 70 | N26: =+[1]!Tabla1[[#This Row],[CAUDAL DE TRATAMIENTO]]+$M$102 -> 70 | O26: =F26-F27 -> 60 | P26: =G26-G27 -> 180 | Q26: =H26-H27 -> 50 | R26: =I26-I27 -> 5 | S26: =J26-J27 -> 5 | T26: =(O26*$AD$2) -> 78 | U26: =(P26*$AE$2) -> 238.5 | V26: =(Q26*$AF$2) -> 62.5 | W26: =[1]!Tabla1[[#This Row],[CONSUMO POL ANIONICO (KG)]] -> 5 | X26: =[1]!Tabla1[[#This Row],[CONSUMO POL CATIONICO (KG)]] -> 5 | Y26: =(T26*1000)/L26 -> 331.3677 | Z26: =(U26*1000)/L26 -> 1013.2205 | AA26: =(V26*1000)/L26 -> 265.51899 | AB26: =(W26*1000)/L26 -> 21.241519 | AC26: =(X26*1000)/L26 -> 21.241519 | AD26: 1.3 | AE26: 1.325 | AF26: 1.25 | AG26: 2500 | AH26: 2500 | AI26: 830 | AJ26: 2900 | AK26: 6295 | AL26: 19050 | AM26: 22050 | AN26: =T26*AI26 -> 64740 | AO26: =U26*AJ26 -> 691650 | AP26: =V26*AK26 -> 393437.5 | AQ26: =W26*AL26 -> 95250 | AR26: =X26*AM26 -> 110250 | AS26: =SUM([1]!Tabla1[[#This Row],[COSTO OPERATIVO ACIDO]:[COSTO OPERATIVO CATIONICO]]) -> 1355327.5 | AT26: 5250 | AU26: =AS26/L26 -> 5757.843
A27: 46031 | B27: 9 | C27: 10 (MAÑANA) | D27: 26 | E27: FINAL TURNO 1 | F27: 3640 | G27: 1920 | H27: 850 | I27: 230 | J27: 140 | K27: 16562 | L27: 250.38806 | M27: 75 | N27: =+[1]!Tabla1[[#This Row],[CAUDAL DE TRATAMIENTO]]+$M$102 -> 75 | O27: =F27-F28 -> 75 | P27: =G27-G28-150 -> 105 | Q27: =H27-H28 -> 70 | R27: =I27-I28 -> 0 | S27: =J27-J28 -> 5 | T27: =(O27*$AD$2) -> 97.5 | U27: =(P27*$AE$2) -> 139.125 | V27: =(Q27*$AF$2) -> 87.5 | W27: =[1]!Tabla1[[#This Row],[CONSUMO POL ANIONICO (KG)]] -> 0 | X27: =[1]!Tabla1[[#This Row],[CONSUMO POL CATIONICO (KG)]] -> 5 | Y27: =(T27*1000)/L27 -> 389.39557 | Z27: =(U27*1000)/L27 -> 555.63752 | AA27: =(V27*1000)/L27 -> 349.45756 | AB27: =(W27*1000)/L27 -> 0 | AC27: =(X27*1000)/L27 -> 19.969003 | AD27: 1.3 | AE27: 1.325 | AF27: 1.25 | AG27: 2500 | AH27: 2500 | AI27: 830 | AJ27: 2900 | AK27: 6295 | AL27: 19050 | AM27: 22050 | AN27: =T27*AI27 -> 80925 | AO27: =U27*AJ27 -> 403462.5 | AP27: =V27*AK27 -> 550812.5 | AQ27: =W27*AL27 -> 0 | AR27: =X27*AM27 -> 110250 | AS27: =SUM([1]!Tabla1[[#This Row],[COSTO OPERATIVO ACIDO]:[COSTO OPERATIVO CATIONICO]]) -> 1145450 | AT27: 5250 | AU27: =AS27/L27 -> 4574.699
A28: 46031 | B28: 9 | C28: 3(TARDE) | D28: 27 | E28: FINAL TURNO 2 | F28: =+AVERAGE(F27,F29) -> 3565 | G28: =+AVERAGE(G27,G29) -> 1665 | H28: =+AVERAGE(H27,H29) -> 780 | I28: 230 | J28: 135 | K28: 16565 | L28: 488.77612 | M28: 73 | N28: =+[1]!Tabla1[[#This Row],[CAUDAL DE TRATAMIENTO]]+$M$102 -> 73 | O28: =F28-F29 -> 75 | P28: =G28-G29 -> 255 | Q28: =H28-H29 -> 70 | R28: =I28-I29 -> 0 | S28: =J28-J29 -> 5 | T28: =(O28*$AD$2) -> 97.5 | U28: =(P28*$AE$2) -> 337.875 | V28: =(Q28*$AF$2) -> 87.5 | W28: =[1]!Tabla1[[#This Row],[CONSUMO POL ANIONICO (KG)]] -> 0 | X28: =[1]!Tabla1[[#This Row],[CONSUMO POL CATIONICO (KG)]] -> 5 | Y28: =(T28*1000)/L28 -> 199.47783 | Z28: =(U28*1000)/L28 -> 691.26741 | AA28: =(V28*1000)/L28 -> 179.01857 | AB28: =(W28*1000)/L28 -> 0 | AC28: =(X28*1000)/L28 -> 10.229632 | AD28: 1.3 | AE28: 1.325 | AF28: 1.25 | AG28: 2500 | AH28: 2500 | AI28: 830 | AJ28: 2900 | AK28: 6295 | AL28: 19050 | AM28: 22050 | AN28: =T28*AI28 -> 80925 | AO28: =U28*AJ28 -> 979837.5 | AP28: =V28*AK28 -> 550812.5 | AQ28: =W28*AL28 -> 0 | AR28: =X28*AM28 -> 110250 | AS28: =SUM([1]!Tabla1[[#This Row],[COSTO OPERATIVO ACIDO]:[COSTO OPERATIVO CATIONICO]]) -> 1721825 | AT28: 5250 | AU28: =AS28/L28 -> 3522.7273
A29: 46032 | B29: 10 | C29: 10 (NOCHE) | D29: 28 | E29: FINAL TURNO 3 | F29: 3490 | G29: 1410 | H29: 710 | I29: 230 | J29: 130 | K29: 16571 | L29: 417.31343 | M29: 75 | N29: =+[1]!Tabla1[[#This Row],[CAUDAL DE TRATAMIENTO]]+$M$102 -> 75 | O29: =F29-F30-100 -> 40 | P29: =G29-G30 -> 160 | Q29: =H29-H30 -> 80 | R29: =I29-I30 -> 5 | S29: =J29-J30 -> 5 | T29: =(O29*$AD$2) -> 52 | U29: =(P29*$AE$2) -> 212 | V29: =(Q29*$AF$2) -> 100 | W29: =[1]!Tabla1[[#This Row],[CONSUMO POL ANIONICO (KG)]] -> 5 | X29: =[1]!Tabla1[[#This Row],[CONSUMO POL CATIONICO (KG)]] -> 5 | Y29: =(T29*1000)/L29 -> 124.60658 | Z29: =(U29*1000)/L29 -> 508.01144 | AA29: =(V29*1000)/L29 -> 239.62804 | AB29: =(W29*1000)/L29 -> 11.981402 | AC29: =(X29*1000)/L29 -> 11.981402 | AD29: 1.3 | AE29: 1.325 | AF29: 1.25 | AG29: 2500 | AH29: 2500 | AI29: 830 | AJ29: 2900 | AK29: 6295 | AL29: 19050 | AM29: 22050 | AN29: =T29*AI29 -> 43160 | AO29: =U29*AJ29 -> 614800 | AP29: =V29*AK29 -> 629500 | AQ29: =W29*AL29 -> 95250 | AR29: =X29*AM29 -> 110250 | AS29: =SUM([1]!Tabla1[[#This Row],[COSTO OPERATIVO ACIDO]:[COSTO OPERATIVO CATIONICO]]) -> 1492960 | AT29: 5250 | AU29: =AS29/L29 -> 3577.5508
A30: 46032 | B30: 10 | C30: 11 (MAÑANA) | D30: 29 | E30: FINAL TURNO 1 | F30: 3350 | G30: 1250 | H30: 630 | I30: 225 | J30: 125 | K30: 16576 | L30: 176.92537 | M30: 80 | N30: =+[1]!Tabla1[[#This Row],[CAUDAL DE TRATAMIENTO]]+$M$102 -> 80 | O30: =F30-F31 -> 0 | P30: =G30-G31 -> 0 | Q30: =H30-H31 -> 0 | R30: =I30-I31 -> 0 | S30: =J30-J31 -> 0 | T30: =(O30*$AD$2) -> 0 | U30: =(P30*$AE$2) -> 0 | V30: =(Q30*$AF$2) -> 0 | W30: =[1]!Tabla1[[#This Row],[CONSUMO POL ANIONICO (KG)]] -> 0 | X30: =[1]!Tabla1[[#This Row],[CONSUMO POL CATIONICO (KG)]] -> 0 | Y30: =(T30*1000)/L30 -> 0 | Z30: =(U30*1000)/L30 -> 0 | AA30: =(V30*1000)/L30 -> 0 | AB30: =(W30*1000)/L30 -> 0 | AC30: =(X30*1000)/L30 -> 0 | AD30: 1.3 | AE30: 1.325 | AF30: 1.25 | AG30: 2500 | AH30: 2500 | AI30: 830 | AJ30: 2900 | AK30: 6295 | AL30: 19050 | AM30: 22050 | AN30: =T30*AI30 -> 0 | AO30: =U30*AJ30 -> 0 | AP30: =V30*AK30 -> 0 | AQ30: =W30*AL30 -> 0 | AR30: =X30*AM30 -> 0 | AS30: =SUM([1]!Tabla1[[#This Row],[COSTO OPERATIVO ACIDO]:[COSTO OPERATIVO CATIONICO]]) -> 0 | AT30: 5250 | AU30: =AS30/L30 -> 0
A31: 46032 | B31: 10 | C31: 3(TARDE) | D31: 30 | E31: FINAL TURNO 2 | F31: 3350 | G31: 1250 | H31: 630 | I31: 225 | J31: 125 | K31: 16578 | L31: 0 | M31: 0 | N31: =+[1]!Tabla1[[#This Row],[CAUDAL DE TRATAMIENTO]]+$M$102 -> 0 | O31: =F31-F32 -> 0 | P31: =G31-G32 -> 0 | Q31: =H31-H32 -> 0 | R31: =I31-I32 -> 0 | S31: =J31-J32 -> 0 | T31: =(O31*$AD$2) -> 0 | U31: =(P31*$AE$2) -> 0 | V31: =(Q31*$AF$2) -> 0 | W31: =[1]!Tabla1[[#This Row],[CONSUMO POL ANIONICO (KG)]] -> 0 | X31: =[1]!Tabla1[[#This Row],[CONSUMO POL CATIONICO (KG)]] -> 0 | Y31: =(T31*1000)/L31 -> #DIV/0! | Z31: =(U31*1000)/L31 -> #DIV/0! | AA31: =(V31*1000)/L31 -> #DIV/0! | AB31: =(W31*1000)/L31 -> #DIV/0! | AC31: =(X31*1000)/L31 -> #DIV/0! | AD31: 1.3 | AE31: 1.325 | AF31: 1.25 | AG31: 2500 | AH31: 2500 | AI31: 830 | AJ31: 2900 | AK31: 6295 | AL31: 19050 | AM31: 22050 | AN31: =T31*AI31 -> 0 | AO31: =U31*AJ31 -> 0 | AP31: =V31*AK31 -> 0 | AQ31: =W31*AL31 -> 0 | AR31: =X31*AM31 -> 0 | AS31: =SUM([1]!Tabla1[[#This Row],[COSTO OPERATIVO ACIDO]:[COSTO OPERATIVO CATIONICO]]) -> 0 | AT31: 5250 | AU31: =AS31/L31 -> #DIV/0!
A32: 46033 | B32: 11 | C32: 11 (NOCHE) | D32: 31 | E32: FINAL TURNO 3 | F32: 3350 | G32: 1250 | H32: 630 | I32: 225 | J32: 125 | K32: 16578 | L32: 0 | M32: 0 | N32: =+[1]!Tabla1[[#This Row],[CAUDAL DE TRATAMIENTO]]+$M$102 -> 0 | O32: =F32-F33 -> 0 | P32: =G32-G33 -> 0 | Q32: =H32-H33 -> 0 | R32: =I32-I33 -> 0 | S32: =J32-J33 -> 0 | T32: =(O32*$AD$2) -> 0 | U32: =(P32*$AE$2) -> 0 | V32: =(Q32*$AF$2) -> 0 | W32: =[1]!Tabla1[[#This Row],[CONSUMO POL ANIONICO (KG)]] -> 0 | X32: =[1]!Tabla1[[#This Row],[CONSUMO POL CATIONICO (KG)]] -> 0 | Y32: =(T32*1000)/L32 -> #DIV/0! | Z32: =(U32*1000)/L32 -> #DIV/0! | AA32: =(V32*1000)/L32 -> #DIV/0! | AB32: =(W32*1000)/L32 -> #DIV/0! | AC32: =(X32*1000)/L32 -> #DIV/0! | AD32: 1.3 | AE32: 1.325 | AF32: 1.25 | AG32: 2500 | AH32: 2500 | AI32: 830 | AJ32: 2900 | AK32: 6295 | AL32: 19050 | AM32: 22050 | AN32: =T32*AI32 -> 0 | AO32: =U32*AJ32 -> 0 | AP32: =V32*AK32 -> 0 | AQ32: =W32*AL32 -> 0 | AR32: =X32*AM32 -> 0 | AS32: =SUM([1]!Tabla1[[#This Row],[COSTO OPERATIVO ACIDO]:[COSTO OPERATIVO CATIONICO]]) -> 0 | AT32: 5250 | AU32: =AS32/L32 -> #DIV/0!
A33: 46033 | B33: 11 | C33: 12 (MAÑANA) | D33: 32 | E33: FINAL TURNO 1 | F33: 3350 | G33: 1250 | H33: 630 | I33: 225 | J33: 125 | K33: 16578 | L33: 0 | M33: 0 | N33: =+[1]!Tabla1[[#This Row],[CAUDAL DE TRATAMIENTO]]+$M$102 -> 0 | O33: =F33-F34 -> 0 | P33: =G33-G34 -> 0 | Q33: =H33-H34 -> 0 | R33: =I33-I34 -> 0 | S33: =J33-J34 -> 0 | T33: =(O33*$AD$2) -> 0 | U33: =(P33*$AE$2) -> 0 | V33: =(Q33*$AF$2) -> 0 | W33: =[1]!Tabla1[[#This Row],[CONSUMO POL ANIONICO (KG)]] -> 0 | X33: =[1]!Tabla1[[#This Row],[CONSUMO POL CATIONICO (KG)]] -> 0 | Y33: =(T33*1000)/L33 -> #DIV/0! | Z33: =(U33*1000)/L33 -> #DIV/0! | AA33: =(V33*1000)/L33 -> #DIV/0! | AB33: =(W33*1000)/L33 -> #DIV/0! | AC33: =(X33*1000)/L33 -> #DIV/0! | AD33: 1.3 | AE33: 1.325 | AF33: 1.25 | AG33: 2500 | AH33: 2500 | AI33: 830 | AJ33: 2900 | AK33: 6295 | AL33: 19050 | AM33: 22050 | AN33: =T33*AI33 -> 0 | AO33: =U33*AJ33 -> 0 | AP33: =V33*AK33 -> 0 | AQ33: =W33*AL33 -> 0 | AR33: =X33*AM33 -> 0 | AS33: =SUM([1]!Tabla1[[#This Row],[COSTO OPERATIVO ACIDO]:[COSTO OPERATIVO CATIONICO]]) -> 0 | AT33: 5250 | AU33: =AS33/L33 -> #DIV/0!
A34: 46033 | B34: 11 | C34: 3(TARDE) | D34: 33 | E34: FINAL TURNO 2 | F34: 3350 | G34: 1250 | H34: 630 | I34: 225 | J34: 125 | K34: 16578 | L34: 0 | M34: 0 | N34: =+[1]!Tabla1[[#This Row],[CAUDAL DE TRATAMIENTO]]+$M$102 -> 0 | O34: =F34-F35 -> 0 | P34: =G34-G35 -> 0 | Q34: =H34-H35 -> 0 | R34: =I34-I35 -> 0 | S34: =J34-J35 -> 0 | T34: =(O34*$AD$2) -> 0 | U34: =(P34*$AE$2) -> 0 | V34: =(Q34*$AF$2) -> 0 | W34: =[1]!Tabla1[[#This Row],[CONSUMO POL ANIONICO (KG)]] -> 0 | X34: =[1]!Tabla1[[#This Row],[CONSUMO POL CATIONICO (KG)]] -> 0 | Y34: =(T34*1000)/L34 -> #DIV/0! | Z34: =(U34*1000)/L34 -> #DIV/0! | AA34: =(V34*1000)/L34 -> #DIV/0! | AB34: =(W34*1000)/L34 -> #DIV/0! | AC34: =(X34*1000)/L34 -> #DIV/0! | AD34: 1.3 | AE34: 1.325 | AF34: 1.25 | AG34: 2500 | AH34: 2500 | AI34: 830 | AJ34: 2900 | AK34: 6295 | AL34: 19050 | AM34: 22050 | AN34: =T34*AI34 -> 0 | AO34: =U34*AJ34 -> 0 | AP34: =V34*AK34 -> 0 | AQ34: =W34*AL34 -> 0 | AR34: =X34*AM34 -> 0 | AS34: =SUM([1]!Tabla1[[#This Row],[COSTO OPERATIVO ACIDO]:[COSTO OPERATIVO CATIONICO]]) -> 0 | AT34: 5250 | AU34: =AS34/L34 -> #DIV/0!
A35: 46034 | B35: 12 | C35: 12 (NOCHE) | D35: 34 | E35: FINAL TURNO 3 | F35: 3350 | G35: 1250 | H35: 630 | I35: 225 | J35: 125 | K35: 16578 | L35: 0 | M35: 0 | N35: =+[1]!Tabla1[[#This Row],[CAUDAL DE TRATAMIENTO]]+$M$102 -> 0 | O35: =F35-F36 -> 0 | P35: =G35-G36 -> 0 | Q35: =H35-H36 -> 0 | R35: =I35-I36 -> 0 | S35: =J35-J36 -> 0 | T35: =(O35*$AD$2) -> 0 | U35: =(P35*$AE$2) -> 0 | V35: =(Q35*$AF$2) -> 0 | W35: =[1]!Tabla1[[#This Row],[CONSUMO POL ANIONICO (KG)]] -> 0 | X35: =[1]!Tabla1[[#This Row],[CONSUMO POL CATIONICO (KG)]] -> 0 | Y35: =(T35*1000)/L35 -> #DIV/0! | Z35: =(U35*1000)/L35 -> #DIV/0! | AA35: =(V35*1000)/L35 -> #DIV/0! | AB35: =(W35*1000)/L35 -> #DIV/0! | AC35: =(X35*1000)/L35 -> #DIV/0! | AD35: 1.3 | AE35: 1.325 | AF35: 1.25 | AG35: 2500 | AH35: 2500 | AI35: 830 | AJ35: 2900 | AK35: 6295 | AL35: 19050 | AM35: 22050 | AN35: =T35*AI35 -> 0 | AO35: =U35*AJ35 -> 0 | AP35: =V35*AK35 -> 0 | AQ35: =W35*AL35 -> 0 | AR35: =X35*AM35 -> 0 | AS35: =SUM([1]!Tabla1[[#This Row],[COSTO OPERATIVO ACIDO]:[COSTO OPERATIVO CATIONICO]]) -> 0 | AT35: 5250 | AU35: =AS35/L35 -> #DIV/0!
A36: 46034 | B36: 12 | C36: 13 (MAÑANA) | D36: 35 | E36: FINAL TURNO 1 | F36: 3350 | G36: 1250 | H36: 630 | I36: 225 | J36: 125 | K36: 16578 | L36: 0 | M36: 0 | N36: =+[1]!Tabla1[[#This Row],[CAUDAL DE TRATAMIENTO]]+$M$102 -> 0 | O36: =F36-F37 -> 0 | P36: =G36-G37 -> 0 | Q36: =H36-H37 -> 0 | R36: =I36-I37 -> 0 | S36: =J36-J37 -> 0 | T36: =(O36*$AD$2) -> 0 | U36: =(P36*$AE$2) -> 0 | V36: =(Q36*$AF$2) -> 0 | W36: =[1]!Tabla1[[#This Row],[CONSUMO POL ANIONICO (KG)]] -> 0 | X36: =[1]!Tabla1[[#This Row],[CONSUMO POL CATIONICO (KG)]] -> 0 | Y36: =(T36*1000)/L36 -> #DIV/0! | Z36: =(U36*1000)/L36 -> #DIV/0! | AA36: =(V36*1000)/L36 -> #DIV/0! | AB36: =(W36*1000)/L36 -> #DIV/0! | AC36: =(X36*1000)/L36 -> #DIV/0! | AD36: 1.3 | AE36: 1.325 | AF36: 1.25 | AG36: 2500 | AH36: 2500 | AI36: 830 | AJ36: 2900 | AK36: 6295 | AL36: 19050 | AM36: 22050 | AN36: =T36*AI36 -> 0 | AO36: =U36*AJ36 -> 0 | AP36: =V36*AK36 -> 0 | AQ36: =W36*AL36 -> 0 | AR36: =X36*AM36 -> 0 | AS36: =SUM([1]!Tabla1[[#This Row],[COSTO OPERATIVO ACIDO]:[COSTO OPERATIVO CATIONICO]]) -> 0 | AT36: 5250 | AU36: =AS36/L36 -> #DIV/0!
A37: 46034 | B37: 12 | C37: 3(TARDE) | D37: 36 | E37: FINAL TURNO 2 | F37: 3350 | G37: 1250 | H37: 630 | I37: 225 | J37: 125 | K37: 16578 | L37: 0 | M37: 0 | N37: =+[1]!Tabla1[[#This Row],[CAUDAL DE TRATAMIENTO]]+$M$102 -> 0 | O37: =F37-F38 -> 0 | P37: =G37-G38 -> 0 | Q37: =H37-H38 -> 0 | R37: =I37-I38 -> 0 | S37: =J37-J38 -> 0 | T37: =(O37*$AD$2) -> 0 | U37: =(P37*$AE$2) -> 0 | V37: =(Q37*$AF$2) -> 0 | W37: =[1]!Tabla1[[#This Row],[CONSUMO POL ANIONICO (KG)]] -> 0 | X37: =[1]!Tabla1[[#This Row],[CONSUMO POL CATIONICO (KG)]] -> 0 | Y37: =(T37*1000)/L37 -> #DIV/0! | Z37: =(U37*1000)/L37 -> #DIV/0! | AA37: =(V37*1000)/L37 -> #DIV/0! | AB37: =(W37*1000)/L37 -> #DIV/0! | AC37: =(X37*1000)/L37 -> #DIV/0! | AD37: 1.3 | AE37: 1.325 | AF37: 1.25 | AG37: 2500 | AH37: 2500 | AI37: 830 | AJ37: 2900 | AK37: 6295 | AL37: 19050 | AM37: 22050 | AN37: =T37*AI37 -> 0 | AO37: =U37*AJ37 -> 0 | AP37: =V37*AK37 -> 0 | AQ37: =W37*AL37 -> 0 | AR37: =X37*AM37 -> 0 | AS37: =SUM([1]!Tabla1[[#This Row],[COSTO OPERATIVO ACIDO]:[COSTO OPERATIVO CATIONICO]]) -> 0 | AT37: 5250 | AU37: =AS37/L37 -> #DIV/0!
A38: 46035 | B38: 13 | C38: 13 (NOCHE) | D38: 37 | E38: FINAL TURNO 3 | F38: 3350 | G38: 1250 | H38: 630 | I38: 225 | J38: 125 | K38: 16578 | L38: 241.38806 | M38: 72 | N38: =+[1]!Tabla1[[#This Row],[CAUDAL DE TRATAMIENTO]]+$M$102 -> 72 | O38: =F38-F39 -> 180 | P38: =G38-G39+3000-150 -> 160 | Q38: =H38-H39 -> 80 | R38: =I38-I39 -> 0 | S38: =J38-J39 -> 0 | T38: =(O38*$AD$2) -> 234 | U38: =(P38*$AE$2) -> 212 | V38: =(Q38*$AF$2) -> 100 | W38: =[1]!Tabla1[[#This Row],[CONSUMO POL ANIONICO (KG)]] -> 0 | X38: =[1]!Tabla1[[#This Row],[CONSUMO POL CATIONICO (KG)]] -> 0 | Y38: =(T38*1000)/L38 -> 969.39343 | Z38: =(U38*1000)/L38 -> 878.25388 | AA38: =(V38*1000)/L38 -> 414.2707 | AB38: =(W38*1000)/L38 -> 0 | AC38: =(X38*1000)/L38 -> 0 | AD38: 1.3 | AE38: 1.325 | AF38: 1.25 | AG38: 2500 | AH38: 2500 | AI38: 830 | AJ38: 2900 | AK38: 6295 | AL38: 19050 | AM38: 22050 | AN38: =T38*AI38 -> 194220 | AO38: =U38*AJ38 -> 614800 | AP38: =V38*AK38 -> 629500 | AQ38: =W38*AL38 -> 0 | AR38: =X38*AM38 -> 0 | AS38: =SUM([1]!Tabla1[[#This Row],[COSTO OPERATIVO ACIDO]:[COSTO OPERATIVO CATIONICO]]) -> 1438520 | AT38: 5250 | AU38: =AS38/L38 -> 5959.3668
A39: 46035 | B39: 13 | C39: 14 (MAÑANA) | D39: 38 | E39: FINAL TURNO 1 | F39: 3170 | G39: 3940 | H39: 550 | I39: 225 | J39: 125 | K39: 16581 | L39: 530.77612 | M39: 80 | N39: =+[1]!Tabla1[[#This Row],[CAUDAL DE TRATAMIENTO]]+$M$102 -> 80 | O39: =F39-F40 -> 100 | P39: =G39-G40 -> 170 | Q39: =H39-H40 -> 50 | R39: =I39-I40 -> 0 | S39: =J39-J40 -> 5 | T39: =(O39*$AD$2) -> 130 | U39: =(P39*$AE$2) -> 225.25 | V39: =(Q39*$AF$2) -> 62.5 | W39: =[1]!Tabla1[[#This Row],[CONSUMO POL ANIONICO (KG)]] -> 0 | X39: =[1]!Tabla1[[#This Row],[CONSUMO POL CATIONICO (KG)]] -> 5 | Y39: =(T39*1000)/L39 -> 244.92436 | Z39: =(U39*1000)/L39 -> 424.37855 | AA39: =(V39*1000)/L39 -> 117.75209 | AB39: =(W39*1000)/L39 -> 0 | AC39: =(X39*1000)/L39 -> 9.4201676 | AD39: 1.3 | AE39: 1.325 | AF39: 1.25 | AG39: 2500 | AH39: 2500 | AI39: 830 | AJ39: 2900 | AK39: 6295 | AL39: 19050 | AM39: 22050 | AN39: =T39*AI39 -> 107900 | AO39: =U39*AJ39 -> 653225 | AP39: =V39*AK39 -> 393437.5 | AQ39: =W39*AL39 -> 0 | AR39: =X39*AM39 -> 110250 | AS39: =SUM([1]!Tabla1[[#This Row],[COSTO OPERATIVO ACIDO]:[COSTO OPERATIVO CATIONICO]]) -> 1264812.5 | AT39: 5250 | AU39: =AS39/L39 -> 2382.9491
A40: 46035 | B40: 13 | C40: 3(TARDE) | D40: 39 | E40: FINAL TURNO 2 | F40: 3070 | G40: 3770 | H40: 500 | I40: 225 | J40: 120 | K40: 16587 | L40: 707.70149 | M40: 80 | N40: =+[1]!Tabla1[[#This Row],[CAUDAL DE TRATAMIENTO]]+$M$102 -> 80 | O40: =F40-F41-100 -> 190 | P40: =G40-G41 -> 320 | Q40: =H40-H41+610 -> 110 | R40: =I40-I41 -> 5 | S40: =J40-J41 -> 5 | T40: =(O40*$AD$2) -> 247 | U40: =(P40*$AE$2) -> 424 | V40: =(Q40*$AF$2) -> 137.5 | W40: =[1]!Tabla1[[#This Row],[CONSUMO POL ANIONICO (KG)]] -> 5 | X40: =[1]!Tabla1[[#This Row],[CONSUMO POL CATIONICO (KG)]] -> 5 | Y40: =(T40*1000)/L40 -> 349.01721 | Z40: =(U40*1000)/L40 -> 599.12266 | AA40: =(V40*1000)/L40 -> 194.29096 | AB40: =(W40*1000)/L40 -> 7.0651257 | AC40: =(X40*1000)/L40 -> 7.0651257 | AD40: 1.3 | AE40: 1.325 | AF40: 1.25 | AG40: 2500 | AH40: 2500 | AI40: 830 | AJ40: 2900 | AK40: 6295 | AL40: 19050 | AM40: 22050 | AN40: =T40*AI40 -> 205010 | AO40: =U40*AJ40 -> 1229600 | AP40: =V40*AK40 -> 865562.5 | AQ40: =W40*AL40 -> 95250 | AR40: =X40*AM40 -> 110250 | AS40: =SUM([1]!Tabla1[[#This Row],[COSTO OPERATIVO ACIDO]:[COSTO OPERATIVO CATIONICO]]) -> 2505672.5 | AT40: 5250 | AU40: =AS40/L40 -> 3540.5782
A41: 46036 | B41: 14 | C41: 14 (NOCHE) | D41: 40 | E41: FINAL TURNO 3 | F41: 2780 | G41: 3450 | H41: 1000 | I41: 220 | J41: 115 | K41: 16595 | L41: 530.77612 | M41: 80 | N41: =+[1]!Tabla1[[#This Row],[CAUDAL DE TRATAMIENTO]]+$M$102 -> 80 | O41: =F41-F42 -> 40 | P41: =G41-G42 -> 220 | Q41: =H41-H42 -> 120 | R41: =I41-I42 -> 0 | S41: =J41-J42 -> 5 | T41: =(O41*$AD$2) -> 52 | U41: =(P41*$AE$2) -> 291.5 | V41: =(Q41*$AF$2) -> 150 | W41: =[1]!Tabla1[[#This Row],[CONSUMO POL ANIONICO (KG)]] -> 0 | X41: =[1]!Tabla1[[#This Row],[CONSUMO POL CATIONICO (KG)]] -> 5 | Y41: =(T41*1000)/L41 -> 97.969743 | Z41: =(U41*1000)/L41 -> 549.19577 | AA41: =(V41*1000)/L41 -> 282.60503 | AB41: =(W41*1000)/L41 -> 0 | AC41: =(X41*1000)/L41 -> 9.4201676 | AD41: 1.3 | AE41: 1.325 | AF41: 1.25 | AG41: 2500 | AH41: 2500 | AI41: 830 | AJ41: 2900 | AK41: 6295 | AL41: 19050 | AM41: 22050 | AN41: =T41*AI41 -> 43160 | AO41: =U41*AJ41 -> 845350 | AP41: =V41*AK41 -> 944250 | AQ41: =W41*AL41 -> 0 | AR41: =X41*AM41 -> 110250 | AS41: =SUM([1]!Tabla1[[#This Row],[COSTO OPERATIVO ACIDO]:[COSTO OPERATIVO CATIONICO]]) -> 1943010 | AT41: 5250 | AU41: =AS41/L41 -> 3660.696
A42: 46036 | B42: 14 | C42: 15 (MAÑANA) | D42: 41 | E42: FINAL TURNO 1 | F42: 2740 | G42: 3230 | H42: 880 | I42: 220 | J42: 110 | K42: 16601 | L42: 530.77612 | M42: 80 | N42: =+[1]!Tabla1[[#This Row],[CAUDAL DE TRATAMIENTO]]+$M$102 -> 80 | O42: =F42-F43 -> 230 | P42: =G42-G43-160 -> 350 | Q42: =H42-H43 -> 160 | R42: =I42-I43 -> 0 | S42: =J42-J43 -> 5 | T42: =(O42*$AD$2) -> 299 | U42: =(P42*$AE$2) -> 463.75 | V42: =(Q42*$AF$2) -> 200 | W42: =[1]!Tabla1[[#This Row],[CONSUMO POL ANIONICO (KG)]] -> 0 | X42: =[1]!Tabla1[[#This Row],[CONSUMO POL CATIONICO (KG)]] -> 5 | Y42: =(T42*1000)/L42 -> 563.32602 | Z42: =(U42*1000)/L42 -> 873.72054 | AA42: =(V42*1000)/L42 -> 376.8067 | AB42: =(W42*1000)/L42 -> 0 | AC42: =(X42*1000)/L42 -> 9.4201676 | AD42: 1.3 | AE42: 1.325 | AF42: 1.25 | AG42: 2500 | AH42: 2500 | AI42: 830 | AJ42: 2900 | AK42: 6295 | AL42: 19050 | AM42: 22050 | AN42: =T42*AI42 -> 248170 | AO42: =U42*AJ42 -> 1344875 | AP42: =V42*AK42 -> 1259000 | AQ42: =W42*AL42 -> 0 | AR42: =X42*AM42 -> 110250 | AS42: =SUM([1]!Tabla1[[#This Row],[COSTO OPERATIVO ACIDO]:[COSTO OPERATIVO CATIONICO]]) -> 2962295 | AT42: 5250 | AU42: =AS42/L42 -> 5581.0631
A43: 46036 | B43: 14 | C43: 3(TARDE) | D43: 42 | E43: FINAL TURNO 2 | F43: 2510 | G43: 2720 | H43: 720 | I43: 220 | J43: 105 | K43: 16607 | L43: 707.70149 | M43: 80 | N43: =+[1]!Tabla1[[#This Row],[CAUDAL DE TRATAMIENTO]]+$M$102 -> 80 | O43: =F43-F44 -> 10 | P43: =G43-G44 -> 110 | Q43: =H43-H44 -> 70 | R43: =I43-I44 -> 5 | S43: =J43-J44 -> 5 | T43: =(O43*$AD$2) -> 13 | U43: =(P43*$AE$2) -> 145.75 | V43: =(Q43*$AF$2) -> 87.5 | W43: =[1]!Tabla1[[#This Row],[CONSUMO POL ANIONICO (KG)]] -> 5 | X43: =[1]!Tabla1[[#This Row],[CONSUMO POL CATIONICO (KG)]] -> 5 | Y43: =(T43*1000)/L43 -> 18.369327 | Z43: =(U43*1000)/L43 -> 205.94841 | AA43: =(V43*1000)/L43 -> 123.6397 | AB43: =(W43*1000)/L43 -> 7.0651257 | AC43: =(X43*1000)/L43 -> 7.0651257 | AD43: 1.3 | AE43: 1.325 | AF43: 1.25 | AG43: 2500 | AH43: 2500 | AI43: 830 | AJ43: 2900 | AK43: 6295 | AL43: 19050 | AM43: 22050 | AN43: =T43*AI43 -> 10790 | AO43: =U43*AJ43 -> 422675 | AP43: =V43*AK43 -> 550812.5 | AQ43: =W43*AL43 -> 95250 | AR43: =X43*AM43 -> 110250 | AS43: =SUM([1]!Tabla1[[#This Row],[COSTO OPERATIVO ACIDO]:[COSTO OPERATIVO CATIONICO]]) -> 1189777.5 | AT43: 5250 | AU43: =AS43/L43 -> 1681.1855
A44: 46037 | B44: 15 | C44: 15 (NOCHE) | D44: 43 | E44: FINAL TURNO 3 | F44: 2500 | G44: 2610 | H44: 650 | I44: 215 | J44: 100 | K44: 16615 | L44: 619.23881 | M44: 80 | N44: =+[1]!Tabla1[[#This Row],[CAUDAL DE TRATAMIENTO]]+$M$102 -> 80 | O44: =F44-F45 -> 50 | P44: =G44-G45 -> 270 | Q44: =H44-H45 -> 50 | R44: =I44-I45 -> 0 | S44: =J44-J45 -> 5 | T44: =(O44*$AD$2) -> 65 | U44: =(P44*$AE$2) -> 357.75 | V44: =(Q44*$AF$2) -> 62.5 | W44: =[1]!Tabla1[[#This Row],[CONSUMO POL ANIONICO (KG)]] -> 0 | X44: =[1]!Tabla1[[#This Row],[CONSUMO POL CATIONICO (KG)]] -> 5 | Y44: =(T44*1000)/L44 -> 104.96758 | Z44: =(U44*1000)/L44 -> 577.72542 | AA44: =(V44*1000)/L44 -> 100.93037 | AB44: =(W44*1000)/L44 -> 0 | AC44: =(X44*1000)/L44 -> 8.0744294 | AD44: 1.3 | AE44: 1.325 | AF44: 1.25 | AG44: 2500 | AH44: 2500 | AI44: 830 | AJ44: 2900 | AK44: 6295 | AL44: 19050 | AM44: 22050 | AN44: =T44*AI44 -> 53950 | AO44: =U44*AJ44 -> 1037475 | AP44: =V44*AK44 -> 393437.5 | AQ44: =W44*AL44 -> 0 | AR44: =X44*AM44 -> 110250 | AS44: =SUM([1]!Tabla1[[#This Row],[COSTO OPERATIVO ACIDO]:[COSTO OPERATIVO CATIONICO]]) -> 1595112.5 | AT44: 5250 | AU44: =AS44/L44 -> 2575.9246
A45: 46037 | B45: 15 | C45: 16 (MAÑANA) | D45: 44 | E45: FINAL TURNO 1 | F45: 2450 | G45: 2340 | H45: 600 | I45: 215 | J45: 95 | K45: 16622 | L45: 619.23881 | M45: 80 | N45: =+[1]!Tabla1[[#This Row],[CAUDAL DE TRATAMIENTO]]+$M$102 -> 80 | O45: =F45-F46 -> 30 | P45: =G45-G46 -> 190 | Q45: =H45-H46 -> 70 | R45: =I45-I46 -> 0 | S45: =J45-J46 -> 5 | T45: =(O45*$AD$2) -> 39 | U45: =(P45*$AE$2) -> 251.75 | V45: =(Q45*$AF$2) -> 87.5 | W45: =[1]!Tabla1[[#This Row],[CONSUMO POL ANIONICO (KG)]] -> 0 | X45: =[1]!Tabla1[[#This Row],[CONSUMO POL CATIONICO (KG)]] -> 5 | Y45: =(T45*1000)/L45 -> 62.980549 | Z45: =(U45*1000)/L45 -> 406.54752 | AA45: =(V45*1000)/L45 -> 141.30251 | AB45: =(W45*1000)/L45 -> 0 | AC45: =(X45*1000)/L45 -> 8.0744294 | AD45: 1.3 | AE45: 1.325 | AF45: 1.25 | AG45: 2500 | AH45: 2500 | AI45: 830 | AJ45: 2900 | AK45: 6295 | AL45: 19050 | AM45: 22050 | AN45: =T45*AI45 -> 32370 | AO45: =U45*AJ45 -> 730075 | AP45: =V45*AK45 -> 550812.5 | AQ45: =W45*AL45 -> 0 | AR45: =X45*AM45 -> 110250 | AS45: =SUM([1]!Tabla1[[#This Row],[COSTO OPERATIVO ACIDO]:[COSTO OPERATIVO CATIONICO]]) -> 1423507.5 | AT45: 5250 | AU45: =AS45/L45 -> 2298.8022
A46: 46037 | B46: 15 | C46: 3(TARDE) | D46: 45 | E46: FINAL TURNO 2 | F46: 2420 | G46: 2150 | H46: 530 | I46: 215 | J46: 90 | K46: 16629 | L46: 530.77612 | M46: 80 | N46: =+[1]!Tabla1[[#This Row],[CAUDAL DE TRATAMIENTO]]+$M$102 -> 80 | O46: =F46-F47 -> 120 | P46: =G46-G47 -> 150 | Q46: =H46-H47 -> 30 | R46: =I46-I47 -> 5 | S46: =J46-J47 -> 5 | T46: =(O46*$AD$2) -> 156 | U46: =(P46*$AE$2) -> 198.75 | V46: =(Q46*$AF$2) -> 37.5 | W46: =[1]!Tabla1[[#This Row],[CONSUMO POL ANIONICO (KG)]] -> 5 | X46: =[1]!Tabla1[[#This Row],[CONSUMO POL CATIONICO (KG)]] -> 5 | Y46: =(T46*1000)/L46 -> 293.90923 | Z46: =(U46*1000)/L46 -> 374.45166 | AA46: =(V46*1000)/L46 -> 70.651257 | AB46: =(W46*1000)/L46 -> 9.4201676 | AC46: =(X46*1000)/L46 -> 9.4201676 | AD46: 1.3 | AE46: 1.325 | AF46: 1.25 | AG46: 2500 | AH46: 2500 | AI46: 830 | AJ46: 2900 | AK46: 6295 | AL46: 19050 | AM46: 22050 | AN46: =T46*AI46 -> 129480 | AO46: =U46*AJ46 -> 576375 | AP46: =V46*AK46 -> 236062.5 | AQ46: =W46*AL46 -> 95250 | AR46: =X46*AM46 -> 110250 | AS46: =SUM([1]!Tabla1[[#This Row],[COSTO OPERATIVO ACIDO]:[COSTO OPERATIVO CATIONICO]]) -> 1147417.5 | AT46: 5250 | AU46: =AS46/L46 -> 2161.773
A47: 46038 | B47: 16 | C47: 16 (NOCHE) | D47: 46 | E47: FINAL TURNO 3 | F47: 2300 | G47: 2000 | H47: 500 | I47: 210 | J47: 85 | K47: 16635 | L47: 542.77612 | M47: 82 | N47: =+[1]!Tabla1[[#This Row],[CAUDAL DE TRATAMIENTO]]+$M$102 -> 82 | O47: =F47-F48-100 -> 100 | P47: =G47-G48 -> 180 | Q47: =H47-H48 -> 50 | R47: =I47-I48 -> 0 | S47: =J47-J48 -> 5 | T47: =(O47*$AD$2) -> 130 | U47: =(P47*$AE$2) -> 238.5 | V47: =(Q47*$AF$2) -> 62.5 | W47: =[1]!Tabla1[[#This Row],[CONSUMO POL ANIONICO (KG)]] -> 0 | X47: =[1]!Tabla1[[#This Row],[CONSUMO POL CATIONICO (KG)]] -> 5 | Y47: =(T47*1000)/L47 -> 239.50943 | Z47: =(U47*1000)/L47 -> 439.40769 | AA47: =(V47*1000)/L47 -> 115.14877 | AB47: =(W47*1000)/L47 -> 0 | AC47: =(X47*1000)/L47 -> 9.2119012 | AD47: 1.3 | AE47: 1.325 | AF47: 1.25 | AG47: 2500 | AH47: 2500 | AI47: 830 | AJ47: 2900 | AK47: 6295 | AL47: 19050 | AM47: 22050 | AN47: =T47*AI47 -> 107900 | AO47: =U47*AJ47 -> 691650 | AP47: =V47*AK47 -> 393437.5 | AQ47: =W47*AL47 -> 0 | AR47: =X47*AM47 -> 110250 | AS47: =SUM([1]!Tabla1[[#This Row],[COSTO OPERATIVO ACIDO]:[COSTO OPERATIVO CATIONICO]]) -> 1303237.5 | AT47: 5250 | AU47: =AS47/L47 -> 2401.059
A48: 46038 | B48: 16 | C48: 17 (MAÑANA) | D48: 47 | E48: FINAL TURNO 1 | F48: 2100 | G48: 1820 | H48: 450 | I48: 210 | J48: 80 | K48: 16641 | L48: 530.77612 | M48: 80 | N48: =+[1]!Tabla1[[#This Row],[CAUDAL DE TRATAMIENTO]]+$M$102 -> 80 | O48: =F48-F49 -> 40 | P48: =G48-G49 -> 220 | Q48: =H48-H49 -> 100 | R48: =I48-I49 -> 0 | S48: =J48-J49 -> 5 | T48: =(O48*$AD$2) -> 52 | U48: =(P48*$AE$2) -> 291.5 | V48: =(Q48*$AF$2) -> 125 | W48: =[1]!Tabla1[[#This Row],[CONSUMO POL ANIONICO (KG)]] -> 0 | X48: =[1]!Tabla1[[#This Row],[CONSUMO POL CATIONICO (KG)]] -> 5 | Y48: =(T48*1000)/L48 -> 97.969743 | Z48: =(U48*1000)/L48 -> 549.19577 | AA48: =(V48*1000)/L48 -> 235.50419 | AB48: =(W48*1000)/L48 -> 0 | AC48: =(X48*1000)/L48 -> 9.4201676 | AD48: 1.3 | AE48: 1.325 | AF48: 1.25 | AG48: 2500 | AH48: 2500 | AI48: 830 | AJ48: 2900 | AK48: 6295 | AL48: 19050 | AM48: 22050 | AN48: =T48*AI48 -> 43160 | AO48: =U48*AJ48 -> 845350 | AP48: =V48*AK48 -> 786875 | AQ48: =W48*AL48 -> 0 | AR48: =X48*AM48 -> 110250 | AS48: =SUM([1]!Tabla1[[#This Row],[COSTO OPERATIVO ACIDO]:[COSTO OPERATIVO CATIONICO]]) -> 1785635 | AT48: 5250 | AU48: =AS48/L48 -> 3364.1962
A49: 46038 | B49: 16 | C49: 3(TARDE) | D49: 48 | E49: FINAL TURNO 2 | F49: 2060 | G49: 1600 | H49: 350 | I49: 210 | J49: 75 | K49: 16647 | L49: 357.85075 | M49: 81 | N49: =+[1]!Tabla1[[#This Row],[CAUDAL DE TRATAMIENTO]]+$M$102 -> 81 | O49: =F49-F50 -> 70 | P49: =G49-G50 -> 200 | Q49: =H49-H50 -> 40 | R49: =I49-I50 -> 5 | S49: =J49-J50 -> 5 | T49: =(O49*$AD$2) -> 91 | U49: =(P49*$AE$2) -> 265 | V49: =(Q49*$AF$2) -> 50 | W49: =[1]!Tabla1[[#This Row],[CONSUMO POL ANIONICO (KG)]] -> 5 | X49: =[1]!Tabla1[[#This Row],[CONSUMO POL CATIONICO (KG)]] -> 5 | Y49: =(T49*1000)/L49 -> 254.29596 | Z49: =(U49*1000)/L49 -> 740.5322 | AA49: =(V49*1000)/L49 -> 139.72306 | AB49: =(W49*1000)/L49 -> 13.972306 | AC49: =(X49*1000)/L49 -> 13.972306 | AD49: 1.3 | AE49: 1.325 | AF49: 1.25 | AG49: 2500 | AH49: 2500 | AI49: 830 | AJ49: 2900 | AK49: 6295 | AL49: 19050 | AM49: 22050 | AN49: =T49*AI49 -> 75530 | AO49: =U49*AJ49 -> 768500 | AP49: =V49*AK49 -> 314750 | AQ49: =W49*AL49 -> 95250 | AR49: =X49*AM49 -> 110250 | AS49: =SUM([1]!Tabla1[[#This Row],[COSTO OPERATIVO ACIDO]:[COSTO OPERATIVO CATIONICO]]) -> 1364280 | AT49: 5250 | AU49: =AS49/L49 -> 3812.4274
A50: 46039 | B50: 17 | C50: 17 (NOCHE) | D50: 49 | E50: FINAL TURNO 3 | F50: 1990 | G50: 1400 | H50: 310 | I50: 205 | J50: 70 | K50: 16651 | L50: 691.70149 | M50: 78 | N50: =+[1]!Tabla1[[#This Row],[CAUDAL DE TRATAMIENTO]]+$M$102 -> 78 | O50: =F50-F51 -> 90 | P50: =G50-G51 -> 30 | Q50: =H50-H51 -> 20 | R50: =I50-I51 -> 0 | S50: =J50-J51 -> 5 | T50: =(O50*$AD$2) -> 117 | U50: =(P50*$AE$2) -> 39.75 | V50: =(Q50*$AF$2) -> 25 | W50: =[1]!Tabla1[[#This Row],[CONSUMO POL ANIONICO (KG)]] -> 0 | X50: =[1]!Tabla1[[#This Row],[CONSUMO POL CATIONICO (KG)]] -> 5 | Y50: =(T50*1000)/L50 -> 169.14811 | Z50: =(U50*1000)/L50 -> 57.466986 | AA50: =(V50*1000)/L50 -> 36.142759 | AB50: =(W50*1000)/L50 -> 0 | AC50: =(X50*1000)/L50 -> 7.2285517 | AD50: 1.3 | AE50: 1.325 | AF50: 1.25 | AG50: 2500 | AH50: 2500 | AI50: 830 | AJ50: 2900 | AK50: 6295 | AL50: 19050 | AM50: 22050 | AN50: =T50*AI50 -> 97110 | AO50: =U50*AJ50 -> 115275 | AP50: =V50*AK50 -> 157375 | AQ50: =W50*AL50 -> 0 | AR50: =X50*AM50 -> 110250 | AS50: =SUM([1]!Tabla1[[#This Row],[COSTO OPERATIVO ACIDO]:[COSTO OPERATIVO CATIONICO]]) -> 480010 | AT50: 5250 | AU50: =AS50/L50 -> 693.95542
A51: 46039 | B51: 17 | C51: 18 (MAÑANA) | D51: 50 | E51: FINAL TURNO 1 | F51: 1900 | G51: 1370 | H51: 290 | I51: 205 | J51: 65 | K51: 16659 | L51: 353.85075 | M51: 80 | N51: =+[1]!Tabla1[[#This Row],[CAUDAL DE TRATAMIENTO]]+$M$102 -> 80 | O51: =F51-F52 -> 80 | P51: =G51-G52-180 -> 110 | Q51: =H51-H52 -> 20 | R51: =I51-I52 -> 5 | S51: =J51-J52 -> 5 | T51: =(O51*$AD$2) -> 104 | U51: =(P51*$AE$2) -> 145.75 | V51: =(Q51*$AF$2) -> 25 | W51: =[1]!Tabla1[[#This Row],[CONSUMO POL ANIONICO (KG)]] -> 5 | X51: =[1]!Tabla1[[#This Row],[CONSUMO POL CATIONICO (KG)]] -> 5 | Y51: =(T51*1000)/L51 -> 293.90923 | Z51: =(U51*1000)/L51 -> 411.89683 | AA51: =(V51*1000)/L51 -> 70.651257 | AB51: =(W51*1000)/L51 -> 14.130251 | AC51: =(X51*1000)/L51 -> 14.130251 | AD51: 1.3 | AE51: 1.325 | AF51: 1.25 | AG51: 2500 | AH51: 2500 | AI51: 830 | AJ51: 2900 | AK51: 6295 | AL51: 19050 | AM51: 22050 | AN51: =T51*AI51 -> 86320 | AO51: =U51*AJ51 -> 422675 | AP51: =V51*AK51 -> 157375 | AQ51: =W51*AL51 -> 95250 | AR51: =X51*AM51 -> 110250 | AS51: =SUM([1]!Tabla1[[#This Row],[COSTO OPERATIVO ACIDO]:[COSTO OPERATIVO CATIONICO]]) -> 871870 | AT51: 5250 | AU51: =AS51/L51 -> 2463.9485
A52: 46039 | B52: 17 | C52: 3(TARDE) | D52: 51 | E52: FINAL TURNO 2 | F52: 1820 | G52: 1080 | H52: 270 | I52: 200 | J52: 60 | K52: 16663 | L52: 176.92537 | M52: 80 | N52: =+[1]!Tabla1[[#This Row],[CAUDAL DE TRATAMIENTO]]+$M$102 -> 80 | O52: =F52-F53+1000 -> 20 | P52: =G52-G53+3000 -> 20 | Q52: =H52-H53+1000 -> 20 | R52: =I52-I53+50 -> 0 | S52: =J52-J53+50 -> 0 | T52: =(O52*$AD$2) -> 26 | U52: =(P52*$AE$2) -> 26.5 | V52: =(Q52*$AF$2) -> 25 | W52: =[1]!Tabla1[[#This Row],[CONSUMO POL ANIONICO (KG)]] -> 0 | X52: =[1]!Tabla1[[#This Row],[CONSUMO POL CATIONICO (KG)]] -> 0 | Y52: =(T52*1000)/L52 -> 146.95461 | Z52: =(U52*1000)/L52 -> 149.78066 | AA52: =(V52*1000)/L52 -> 141.30251 | AB52: =(W52*1000)/L52 -> 0 | AC52: =(X52*1000)/L52 -> 0 | AD52: 1.3 | AE52: 1.325 | AF52: 1.25 | AG52: 2500 | AH52: 2500 | AI52: 830 | AJ52: 2900 | AK52: 6295 | AL52: 19050 | AM52: 22050 | AN52: =T52*AI52 -> 21580 | AO52: =U52*AJ52 -> 76850 | AP52: =V52*AK52 -> 157375 | AQ52: =W52*AL52 -> 0 | AR52: =X52*AM52 -> 0 | AS52: =SUM([1]!Tabla1[[#This Row],[COSTO OPERATIVO ACIDO]:[COSTO OPERATIVO CATIONICO]]) -> 255805 | AT52: 5250 | AU52: =AS52/L52 -> 1445.8356
A53: 46040 | B53: 18 | C53: 18 (NOCHE) | D53: 52 | E53: FINAL TURNO 3 | F53: 2800 | G53: 4060 | H53: 1250 | I53: 250 | J53: 110 | K53: 16665 | L53: 0 | M53: 0 | N53: =+[1]!Tabla1[[#This Row],[CAUDAL DE TRATAMIENTO]]+$M$102 -> 0 | O53: =F53-F54 -> 0 | P53: =G53-G54 -> 0 | Q53: =H53-H54 -> 0 | R53: =I53-I54 -> 0 | S53: =J53-J54 -> 0 | T53: =(O53*$AD$2) -> 0 | U53: =(P53*$AE$2) -> 0 | V53: =(Q53*$AF$2) -> 0 | W53: =[1]!Tabla1[[#This Row],[CONSUMO POL ANIONICO (KG)]] -> 0 | X53: =[1]!Tabla1[[#This Row],[CONSUMO POL CATIONICO (KG)]] -> 0 | Y53: =(T53*1000)/L53 -> #DIV/0! | Z53: =(U53*1000)/L53 -> #DIV/0! | AA53: =(V53*1000)/L53 -> #DIV/0! | AB53: =(W53*1000)/L53 -> #DIV/0! | AC53: =(X53*1000)/L53 -> #DIV/0! | AD53: 1.3 | AE53: 1.325 | AF53: 1.25 | AG53: 2500 | AH53: 2500 | AI53: 830 | AJ53: 2900 | AK53: 6295 | AL53: 19050 | AM53: 22050 | AN53: =T53*AI53 -> 0 | AO53: =U53*AJ53 -> 0 | AP53: =V53*AK53 -> 0 | AQ53: =W53*AL53 -> 0 | AR53: =X53*AM53 -> 0 | AS53: =SUM([1]!Tabla1[[#This Row],[COSTO OPERATIVO ACIDO]:[COSTO OPERATIVO CATIONICO]]) -> 0 | AT53: 5250 | AU53: =AS53/L53 -> #DIV/0!
A54: 46040 | B54: 18 | C54: 19 (MAÑANA) | D54: 53 | E54: FINAL TURNO 1 | F54: 2800 | G54: 4060 | H54: 1250 | I54: 250 | J54: 110 | K54: 16665 | L54: 0 | M54: 0 | N54: =+[1]!Tabla1[[#This Row],[CAUDAL DE TRATAMIENTO]]+$M$102 -> 0 | O54: =F54-F55 -> 0 | P54: =G54-G55 -> 0 | Q54: =H54-H55 -> 0 | R54: =I54-I55 -> 0 | S54: =J54-J55 -> 0 | T54: =(O54*$AD$2) -> 0 | U54: =(P54*$AE$2) -> 0 | V54: =(Q54*$AF$2) -> 0 | W54: =[1]!Tabla1[[#This Row],[CONSUMO POL ANIONICO (KG)]] -> 0 | X54: =[1]!Tabla1[[#This Row],[CONSUMO POL CATIONICO (KG)]] -> 0 | Y54: =(T54*1000)/L54 -> #DIV/0! | Z54: =(U54*1000)/L54 -> #DIV/0! | AA54: =(V54*1000)/L54 -> #DIV/0! | AB54: =(W54*1000)/L54 -> #DIV/0! | AC54: =(X54*1000)/L54 -> #DIV/0! | AD54: 1.3 | AE54: 1.325 | AF54: 1.25 | AG54: 2500 | AH54: 2500 | AI54: 830 | AJ54: 2900 | AK54: 6295 | AL54: 19050 | AM54: 22050 | AN54: =T54*AI54 -> 0 | AO54: =U54*AJ54 -> 0 | AP54: =V54*AK54 -> 0 | AQ54: =W54*AL54 -> 0 | AR54: =X54*AM54 -> 0 | AS54: =SUM([1]!Tabla1[[#This Row],[COSTO OPERATIVO ACIDO]:[COSTO OPERATIVO CATIONICO]]) -> 0 | AT54: 5250 | AU54: =AS54/L54 -> #DIV/0!
A55: 46040 | B55: 18 | C55: 3(TARDE) | D55: 54 | E55: FINAL TURNO 2 | F55: 2800 | G55: 4060 | H55: 1250 | I55: 250 | J55: 110 | K55: 16665 | L55: 0 | M55: 0 | N55: =+[1]!Tabla1[[#This Row],[CAUDAL DE TRATAMIENTO]]+$M$102 -> 0 | O55: =F55-F56 -> 0 | P55: =G55-G56 -> 0 | Q55: =H55-H56 -> 0 | R55: =I55-I56 -> 0 | S55: =J55-J56 -> 0 | T55: =(O55*$AD$2) -> 0 | U55: =(P55*$AE$2) -> 0 | V55: =(Q55*$AF$2) -> 0 | W55: =[1]!Tabla1[[#This Row],[CONSUMO POL ANIONICO (KG)]] -> 0 | X55: =[1]!Tabla1[[#This Row],[CONSUMO POL CATIONICO (KG)]] -> 0 | Y55: =(T55*1000)/L55 -> #DIV/0! | Z55: =(U55*1000)/L55 -> #DIV/0! | AA55: =(V55*1000)/L55 -> #DIV/0! | AB55: =(W55*1000)/L55 -> #DIV/0! | AC55: =(X55*1000)/L55 -> #DIV/0! | AD55: 1.3 | AE55: 1.325 | AF55: 1.25 | AG55: 2500 | AH55: 2500 | AI55: 830 | AJ55: 2900 | AK55: 6295 | AL55: 19050 | AM55: 22050 | AN55: =T55*AI55 -> 0 | AO55: =U55*AJ55 -> 0 | AP55: =V55*AK55 -> 0 | AQ55: =W55*AL55 -> 0 | AR55: =X55*AM55 -> 0 | AS55: =SUM([1]!Tabla1[[#This Row],[COSTO OPERATIVO ACIDO]:[COSTO OPERATIVO CATIONICO]]) -> 0 | AT55: 5250 | AU55: =AS55/L55 -> #DIV/0!
A56: 46041 | B56: 19 | C56: 19 (NOCHE) | D56: 55 | E56: FINAL TURNO 3 | F56: 2800 | G56: 4060 | H56: 1250 | I56: 250 | J56: 110 | K56: 16665 | L56: 530.77612 | M56: 80 | N56: =+[1]!Tabla1[[#This Row],[CAUDAL DE TRATAMIENTO]]+$M$102 -> 80 | O56: =F56-F57 -> 90 | P56: =G56-G57 -> 220 | Q56: =H56-H57 -> 150 | R56: =I56-I57 -> 0 | S56: =J56-J57 -> 5 | T56: =(O56*$AD$2) -> 117 | U56: =(P56*$AE$2) -> 291.5 | V56: =(Q56*$AF$2) -> 187.5 | W56: =[1]!Tabla1[[#This Row],[CONSUMO POL ANIONICO (KG)]] -> 0 | X56: =[1]!Tabla1[[#This Row],[CONSUMO POL CATIONICO (KG)]] -> 5 | Y56: =(T56*1000)/L56 -> 220.43192 | Z56: =(U56*1000)/L56 -> 549.19577 | AA56: =(V56*1000)/L56 -> 353.25628 | AB56: =(W56*1000)/L56 -> 0 | AC56: =(X56*1000)/L56 -> 9.4201676 | AD56: 1.3 | AE56: 1.325 | AF56: 1.25 | AG56: 2500 | AH56: 2500 | AI56: 830 | AJ56: 2900 | AK56: 6295 | AL56: 19050 | AM56: 22050 | AN56: =T56*AI56 -> 97110 | AO56: =U56*AJ56 -> 845350 | AP56: =V56*AK56 -> 1180312.5 | AQ56: =W56*AL56 -> 0 | AR56: =X56*AM56 -> 110250 | AS56: =SUM([1]!Tabla1[[#This Row],[COSTO OPERATIVO ACIDO]:[COSTO OPERATIVO CATIONICO]]) -> 2233022.5 | AT56: 5250 | AU56: =AS56/L56 -> 4207.0892
A57: 46041 | B57: 19 | C57: 20 (MAÑANA) | D57: 56 | E57: FINAL TURNO 1 | F57: 2710 | G57: 3840 | H57: 1100 | I57: 250 | J57: 105 | K57: 16671 | L57: 619.23881 | M57: 80 | N57: =+[1]!Tabla1[[#This Row],[CAUDAL DE TRATAMIENTO]]+$M$102 -> 80 | O57: =F57-F58 -> 100 | P57: =G57-G58 -> 240 | Q57: =H57-H58 -> 10 | R57: =I57-I58 -> 0 | S57: =J57-J58 -> 5 | T57: =(O57*$AD$2) -> 130 | U57: =(P57*$AE$2) -> 318 | V57: =(Q57*$AF$2) -> 12.5 | W57: =[1]!Tabla1[[#This Row],[CONSUMO POL ANIONICO (KG)]] -> 0 | X57: =[1]!Tabla1[[#This Row],[CONSUMO POL CATIONICO (KG)]] -> 5 | Y57: =(T57*1000)/L57 -> 209.93516 | Z57: =(U57*1000)/L57 -> 513.53371 | AA57: =(V57*1000)/L57 -> 20.186073 | AB57: =(W57*1000)/L57 -> 0 | AC57: =(X57*1000)/L57 -> 8.0744294 | AD57: 1.3 | AE57: 1.325 | AF57: 1.25 | AG57: 2500 | AH57: 2500 | AI57: 830 | AJ57: 2900 | AK57: 6295 | AL57: 19050 | AM57: 22050 | AN57: =T57*AI57 -> 107900 | AO57: =U57*AJ57 -> 922200 | AP57: =V57*AK57 -> 78687.5 | AQ57: =W57*AL57 -> 0 | AR57: =X57*AM57 -> 110250 | AS57: =SUM([1]!Tabla1[[#This Row],[COSTO OPERATIVO ACIDO]:[COSTO OPERATIVO CATIONICO]]) -> 1219037.5 | AT57: 5250 | AU57: =AS57/L57 -> 1968.6064
A58: 46041 | B58: 19 | C58: 3(TARDE) | D58: 57 | E58: FINAL TURNO 2 | F58: 2610 | G58: 3600 | H58: 1090 | I58: 250 | J58: 100 | K58: 16678 | L58: 707.70149 | M58: 80 | N58: =+[1]!Tabla1[[#This Row],[CAUDAL DE TRATAMIENTO]]+$M$102 -> 80 | O58: =F58-F59 -> 110 | P58: =G58-G59 -> 150 | Q58: =H58-H59 -> 90 | R58: =I58-I59 -> 5 | S58: =J58-J59 -> 5 | T58: =(O58*$AD$2) -> 143 | U58: =(P58*$AE$2) -> 198.75 | V58: =(Q58*$AF$2) -> 112.5 | W58: =[1]!Tabla1[[#This Row],[CONSUMO POL ANIONICO (KG)]] -> 5 | X58: =[1]!Tabla1[[#This Row],[CONSUMO POL CATIONICO (KG)]] -> 5 | Y58: =(T58*1000)/L58 -> 202.06259 | Z58: =(U58*1000)/L58 -> 280.83875 | AA58: =(V58*1000)/L58 -> 158.96533 | AB58: =(W58*1000)/L58 -> 7.0651257 | AC58: =(X58*1000)/L58 -> 7.0651257 | AD58: 1.3 | AE58: 1.325 | AF58: 1.25 | AG58: 2500 | AH58: 2500 | AI58: 830 | AJ58: 2900 | AK58: 6295 | AL58: 19050 | AM58: 22050 | AN58: =T58*AI58 -> 118690 | AO58: =U58*AJ58 -> 576375 | AP58: =V58*AK58 -> 708187.5 | AQ58: =W58*AL58 -> 95250 | AR58: =X58*AM58 -> 110250 | AS58: =SUM([1]!Tabla1[[#This Row],[COSTO OPERATIVO ACIDO]:[COSTO OPERATIVO CATIONICO]]) -> 1608752.5 | AT58: 5250 | AU58: =AS58/L58 -> 2273.2077
A59: 46042 | B59: 20 | C59: 20 (NOCHE) | D59: 58 | E59: FINAL TURNO 3 | F59: 2500 | G59: 3450 | H59: 1000 | I59: 245 | J59: 95 | K59: 16686 | L59: 707.70149 | M59: 80 | N59: =+[1]!Tabla1[[#This Row],[CAUDAL DE TRATAMIENTO]]+$M$102 -> 80 | O59: =F59-F60 -> 100 | P59: =G59-G60-200 -> 250 | Q59: =H59-H60 -> 0 | R59: =I59-I60 -> 5 | S59: =J59-J60 -> 0 | T59: =(O59*$AD$2) -> 130 | U59: =(P59*$AE$2) -> 331.25 | V59: =(Q59*$AF$2) -> 0 | W59: =[1]!Tabla1[[#This Row],[CONSUMO POL ANIONICO (KG)]] -> 5 | X59: =[1]!Tabla1[[#This Row],[CONSUMO POL CATIONICO (KG)]] -> 0 | Y59: =(T59*1000)/L59 -> 183.69327 | Z59: =(U59*1000)/L59 -> 468.06458 | AA59: =(V59*1000)/L59 -> 0 | AB59: =(W59*1000)/L59 -> 7.0651257 | AC59: =(X59*1000)/L59 -> 0 | AD59: 1.3 | AE59: 1.325 | AF59: 1.25 | AG59: 2500 | AH59: 2500 | AI59: 830 | AJ59: 2900 | AK59: 6295 | AL59: 19050 | AM59: 22050 | AN59: =T59*AI59 -> 107900 | AO59: =U59*AJ59 -> 960625 | AP59: =V59*AK59 -> 0 | AQ59: =W59*AL59 -> 95250 | AR59: =X59*AM59 -> 0 | AS59: =SUM([1]!Tabla1[[#This Row],[COSTO OPERATIVO ACIDO]:[COSTO OPERATIVO CATIONICO]]) -> 1163775 | AT59: 5250 | AU59: =AS59/L59 -> 1644.4433
A60: 46042 | B60: 20 | C60: 21 (MAÑANA) | D60: 59 | E60: FINAL TURNO 1 | F60: 2400 | G60: 3000 | H60: 1000 | I60: 240 | J60: 95 | K60: 16694 | L60: 353.85075 | M60: 80 | N60: =+[1]!Tabla1[[#This Row],[CAUDAL DE TRATAMIENTO]]+$M$102 -> 80 | O60: =F60-F61 -> 100 | P60: =G60-G61 -> 300 | Q60: =H60-H61 -> 10 | R60: =I60-I61 -> 5 | S60: =J60-J61 -> 5 | T60: =(O60*$AD$2) -> 130 | U60: =(P60*$AE$2) -> 397.5 | V60: =(Q60*$AF$2) -> 12.5 | W60: =[1]!Tabla1[[#This Row],[CONSUMO POL ANIONICO (KG)]] -> 5 | X60: =[1]!Tabla1[[#This Row],[CONSUMO POL CATIONICO (KG)]] -> 5 | Y60: =(T60*1000)/L60 -> 367.38654 | Z60: =(U60*1000)/L60 -> 1123.355 | AA60: =(V60*1000)/L60 -> 35.325628 | AB60: =(W60*1000)/L60 -> 14.130251 | AC60: =(X60*1000)/L60 -> 14.130251 | AD60: 1.3 | AE60: 1.325 | AF60: 1.25 | AG60: 2500 | AH60: 2500 | AI60: 830 | AJ60: 2900 | AK60: 6295 | AL60: 19050 | AM60: 22050 | AN60: =T60*AI60 -> 107900 | AO60: =U60*AJ60 -> 1152750 | AP60: =V60*AK60 -> 78687.5 | AQ60: =W60*AL60 -> 95250 | AR60: =X60*AM60 -> 110250 | AS60: =SUM([1]!Tabla1[[#This Row],[COSTO OPERATIVO ACIDO]:[COSTO OPERATIVO CATIONICO]]) -> 1544837.5 | AT60: 5250 | AU60: =AS60/L60 -> 4365.7884
A61: 46042 | B61: 20 | C61: 3(TARDE) | D61: 60 | E61: FINAL TURNO 2 | F61: 2300 | G61: 2700 | H61: 990 | I61: 235 | J61: 90 | K61: 16698 | L61: 530.77612 | M61: 80 | N61: =+[1]!Tabla1[[#This Row],[CAUDAL DE TRATAMIENTO]]+$M$102 -> 80 | O61: =F61-F62 -> 100 | P61: =G61-G62 -> 150 | Q61: =H61-H62 -> 30 | R61: =I61-I62 -> 0 | S61: =J61-J62 -> 5 | T61: =(O61*$AD$2) -> 130 | U61: =(P61*$AE$2) -> 198.75 | V61: =(Q61*$AF$2) -> 37.5 | W61: =[1]!Tabla1[[#This Row],[CONSUMO POL ANIONICO (KG)]] -> 0 | X61: =[1]!Tabla1[[#This Row],[CONSUMO POL CATIONICO (KG)]] -> 5 | Y61: =(T61*1000)/L61 -> 244.92436 | Z61: =(U61*1000)/L61 -> 374.45166 | AA61: =(V61*1000)/L61 -> 70.651257 | AB61: =(W61*1000)/L61 -> 0 | AC61: =(X61*1000)/L61 -> 9.4201676 | AD61: 1.3 | AE61: 1.325 | AF61: 1.25 | AG61: 2500 | AH61: 2500 | AI61: 830 | AJ61: 2900 | AK61: 6295 | AL61: 19050 | AM61: 22050 | AN61: =T61*AI61 -> 107900 | AO61: =U61*AJ61 -> 576375 | AP61: =V61*AK61 -> 236062.5 | AQ61: =W61*AL61 -> 0 | AR61: =X61*AM61 -> 110250 | AS61: =SUM([1]!Tabla1[[#This Row],[COSTO OPERATIVO ACIDO]:[COSTO OPERATIVO CATIONICO]]) -> 1030587.5 | AT61: 5250 | AU61: =AS61/L61 -> 1941.6614
A62: 46043 | B62: 21 | C62: 21 (NOCHE) | D62: 61 | E62: FINAL TURNO 3 | F62: 2200 | G62: 2550 | H62: 960 | I62: 235 | J62: 85 | K62: 16704 | L62: 619.23881 | M62: 80 | N62: =+[1]!Tabla1[[#This Row],[CAUDAL DE TRATAMIENTO]]+$M$102 -> 80 | O62: =F62-F63 -> 100 | P62: =G62-G63 -> 160 | Q62: =H62-H63 -> 110 | R62: =I62-I63 -> 5 | S62: =J62-J63 -> 5 | T62: =(O62*$AD$2) -> 130 | U62: =(P62*$AE$2) -> 212 | V62: =(Q62*$AF$2) -> 137.5 | W62: =[1]!Tabla1[[#This Row],[CONSUMO POL ANIONICO (KG)]] -> 5 | X62: =[1]!Tabla1[[#This Row],[CONSUMO POL CATIONICO (KG)]] -> 5 | Y62: =(T62*1000)/L62 -> 209.93516 | Z62: =(U62*1000)/L62 -> 342.35581 | AA62: =(V62*1000)/L62 -> 222.04681 | AB62: =(W62*1000)/L62 -> 8.0744294 | AC62: =(X62*1000)/L62 -> 8.0744294 | AD62: 1.3 | AE62: 1.325 | AF62: 1.25 | AG62: 2500 | AH62: 2500 | AI62: 830 | AJ62: 2900 | AK62: 6295 | AL62: 19050 | AM62: 22050 | AN62: =T62*AI62 -> 107900 | AO62: =U62*AJ62 -> 614800 | AP62: =V62*AK62 -> 865562.5 | AQ62: =W62*AL62 -> 95250 | AR62: =X62*AM62 -> 110250 | AS62: =SUM([1]!Tabla1[[#This Row],[COSTO OPERATIVO ACIDO]:[COSTO OPERATIVO CATIONICO]]) -> 1793762.5 | AT62: 5250 | AU62: =AS62/L62 -> 2896.7217
A63: 46043 | B63: 21 | C63: 22 (MAÑANA) | D63: 62 | E63: FINAL TURNO 1 | F63: 2100 | G63: 2390 | H63: 850 | I63: 230 | J63: 80 | K63: 16711 | L63: 530.77612 | M63: 80 | N63: =+[1]!Tabla1[[#This Row],[CAUDAL DE TRATAMIENTO]]+$M$102 -> 80 | O63: =F63-F64 -> 20 | P63: =G63-G64 -> 190 | Q63: =H63-H64 -> 50 | R63: =I63-I64 -> 0 | S63: =J63-J64 -> 5 | T63: =(O63*$AD$2) -> 26 | U63: =(P63*$AE$2) -> 251.75 | V63: =(Q63*$AF$2) -> 62.5 | W63: =[1]!Tabla1[[#This Row],[CONSUMO POL ANIONICO (KG)]] -> 0 | X63: =[1]!Tabla1[[#This Row],[CONSUMO POL CATIONICO (KG)]] -> 5 | Y63: =(T63*1000)/L63 -> 48.984871 | Z63: =(U63*1000)/L63 -> 474.30544 | AA63: =(V63*1000)/L63 -> 117.75209 | AB63: =(W63*1000)/L63 -> 0 | AC63: =(X63*1000)/L63 -> 9.4201676 | AD63: 1.3 | AE63: 1.325 | AF63: 1.25 | AG63: 2500 | AH63: 2500 | AI63: 830 | AJ63: 2900 | AK63: 6295 | AL63: 19050 | AM63: 22050 | AN63: =T63*AI63 -> 21580 | AO63: =U63*AJ63 -> 730075 | AP63: =V63*AK63 -> 393437.5 | AQ63: =W63*AL63 -> 0 | AR63: =X63*AM63 -> 110250 | AS63: =SUM([1]!Tabla1[[#This Row],[COSTO OPERATIVO ACIDO]:[COSTO OPERATIVO CATIONICO]]) -> 1255342.5 | AT63: 5250 | AU63: =AS63/L63 -> 2365.1073
A64: 46043 | B64: 21 | C64: 3(TARDE) | D64: 63 | E64: FINAL TURNO 2 | F64: 2080 | G64: 2200 | H64: 800 | I64: 230 | J64: 75 | K64: 16717 | L64: 442.31343 | M64: 80 | N64: =+[1]!Tabla1[[#This Row],[CAUDAL DE TRATAMIENTO]]+$M$102 -> 80 | O64: =F64-F65+1000 -> 80 | P64: =G64-G65+3000-150 -> 150 | Q64: =H64-H65+1000 -> 50 | R64: =I64-I65 -> 5 | S64: =J64-J65 -> 5 | T64: =(O64*$AD$2) -> 104 | U64: =(P64*$AE$2) -> 198.75 | V64: =(Q64*$AF$2) -> 62.5 | W64: =[1]!Tabla1[[#This Row],[CONSUMO POL ANIONICO (KG)]] -> 5 | X64: =[1]!Tabla1[[#This Row],[CONSUMO POL CATIONICO (KG)]] -> 5 | Y64: =(T64*1000)/L64 -> 235.12738 | Z64: =(U64*1000)/L64 -> 449.34199 | AA64: =(V64*1000)/L64 -> 141.30251 | AB64: =(W64*1000)/L64 -> 11.304201 | AC64: =(X64*1000)/L64 -> 11.304201 | AD64: 1.3 | AE64: 1.325 | AF64: 1.25 | AG64: 2500 | AH64: 2500 | AI64: 830 | AJ64: 2900 | AK64: 6295 | AL64: 19050 | AM64: 22050 | AN64: =T64*AI64 -> 86320 | AO64: =U64*AJ64 -> 576375 | AP64: =V64*AK64 -> 393437.5 | AQ64: =W64*AL64 -> 95250 | AR64: =X64*AM64 -> 110250 | AS64: =SUM([1]!Tabla1[[#This Row],[COSTO OPERATIVO ACIDO]:[COSTO OPERATIVO CATIONICO]]) -> 1261632.5 | AT64: 5250 | AU64: =AS64/L64 -> 2852.3495
A65: 46044 | B65: 22 | C65: 22 (NOCHE) | D65: 64 | E65: FINAL TURNO 3 | F65: 3000 | G65: 4900 | H65: 1750 | I65: 225 | J65: 70 | K65: 16722 | L65: 442.31343 | M65: 80 | N65: =+[1]!Tabla1[[#This Row],[CAUDAL DE TRATAMIENTO]]+$M$102 -> 80 | O65: =F65-F66-100 -> 40 | P65: =G65-G66 -> 300 | Q65: =H65-H66 -> 110 | R65: =I65-I66 -> 0 | S65: =J65-J66 -> 5 | T65: =(O65*$AD$2) -> 52 | U65: =(P65*$AE$2) -> 397.5 | V65: =(Q65*$AF$2) -> 137.5 | W65: =[1]!Tabla1[[#This Row],[CONSUMO POL ANIONICO (KG)]] -> 0 | X65: =[1]!Tabla1[[#This Row],[CONSUMO POL CATIONICO (KG)]] -> 5 | Y65: =(T65*1000)/L65 -> 117.56369 | Z65: =(U65*1000)/L65 -> 898.68399 | AA65: =(V65*1000)/L65 -> 310.86553 | AB65: =(W65*1000)/L65 -> 0 | AC65: =(X65*1000)/L65 -> 11.304201 | AD65: 1.3 | AE65: 1.325 | AF65: 1.25 | AG65: 2500 | AH65: 2500 | AI65: 830 | AJ65: 2900 | AK65: 6295 | AL65: 19050 | AM65: 22050 | AN65: =T65*AI65 -> 43160 | AO65: =U65*AJ65 -> 1152750 | AP65: =V65*AK65 -> 865562.5 | AQ65: =W65*AL65 -> 0 | AR65: =X65*AM65 -> 110250 | AS65: =SUM([1]!Tabla1[[#This Row],[COSTO OPERATIVO ACIDO]:[COSTO OPERATIVO CATIONICO]]) -> 2171722.5 | AT65: 5250 | AU65: =AS65/L65 -> 4909.9176
A66: 46044 | B66: 22 | C66: 23 (MAÑANA) | D66: 65 | E66: FINAL TURNO 1 | F66: 2860 | G66: 4600 | H66: 1640 | I66: 225 | J66: 65 | K66: 16727 | L66: 619.23881 | M66: 80 | N66: =+[1]!Tabla1[[#This Row],[CAUDAL DE TRATAMIENTO]]+$M$102 -> 80 | O66: =F66-F67 -> 100 | P66: =G66-G67 -> 220 | Q66: =H66-H67 -> 70 | R66: =I66-I67 -> 5 | S66: =J66-J67 -> 5 | T66: =(O66*$AD$2) -> 130 | U66: =(P66*$AE$2) -> 291.5 | V66: =(Q66*$AF$2) -> 87.5 | W66: =[1]!Tabla1[[#This Row],[CONSUMO POL ANIONICO (KG)]] -> 5 | X66: =[1]!Tabla1[[#This Row],[CONSUMO POL CATIONICO (KG)]] -> 5 | Y66: =(T66*1000)/L66 -> 209.93516 | Z66: =(U66*1000)/L66 -> 470.73923 | AA66: =(V66*1000)/L66 -> 141.30251 | AB66: =(W66*1000)/L66 -> 8.0744294 | AC66: =(X66*1000)/L66 -> 8.0744294 | AD66: 1.3 | AE66: 1.325 | AF66: 1.25 | AG66: 2500 | AH66: 2500 | AI66: 830 | AJ66: 2900 | AK66: 6295 | AL66: 19050 | AM66: 22050 | AN66: =T66*AI66 -> 107900 | AO66: =U66*AJ66 -> 845350 | AP66: =V66*AK66 -> 550812.5 | AQ66: =W66*AL66 -> 95250 | AR66: =X66*AM66 -> 110250 | AS66: =SUM([1]!Tabla1[[#This Row],[COSTO OPERATIVO ACIDO]:[COSTO OPERATIVO CATIONICO]]) -> 1709562.5 | AT66: 5250 | AU66: =AS66/L66 -> 2760.7483
A67: 46044 | B67: 22 | C67: 3(TARDE) | D67: 66 | E67: FINAL TURNO 2 | F67: 2760 | G67: 4380 | H67: 1570 | I67: 220 | J67: 60 | K67: 16734 | L67: 530.77612 | M67: 80 | N67: =+[1]!Tabla1[[#This Row],[CAUDAL DE TRATAMIENTO]]+$M$102 -> 80 | O67: =F67-F68 -> 20 | P67: =G67-G68 -> 280 | Q67: =H67-H68 -> 60 | R67: =I67-I68 -> 0 | S67: =J67-J68 -> 5 | T67: =(O67*$AD$2) -> 26 | U67: =(P67*$AE$2) -> 371 | V67: =(Q67*$AF$2) -> 75 | W67: =[1]!Tabla1[[#This Row],[CONSUMO POL ANIONICO (KG)]] -> 0 | X67: =[1]!Tabla1[[#This Row],[CONSUMO POL CATIONICO (KG)]] -> 5 | Y67: =(T67*1000)/L67 -> 48.984871 | Z67: =(U67*1000)/L67 -> 698.97644 | AA67: =(V67*1000)/L67 -> 141.30251 | AB67: =(W67*1000)/L67 -> 0 | AC67: =(X67*1000)/L67 -> 9.4201676 | AD67: 1.3 | AE67: 1.325 | AF67: 1.25 | AG67: 2500 | AH67: 2500 | AI67: 830 | AJ67: 2900 | AK67: 6295 | AL67: 19050 | AM67: 22050 | AN67: =T67*AI67 -> 21580 | AO67: =U67*AJ67 -> 1075900 | AP67: =V67*AK67 -> 472125 | AQ67: =W67*AL67 -> 0 | AR67: =X67*AM67 -> 110250 | AS67: =SUM([1]!Tabla1[[#This Row],[COSTO OPERATIVO ACIDO]:[COSTO OPERATIVO CATIONICO]]) -> 1679855 | AT67: 5250 | AU67: =AS67/L67 -> 3164.9031
A68: 46045 | B68: 23 | C68: 23 (NOCHE) | D68: 67 | E68: FINAL TURNO 3 | F68: 2740 | G68: 4100 | H68: 1510 | I68: 220 | J68: 55 | K68: 16740 | L68: 265.38806 | M68: 80 | N68: =+[1]!Tabla1[[#This Row],[CAUDAL DE TRATAMIENTO]]+$M$102 -> 80 | O68: =F68-F69 -> 0 | P68: =G68-G69 -> 190 | Q68: =H68-H69 -> 10 | R68: =I68-I69 -> 5 | S68: =J68-J69 -> 5 | T68: =(O68*$AD$2) -> 0 | U68: =(P68*$AE$2) -> 251.75 | V68: =(Q68*$AF$2) -> 12.5 | W68: =[1]!Tabla1[[#This Row],[CONSUMO POL ANIONICO (KG)]] -> 5 | X68: =[1]!Tabla1[[#This Row],[CONSUMO POL CATIONICO (KG)]] -> 5 | Y68: =(T68*1000)/L68 -> 0 | Z68: =(U68*1000)/L68 -> 948.61088 | AA68: =(V68*1000)/L68 -> 47.100838 | AB68: =(W68*1000)/L68 -> 18.840335 | AC68: =(X68*1000)/L68 -> 18.840335 | AD68: 1.3 | AE68: 1.325 | AF68: 1.25 | AG68: 2500 | AH68: 2500 | AI68: 830 | AJ68: 2900 | AK68: 6295 | AL68: 19050 | AM68: 22050 | AN68: =T68*AI68 -> 0 | AO68: =U68*AJ68 -> 730075 | AP68: =V68*AK68 -> 78687.5 | AQ68: =W68*AL68 -> 95250 | AR68: =X68*AM68 -> 110250 | AS68: =SUM([1]!Tabla1[[#This Row],[COSTO OPERATIVO ACIDO]:[COSTO OPERATIVO CATIONICO]]) -> 1014262.5 | AT68: 5250 | AU68: =AS68/L68 -> 3821.8091
A69: 46045 | B69: 23 | C69: 24 (MAÑANA) | D69: 68 | E69: FINAL TURNO 1 | F69: 2740 | G69: 3910 | H69: 1500 | I69: 215 | J69: 50 | K69: 16743 | L69: 176.92537 | M69: 80 | N69: =+[1]!Tabla1[[#This Row],[CAUDAL DE TRATAMIENTO]]+$M$102 -> 80 | O69: =F69-F70 -> 0 | P69: =G69-G70 -> 90 | Q69: =H69-H70 -> 20 | R69: =I69-I70 -> 0 | S69: =J69-J70 -> 5 | T69: =(O69*$AD$2) -> 0 | U69: =(P69*$AE$2) -> 119.25 | V69: =(Q69*$AF$2) -> 25 | W69: =[1]!Tabla1[[#This Row],[CONSUMO POL ANIONICO (KG)]] -> 0 | X69: =[1]!Tabla1[[#This Row],[CONSUMO POL CATIONICO (KG)]] -> 5 | Y69: =(T69*1000)/L69 -> 0 | Z69: =(U69*1000)/L69 -> 674.01299 | AA69: =(V69*1000)/L69 -> 141.30251 | AB69: =(W69*1000)/L69 -> 0 | AC69: =(X69*1000)/L69 -> 28.260503 | AD69: 1.3 | AE69: 1.325 | AF69: 1.25 | AG69: 2500 | AH69: 2500 | AI69: 830 | AJ69: 2900 | AK69: 6295 | AL69: 19050 | AM69: 22050 | AN69: =T69*AI69 -> 0 | AO69: =U69*AJ69 -> 345825 | AP69: =V69*AK69 -> 157375 | AQ69: =W69*AL69 -> 0 | AR69: =X69*AM69 -> 110250 | AS69: =SUM([1]!Tabla1[[#This Row],[COSTO OPERATIVO ACIDO]:[COSTO OPERATIVO CATIONICO]]) -> 613450 | AT69: 5250 | AU69: =AS69/L69 -> 3467.2811
A70: 46045 | B70: 23 | C70: 3(TARDE) | D70: 69 | E70: FINAL TURNO 2 | F70: 2740 | G70: 3820 | H70: 1480 | I70: 215 | J70: 45 | K70: 16745 | L70: 530.77612 | M70: 80 | N70: =+[1]!Tabla1[[#This Row],[CAUDAL DE TRATAMIENTO]]+$M$102 -> 80 | O70: =F70-F71 -> 20 | P70: =G70-G71 -> 420 | Q70: =H70-H71 -> 80 | R70: =I70-I71 -> 5 | S70: =J70-J71 -> 5 | T70: =(O70*$AD$2) -> 26 | U70: =(P70*$AE$2) -> 556.5 | V70: =(Q70*$AF$2) -> 100 | W70: =[1]!Tabla1[[#This Row],[CONSUMO POL ANIONICO (KG)]] -> 5 | X70: =[1]!Tabla1[[#This Row],[CONSUMO POL CATIONICO (KG)]] -> 5 | Y70: =(T70*1000)/L70 -> 48.984871 | Z70: =(U70*1000)/L70 -> 1048.4647 | AA70: =(V70*1000)/L70 -> 188.40335 | AB70: =(W70*1000)/L70 -> 9.4201676 | AC70: =(X70*1000)/L70 -> 9.4201676 | AD70: 1.3 | AE70: 1.325 | AF70: 1.25 | AG70: 2500 | AH70: 2500 | AI70: 830 | AJ70: 2900 | AK70: 6295 | AL70: 19050 | AM70: 22050 | AN70: =T70*AI70 -> 21580 | AO70: =U70*AJ70 -> 1613850 | AP70: =V70*AK70 -> 629500 | AQ70: =W70*AL70 -> 95250 | AR70: =X70*AM70 -> 110250 | AS70: =SUM([1]!Tabla1[[#This Row],[COSTO OPERATIVO ACIDO]:[COSTO OPERATIVO CATIONICO]]) -> 2470430 | AT70: 5250 | AU70: =AS70/L70 -> 4654.3729
A71: 46046 | B71: 24 | C71: 24 (NOCHE) | D71: 70 | E71: FINAL TURNO 3 | F71: 2720 | G71: 3400 | H71: 1400 | I71: 210 | J71: 40 | K71: 16751 | L71: 442.31343 | M71: 80 | N71: =+[1]!Tabla1[[#This Row],[CAUDAL DE TRATAMIENTO]]+$M$102 -> 80 | O71: =F71-F72 -> 20 | P71: =G71-G72 -> 120 | Q71: =H71-H72 -> 30 | R71: =I71-I72 -> 0 | S71: =J71-J72 -> 5 | T71: =(O71*$AD$2) -> 26 | U71: =(P71*$AE$2) -> 159 | V71: =(Q71*$AF$2) -> 37.5 | W71: =[1]!Tabla1[[#This Row],[CONSUMO POL ANIONICO (KG)]] -> 0 | X71: =[1]!Tabla1[[#This Row],[CONSUMO POL CATIONICO (KG)]] -> 5 | Y71: =(T71*1000)/L71 -> 58.781846 | Z71: =(U71*1000)/L71 -> 359.4736 | AA71: =(V71*1000)/L71 -> 84.781508 | AB71: =(W71*1000)/L71 -> 0 | AC71: =(X71*1000)/L71 -> 11.304201 | AD71: 1.3 | AE71: 1.325 | AF71: 1.25 | AG71: 2500 | AH71: 2500 | AI71: 830 | AJ71: 2900 | AK71: 6295 | AL71: 19050 | AM71: 22050 | AN71: =T71*AI71 -> 21580 | AO71: =U71*AJ71 -> 461100 | AP71: =V71*AK71 -> 236062.5 | AQ71: =W71*AL71 -> 0 | AR71: =X71*AM71 -> 110250 | AS71: =SUM([1]!Tabla1[[#This Row],[COSTO OPERATIVO ACIDO]:[COSTO OPERATIVO CATIONICO]]) -> 828992.5 | AT71: 5250 | AU71: =AS71/L71 -> 1874.2196
A72: 46046 | B72: 24 | C72: 25 (MAÑANA) | D72: 71 | E72: FINAL TURNO 1 | F72: 2700 | G72: 3280 | H72: 1370 | I72: 210 | J72: 35 | K72: 16756 | L72: 176.92537 | M72: 80 | N72: =+[1]!Tabla1[[#This Row],[CAUDAL DE TRATAMIENTO]]+$M$102 -> 80 | O72: =F72-F73 -> 10 | P72: =G72-G73 -> 30 | Q72: =H72-H73 -> 10 | R72: =I72-I73 -> 5 | S72: =J72-J73 -> 0 | T72: =(O72*$AD$2) -> 13 | U72: =(P72*$AE$2) -> 39.75 | V72: =(Q72*$AF$2) -> 12.5 | W72: =[1]!Tabla1[[#This Row],[CONSUMO POL ANIONICO (KG)]] -> 5 | X72: =[1]!Tabla1[[#This Row],[CONSUMO POL CATIONICO (KG)]] -> 0 | Y72: =(T72*1000)/L72 -> 73.477307 | Z72: =(U72*1000)/L72 -> 224.671 | AA72: =(V72*1000)/L72 -> 70.651257 | AB72: =(W72*1000)/L72 -> 28.260503 | AC72: =(X72*1000)/L72 -> 0 | AD72: 1.3 | AE72: 1.325 | AF72: 1.25 | AG72: 2500 | AH72: 2500 | AI72: 830 | AJ72: 2900 | AK72: 6295 | AL72: 19050 | AM72: 22050 | AN72: =T72*AI72 -> 10790 | AO72: =U72*AJ72 -> 115275 | AP72: =V72*AK72 -> 78687.5 | AQ72: =W72*AL72 -> 95250 | AR72: =X72*AM72 -> 0 | AS72: =SUM([1]!Tabla1[[#This Row],[COSTO OPERATIVO ACIDO]:[COSTO OPERATIVO CATIONICO]]) -> 300002.5 | AT72: 5250 | AU72: =AS72/L72 -> 1695.6443
A73: 46046 | B73: 24 | C73: 3(TARDE) | D73: 72 | E73: FINAL TURNO 2 | F73: 2690 | G73: 3250 | H73: 1360 | I73: 205 | J73: 35 | K73: 16758 | L73: 176.92537 | M73: 80 | N73: =+[1]!Tabla1[[#This Row],[CAUDAL DE TRATAMIENTO]]+$M$102 -> 80 | O73: =F73-F74 -> 0 | P73: =G73-G74 -> 0 | Q73: =H73-H74 -> 0 | R73: =I73-I74 -> 0 | S73: =J73-J74 -> 0 | T73: =(O73*$AD$2) -> 0 | U73: =(P73*$AE$2) -> 0 | V73: =(Q73*$AF$2) -> 0 | W73: =[1]!Tabla1[[#This Row],[CONSUMO POL ANIONICO (KG)]] -> 0 | X73: =[1]!Tabla1[[#This Row],[CONSUMO POL CATIONICO (KG)]] -> 0 | Y73: =(T73*1000)/L73 -> 0 | Z73: =(U73*1000)/L73 -> 0 | AA73: =(V73*1000)/L73 -> 0 | AB73: =(W73*1000)/L73 -> 0 | AC73: =(X73*1000)/L73 -> 0 | AD73: 1.3 | AE73: 1.325 | AF73: 1.25 | AG73: 2500 | AH73: 2500 | AI73: 830 | AJ73: 2900 | AK73: 6295 | AL73: 19050 | AM73: 22050 | AN73: =T73*AI73 -> 0 | AO73: =U73*AJ73 -> 0 | AP73: =V73*AK73 -> 0 | AQ73: =W73*AL73 -> 0 | AR73: =X73*AM73 -> 0 | AS73: =SUM([1]!Tabla1[[#This Row],[COSTO OPERATIVO ACIDO]:[COSTO OPERATIVO CATIONICO]]) -> 0 | AT73: 5250 | AU73: =AS73/L73 -> 0
A74: 46047 | B74: 25 | C74: 25 (NOCHE) | D74: 73 | E74: FINAL TURNO 3 | F74: 2690 | G74: 3250 | H74: 1360 | I74: 205 | J74: 35 | K74: 16760 | L74: 0 | M74: 80 | N74: =+[1]!Tabla1[[#This Row],[CAUDAL DE TRATAMIENTO]]+$M$102 -> 80 | O74: =F74-F75 -> 0 | P74: =G74-G75 -> 0 | Q74: =H74-H75 -> 0 | R74: =I74-I75 -> 0 | S74: =J74-J75 -> 0 | T74: =(O74*$AD$2) -> 0 | U74: =(P74*$AE$2) -> 0 | V74: =(Q74*$AF$2) -> 0 | W74: =[1]!Tabla1[[#This Row],[CONSUMO POL ANIONICO (KG)]] -> 0 | X74: =[1]!Tabla1[[#This Row],[CONSUMO POL CATIONICO (KG)]] -> 0 | Y74: =(T74*1000)/L74 -> #DIV/0! | Z74: =(U74*1000)/L74 -> #DIV/0! | AA74: =(V74*1000)/L74 -> #DIV/0! | AB74: =(W74*1000)/L74 -> #DIV/0! | AC74: =(X74*1000)/L74 -> #DIV/0! | AD74: 1.3 | AE74: 1.325 | AF74: 1.25 | AG74: 2500 | AH74: 2500 | AI74: 830 | AJ74: 2900 | AK74: 6295 | AL74: 19050 | AM74: 22050 | AN74: =T74*AI74 -> 0 | AO74: =U74*AJ74 -> 0 | AP74: =V74*AK74 -> 0 | AQ74: =W74*AL74 -> 0 | AR74: =X74*AM74 -> 0 | AS74: =SUM([1]!Tabla1[[#This Row],[COSTO OPERATIVO ACIDO]:[COSTO OPERATIVO CATIONICO]]) -> 0 | AT74: 5250 | AU74: =AS74/L74 -> #DIV/0!
A75: 46047 | B75: 25 | C75: 26 (MAÑANA) | D75: 74 | E75: FINAL TURNO 1 | F75: 2690 | G75: 3250 | H75: 1360 | I75: 205 | J75: 35 | K75: 16760 | L75: 0 | M75: 80 | N75: =+[1]!Tabla1[[#This Row],[CAUDAL DE TRATAMIENTO]]+$M$102 -> 80 | O75: =F75-F76 -> 0 | P75: =G75-G76 -> 0 | Q75: =H75-H76 -> 0 | R75: =I75-I76 -> 0 | S75: =J75-J76 -> 0 | T75: =(O75*$AD$2) -> 0 | U75: =(P75*$AE$2) -> 0 | V75: =(Q75*$AF$2) -> 0 | W75: =[1]!Tabla1[[#This Row],[CONSUMO POL ANIONICO (KG)]] -> 0 | X75: =[1]!Tabla1[[#This Row],[CONSUMO POL CATIONICO (KG)]] -> 0 | Y75: =(T75*1000)/L75 -> #DIV/0! | Z75: =(U75*1000)/L75 -> #DIV/0! | AA75: =(V75*1000)/L75 -> #DIV/0! | AB75: =(W75*1000)/L75 -> #DIV/0! | AC75: =(X75*1000)/L75 -> #DIV/0! | AD75: 1.3 | AE75: 1.325 | AF75: 1.25 | AG75: 2500 | AH75: 2500 | AI75: 830 | AJ75: 2900 | AK75: 6295 | AL75: 19050 | AM75: 22050 | AN75: =T75*AI75 -> 0 | AO75: =U75*AJ75 -> 0 | AP75: =V75*AK75 -> 0 | AQ75: =W75*AL75 -> 0 | AR75: =X75*AM75 -> 0 | AS75: =SUM([1]!Tabla1[[#This Row],[COSTO OPERATIVO ACIDO]:[COSTO OPERATIVO CATIONICO]]) -> 0 | AT75: 5250 | AU75: =AS75/L75 -> #DIV/0!
A76: 46047 | B76: 25 | C76: 3(TARDE) | D76: 75 | E76: FINAL TURNO 2 | F76: 2690 | G76: 3250 | H76: 1360 | I76: 205 | J76: 35 | K76: 16760 | L76: 0 | M76: 80 | N76: =+[1]!Tabla1[[#This Row],[CAUDAL DE TRATAMIENTO]]+$M$102 -> 80 | O76: =F76-F77 -> 0 | P76: =G76-G77 -> 0 | Q76: =H76-H77 -> 0 | R76: =I76-I77 -> 0 | S76: =J76-J77 -> 0 | T76: =(O76*$AD$2) -> 0 | U76: =(P76*$AE$2) -> 0 | V76: =(Q76*$AF$2) -> 0 | W76: =[1]!Tabla1[[#This Row],[CONSUMO POL ANIONICO (KG)]] -> 0 | X76: =[1]!Tabla1[[#This Row],[CONSUMO POL CATIONICO (KG)]] -> 0 | Y76: =(T76*1000)/L76 -> #DIV/0! | Z76: =(U76*1000)/L76 -> #DIV/0! | AA76: =(V76*1000)/L76 -> #DIV/0! | AB76: =(W76*1000)/L76 -> #DIV/0! | AC76: =(X76*1000)/L76 -> #DIV/0! | AD76: 1.3 | AE76: 1.325 | AF76: 1.25 | AG76: 2500 | AH76: 2500 | AI76: 830 | AJ76: 2900 | AK76: 6295 | AL76: 19050 | AM76: 22050 | AN76: =T76*AI76 -> 0 | AO76: =U76*AJ76 -> 0 | AP76: =V76*AK76 -> 0 | AQ76: =W76*AL76 -> 0 | AR76: =X76*AM76 -> 0 | AS76: =SUM([1]!Tabla1[[#This Row],[COSTO OPERATIVO ACIDO]:[COSTO OPERATIVO CATIONICO]]) -> 0 | AT76: 5250 | AU76: =AS76/L76 -> #DIV/0!
A77: 46048 | B77: 26 | C77: 26 (NOCHE) | D77: 76 | E77: FINAL TURNO 3 | F77: 2690 | G77: 3250 | H77: 1360 | I77: 205 | J77: 35 | K77: 16760 | L77: 176.92537 | M77: 80 | N77: =+[1]!Tabla1[[#This Row],[CAUDAL DE TRATAMIENTO]]+$M$102 -> 80 | O77: =F77-F78 -> 70 | P77: =G77-G78-150 -> 100 | Q77: =H77-H78 -> 40 | R77: =I77-I78 -> 5 | S77: =J77-J78 -> 5 | T77: =(O77*$AD$2) -> 91 | U77: =(P77*$AE$2) -> 132.5 | V77: =(Q77*$AF$2) -> 50 | W77: =[1]!Tabla1[[#This Row],[CONSUMO POL ANIONICO (KG)]] -> 5 | X77: =[1]!Tabla1[[#This Row],[CONSUMO POL CATIONICO (KG)]] -> 5 | Y77: =(T77*1000)/L77 -> 514.34115 | Z77: =(U77*1000)/L77 -> 748.90332 | AA77: =(V77*1000)/L77 -> 282.60503 | AB77: =(W77*1000)/L77 -> 28.260503 | AC77: =(X77*1000)/L77 -> 28.260503 | AD77: 1.3 | AE77: 1.325 | AF77: 1.25 | AG77: 2500 | AH77: 2500 | AI77: 830 | AJ77: 2900 | AK77: 6295 | AL77: 19050 | AM77: 22050 | AN77: =T77*AI77 -> 75530 | AO77: =U77*AJ77 -> 384250 | AP77: =V77*AK77 -> 314750 | AQ77: =W77*AL77 -> 95250 | AR77: =X77*AM77 -> 110250 | AS77: =SUM([1]!Tabla1[[#This Row],[COSTO OPERATIVO ACIDO]:[COSTO OPERATIVO CATIONICO]]) -> 980030 | AT77: 5250 | AU77: =AS77/L77 -> 5539.2281
A78: 46048 | B78: 26 | C78: 27 (MAÑANA) | D78: 77 | E78: FINAL TURNO 1 | F78: 2620 | G78: 3000 | H78: 1320 | I78: 200 | J78: 30 | K78: 16762 | L78: 442.31343 | M78: 80 | N78: =+[1]!Tabla1[[#This Row],[CAUDAL DE TRATAMIENTO]]+$M$102 -> 80 | O78: =F78-F79 -> 70 | P78: =G78-G79 -> 150 | Q78: =H78-H79 -> 70 | R78: =I78-I79 -> 0 | S78: =J78-J79 -> 5 | T78: =(O78*$AD$2) -> 91 | U78: =(P78*$AE$2) -> 198.75 | V78: =(Q78*$AF$2) -> 87.5 | W78: =[1]!Tabla1[[#This Row],[CONSUMO POL ANIONICO (KG)]] -> 0 | X78: =[1]!Tabla1[[#This Row],[CONSUMO POL CATIONICO (KG)]] -> 5 | Y78: =(T78*1000)/L78 -> 205.73646 | Z78: =(U78*1000)/L78 -> 449.34199 | AA78: =(V78*1000)/L78 -> 197.82352 | AB78: =(W78*1000)/L78 -> 0 | AC78: =(X78*1000)/L78 -> 11.304201 | AD78: 1.3 | AE78: 1.325 | AF78: 1.25 | AG78: 2500 | AH78: 2500 | AI78: 830 | AJ78: 2900 | AK78: 6295 | AL78: 19050 | AM78: 22050 | AN78: =T78*AI78 -> 75530 | AO78: =U78*AJ78 -> 576375 | AP78: =V78*AK78 -> 550812.5 | AQ78: =W78*AL78 -> 0 | AR78: =X78*AM78 -> 110250 | AS78: =SUM([1]!Tabla1[[#This Row],[COSTO OPERATIVO ACIDO]:[COSTO OPERATIVO CATIONICO]]) -> 1312967.5 | AT78: 5250 | AU78: =AS78/L78 -> 2968.4097
A79: 46048 | B79: 26 | C79: 3(TARDE) | D79: 78 | E79: FINAL TURNO 2 | F79: 2550 | G79: 2850 | H79: 1250 | I79: 200 | J79: 25 | K79: 16767 | L79: 265.38806 | M79: 80 | N79: =+[1]!Tabla1[[#This Row],[CAUDAL DE TRATAMIENTO]]+$M$102 -> 80 | O79: =F79-F80+2000 -> 0 | P79: =G79-G80+2000 -> 140 | Q79: =H79-H80+1000 -> 50 | R79: =I79-I80 -> 0 | S79: =J79-J80+100 -> 0 | T79: =(O79*$AD$2) -> 0 | U79: =(P79*$AE$2) -> 185.5 | V79: =(Q79*$AF$2) -> 62.5 | W79: =[1]!Tabla1[[#This Row],[CONSUMO POL ANIONICO (KG)]] -> 0 | X79: =[1]!Tabla1[[#This Row],[CONSUMO POL CATIONICO (KG)]] -> 0 | Y79: =(T79*1000)/L79 -> 0 | Z79: =(U79*1000)/L79 -> 698.97644 | AA79: =(V79*1000)/L79 -> 235.50419 | AB79: =(W79*1000)/L79 -> 0 | AC79: =(X79*1000)/L79 -> 0 | AD79: 1.3 | AE79: 1.325 | AF79: 1.25 | AG79: 2500 | AH79: 2500 | AI79: 830 | AJ79: 2900 | AK79: 6295 | AL79: 19050 | AM79: 22050 | AN79: =T79*AI79 -> 0 | AO79: =U79*AJ79 -> 537950 | AP79: =V79*AK79 -> 393437.5 | AQ79: =W79*AL79 -> 0 | AR79: =X79*AM79 -> 0 | AS79: =SUM([1]!Tabla1[[#This Row],[COSTO OPERATIVO ACIDO]:[COSTO OPERATIVO CATIONICO]]) -> 931387.5 | AT79: 5250 | AU79: =AS79/L79 -> 3509.5305
A80: 46049 | B80: 27 | C80: 27 (NOCHE) | D80: 79 | E80: FINAL TURNO 3 | F80: 4550 | G80: 4710 | H80: 2200 | I80: 200 | J80: 125 | K80: 16770 | L80: 353.85075 | M80: 80 | N80: =+[1]!Tabla1[[#This Row],[CAUDAL DE TRATAMIENTO]]+$M$102 -> 80 | O80: =F80-F81 -> 50 | P80: =G80-G81 -> 160 | Q80: =H80-H81 -> 80 | R80: =I80-I81 -> 5 | S80: =J80-J81 -> 5 | T80: =(O80*$AD$2) -> 65 | U80: =(P80*$AE$2) -> 212 | V80: =(Q80*$AF$2) -> 100 | W80: =[1]!Tabla1[[#This Row],[CONSUMO POL ANIONICO (KG)]] -> 5 | X80: =[1]!Tabla1[[#This Row],[CONSUMO POL CATIONICO (KG)]] -> 5 | Y80: =(T80*1000)/L80 -> 183.69327 | Z80: =(U80*1000)/L80 -> 599.12266 | AA80: =(V80*1000)/L80 -> 282.60503 | AB80: =(W80*1000)/L80 -> 14.130251 | AC80: =(X80*1000)/L80 -> 14.130251 | AD80: 1.3 | AE80: 1.325 | AF80: 1.25 | AG80: 2500 | AH80: 2500 | AI80: 830 | AJ80: 2900 | AK80: 6295 | AL80: 19050 | AM80: 22050 | AN80: =T80*AI80 -> 53950 | AO80: =U80*AJ80 -> 614800 | AP80: =V80*AK80 -> 629500 | AQ80: =W80*AL80 -> 95250 | AR80: =X80*AM80 -> 110250 | AS80: =SUM([1]!Tabla1[[#This Row],[COSTO OPERATIVO ACIDO]:[COSTO OPERATIVO CATIONICO]]) -> 1503750 | AT80: 5250 | AU80: =AS80/L80 -> 4249.6731
A81: 46049 | B81: 27 | C81: 28 (MAÑANA) | D81: 80 | E81: FINAL TURNO 1 | F81: 4500 | G81: 4550 | H81: 2120 | I81: 195 | J81: 120 | K81: 16774 | L81: 353.85075 | M81: 80 | N81: =+[1]!Tabla1[[#This Row],[CAUDAL DE TRATAMIENTO]]+$M$102 -> 80 | O81: =F81-F82 -> 40 | P81: =G81-G82 -> 50 | Q81: =H81-H82 -> 20 | R81: =I81-I82 -> 0 | S81: =J81-J82 -> 5 | T81: =(O81*$AD$2) -> 52 | U81: =(P81*$AE$2) -> 66.25 | V81: =(Q81*$AF$2) -> 25 | W81: =[1]!Tabla1[[#This Row],[CONSUMO POL ANIONICO (KG)]] -> 0 | X81: =[1]!Tabla1[[#This Row],[CONSUMO POL CATIONICO (KG)]] -> 5 | Y81: =(T81*1000)/L81 -> 146.95461 | Z81: =(U81*1000)/L81 -> 187.22583 | AA81: =(V81*1000)/L81 -> 70.651257 | AB81: =(W81*1000)/L81 -> 0 | AC81: =(X81*1000)/L81 -> 14.130251 | AD81: 1.3 | AE81: 1.325 | AF81: 1.25 | AG81: 2500 | AH81: 2500 | AI81: 830 | AJ81: 2900 | AK81: 6295 | AL81: 19050 | AM81: 22050 | AN81: =T81*AI81 -> 43160 | AO81: =U81*AJ81 -> 192125 | AP81: =V81*AK81 -> 157375 | AQ81: =W81*AL81 -> 0 | AR81: =X81*AM81 -> 110250 | AS81: =SUM([1]!Tabla1[[#This Row],[COSTO OPERATIVO ACIDO]:[COSTO OPERATIVO CATIONICO]]) -> 502910 | AT81: 5250 | AU81: =AS81/L81 -> 1421.2489
A82: 46049 | B82: 27 | C82: 3(TARDE) | D82: 81 | E82: FINAL TURNO 2 | F82: 4460 | G82: 4500 | H82: 2100 | I82: 195 | J82: 115 | K82: 16778 | L82: 353.85075 | M82: 80 | N82: =+[1]!Tabla1[[#This Row],[CAUDAL DE TRATAMIENTO]]+$M$102 -> 80 | O82: =F82-F83 -> 30 | P82: =G82-G83 -> 150 | Q82: =H82-H83 -> 20 | R82: =I82-I83 -> 5 | S82: =J82-J83 -> 5 | T82: =(O82*$AD$2) -> 39 | U82: =(P82*$AE$2) -> 198.75 | V82: =(Q82*$AF$2) -> 25 | W82: =[1]!Tabla1[[#This Row],[CONSUMO POL ANIONICO (KG)]] -> 5 | X82: =[1]!Tabla1[[#This Row],[CONSUMO POL CATIONICO (KG)]] -> 5 | Y82: =(T82*1000)/L82 -> 110.21596 | Z82: =(U82*1000)/L82 -> 561.67749 | AA82: =(V82*1000)/L82 -> 70.651257 | AB82: =(W82*1000)/L82 -> 14.130251 | AC82: =(X82*1000)/L82 -> 14.130251 | AD82: 1.3 | AE82: 1.325 | AF82: 1.25 | AG82: 2500 | AH82: 2500 | AI82: 830 | AJ82: 2900 | AK82: 6295 | AL82: 19050 | AM82: 22050 | AN82: =T82*AI82 -> 32370 | AO82: =U82*AJ82 -> 576375 | AP82: =V82*AK82 -> 157375 | AQ82: =W82*AL82 -> 95250 | AR82: =X82*AM82 -> 110250 | AS82: =SUM([1]!Tabla1[[#This Row],[COSTO OPERATIVO ACIDO]:[COSTO OPERATIVO CATIONICO]]) -> 971620 | AT82: 5250 | AU82: =AS82/L82 -> 2745.847
A83: 46050 | B83: 28 | C83: 28 (NOCHE) | D83: 82 | E83: FINAL TURNO 3 | F83: 4430 | G83: 4350 | H83: 2080 | I83: 190 | J83: 110 | K83: 16782 | L83: 619.23881 | M83: 80 | N83: =+[1]!Tabla1[[#This Row],[CAUDAL DE TRATAMIENTO]]+$M$102 -> 80 | O83: =F83-F84-100 -> 30 | P83: =G83-G84 -> 50 | Q83: =H83-H84 -> 30 | R83: =I83-I84 -> 0 | S83: =J83-J84 -> 5 | T83: =(O83*$AD$2) -> 39 | U83: =(P83*$AE$2) -> 66.25 | V83: =(Q83*$AF$2) -> 37.5 | W83: =[1]!Tabla1[[#This Row],[CONSUMO POL ANIONICO (KG)]] -> 0 | X83: =[1]!Tabla1[[#This Row],[CONSUMO POL CATIONICO (KG)]] -> 5 | Y83: =(T83*1000)/L83 -> 62.980549 | Z83: =(U83*1000)/L83 -> 106.98619 | AA83: =(V83*1000)/L83 -> 60.55822 | AB83: =(W83*1000)/L83 -> 0 | AC83: =(X83*1000)/L83 -> 8.0744294 | AD83: 1.3 | AE83: 1.325 | AF83: 1.25 | AG83: 2500 | AH83: 2500 | AI83: 830 | AJ83: 2900 | AK83: 6295 | AL83: 19050 | AM83: 22050 | AN83: =T83*AI83 -> 32370 | AO83: =U83*AJ83 -> 192125 | AP83: =V83*AK83 -> 236062.5 | AQ83: =W83*AL83 -> 0 | AR83: =X83*AM83 -> 110250 | AS83: =SUM([1]!Tabla1[[#This Row],[COSTO OPERATIVO ACIDO]:[COSTO OPERATIVO CATIONICO]]) -> 570807.5 | AT83: 5250 | AU83: =AS83/L83 -> 921.78897
A84: 46050 | B84: 28 | C84: 29 (MAÑANA) | D84: 83 | E84: FINAL TURNO 1 | F84: 4300 | G84: 4300 | H84: 2050 | I84: 190 | J84: 105 | K84: 16789 | L84: 176.92537 | M84: 80 | N84: =+[1]!Tabla1[[#This Row],[CAUDAL DE TRATAMIENTO]]+$M$102 -> 80 | O84: =F84-F85 -> 50 | P84: =G84-G85 -> 50 | Q84: =H84-H85 -> 30 | R84: =I84-I85 -> 0 | S84: =J84-J85 -> 5 | T84: =(O84*$AD$2) -> 65 | U84: =(P84*$AE$2) -> 66.25 | V84: =(Q84*$AF$2) -> 37.5 | W84: =[1]!Tabla1[[#This Row],[CONSUMO POL ANIONICO (KG)]] -> 0 | X84: =[1]!Tabla1[[#This Row],[CONSUMO POL CATIONICO (KG)]] -> 5 | Y84: =(T84*1000)/L84 -> 367.38654 | Z84: =(U84*1000)/L84 -> 374.45166 | AA84: =(V84*1000)/L84 -> 211.95377 | AB84: =(W84*1000)/L84 -> 0 | AC84: =(X84*1000)/L84 -> 28.260503 | AD84: 1.3 | AE84: 1.325 | AF84: 1.25 | AG84: 2500 | AH84: 2500 | AI84: 830 | AJ84: 2900 | AK84: 6295 | AL84: 19050 | AM84: 22050 | AN84: =T84*AI84 -> 53950 | AO84: =U84*AJ84 -> 192125 | AP84: =V84*AK84 -> 236062.5 | AQ84: =W84*AL84 -> 0 | AR84: =X84*AM84 -> 110250 | AS84: =SUM([1]!Tabla1[[#This Row],[COSTO OPERATIVO ACIDO]:[COSTO OPERATIVO CATIONICO]]) -> 592387.5 | AT84: 5250 | AU84: =AS84/L84 -> 3348.2337
A85: 46050 | B85: 28 | C85: 3(TARDE) | D85: 84 | E85: FINAL TURNO 2 | F85: 4250 | G85: 4250 | H85: 2020 | I85: 190 | J85: 100 | K85: 16791 | L85: 442.31343 | M85: 80 | N85: =+[1]!Tabla1[[#This Row],[CAUDAL DE TRATAMIENTO]]+$M$102 -> 80 | O85: =F85-F86 -> 50 | P85: =G85-G86 -> 50 | Q85: =H85-H86 -> 20 | R85: =I85-I86 -> 5 | S85: =J85-J86 -> 5 | T85: =(O85*$AD$2) -> 65 | U85: =(P85*$AE$2) -> 66.25 | V85: =(Q85*$AF$2) -> 25 | W85: =[1]!Tabla1[[#This Row],[CONSUMO POL ANIONICO (KG)]] -> 5 | X85: =[1]!Tabla1[[#This Row],[CONSUMO POL CATIONICO (KG)]] -> 5 | Y85: =(T85*1000)/L85 -> 146.95461 | Z85: =(U85*1000)/L85 -> 149.78066 | AA85: =(V85*1000)/L85 -> 56.521006 | AB85: =(W85*1000)/L85 -> 11.304201 | AC85: =(X85*1000)/L85 -> 11.304201 | AD85: 1.3 | AE85: 1.325 | AF85: 1.25 | AG85: 2500 | AH85: 2500 | AI85: 830 | AJ85: 2900 | AK85: 6295 | AL85: 19050 | AM85: 22050 | AN85: =T85*AI85 -> 53950 | AO85: =U85*AJ85 -> 192125 | AP85: =V85*AK85 -> 157375 | AQ85: =W85*AL85 -> 95250 | AR85: =X85*AM85 -> 110250 | AS85: =SUM([1]!Tabla1[[#This Row],[COSTO OPERATIVO ACIDO]:[COSTO OPERATIVO CATIONICO]]) -> 608950 | AT85: 5250 | AU85: =AS85/L85 -> 1376.7387
A86: 46051 | B86: 29 | C86: 29 (NOCHE) | D86: 85 | E86: FINAL TURNO 3 | F86: 4200 | G86: 4200 | H86: 2000 | I86: 185 | J86: 95 | K86: 16796 | L86: 530.77612 | M86: 80 | N86: =+[1]!Tabla1[[#This Row],[CAUDAL DE TRATAMIENTO]]+$M$102 -> 80 | O86: =F86-F87 -> 80 | P86: =G86-G87-150 -> 200 | Q86: =H86-H87 -> 20 | R86: =I86-I87 -> 0 | S86: =J86-J87 -> 5 | T86: =(O86*$AD$2) -> 104 | U86: =(P86*$AE$2) -> 265 | V86: =(Q86*$AF$2) -> 25 | W86: =[1]!Tabla1[[#This Row],[CONSUMO POL ANIONICO (KG)]] -> 0 | X86: =[1]!Tabla1[[#This Row],[CONSUMO POL CATIONICO (KG)]] -> 5 | Y86: =(T86*1000)/L86 -> 195.93949 | Z86: =(U86*1000)/L86 -> 499.26888 | AA86: =(V86*1000)/L86 -> 47.100838 | AB86: =(W86*1000)/L86 -> 0 | AC86: =(X86*1000)/L86 -> 9.4201676 | AD86: 1.3 | AE86: 1.325 | AF86: 1.25 | AG86: 2500 | AH86: 2500 | AI86: 830 | AJ86: 2900 | AK86: 6295 | AL86: 19050 | AM86: 22050 | AN86: =T86*AI86 -> 86320 | AO86: =U86*AJ86 -> 768500 | AP86: =V86*AK86 -> 157375 | AQ86: =W86*AL86 -> 0 | AR86: =X86*AM86 -> 110250 | AS86: =SUM([1]!Tabla1[[#This Row],[COSTO OPERATIVO ACIDO]:[COSTO OPERATIVO CATIONICO]]) -> 1122445 | AT86: 5250 | AU86: =AS86/L86 -> 2114.724
A87: 46051 | B87: 29 | C87: 30 (MAÑANA) | D87: 86 | E87: FINAL TURNO 1 | F87: 4120 | G87: 3850 | H87: 1980 | I87: 185 | J87: 90 | K87: 16802 | L87: 353.85075 | M87: 80 | N87: =+[1]!Tabla1[[#This Row],[CAUDAL DE TRATAMIENTO]]+$M$102 -> 80 | O87: =F87-F88 -> 120 | P87: =G87-G88 -> 150 | Q87: =H87-H88 -> 30 | R87: =I87-I88 -> 5 | S87: =J87-J88 -> 5 | T87: =(O87*$AD$2) -> 156 | U87: =(P87*$AE$2) -> 198.75 | V87: =(Q87*$AF$2) -> 37.5 | W87: =[1]!Tabla1[[#This Row],[CONSUMO POL ANIONICO (KG)]] -> 5 | X87: =[1]!Tabla1[[#This Row],[CONSUMO POL CATIONICO (KG)]] -> 5 | Y87: =(T87*1000)/L87 -> 440.86384 | Z87: =(U87*1000)/L87 -> 561.67749 | AA87: =(V87*1000)/L87 -> 105.97689 | AB87: =(W87*1000)/L87 -> 14.130251 | AC87: =(X87*1000)/L87 -> 14.130251 | AD87: 1.3 | AE87: 1.325 | AF87: 1.25 | AG87: 2500 | AH87: 2500 | AI87: 830 | AJ87: 2900 | AK87: 6295 | AL87: 19050 | AM87: 22050 | AN87: =T87*AI87 -> 129480 | AO87: =U87*AJ87 -> 576375 | AP87: =V87*AK87 -> 236062.5 | AQ87: =W87*AL87 -> 95250 | AR87: =X87*AM87 -> 110250 | AS87: =SUM([1]!Tabla1[[#This Row],[COSTO OPERATIVO ACIDO]:[COSTO OPERATIVO CATIONICO]]) -> 1147417.5 | AT87: 5250 | AU87: =AS87/L87 -> 3242.6595
A88: 46051 | B88: 29 | C88: 3(TARDE) | D88: 87 | E88: FINAL TURNO 2 | F88: 4000 | G88: 3700 | H88: 1950 | I88: 180 | J88: 85 | K88: 16806 | L88: 442.31343 | M88: 80 | N88: =+[1]!Tabla1[[#This Row],[CAUDAL DE TRATAMIENTO]]+$M$102 -> 80 | O88: =F88-F89 -> 80 | P88: =G88-G89 -> 290 | Q88: =H88-H89 -> 70 | R88: =I88-I89 -> 0 | S88: =J88-J89 -> 5 | T88: =(O88*$AD$2) -> 104 | U88: =(P88*$AE$2) -> 384.25 | V88: =(Q88*$AF$2) -> 87.5 | W88: =[1]!Tabla1[[#This Row],[CONSUMO POL ANIONICO (KG)]] -> 0 | X88: =[1]!Tabla1[[#This Row],[CONSUMO POL CATIONICO (KG)]] -> 5 | Y88: =(T88*1000)/L88 -> 235.12738 | Z88: =(U88*1000)/L88 -> 868.72786 | AA88: =(V88*1000)/L88 -> 197.82352 | AB88: =(W88*1000)/L88 -> 0 | AC88: =(X88*1000)/L88 -> 11.304201 | AD88: 1.3 | AE88: 1.325 | AF88: 1.25 | AG88: 2500 | AH88: 2500 | AI88: 830 | AJ88: 2900 | AK88: 6295 | AL88: 19050 | AM88: 22050 | AN88: =T88*AI88 -> 86320 | AO88: =U88*AJ88 -> 1114325 | AP88: =V88*AK88 -> 550812.5 | AQ88: =W88*AL88 -> 0 | AR88: =X88*AM88 -> 110250 | AS88: =SUM([1]!Tabla1[[#This Row],[COSTO OPERATIVO ACIDO]:[COSTO OPERATIVO CATIONICO]]) -> 1861707.5 | AT88: 5250 | AU88: =AS88/L88 -> 4209.0232
A89: 46052 | B89: 30 | C89: 30 (NOCHE) | D89: 88 | E89: FINAL TURNO 3 | F89: 3920 | G89: 3410 | H89: 1880 | I89: 180 | J89: 80 | K89: 16811 | L89: 530.77612 | M89: 80 | N89: =+[1]!Tabla1[[#This Row],[CAUDAL DE TRATAMIENTO]]+$M$102 -> 80 | O89: =F89-F90 -> 100 | P89: =G89-G90 -> 170 | Q89: =H89-H90 -> 70 | R89: =I89-I90 -> 5 | S89: =J89-J90 -> 5 | T89: =(O89*$AD$2) -> 130 | U89: =(P89*$AE$2) -> 225.25 | V89: =(Q89*$AF$2) -> 87.5 | W89: =[1]!Tabla1[[#This Row],[CONSUMO POL ANIONICO (KG)]] -> 5 | X89: =[1]!Tabla1[[#This Row],[CONSUMO POL CATIONICO (KG)]] -> 5 | Y89: =(T89*1000)/L89 -> 244.92436 | Z89: =(U89*1000)/L89 -> 424.37855 | AA89: =(V89*1000)/L89 -> 164.85293 | AB89: =(W89*1000)/L89 -> 9.4201676 | AC89: =(X89*1000)/L89 -> 9.4201676 | AD89: 1.3 | AE89: 1.325 | AF89: 1.25 | AG89: 2500 | AH89: 2500 | AI89: 830 | AJ89: 2900 | AK89: 6295 | AL89: 19050 | AM89: 22050 | AN89: =T89*AI89 -> 107900 | AO89: =U89*AJ89 -> 653225 | AP89: =V89*AK89 -> 550812.5 | AQ89: =W89*AL89 -> 95250 | AR89: =X89*AM89 -> 110250 | AS89: =SUM([1]!Tabla1[[#This Row],[COSTO OPERATIVO ACIDO]:[COSTO OPERATIVO CATIONICO]]) -> 1517437.5 | AT89: 5250 | AU89: =AS89/L89 -> 2858.9031
A90: 46052 | B90: 30 | C90: 31 (MAÑANA) | D90: 89 | E90: FINAL TURNO 1 | F90: 3820 | G90: 3240 | H90: 1810 | I90: 175 | J90: 75 | K90: 16817 | L90: 353.85075 | M90: 80 | N90: =+[1]!Tabla1[[#This Row],[CAUDAL DE TRATAMIENTO]]+$M$102 -> 80 | O90: =F90-F91 -> 40 | P90: =G90-G91 -> 140 | Q90: =H90-H91 -> 20 | R90: =I90-I91 -> 0 | S90: =J90-J91 -> 5 | T90: =(O90*$AD$2) -> 52 | U90: =(P90*$AE$2) -> 185.5 | V90: =(Q90*$AF$2) -> 25 | W90: =[1]!Tabla1[[#This Row],[CONSUMO POL ANIONICO (KG)]] -> 0 | X90: =[1]!Tabla1[[#This Row],[CONSUMO POL CATIONICO (KG)]] -> 5 | Y90: =(T90*1000)/L90 -> 146.95461 | Z90: =(U90*1000)/L90 -> 524.23233 | AA90: =(V90*1000)/L90 -> 70.651257 | AB90: =(W90*1000)/L90 -> 0 | AC90: =(X90*1000)/L90 -> 14.130251 | AD90: 1.3 | AE90: 1.325 | AF90: 1.25 | AG90: 2500 | AH90: 2500 | AI90: 830 | AJ90: 2900 | AK90: 6295 | AL90: 19050 | AM90: 22050 | AN90: =T90*AI90 -> 43160 | AO90: =U90*AJ90 -> 537950 | AP90: =V90*AK90 -> 157375 | AQ90: =W90*AL90 -> 0 | AR90: =X90*AM90 -> 110250 | AS90: =SUM([1]!Tabla1[[#This Row],[COSTO OPERATIVO ACIDO]:[COSTO OPERATIVO CATIONICO]]) -> 848735 | AT90: 5250 | AU90: =AS90/L90 -> 2398.5678
A91: 46052 | B91: 30 | C91: 3(TARDE) | D91: 90 | E91: FINAL TURNO 2 | F91: 3780 | G91: 3100 | H91: 1790 | I91: 175 | J91: 70 | K91: 16821 | L91: 442.31343 | M91: 80 | N91: =+[1]!Tabla1[[#This Row],[CAUDAL DE TRATAMIENTO]]+$M$102 -> 80 | O91: =F91-F92+1000 -> 150 | P91: =G91-G92+4000 -> 200 | Q91: =H91-H92 -> 80 | R91: =I91-I92 -> 5 | S91: =J91-J92 -> 5 | T91: =(O91*$AD$2) -> 195 | U91: =(P91*$AE$2) -> 265 | V91: =(Q91*$AF$2) -> 100 | W91: =[1]!Tabla1[[#This Row],[CONSUMO POL ANIONICO (KG)]] -> 5 | X91: =[1]!Tabla1[[#This Row],[CONSUMO POL CATIONICO (KG)]] -> 5 | Y91: =(T91*1000)/L91 -> 440.86384 | Z91: =(U91*1000)/L91 -> 599.12266 | AA91: =(V91*1000)/L91 -> 226.08402 | AB91: =(W91*1000)/L91 -> 11.304201 | AC91: =(X91*1000)/L91 -> 11.304201 | AD91: 1.3 | AE91: 1.325 | AF91: 1.25 | AG91: 2500 | AH91: 2500 | AI91: 830 | AJ91: 2900 | AK91: 6295 | AL91: 19050 | AM91: 22050 | AN91: =T91*AI91 -> 161850 | AO91: =U91*AJ91 -> 768500 | AP91: =V91*AK91 -> 629500 | AQ91: =W91*AL91 -> 95250 | AR91: =X91*AM91 -> 110250 | AS91: =SUM([1]!Tabla1[[#This Row],[COSTO OPERATIVO ACIDO]:[COSTO OPERATIVO CATIONICO]]) -> 1765350 | AT91: 5250 | AU91: =AS91/L91 -> 3991.1743
A92: 46053 | B92: 31 | C92: 31 (NOCHE) | D92: 91 | E92: FINAL TURNO 3 | F92: 4630 | G92: 6900 | H92: 1710 | I92: 170 | J92: 65 | K92: 16826 | L92: 619.23881 | M92: 80 | N92: =+[1]!Tabla1[[#This Row],[CAUDAL DE TRATAMIENTO]]+$M$102 -> 80 | O92: =F92-F93 -> 30 | P92: =G92-G93 -> 280 | Q92: =H92-H93 -> 110 | R92: =I92-I93 -> 0 | S92: =J92-J93 -> 5 | T92: =(O92*$AD$2) -> 39 | U92: =(P92*$AE$2) -> 371 | V92: =(Q92*$AF$2) -> 137.5 | W92: =[1]!Tabla1[[#This Row],[CONSUMO POL ANIONICO (KG)]] -> 0 | X92: =[1]!Tabla1[[#This Row],[CONSUMO POL CATIONICO (KG)]] -> 5 | Y92: =(T92*1000)/L92 -> 62.980549 | Z92: =(U92*1000)/L92 -> 599.12266 | AA92: =(V92*1000)/L92 -> 222.04681 | AB92: =(W92*1000)/L92 -> 0 | AC92: =(X92*1000)/L92 -> 8.0744294 | AD92: 1.3 | AE92: 1.325 | AF92: 1.25 | AG92: 2500 | AH92: 2500 | AI92: 830 | AJ92: 2900 | AK92: 6295 | AL92: 19050 | AM92: 22050 | AN92: =T92*AI92 -> 32370 | AO92: =U92*AJ92 -> 1075900 | AP92: =V92*AK92 -> 865562.5 | AQ92: =W92*AL92 -> 0 | AR92: =X92*AM92 -> 110250 | AS92: =SUM([1]!Tabla1[[#This Row],[COSTO OPERATIVO ACIDO]:[COSTO OPERATIVO CATIONICO]]) -> 2084082.5 | AT92: 5250 | AU92: =AS92/L92 -> 3365.5554
A93: 46053 | B93: 31 | C93: 32 (MAÑANA) | D93: 92 | E93: FINAL TURNO 1 | F93: 4600 | G93: 6620 | H93: 1600 | I93: 170 | J93: 60 | K93: 16833 | L93: 353.85075 | M93: 80 | N93: =+[1]!Tabla1[[#This Row],[CAUDAL DE TRATAMIENTO]]+$M$102 -> 80 | O93: =F93-F94 -> 230 | P93: =G93-G94 -> 130 | Q93: =H93-H94 -> 80 | R93: =I93-I94 -> 5 | S93: =J93-J94 -> 0 | T93: =(O93*$AD$2) -> 299 | U93: =(P93*$AE$2) -> 172.25 | V93: =(Q93*$AF$2) -> 100 | W93: =[1]!Tabla1[[#This Row],[CONSUMO POL ANIONICO (KG)]] -> 5 | X93: =[1]!Tabla1[[#This Row],[CONSUMO POL CATIONICO (KG)]] -> 0 | Y93: =(T93*1000)/L93 -> 844.98903 | Z93: =(U93*1000)/L93 -> 486.78716 | AA93: =(V93*1000)/L93 -> 282.60503 | AB93: =(W93*1000)/L93 -> 14.130251 | AC93: =(X93*1000)/L93 -> 0 | AD93: 1.3 | AE93: 1.325 | AF93: 1.25 | AG93: 2500 | AH93: 2500 | AI93: 830 | AJ93: 2900 | AK93: 6295 | AL93: 19050 | AM93: 22050 | AN93: =T93*AI93 -> 248170 | AO93: =U93*AJ93 -> 499525 | AP93: =V93*AK93 -> 629500 | AQ93: =W93*AL93 -> 95250 | AR93: =X93*AM93 -> 0 | AS93: =SUM([1]!Tabla1[[#This Row],[COSTO OPERATIVO ACIDO]:[COSTO OPERATIVO CATIONICO]]) -> 1472445 | AT93: 5250 | AU93: =AS93/L93 -> 4161.2036
A94: 46053 | B94: 31 | C94: 3(TARDE) | D94: 93 | E94: FINAL TURNO 2 | F94: 4370 | G94: 6490 | H94: 1520 | I94: 165 | J94: 60 | K94: 16837 | L94: 0 | M94: 0 | N94: =+[1]!Tabla1[[#This Row],[CAUDAL DE TRATAMIENTO]]+$M$102 -> 0 | O94: =F94-F95 -> 10 | P94: =G94-G95 -> 10 | Q94: =H94-H95 -> 10 | R94: =I94-I95 -> 0 | S94: =J94-J95 -> 0 | T94: =(O94*$AD$2) -> 13 | U94: =(P94*$AE$2) -> 13.25 | V94: =(Q94*$AF$2) -> 12.5 | W94: =[1]!Tabla1[[#This Row],[CONSUMO POL ANIONICO (KG)]] -> 0 | X94: =[1]!Tabla1[[#This Row],[CONSUMO POL CATIONICO (KG)]] -> 0 | Y94: =(T94*1000)/L94 -> #DIV/0! | Z94: =(U94*1000)/L94 -> #DIV/0! | AA94: =(V94*1000)/L94 -> #DIV/0! | AB94: =(W94*1000)/L94 -> #DIV/0! | AC94: =(X94*1000)/L94 -> #DIV/0! | AD94: 1.3 | AE94: 1.325 | AF94: 1.25 | AG94: 2500 | AH94: 2500 | AI94: 830 | AJ94: 2900 | AK94: 6295 | AL94: 19050 | AM94: 22050 | AN94: =T94*AI94 -> 10790 | AO94: =U94*AJ94 -> 38425 | AP94: =V94*AK94 -> 78687.5 | AQ94: =W94*AL94 -> 0 | AR94: =X94*AM94 -> 0 | AS94: =SUM([1]!Tabla1[[#This Row],[COSTO OPERATIVO ACIDO]:[COSTO OPERATIVO CATIONICO]]) -> 127902.5 | AT94: 5250 | AU94: =AS94/L94 -> #DIV/0!
F95: 4.360 | G95: 6.480 | H95: 1.510 | I95: 165 | J95: 60 | AS95: =SUM(AS2:AS37) -> 23878940
L96: =+SUM(L2:L13) -> 1083.5522 | N96: =+SUM(N2:N88) -> 5688 | O96: =+SUM(O2:O88) -> 4640 | P96: =+SUM(P2:P87) -> 10410 | Q96: =+SUM(Q2:Q87) -> 3330 | R96: =+SUM(R2:R87) -> 130 | S96: =+SUM(S2:S93) -> 295 | T96: =+SUM(T2:T93) -> 6747 | U96: =+SUM(U2:U93) -> 15396.5 | V96: =+SUM(V2:V93) -> 4700 | W96: =+SUM(W2:W93) -> 145 | AN96: =+SUM(AN2:AN94) -> 5610800 | AO96: =+SUM(AO2:AO94) -> 44688275 | AP96: =+SUM(AP2:AP94) -> 29665188 | AQ96: =+SUM(AQ2:AQ94) -> 2762250 | AR96: =+SUM(AR2:AR94) -> 6504750
L97: =+SUM(L2:L13) -> 1083.5522 | P97: =+MEDIAN(P2:P78)+2000 -> 2120 | AS97: =+SUM(AS2:AS13) -> 3390947.5
N98: =+N96*1.3 -> 7394.4 | O98: =+O96*1.325 -> 6148 | P98: =+P96*1.25 -> 13012.5
S99: =+SUM(S2:S82) -> 245 | T99: =+SUM(T2:T82) -> 5499 | U99: =+SUM(U2:U82) -> 13130.75 | V99: =+SUM(V2:V82) -> 4000 | W99: =+SUM(W2:W82) -> 120
L100: 29757
...

Sheet DB QUIMICA
A1: CONSUMO DE QUIMICO | AJ1: TABLA GRAFICA 2. COSTO CONSUMO QUIMICO VS $M3 | AT1: TABLA GRAFICA 3. RO COSTO CONSUMO QUIMICO VS $M3
A2: GEM | B2: COSTO TTO - CAUDAL TRATADP GEM Vs $M3
Z4: CONSOLIDADO COSTO TTO - CAUDAL TRATADP GEM Vs $M3 | AJ4: DIA | AK4: CAUDAL TOTAL TRATADO GEM | AL4: INDICADOR $m3 | AM4: 2025 $m3 GEM | AP4: DIA | AQ4: VOLUMEN TRATADO GEM (m3) | AT4: DÍA | AU4: VOLUMEN ENVIADO A RO (m3) | AV4: LIMITE INDICADOR M3 | AW4: INDICADOR $m3 RO | AY4: Etiquetas de fila | AZ4: VOLUMEN ENVIADO A RO (m3) | BA4: TIEMPO DE OPERACIÓN | BC4: Etiquetas de fila | BD4: VOLUMEN ENVIADO A RO (m3) | BE4: TIEMPO DE OPERACIÓN | BF4: COSTO QUIMICA | BH4: DIA | BI4: VOLUMEN TRATADO GEM (m3) | BJ4: COSTO QUIMICA GEM
AJ5: 1 | AK5: 0 | AL5: 0 | AM5: 5250 | AP5: 1 | AQ5: 0 | AT5: 1 | AU5: 0 | AV5: 1000 | AW5: 0 | AY5: 1 | AZ5: 0 | BA5: 0 | BC5: 1 | BD5: 0 | BE5: 0 | BF5: 0 | BH5: 1 | BI5: 0 | BJ5: 0
Z6: PANORAMA OPERATIVO GEM | AJ6: 2 | AK6: 815.16418 | AL6: 2817.0889 | AM6: 5250 | AP6: 2 | AQ6: 815.16418 | AT6: 2 | AU6: 257.449 | AV6: 1000 | AW6: 91 | AY6: 2 | AZ6: 257.449 | BA6: 4.6808909 | BC6: 2 | BD6: 257.449 | BE6: 4.6808909 | BF6: 23427.859 | BH6: 2 | BI6: 815.16418 | BJ6: 2296390
Z7: VOLUMEN TRATADO GEM (m3) | AA7: $m3 | AB7: HORAS | AC7: $ HORA DE TRATAMIENTO GEM | AD7: $ CONSOLIDADO | AJ7: 3 | AK7: 268.38806 | AL7: 4078.2645 | AM7: 5250 | AP7: 3 | AQ7: 268.38806 | AT7: 3 | AU7: 0 | AV7: 1000 | AW7: 0 | AY7: 3 | AZ7: 0 | BA7: 0 | BC7: 3 | BD7: 0 | BE7: 0 | BF7: 0 | BH7: 3 | BI7: 268.38806 | BJ7: 1094557.5
Z8: =GETPIVOTDATA(" CAUDAL TOTAL TRATADO GEM ",$AJ$4) -> 29325 | AA8: =AD8/Z8 -> 3042.8393 | AB8: =Z8/80 -> 366.5625 | AC8: =AD8/AB8 -> 243427.14 | AD8: =GETPIVOTDATA("COSTO QUIMICA GEM",$BH$4) -> 89231262 | AJ8: 4 | AK8: 0 | AL8: 0 | AM8: 5250 | AP8: 4 | AQ8: 0 | AT8: 4 | AU8: 0 | AV8: 1000 | AW8: 0 | AY8: 4 | AZ8: 0 | BA8: 0 | BC8: 4 | BD8: 0 | BE8: 0 | BF8: 0 | BH8: 4 | BI8: 0 | BJ8: 0
AJ9: 5 | AK9: 868.62687 | AL9: 2136.8669 | AM9: 5250 | AP9: 5 | AQ9: 868.62687 | AT9: 5 | AU9: 278.223 | AV9: 1000 | AW9: 91 | AY9: 5 | AZ9: 278.223 | BA9: 5.0586 | BC9: 5 | BD9: 278.223 | BE9: 5.0586 | BF9: 25318.293 | BH9: 5 | BI9: 868.62687 | BJ9: 1856140
AJ10: 6 | AK10: 1082.5522 | AL10: 3938.7753 | AM10: 5250 | AP10: 6 | AQ10: 1082.5522 | AT10: 6 | AU10: 579.819 | AV10: 1000 | AW10: 139.02467 | AY10: 6 | AZ10: 579.819 | BA10: 10.542164 | BC10: 6 | BD10: 579.819 | BE10: 10.542164 | BF10: 80609.143 | BH10: 6 | BI10: 1082.5522 | BJ10: 4263930
AJ11: 7 | AK11: 875.62687 | AL11: 5136.7942 | AM11: 5250 | AP11: 7 | AQ11: 875.62687 | AT11: 7 | AU11: 293.519 | AV11: 1000 | AW11: 539.15154 | AY11: 7 | AZ11: 293.519 | BA11: 5.3367091 | BC11: 7 | BD11: 293.519 | BE11: 5.3367091 | BF11: 158251.22 | BH11: 7 | BI11: 875.62687 | BJ11: 4497915
AJ12: 8 | AK12: 958.01493 | AL12: 4336.5139 | AM12: 5250 | AP12: 8 | AQ12: 958.01493 | AT12: 8 | AU12: 560.618 | AV12: 1000 | AW12: 158.20984 | AY12: 8 | AZ12: 560.618 | BA12: 10.193055 | BC12: 8 | BD12: 560.618 | BE12: 10.193055 | BF12: 88695.284 | BH12: 8 | BI12: 958.01493 | BJ12: 4154445
AJ13: 9 | AK13: 974.55224 | AL13: 4332.8642 | AM13: 5250 | AP13: 9 | AQ13: 974.55224 | AT13: 9 | AU13: 346.269 | AV13: 1000 | AW13: 1512.4815 | AY13: 9 | AZ13: 346.269 | BA13: 6.2958 | BC13: 9 | BD13: 346.269 | BE13: 6.2958 | BF13: 523725.44 | BH13: 9 | BI13: 974.55224 | BJ13: 4222602.5
AJ14: 10 | AK14: 594.23881 | AL14: 2512.3906 | AM14: 5250 | AP14: 10 | AQ14: 594.23881 | AT14: 10 | AU14: 256.667 | AV14: 1000 | AW14: 129.31202 | AY14: 10 | AZ14: 256.667 | BA14: 4.6666727 | BC14: 10 | BD14: 256.667 | BE14: 4.6666727 | BF14: 33190.129 | BH14: 10 | BI14: 594.23881 | BJ14: 1492960
AJ15: 11 | AK15: 0 | AL15: 0 | AM15: 5250 | AP15: 11 | AQ15: 0 | AT15: 11 | AU15: 0 | AV15: 1000 | AW15: 0 | AY15: 11 | AZ15: 0 | BA15: 0 | BC15: 11 | BD15: 0 | BE15: 0 | BF15: 105709.39 | BH15: 11 | BI15: 0 | BJ15: 0
AJ16: 12 | AK16: 0 | AL16: 0 | AM16: 5250 | AP16: 12 | AQ16: 0 | AT16: 12 | AU16: 0 | AV16: 1000 | AW16: 0 | AY16: 12 | AZ16: 0 | BA16: 0 | BC16: 12 | BD16: 0 | BE16: 0 | BF16: 40151.584 | BH16: 12 | BI16: 0 | BJ16: 0
AJ17: 13 | AK17: 1479.8657 | AL17: 3519.9174 | AM17: 5250 | AP17: 13 | AQ17: 1479.8657 | AT17: 13 | AU17: 153.402 | AV17: 1000 | AW17: 945.2869 | AY17: 13 | AZ17: 153.402 | BA17: 2.7891273 | BC17: 13 | BD17: 153.402 | BE17: 2.7891273 | BF17: 145008.9 | BH17: 13 | BI17: 1479.8657 | BJ17: 5209005
AJ18: 14 | AK18: 1769.2537 | AL18: 3445.0019 | AM18: 5250 | AP18: 14 | AQ18: 1769.2537 | AT18: 14 | AU18: 933.478 | AV18: 1000 | AW18: 332.63945 | AY18: 14 | AZ18: 933.478 | BA18: 16.972327 | BC18: 14 | BD18: 933.478 | BE18: 16.972327 | BF18: 310511.61 | BH18: 14 | BI18: 1769.2537 | BJ18: 6095082.5
A19: OSMOSIS INVERSA | AJ19: 15 | AK19: 1769.2537 | AL19: 2354.6863 | AM19: 5250 | AP19: 15 | AQ19: 1769.2537 | AT19: 15 | AU19: 1344.463 | AV19: 1000 | AW19: 234.16839 | AY19: 15 | AZ19: 1344.463 | BA19: 24.444782 | BC19: 15 | BD19: 1344.463 | BE19: 24.444782 | BF19: 314830.74 | BH19: 15 | BI19: 1769.2537 | BJ19: 4166037.5
AJ20: 16 | AK20: 1431.403 | AL20: 3111.0404 | AM20: 5250 | AP20: 16 | AQ20: 1431.403 | AT20: 16 | AU20: 841.253 | AV20: 1000 | AW20: 213.67856 | AY20: 16 | AZ20: 841.253 | BA20: 15.295509 | BC20: 16 | BD20: 841.253 | BE20: 15.295509 | BF20: 179757.73 | BH20: 16 | BI20: 1431.403 | BJ20: 4453152.5
Z21: CONSOLIDADO COSTO TTO - CAUDAL TRATADP RO Vs $M3 | AJ21: 17 | AK21: 1222.4776 | AL21: 1315.1038 | AM21: 5250 | AP21: 17 | AQ21: 1222.4776 | AT21: 17 | AU21: 463.256 | AV21: 1000 | AW21: 221.83035 | AY21: 17 | AZ21: 463.256 | BA21: 8.4228364 | BC21: 17 | BD21: 463.256 | BE21: 8.4228364 | BF21: 102764.24 | BH21: 17 | BI21: 1222.4776 | BJ21: 1607685
AJ22: 18 | AK22: 0 | AL22: 0 | AM22: 5250 | AP22: 18 | AQ22: 0 | AT22: 18 | AU22: 0 | AV22: 1000 | AW22: 0 | AY22: 18 | AZ22: 0 | BA22: 0 | BC22: 18 | BD22: 0 | BE22: 0 | BF22: 4916.7158 | BH22: 18 | BI22: 0 | BJ22: 0
Z23: PANORAMA OPERATIVO RO | AJ23: 19 | AK23: 1857.7164 | AL23: 2724.2115 | AM23: 5250 | AP23: 19 | AQ23: 1857.7164 | AT23: 19 | AU23: 257.335 | AV23: 1000 | AW23: 91 | AY23: 19 | AZ23: 257.335 | BA23: 4.6788182 | BC23: 19 | BD23: 257.335 | BE23: 4.6788182 | BF23: 23417.485 | BH23: 19 | BI23: 1857.7164 | BJ23: 5060812.5
Z24: TOTAL CAUDAL TRATADO RO | AA24: $m3 | AB24: HORAS | AC24: $ HORA DE TRATAMIENTO RO | AD24: $ CONSOLIDADO | AJ24: 20 | AK24: 1592.3284 | AL24: 2348.2594 | AM24: 5250 | AP24: 20 | AQ24: 1592.3284 | AT24: 20 | AU24: 596.75 | AV24: 1000 | AW24: 91 | AY24: 20 | AZ24: 596.75 | BA24: 10.85 | BC24: 20 | BD24: 596.75 | BE24: 10.85 | BF24: 54304.25 | BH24: 20 | BI24: 1592.3284 | BJ24: 3739200
Z25: =+GETPIVOTDATA(" VOLUMEN ENVIADO A RO (m3)",$AT$4) -> 14633.579 | AA25: =+AD25/Z25 -> 200.64992 | AB25: =GETPIVOTDATA("TIEMPO DE OPERACIÓN",$AY$4) -> 257.42341 | AC25: =AD25/AB25 -> 11406.214 | AD25: =GETPIVOTDATA("COSTO QUIMICA ",$BC$4) -> 2936226.5 | AJ25: 21 | AK25: 1592.3284 | AL25: 2707.1913 | AM25: 5250 | AP25: 21 | AQ25: 1592.3284 | AT25: 21 | AU25: 907.615 | AV25: 1000 | AW25: 137.01998 | AY25: 21 | AZ25: 907.615 | BA25: 16.502091 | BC25: 21 | BD25: 907.615 | BE25: 16.502091 | BF25: 124361.39 | BH25: 21 | BI25: 1592.3284 | BJ25: 4310737.5
AJ26: 22 | AK26: 1592.3284 | AL26: 3492.4581 | AM26: 5250 | AP26: 22 | AQ26: 1592.3284 | AT26: 22 | AU26: 878.961 | AV26: 1000 | AW26: 91 | AY26: 22 | AZ26: 878.961 | BA26: 15.981109 | BC26: 22 | BD26: 878.961 | BE26: 15.981109 | BF26: 79985.451 | BH26: 22 | BI26: 1592.3284 | BJ26: 5561140
AJ27: 23 | AK27: 973.08955 | AL27: 4211.4752 | AM27: 5250 | AP27: 23 | AQ27: 973.08955 | AT27: 23 | AU27: 576.231 | AV27: 1000 | AW27: 91 | AY27: 23 | AZ27: 576.231 | BA27: 10.476927 | BC27: 23 | BD27: 576.231 | BE27: 10.476927 | BF27: 52437.021 | BH27: 23 | BI27: 973.08955 | BJ27: 4098142.5
AJ28: 24 | AK28: 796.16418 | AL28: 1418.0429 | AM28: 5250 | AP28: 24 | AQ28: 796.16418 | AT28: 24 | AU28: 0 | AV28: 1000 | AW28: 0 | AY28: 24 | AZ28: 0 | BA28: 0 | BC28: 24 | BD28: 0 | BE28: 0 | BF28: 0 | BH28: 24 | BI28: 796.16418 | BJ28: 1128995
AJ29: 25 | AK29: 0 | AL29: 0 | AM29: 5250 | AP29: 25 | AQ29: 0 | AT29: 25 | AU29: 0 | AV29: 1000 | AW29: 0 | AY29: 25 | AZ29: 0 | BA29: 0 | BC29: 25 | BD29: 0 | BE29: 0 | BF29: 0 | BH29: 25 | BI29: 0 | BJ29: 0
AJ30: 26 | AK30: 884.62687 | AL30: 3644.9097 | AM30: 5250 | AP30: 26 | AQ30: 884.62687 | AT30: 26 | AU30: 442.12 | AV30: 1000 | AW30: 91 | AY30: 26 | AZ30: 442.12 | BA30: 6.316 | BC30: 26 | BD30: 442.12 | BE30: 6.316 | BF30: 40232.92 | BH30: 26 | BI30: 884.62687 | BJ30: 3224385
AJ31: 27 | AK31: 1061.5522 | AL31: 2805.5897 | AM31: 5250 | AP31: 27 | AQ31: 1061.5522 | AT31: 27 | AU31: 640.018 | AV31: 1000 | AW31: 91 | AY31: 27 | AZ31: 640.018 | BA31: 9.6972424 | BC31: 27 | BD31: 640.018 | BE31: 9.6972424 | BF31: 58241.638 | BH31: 27 | BI31: 1061.5522 | BJ31: 2978280
AJ32: 28 | AK32: 1238.4776 | AL32: 1430.906 | AM32: 5250 | AP32: 28 | AQ32: 1238.4776 | AT32: 28 | AU32: 1038.94 | AV32: 1000 | AW32: 91 | AY32: 28 | AZ32: 1038.94 | BA32: 15.983692 | BC32: 28 | BD32: 1038.94 | BE32: 15.983692 | BF32: 94543.54 | BH32: 28 | BI32: 1238.4776 | BJ32: 1772145
AJ33: 29 | AK33: 1326.9403 | AL33: 3113.6065 | AM33: 5250 | AP33: 29 | AQ33: 1326.9403 | AT33: 29 | AU33: 1064.713 | AV33: 1000 | AW33: 91 | AY33: 29 | AZ33: 1064.713 | BA33: 18.728119 | BC33: 29 | BD33: 1064.713 | BE33: 18.728119 | BF33: 96888.883 | BH33: 29 | BI33: 1326.9403 | BJ33: 4131570
AJ34: 30 | AK34: 1326.9403 | AL34: 3113.5707 | AM34: 5250 | AP34: 30 | AQ34: 1326.9403 | AT34: 30 | AU34: 1257.157 | AV34: 1000 | AW34: 91 | AY34: 30 | AZ34: 1257.157 | BA34: 20.952617 | BC34: 30 | BD34: 1257.157 | BE34: 20.952617 | BF34: 114401.29 | BH34: 30 | BI34: 1326.9403 | BJ34: 4131522.5
AJ35: 31 | AK35: 973.08955 | AL35: 3786.3216 | AM35: 5250 | AP35: 31 | AQ35: 973.08955 | AT35: 31 | AU35: 665.323 | AV35: 1000 | AW35: 91 | AY35: 31 | AZ35: 665.323 | BA35: 12.55832 | BC35: 31 | BD35: 665.323 | BE35: 12.55832 | BF35: 60544.393 | BH35: 31 | BI35: 973.08955 | BJ35: 3684430
AJ36: Total general | AK36: 29325 | AL36: 3042.8393 | AM36: 5250 | AP36: Total general | AQ36: 29325 | AT36: Total general | AU36: 14633.579 | AV36: 1000 | AW36: 200.64992 | AY36: Total general | AZ36: 14633.579 | BA36: 257.42341 | BC36: Total general | BD36: 14633.579 | BE36: 257.42341 | BF36: 2936226.5 | BH36: Total general | BI36: 29325 | BJ36: 89231262

Sheet GRAFICAS
V1: FECHA | W1: (Todas) | AD1: FECHA | AE1: (Todas) | AL1: FECHA | AM1: (Todas) | AV1: PRECIO (KG) ACIDO | AW1: PRECIO (KG) COAGULANTE | AX1: PRECIO (KG) DECOLORANTE | AY1: PRECIO (KG) ANIONICO | AZ1: PRECIO (KG) CATIONICO
AV2: 2446 | AW2: 2246 | AX2: 12974 | AY2: 20526 | AZ2: 20450
V3: DIA | W3: COF 494 - PPM POL CATIONICO | X3: COF 440 - PPM POL ANIONICO | Y3: COF 280 - PPM ACIDO | Z3: COF 235 - PPM COAGULANTE | AA3: COF 255 - PPM DECOLORANTE | AB3: INDICADOR $m3 | AD3: DIA | AE3: CONSUMO POL CATIONICO (KG) | AF3: CONSUMO POL ANIONICO (KG) | AG3: CONSUMO LITROS ACIDO (L) | AH3: CONSUMO LITROS COAGULANTE (L) | AI3: CONSUMO LITROS DECOLORANTE (L) | AJ3: INDICADOR $m3 | AL3: DIA | AM3: KG POL CATIONICO | AN3: KG POL ANIONICO | AO3: KG ACIDO | AP3: KG COAGULANTE | AQ3: KG DECOLORANTE | AR3: INDICADOR $m3 | AT3: DIA | AU3: INDICADOR $m3 | AV3: INDICADOR $ACIDO/M3 | AW3: INDICADOR $COAGULANTE/M3 | AX3: INDICADOR $DECOLORANTE/M3 | AY3: INDICADOR $POL ANIONICO/ M3 | AZ3: INDICADOR $POL CATIONICO / M3
P4: COF 255 - DECOLORANTE | V4: 1 | W4: 0 | X4: 0 | Y4: 0 | Z4: 0 | AA4: 0 | AB4: 0 | AD4: 1 | AE4: 0 | AF4: 0 | AG4: 0 | AH4: 0 | AI4: 0 | AJ4: 0 | AL4: 1 | AM4: 0 | AN4: 0 | AO4: 0 | AP4: 0 | AQ4: 0 | AR4: 0 | AT4: 1 | AU4: 0 | AV4: 0 | AW4: 0 | AX4: 0 | AY4: 0 | AZ4: 0
Q5: PPM | R5: L | S5: KG | T5: $ | V5: 2 | W5: 3.0668669 | X5: 3.0668669 | Y5: 196.27948 | Z5: 245.34935 | AA5: 147.20961 | AB5: 2817.0889 | AD5: 2 | AE5: 10 | AF5: 10 | AG5: 160 | AH5: 200 | AI5: 120 | AJ5: 2817.0889 | AL5: 2 | AM5: 10 | AN5: 10 | AO5: 208 | AP5: 265 | AQ5: 150 | AR5: 2817.0889 | AT5: 2 | AU5: 2817.0889 | AV5: 211.78556 | AW5: 942.75487 | AX5: 1158.3556 | AY5: 233.69525 | AZ5: 270.49766
P6: MINIMO | Q6: =_xlfn.MINIFS(AA4:AA34,AA4:AA34,"<>0") -> 25.120447 | R6: =_xlfn.MINIFS(AI4:AI34,AI4:AI34,"<>0") -> 40 | S6: =_xlfn.MINIFS(AQ4:AQ34,AQ4:AQ34,"<>0") -> 50 | T6: =_xlfn.MINIFS(AX4:AX34,AX4:AX34,"<>0") -> 197.66652 | V6: 3 | W6: 0 | X6: 0 | Y6: 298.07585 | Z6: 596.15171 | AA6: 186.29741 | AB6: 4078.2645 | AD6: 3 | AE6: 0 | AF6: 0 | AG6: 80 | AH6: 160 | AI6: 50 | AJ6: 4078.2645 | AL6: 3 | AM6: 0 | AN6: 0 | AO6: 104 | AP6: 212 | AQ6: 62.5 | AR6: 4078.2645 | AT6: 3 | AU6: 4078.2645 | AV6: 321.62385 | AW6: 2290.7129 | AX6: 1465.9277 | AY6: 0 | AZ6: 0
P7: MAXIMO | Q7: =MAX(AA4:AA34) -> 205.53093 | R7: =MAX(AI4:AI34) -> 350 | S7: =MAX(AQ4:AQ34) -> 437.5 | T7: =MAX(AX4:AX34) -> 1617.2715 | V7: 4 | W7: 0 | X7: 0 | Y7: 0 | Z7: 0 | AA7: 0 | AB7: 0 | AD7: 4 | AE7: 0 | AF7: 0 | AG7: 0 | AH7: 0 | AI7: 0 | AJ7: 0 | AL7: 4 | AM7: 0 | AN7: 0 | AO7: 0 | AP7: 0 | AQ7: 0 | AR7: 0 | AT7: 4 | AU7: 0 | AV7: 0 | AW7: 0 | AX7: 0 | AY7: 0 | AZ7: 0
P8: PROMEDIO | Q8: =AVERAGEIF(AA4:AA34,"<>0") -> 132.18519 | R8: =AVERAGEIF(AI4:AI34,"<>0") -> 150.8 | S8: =AVERAGEIF(AQ4:AQ34,"<>0") -> 188.5 | T8: =AVERAGEIF(AX4:AX34,"<>0") -> 1040.1322 | V8: 5 | W8: 2.8781058 | X8: 0 | Y8: 126.63665 | Z8: 218.73604 | AA8: 115.12423 | AB8: 2136.8669 | AD8: 5 | AE8: 10 | AF8: 0 | AG8: 110 | AH8: 190 | AI8: 100 | AJ8: 2136.8669 | AL8: 5 | AM8: 10 | AN8: 0 | AO8: 143 | AP8: 251.75 | AQ8: 125 | AR8: 2136.8669 | AT8: 5 | AU8: 2136.8669 | AV8: 136.64095 | AW8: 840.49323 | AX8: 905.88379 | AY8: 0 | AZ8: 253.84893
P9: TOTAL CONSUMIDO | R9: =GETPIVOTDATA("CONSUMO LITROS DECOLORANTE (L) ",$AD$3) -> 3770 | S9: =GETPIVOTDATA("KG DECOLORANTE ",$AL$3) -> 4712.5 | T9: =S9*AX2 -> 61139975 | V9: 6 | W9: 2.3093574 | X9: 1.1546787 | Y9: 387.97204 | Z9: 461.87148 | AA9: 184.74859 | AB9: 3938.7753 | AD9: 6 | AE9: 10 | AF9: 5 | AG9: 420 | AH9: 500 | AI9: 200 | AJ9: 3938.7753 | AL9: 6 | AM9: 10 | AN9: 5 | AO9: 546 | AP9: 662.5 | AQ9: 250 | AR9: 3938.7753 | AT9: 6 | AU9: 3938.7753 | AV9: 418.62183 | AW9: 1774.7411 | AX9: 1453.7405 | AY9: 87.986516 | AZ9: 203.68532
R10: =+S9/$F$86 -> 0.16069906 | S10: 6468 | V10: 7 | W10: 4.2826461 | X10: 1.4275487 | Y10: 296.93013 | Z10: 799.42728 | AA10: 159.88546 | AB10: 5136.7942 | AD10: 7 | AE10: 15 | AF10: 5 | AG10: 260 | AH10: 700 | AI10: 140 | AJ10: 5136.7942 | AL10: 7 | AM10: 15 | AN10: 5 | AO10: 338 | AP10: 927.5 | AQ10: 175 | AR10: 5136.7942 | AT10: 7 | AU10: 5136.7942 | AV10: 320.38761 | AW10: 3071.7993 | AX10: 1258.0987 | AY10: 108.77921 | AZ10: 377.72939
P11: COF 235 - COAGULANTE | V11: 8 | W11: 3.914344 | X11: 1.3047813 | Y11: 344.46227 | Z11: 574.10379 | AA11: 167.01201 | AB11: 4336.5139 | AD11: 8 | AE11: 15 | AF11: 5 | AG11: 330 | AH11: 550 | AI11: 160 | AJ11: 4336.5139 | AL11: 8 | AM11: 15 | AN11: 5 | AO11: 429 | AP11: 728.75 | AQ11: 200 | AR11: 4336.5139 | AT11: 8 | AU11: 4336.5139 | AV11: 371.67479 | AW11: 2205.9938 | AX11: 1314.1758 | AY11: 99.424338 | AZ11: 345.24514
Q12: PPM | R12: L | S12: KG | T12: $ | V12: 9 | W12: 3.847921 | X12: 1.2826403 | Y12: 215.48357 | Z12: 554.10062 | AA12: 194.96133 | AB12: 4332.8642 | AD12: 9 | AE12: 15 | AF12: 5 | AG12: 210 | AH12: 540 | AI12: 190 | AJ12: 4332.8642 | AL12: 9 | AM12: 15 | AN12: 5 | AO12: 273 | AP12: 715.5 | AQ12: 237.5 | AR12: 4332.8642 | AT12: 9 | AU12: 4332.8642 | AV12: 232.50678 | AW12: 2129.1316 | AX12: 1534.102 | AY12: 97.737193 | AZ12: 339.38663
P13: MINIMO | Q13: =_xlfn.MINIFS(Z4:Z34,Z4:Z34,"<>0") -> 121.11644 | R13: =_xlfn.MINIFS(AH4:AH34,AH4:AH34,"<>0") -> 150 | S13: =_xlfn.MINIFS(AP4:AP34,AP4:AP34,"<>0") -> 198.75 | T13: =_xlfn.MINIFS(AW4:AW34,AW4:AW34,"<>0") -> 465.38992 | V13: 10 | W13: 2.1035314 | X13: 2.1035314 | Y13: 67.313005 | Z13: 269.25202 | AA13: 134.62601 | AB13: 2512.3906 | AD13: 10 | AE13: 5 | AF13: 5 | AG13: 40 | AH13: 160 | AI13: 80 | AJ13: 2512.3906 | AL13: 10 | AM13: 5 | AN13: 5 | AO13: 52 | AP13: 212 | AQ13: 100 | AR13: 2512.3906 | AT13: 10 | AU13: 2512.3906 | AV13: 72.630733 | AW13: 1034.6009 | AX13: 1059.3384 | AY13: 160.28909 | AZ13: 185.53147
P14: MAXIMO | Q14: =MAX(Z4:Z34) -> 799.42728 | R14: =MAX(AH4:AH34) -> 800 | S14: =MAX(AP4:AP34) -> 1060 | T14: =MAX(AW4:AW34) -> 3071.7993 | V14: 11 | W14: 0 | X14: 0 | Y14: 0 | Z14: 0 | AA14: 0 | AB14: 0 | AD14: 11 | AE14: 0 | AF14: 0 | AG14: 0 | AH14: 0 | AI14: 0 | AJ14: 0 | AL14: 11 | AM14: 0 | AN14: 0 | AO14: 0 | AP14: 0 | AQ14: 0 | AR14: 0 | AT14: 11 | AU14: 0 | AV14: 0 | AW14: 0 | AX14: 0 | AY14: 0 | AZ14: 0
P15: PROMEDIO | Q15: =AVERAGEIF(Z4:Z34,"<>0") -> 405.15656 | R15: =AVERAGEIF(AH4:AH34,"<>0") -> 465.2 | S15: =AVERAGEIF(AP4:AP34,"<>0") -> 616.39 | T15: =AVERAGEIF(AW4:AW34,"<>0") -> 1556.8141 | V15: 12 | W15: 0 | X15: 0 | Y15: 0 | Z15: 0 | AA15: 0 | AB15: 0 | AD15: 12 | AE15: 0 | AF15: 0 | AG15: 0 | AH15: 0 | AI15: 0 | AJ15: 0 | AL15: 12 | AM15: 0 | AN15: 0 | AO15: 0 | AP15: 0 | AQ15: 0 | AR15: 0 | AT15: 12 | AU15: 0 | AV15: 0 | AW15: 0 | AX15: 0 | AY15: 0 | AZ15: 0
P16: TOTAL CONSUMIDO | R16: =GETPIVOTDATA("CONSUMO LITROS COAGULANTE (L) ",$AD$3) -> 11630 | S16: =GETPIVOTDATA("KG COAGULANTE ",$AL$3) -> 15409.75 | T16: =S16*AW2 -> 34610298 | V16: 13 | W16: 1.6893425 | X16: 0.84467126 | Y16: 317.59639 | Z16: 439.22905 | AA16: 162.17688 | AB16: 3519.9174 | AD16: 13 | AE16: 10 | AF16: 5 | AG16: 470 | AH16: 650 | AI16: 240 | AJ16: 3519.9174 | AL16: 13 | AM16: 10 | AN16: 5 | AO16: 611 | AP16: 861.25 | AQ16: 300 | AR16: 3519.9174 | AT16: 13 | AU16: 3519.9174 | AV16: 342.68651 | AW16: 1687.7376 | AX16: 1276.1293 | AY16: 64.36395 | AZ16: 149.00001
R17: =+S16/$F$86 -> 0.52548167 | V17: 14 | W17: 2.1195377 | X17: 0.70651257 | Y17: 158.25882 | Z17: 384.34284 | AA17: 197.82352 | AB17: 3445.0019 | AD17: 14 | AE17: 15 | AF17: 5 | AG17: 280 | AH17: 680 | AI17: 350 | AJ17: 3445.0019 | AL17: 14 | AM17: 15 | AN17: 5 | AO17: 364 | AP17: 901 | AQ17: 437.5 | AR17: 3445.0019 | AT17: 14 | AU17: 3445.0019 | AV17: 170.76126 | AW17: 1476.8374 | AX17: 1556.6238 | AY17: 53.836258 | AZ17: 186.94323
P18: COF 280 - ACIDIFICANTE | V18: 15 | W18: 2.1195377 | X18: 0.70651257 | Y18: 113.04201 | Z18: 344.77813 | AA18: 84.781508 | AB18: 2354.6863 | AD18: 15 | AE18: 15 | AF18: 5 | AG18: 200 | AH18: 610 | AI18: 150 | AJ18: 2354.6863 | AL18: 15 | AM18: 15 | AN18: 5 | AO18: 260 | AP18: 808.25 | AQ18: 187.5 | AR18: 2354.6863 | AT18: 15 | AU18: 2354.6863 | AV18: 121.97233 | AW18: 1324.81 | AX18: 667.12449 | AY18: 53.836258 | AZ18: 186.94323
Q19: PPM | R19: L | S19: KG | T19: $ | V19: 16 | W19: 2.6198073 | X19: 0.8732691 | Y19: 146.70921 | Z19: 419.16917 | AA19: 132.7369 | AB19: 3111.0404 | AD19: 16 | AE19: 15 | AF19: 5 | AG19: 210 | AH19: 600 | AI19: 190 | AJ19: 3111.0404 | AL19: 16 | AM19: 15 | AN19: 5 | AO19: 273 | AP19: 795 | AQ19: 237.5 | AR19: 3111.0404 | AT19: 16 | AU19: 3111.0404 | AV19: 158.29924 | AW19: 1610.6575 | AX19: 1044.4735 | AY19: 66.543106 | AZ19: 231.067
P20: MINIMO | Q20: =_xlfn.MINIFS(Y4:Y34,Y4:Y34,"<>0") -> 20.553093 | R20: =_xlfn.MINIFS(AG4:AG34,AG4:AG34,"<>0") -> 20 | S20: =_xlfn.MINIFS(AO4:AO34,AO4:AO34,"<>0") -> 26 | T20: =_xlfn.MINIFS(AV4:AV34,AV4:AV34,"<>0") -> 22.176787 | V20: 17 | W20: 2.0450272 | X20: 1.0225136 | Y20: 155.42207 | Z20: 130.88174 | AA20: 49.080653 | AB20: 1315.1038 | AD20: 17 | AE20: 10 | AF20: 5 | AG20: 190 | AH20: 160 | AI20: 60 | AJ20: 1315.1038 | AL20: 17 | AM20: 10 | AN20: 5 | AO20: 247 | AP20: 212 | AQ20: 75 | AR20: 1315.1038 | AT20: 17 | AU20: 1315.1038 | AV20: 167.70041 | AW20: 502.9131 | AX20: 386.20339 | AY20: 77.915537 | AZ20: 180.3714
P21: MAXIMO | Q21: =MAX(Y4:Y34) -> 387.97204 | R21: =MAX(AG4:AG34) -> 470 | S21: =MAX(AO4:AO34) -> 611 | T21: =MAX(AV4:AV34) -> 418.62183 | V21: 18 | W21: 0 | X21: 0 | Y21: 0 | Z21: 0 | AA21: 0 | AB21: 0 | AD21: 18 | AE21: 0 | AF21: 0 | AG21: 0 | AH21: 0 | AI21: 0 | AJ21: 0 | AL21: 18 | AM21: 0 | AN21: 0 | AO21: 0 | AP21: 0 | AQ21: 0 | AR21: 0 | AT21: 18 | AU21: 0 | AV21: 0 | AW21: 0 | AX21: 0 | AY21: 0 | AZ21: 0
P22: PROMEDIO | Q22: =AVERAGEIF(Y4:Y34,"<>0") -> 181.66744 | R22: =AVERAGEIF(AG4:AG34,"<>0") -> 208 | S22: =AVERAGEIF(AO4:AO34,"<>0") -> 270.4 | T22: =AVERAGEIF(AV4:AV34,"<>0") -> 196.01917 | V22: 19 | W22: 2.0186073 | X22: 0.67286911 | Y22: 161.48859 | Z22: 328.36013 | AA22: 134.57382 | AB22: 2724.2115 | AD22: 19 | AE22: 15 | AF22: 5 | AG22: 300 | AH22: 610 | AI22: 250 | AJ22: 2724.2115 | AL22: 19 | AM22: 15 | AN22: 5 | AO22: 390 | AP22: 808.25 | AQ22: 312.5 | AR22: 2724.2115 | AT22: 19 | AU22: 2724.2115 | AV22: 174.24619 | AW22: 1261.7238 | AX22: 1058.9278 | AY22: 51.272626 | AZ22: 178.04117
P23: TOTAL CONSUMIDO | R23: =GETPIVOTDATA("CONSUMO LITROS ACIDO (L) ",$AD$3) -> 5200 | S23: =GETPIVOTDATA("KG ACIDO ",$AL$3) -> 6760 | T23: =AV2*S23 -> 16534960 | V23: 20 | W23: 1.5700279 | X23: 1.5700279 | Y23: 188.40335 | Z23: 439.60782 | AA23: 25.120447 | AB23: 2348.2594 | AD23: 20 | AE23: 10 | AF23: 10 | AG23: 300 | AH23: 700 | AI23: 40 | AJ23: 2348.2594 | AL23: 20 | AM23: 10 | AN23: 10 | AO23: 390 | AP23: 927.5 | AQ23: 50 | AR23: 2348.2594 | AT23: 20 | AU23: 2348.2594 | AV23: 203.28722 | AW23: 1689.1931 | AX23: 197.66652 | AY23: 119.63613 | AZ23: 138.47646
R24: =+S23/$F$86 -> 0.23052003 | V24: 21 | W24: 2.3550419 | X24: 1.5700279 | Y24: 125.60223 | Z24: 314.00559 | AA24: 131.88235 | AB24: 2707.1913 | AD24: 21 | AE24: 15 | AF24: 10 | AG24: 200 | AH24: 500 | AI24: 210 | AJ24: 2707.1913 | AL24: 21 | AM24: 15 | AN24: 10 | AO24: 260 | AP24: 662.5 | AQ24: 262.5 | AR24: 2707.1913 | AT24: 21 | AU24: 2707.1913 | AV24: 135.52481 | AW24: 1206.5665 | AX24: 1037.7492 | AY24: 119.63613 | AZ24: 207.7147
P25: COF 440 - POLIMERO ANIONICO | V25: 22 | W25: 2.3550419 | X25: 0.78501397 | Y25: 100.48179 | Z25: 502.40894 | AA25: 150.72268 | AB25: 3492.4581 | AD25: 22 | AE25: 15 | AF25: 5 | AG25: 160 | AH25: 800 | AI25: 240 | AJ25: 3492.4581 | AL25: 22 | AM25: 15 | AN25: 5 | AO25: 208 | AP25: 1060 | AQ25: 300 | AR25: 3492.4581 | AT25: 22 | AU25: 3492.4581 | AV25: 108.41985 | AW25: 1930.5063 | AX25: 1185.9991 | AY25: 59.818064 | AZ25: 207.7147
Q26: PPM | R26: KG | S26: $ | V26: 23 | W26: 3.8537049 | X26: 2.5691366 | Y26: 20.553093 | Z26: 719.35825 | AA26: 113.04201 | AB26: 4211.4752 | AD26: 23 | AE26: 15 | AF26: 10 | AG26: 20 | AH26: 700 | AI26: 110 | AJ26: 4211.4752 | AL26: 23 | AM26: 15 | AN26: 10 | AO26: 26 | AP26: 927.5 | AQ26: 137.5 | AR26: 4211.4752 | AT26: 23 | AU26: 4211.4752 | AV26: 22.176787 | AW26: 2764.1341 | AX26: 889.49933 | AY26: 195.76821 | AZ26: 339.89677
P27: MINIMO | Q27: =_xlfn.MINIFS(X4:X34,X4:X34,"<>0") -> 0.67286911 | R27: =_xlfn.MINIFS(AN4:AN34,AN4:AN34,"<>0") -> 5 | S27: =_xlfn.MINIFS(AY4:AY34,AY4:AY34,"<>0") -> 51.272626 | V27: 24 | W27: 1.5700279 | X27: 1.5700279 | Y27: 37.68067 | Z27: 188.40335 | AA27: 50.240894 | AB27: 1418.0429 | AD27: 24 | AE27: 5 | AF27: 5 | AG27: 30 | AH27: 150 | AI27: 40 | AJ27: 1418.0429 | AL27: 24 | AM27: 5 | AN27: 5 | AO27: 39 | AP27: 198.75 | AQ27: 50 | AR27: 1418.0429 | AT27: 24 | AU27: 1418.0429 | AV27: 40.657443 | AW27: 723.93988 | AX27: 395.33303 | AY27: 119.63613 | AZ27: 138.47646
P28: MAXIMO | Q28: =MAX(X4:X34) -> 3.0668669 | R28: =MAX(AN4:AN34) -> 10 | S28: =MAX(AY4:AY34) -> 233.69525 | V28: 25 | W28: 0 | X28: 0 | Y28: 0 | Z28: 0 | AA28: 0 | AB28: 0 | AD28: 25 | AE28: 0 | AF28: 0 | AG28: 0 | AH28: 0 | AI28: 0 | AJ28: 0 | AL28: 25 | AM28: 0 | AN28: 0 | AO28: 0 | AP28: 0 | AQ28: 0 | AR28: 0 | AT28: 25 | AU28: 0 | AV28: 0 | AW28: 0 | AX28: 0 | AY28: 0 | AZ28: 0
P29: PROMEDIO | Q29: =AVERAGEIF(X4:X34,"<>0") -> 1.3964617 | R29: =AVERAGEIF(AN4:AN34,"<>0") -> 6.3043478 | S29: =AVERAGEIF(AY4:AY34,"<>0") -> 106.41038 | V29: 26 | W29: 2.8260503 | X29: 1.4130251 | Y29: 158.25882 | Z29: 440.86384 | AA29: 180.86722 | AB29: 3644.9097 | AD29: 26 | AE29: 10 | AF29: 5 | AG29: 140 | AH29: 390 | AI29: 160 | AJ29: 3644.9097 | AL29: 26 | AM29: 10 | AN29: 5 | AO29: 182 | AP29: 516.75 | AQ29: 200 | AR29: 3644.9097 | AT29: 26 | AU29: 3644.9097 | AV29: 170.76126 | AW29: 1694.0193 | AX29: 1423.1989 | AY29: 107.67252 | AZ29: 249.25763
P30: TOTAL CONSUMIDO | R30: =GETPIVOTDATA("KG POL ANIONICO ",$AL$3) -> 145 | S30: =R30*AY2 -> 2976270 | V30: 27 | W30: 3.5325628 | X30: 2.3550419 | Y30: 113.04201 | Z30: 339.12603 | AA30: 113.04201 | AB30: 2805.5897 | AD30: 27 | AE30: 15 | AF30: 10 | AG30: 120 | AH30: 360 | AI30: 120 | AJ30: 2805.5897 | AL30: 27 | AM30: 15 | AN30: 10 | AO30: 156 | AP30: 477 | AQ30: 150 | AR30: 2805.5897 | AT30: 27 | AU30: 2805.5897 | AV30: 121.97233 | AW30: 1303.0918 | AX30: 889.49933 | AY30: 179.45419 | AZ30: 311.57204
Q31: =+R30/$F$86 -> 0.0049445865 | V31: 28 | W31: 3.027911 | X31: 1.0093037 | Y31: 104.96758 | Z31: 121.11644 | AA31: 64.595435 | AB31: 1430.906 | AD31: 28 | AE31: 15 | AF31: 5 | AG31: 130 | AH31: 150 | AI31: 80 | AJ31: 1430.906 | AL31: 28 | AM31: 15 | AN31: 5 | AO31: 169 | AP31: 198.75 | AQ31: 100 | AR31: 1430.906 | AT31: 28 | AU31: 1430.906 | AV31: 113.26002 | AW31: 465.38992 | AX31: 508.28533 | AY31: 76.90894 | AZ31: 267.06175
P32: COF 494 - POLIMERO CATIONICO | V32: 29 | W32: 2.8260503 | X32: 0.94201676 | Y32: 211.01175 | Z32: 482.31258 | AA32: 90.433609 | AB32: 3113.6065 | AD32: 29 | AE32: 15 | AF32: 5 | AG32: 280 | AH32: 640 | AI32: 120 | AJ32: 3113.6065 | AL32: 29 | AM32: 15 | AN32: 5 | AO32: 364 | AP32: 848 | AQ32: 150 | AR32: 3113.6065 | AT32: 29 | AU32: 3113.6065 | AV32: 227.68168 | AW32: 1853.2861 | AX32: 711.59946 | AY32: 71.781677 | AZ32: 249.25763
Q33: PPM | R33: KG | S33: $ | V33: 30 | W33: 2.8260503 | X33: 1.8840335 | Y33: 218.54789 | Z33: 384.34284 | AA33: 128.11428 | AB33: 3113.5707 | AD33: 30 | AE33: 15 | AF33: 10 | AG33: 290 | AH33: 510 | AI33: 170 | AJ33: 3113.5707 | AL33: 30 | AM33: 15 | AN33: 10 | AO33: 377 | AP33: 675.75 | AQ33: 212.5 | AR33: 3113.5707 | AT33: 30 | AU33: 3113.5707 | AV33: 235.81317 | AW33: 1476.8374 | AX33: 1008.0992 | AY33: 143.56335 | AZ33: 249.25763
P34: MINIMO | Q34: =_xlfn.MINIFS(W4:W34,W4:W34,"<>0") -> 1.2845683 | R34: =_xlfn.MINIFS(AM4:AM34,AM4:AM34,"<>0") -> 5 | S34: =_xlfn.MINIFS(AZ4:AZ34,AZ4:AZ34,"<>0") -> 113.29892 | V34: 31 | W34: 1.2845683 | X34: 1.2845683 | Y34: 277.46675 | Z34: 431.61495 | AA34: 205.53093 | AB34: 3786.3216 | AD34: 31 | AE34: 5 | AF34: 5 | AG34: 270 | AH34: 420 | AI34: 200 | AJ34: 3786.3216 | AL34: 31 | AM34: 5 | AN34: 5 | AO34: 351 | AP34: 556.5 | AQ34: 250 | AR34: 3786.3216 | AT34: 31 | AU34: 3786.3216 | AV34: 299.38663 | AW34: 1658.4805 | AX34: 1617.2715 | AY34: 97.884105 | AZ34: 113.29892
P35: MAXIMO | Q35: =MAX(W4:W34) -> 4.2826461 | R35: =MAX(AM4:AM34) -> 15 | S35: =MAX(AZ4:AZ34) -> 377.72939 | V35: Total general | W35: 2.514919 | X35: 1.2361466 | Y35: 177.3231 | Z35: 396.58994 | AA35: 128.55925 | AB35: 3042.8393 | AD35: Total general | AE35: 295 | AF35: 145 | AG35: 5200 | AH35: 11630 | AI35: 3770 | AJ35: 3042.8393 | AL35: Total general | AM35: 295 | AN35: 145 | AO35: 6760 | AP35: 15409.75 | AQ35: 4712.5 | AR35: 3042.8393 | AT35: Total general | AU35: 3042.8393 | AV35: 191.33163 | AW35: 1523.8968 | AX35: 1011.6006 | AY35: 94.194373 | AZ35: 221.81586
P36: PROMEDIO | Q36: =AVERAGEIF(W4:W34,"<>0") -> 2.6267362 | R36: =AVERAGEIF(AM4:AM34,"<>0") -> 12.291667 | S36: =AVERAGEIF(AZ4:AZ34,"<>0") -> 231.67814
P37: TOTAL CONSUMIDO | R37: =GETPIVOTDATA("KG POL CATIONICO ",$AL$3) -> 295 | S37: =R37*AZ2 -> 6032750
Q38: =+R37/$F$86 -> 0.010059676
B80: REMOCIÓN DQO mg/L
B81: DQO INICIAL (mg/L) | C81: DQO SALIDA (mg/L) | D81: DQO REMOMOVIDA (mg/L) | E81: KG REMOVIDOS DQO / M3 | F81: M3 TRATADOS | G81: TOTAL KG DQO REMOVIDOS | H81: $TRATAMIENTO | I81: $ REMOVER KG DQO
B82: =E97 -> 1464 | C82: =+F97 -> 721.11111 | D82: =+B82-C82 -> 742.88889 | E82: =(D82/1000000)*1000 -> 0.74288889 | F82: ='DB QUIMICA'!Z8 -> 29325 | G82: =+F82*E82 -> 21785.217 | H82: ='DB QUIMICA'!AD8 -> 89231262 | I82: =H82/G82 -> 4095.9548
D84: REMOCIÓN SST mg/L
D85: TOTAL KG SST REMOVIDOS | E85: KG REMOVIDOS SST / M3 | F85: M3 TRATADOS | G85: $TRATAMIENTO | H85: $ REMOVER KG SST
D86: 477151 | E86: =+D86/F86 -> 16.271134 | F86: 29325 | G86: =H82 -> 89231262 | H86: =G86/D86 -> 187.00844
B91: KPIs | E91: ENTRADA GEM | F91: SALIDA GEM
B92: COLOR
B93: PROMEDIO | E93: 5988.194 | F93: 797.32836
B94: PERCENTIL 90 | E94: 7929 | F94: 1235
B95: INDICE DE ESTABILIDAD DEL AFLUENTE - EFLUENTE (CV%) | E95: 0.2425999 | F95: 0.4384995
B96: DQO
B97: PROMEDIO | E97: 1464 | F97: 721.11111
B98: PERCENTIL 90 | E98: 1673 | F98: 966
B99: INDICE DE ESTABILIDAD DEL AFLUENTE - EFLUENTE (CV%) | E99: 0.11079532 | F99: 0.18195821
B100: CARGA REMOVIDA KG/DIA DQO | E100: =+G82 -> 21785.217
B101: SST
B102: PROMEDIO | E102: 630.82353 | F102: 31
B103: PERCENTIL 90 | E103: 947.4 | F103: 61.3
B104: INDICE DE ESTABILIDAD DEL AFLUENTE - EFLUENTE (CV%) | E104: 0.557381 | F104: 0.54873997
B105: CARGA REMOVIDA KG/DIA SST | E105: =+D86/G106 -> 19086.04
G106: 25

Sheet CONSUMO QUÍMICA-CAUDALES GEM  
A1: CONSOLIDADO CONSUMO DIARIO QUÍMICA (Litros)
B2: DIAS
A3: PRODUCTOS QUÍMICOS | B3: 1 | C3: 2 | D3: 3 | E3: 4 | F3: 5 | G3: 6 | H3: 7 | I3: 8 | J3: 9 | K3: 10 | L3: 11 | M3: 12 | N3: 13 | O3: 14 | P3: 15 | Q3: 16 | R3: 17 | S3: 18 | T3: 19 | U3: 20 | V3: 21 | W3: 22 | X3: 23 | Y3: 24 | Z3: 25 | AA3: 26 | AB3: 27 | AC3: 28 | AD3: 29 | AE3: 30 | AF3: 31 | AG3: Total general
A4: COF 280 ACIDO (L) | B4: 0 | C4: 160 | D4: 80 | E4: 0 | F4: 110 | G4: 420 | H4: 260 | I4: 330 | J4: 210 | K4: 40 | L4: 0 | M4: 0 | N4: 470 | O4: 280 | P4: 200 | Q4: 210 | R4: 190 | S4: 0 | T4: 300 | U4: 300 | V4: 200 | W4: 160 | X4: 20 | Y4: 30 | Z4: 0 | AA4: 140 | AB4: 120 | AC4: 130 | AD4: 280 | AE4: 290 | AF4: 270 | AG4: 5200
A5: COF 235 COAGULANTE (L) | B5: 0 | C5: 200 | D5: 160 | E5: 0 | F5: 190 | G5: 500 | H5: 700 | I5: 550 | J5: 540 | K5: 160 | L5: 0 | M5: 0 | N5: 650 | O5: 680 | P5: 610 | Q5: 600 | R5: 160 | S5: 0 | T5: 610 | U5: 700 | V5: 500 | W5: 800 | X5: 700 | Y5: 150 | Z5: 0 | AA5: 390 | AB5: 360 | AC5: 150 | AD5: 640 | AE5: 510 | AF5: 420 | AG5: 11630
A6: COF 255 DECOLORANTE (L) | B6: 0 | C6: 120 | D6: 50 | E6: 0 | F6: 100 | G6: 200 | H6: 140 | I6: 160 | J6: 190 | K6: 80 | L6: 0 | M6: 0 | N6: 240 | O6: 350 | P6: 150 | Q6: 190 | R6: 60 | S6: 0 | T6: 250 | U6: 40 | V6: 210 | W6: 240 | X6: 110 | Y6: 40 | Z6: 0 | AA6: 160 | AB6: 120 | AC6: 80 | AD6: 120 | AE6: 170 | AF6: 200 | AG6: 3770
A7: COF 440 POL ANIONICO (KG) | B7: 0 | C7: 10 | D7: 0 | E7: 0 | F7: 0 | G7: 5 | H7: 5 | I7: 5 | J7: 5 | K7: 5 | L7: 0 | M7: 0 | N7: 5 | O7: 5 | P7: 5 | Q7: 5 | R7: 5 | S7: 0 | T7: 5 | U7: 10 | V7: 10 | W7: 5 | X7: 10 | Y7: 5 | Z7: 0 | AA7: 5 | AB7: 10 | AC7: 5 | AD7: 5 | AE7: 10 | AF7: 5 | AG7: 145
A8: COF 494 POL CATIONICO (KG) | B8: 0 | C8: 10 | D8: 0 | E8: 0 | F8: 10 | G8: 10 | H8: 15 | I8: 15 | J8: 15 | K8: 5 | L8: 0 | M8: 0 | N8: 10 | O8: 15 | P8: 15 | Q8: 15 | R8: 10 | S8: 0 | T8: 15 | U8: 10 | V8: 15 | W8: 15 | X8: 15 | Y8: 5 | Z8: 0 | AA8: 10 | AB8: 15 | AC8: 15 | AD8: 15 | AE8: 15 | AF8: 5 | AG8: 295
A9: CAUDAL TOTAL TRATADO GEM | B9: 0 | C9: 815.16418 | D9: 268.38806 | E9: 0 | F9: 868.62687 | G9: 1082.5522 | H9: 875.62687 | I9: 958.01493 | J9: 974.55224 | K9: 594.23881 | L9: 0 | M9: 0 | N9: 1479.8657 | O9: 1769.2537 | P9: 1769.2537 | Q9: 1431.403 | R9: 1222.4776 | S9: 0 | T9: 1857.7164 | U9: 1592.3284 | V9: 1592.3284 | W9: 1592.3284 | X9: 973.08955 | Y9: 796.16418 | Z9: 0 | AA9: 884.62687 | AB9: 1061.5522 | AC9: 1238.4776 | AD9: 1326.9403 | AE9: 1326.9403 | AF9: 973.08955 | AG9: 29325
A10: INDICADOR $m3 | B10: 0 | C10: 2817.0889 | D10: 4078.2645 | E10: 0 | F10: 2136.8669 | G10: 3938.7753 | H10: 5136.7942 | I10: 4336.5139 | J10: 4332.8642 | K10: 2512.3906 | L10: 0 | M10: 0 | N10: 3519.9174 | O10: 3445.0019 | P10: 2354.6863 | Q10: 3111.0404 | R10: 1315.1038 | S10: 0 | T10: 2724.2115 | U10: 2348.2594 | V10: 2707.1913 | W10: 3492.4581 | X10: 4211.4752 | Y10: 1418.0429 | Z10: 0 | AA10: 3644.9097 | AB10: 2805.5897 | AC10: 1430.906 | AD10: 3113.6065 | AE10: 3113.5707 | AF10: 3786.3216 | AG10: 3042.8393
A12: CONSOLIDADO CONSUMO DIARIO QUÍMICA (Kg)
B13: DIAS
A14: PRODUCTOS QUÍMICOS | B14: 1 | C14: 2 | D14: 3 | E14: 4 | F14: 5 | G14: 6 | H14: 7 | I14: 8 | J14: 9 | K14: 10 | L14: 11 | M14: 12 | N14: 13 | O14: 14 | P14: 15 | Q14: 16 | R14: 17 | S14: 18 | T14: 19 | U14: 20 | V14: 21 | W14: 22 | X14: 23 | Y14: 24 | Z14: 25 | AA14: 26 | AB14: 27 | AC14: 28 | AD14: 29 | AE14: 30 | AF14: 31 | AG14: Total general
A15: COF 280 - KG ACIDO | B15: 0 | C15: 208 | D15: 104 | E15: 0 | F15: 143 | G15: 546 | H15: 338 | I15: 429 | J15: 273 | K15: 52 | L15: 0 | M15: 0 | N15: 611 | O15: 364 | P15: 260 | Q15: 273 | R15: 247 | S15: 0 | T15: 390 | U15: 390 | V15: 260 | W15: 208 | X15: 26 | Y15: 39 | Z15: 0 | AA15: 182 | AB15: 156 | AC15: 169 | AD15: 364 | AE15: 377 | AF15: 351 | AG15: 6760
A16: COF 235 - KG COAGULANTE | B16: 0 | C16: 265 | D16: 212 | E16: 0 | F16: 251.75 | G16: 662.5 | H16: 927.5 | I16: 728.75 | J16: 715.5 | K16: 212 | L16: 0 | M16: 0 | N16: 861.25 | O16: 901 | P16: 808.25 | Q16: 795 | R16: 212 | S16: 0 | T16: 808.25 | U16: 927.5 | V16: 662.5 | W16: 1060 | X16: 927.5 | Y16: 198.75 | Z16: 0 | AA16: 516.75 | AB16: 477 | AC16: 198.75 | AD16: 848 | AE16: 675.75 | AF16: 556.5 | AG16: 15409.75
A17: COF 255 - KG DECOLORANTE | B17: 0 | C17: 150 | D17: 62.5 | E17: 0 | F17: 125 | G17: 250 | H17: 175 | I17: 200 | J17: 237.5 | K17: 100 | L17: 0 | M17: 0 | N17: 300 | O17: 437.5 | P17: 187.5 | Q17: 237.5 | R17: 75 | S17: 0 | T17: 312.5 | U17: 50 | V17: 262.5 | W17: 300 | X17: 137.5 | Y17: 50 | Z17: 0 | AA17: 200 | AB17: 150 | AC17: 100 | AD17: 150 | AE17: 212.5 | AF17: 250 | AG17: 4712.5
A18: COF 440 - KG POL ANIONICO | B18: 0 | C18: 10 | D18: 0 | E18: 0 | F18: 0 | G18: 5 | H18: 5 | I18: 5 | J18: 5 | K18: 5 | L18: 0 | M18: 0 | N18: 5 | O18: 5 | P18: 5 | Q18: 5 | R18: 5 | S18: 0 | T18: 5 | U18: 10 | V18: 10 | W18: 5 | X18: 10 | Y18: 5 | Z18: 0 | AA18: 5 | AB18: 10 | AC18: 5 | AD18: 5 | AE18: 10 | AF18: 5 | AG18: 145
A19: COF 494 - KG POL CATIONICO | B19: 0 | C19: 10 | D19: 0 | E19: 0 | F19: 10 | G19: 10 | H19: 15 | I19: 15 | J19: 15 | K19: 5 | L19: 0 | M19: 0 | N19: 10 | O19: 15 | P19: 15 | Q19: 15 | R19: 10 | S19: 0 | T19: 15 | U19: 10 | V19: 15 | W19: 15 | X19: 15 | Y19: 5 | Z19: 0 | AA19: 10 | AB19: 15 | AC19: 15 | AD19: 15 | AE19: 15 | AF19: 5 | AG19: 295
A20: CAUDAL TOTAL TRATADO GEM | B20: 0 | C20: 815.16418 | D20: 268.38806 | E20: 0 | F20: 868.62687 | G20: 1082.5522 | H20: 875.62687 | I20: 958.01493 | J20: 974.55224 | K20: 594.23881 | L20: 0 | M20: 0 | N20: 1479.8657 | O20: 1769.2537 | P20: 1769.2537 | Q20: 1431.403 | R20: 1222.4776 | S20: 0 | T20: 1857.7164 | U20: 1592.3284 | V20: 1592.3284 | W20: 1592.3284 | X20: 973.08955 | Y20: 796.16418 | Z20: 0 | AA20: 884.62687 | AB20: 1061.5522 | AC20: 1238.4776 | AD20: 1326.9403 | AE20: 1326.9403 | AF20: 973.08955 | AG20: 29325
A21: INDICADOR $m3 | B21: #DIV/0! | C21: 2817.0889 | D21: 4078.2645 | E21: #DIV/0! | F21: 2136.8669 | G21: 3938.7753 | H21: 5136.7942 | I21: 4336.5139 | J21: 4332.8642 | K21: 2512.3906 | L21: #DIV/0! | M21: #DIV/0! | N21: 3519.9174 | O21: 3445.0019 | P21: 2354.6863 | Q21: 3111.0404 | R21: 1315.1038 | S21: #DIV/0! | T21: 2724.2115 | U21: 2348.2594 | V21: 2707.1913 | W21: 3492.4581 | X21: 4211.4752 | Y21: 1418.0429 | Z21: #DIV/0! | AA21: 3644.9097 | AB21: 2805.5897 | AC21: 1430.906 | AD21: 3113.6065 | AE21: 3113.5707 | AF21: 3786.3216 | AG21: 3042.8393
A24: CONSOLIDADO DOSIFICACIÓN QUÍMICA PPM (mg/L)
B25: DIAS
A26: PRODUCTOS QUÍMICOS | B26: 1 | C26: 2 | D26: 3 | E26: 4 | F26: 5 | G26: 6 | H26: 7 | I26: 8 | J26: 9 | K26: 10 | L26: 11 | M26: 12 | N26: 13 | O26: 14 | P26: 15 | Q26: 16 | R26: 17 | S26: 18 | T26: 19 | U26: 20 | V26: 21 | W26: 22 | X26: 23 | Y26: 24 | Z26: 25 | AA26: 26 | AB26: 27 | AC26: 28 | AD26: 29 | AE26: 30 | AF26: 31
A27: COF 280 - PPM ACIDO | B27: #DIV/0! | C27: 196.27948 | D27: 298.07585 | E27: #DIV/0! | F27: 126.63665 | G27: 387.97204 | H27: 296.93013 | I27: 344.46227 | J27: 215.48357 | K27: 67.313005 | L27: #DIV/0! | M27: #DIV/0! | N27: 317.59639 | O27: 158.25882 | P27: 113.04201 | Q27: 146.70921 | R27: 155.42207 | S27: #DIV/0! | T27: 161.48859 | U27: 188.40335 | V27: 125.60223 | W27: 100.48179 | X27: 20.553093 | Y27: 37.68067 | Z27: #DIV/0! | AA27: 158.25882 | AB27: 113.04201 | AC27: 104.96758 | AD27: 211.01175 | AE27: 218.54789 | AF27: 277.46675
A28: COF 235 - PPM COAGULANTE | B28: #DIV/0! | C28: 245.34935 | D28: 596.15171 | E28: #DIV/0! | F28: 218.73604 | G28: 461.87148 | H28: 799.42728 | I28: 574.10379 | J28: 554.10062 | K28: 269.25202 | L28: #DIV/0! | M28: #DIV/0! | N28: 439.22905 | O28: 384.34284 | P28: 344.77813 | Q28: 419.16917 | R28: 130.88174 | S28: #DIV/0! | T28: 328.36013 | U28: 439.60782 | V28: 314.00559 | W28: 502.40894 | X28: 719.35825 | Y28: 188.40335 | Z28: #DIV/0! | AA28: 440.86384 | AB28: 339.12603 | AC28: 121.11644 | AD28: 482.31258 | AE28: 384.34284 | AF28: 431.61495
A29: COF 255 - PPM DECOLORANTE | B29: #DIV/0! | C29: 147.20961 | D29: 186.29741 | E29: #DIV/0! | F29: 115.12423 | G29: 184.74859 | H29: 159.88546 | I29: 167.01201 | J29: 194.96133 | K29: 134.62601 | L29: #DIV/0! | M29: #DIV/0! | N29: 162.17688 | O29: 197.82352 | P29: 84.781508 | Q29: 132.7369 | R29: 49.080653 | S29: #DIV/0! | T29: 134.57382 | U29: 25.120447 | V29: 131.88235 | W29: 150.72268 | X29: 113.04201 | Y29: 50.240894 | Z29: #DIV/0! | AA29: 180.86722 | AB29: 113.04201 | AC29: 64.595435 | AD29: 90.433609 | AE29: 128.11428 | AF29: 205.53093
A30: COF 440 - PPM POL ANIONICO | B30: #DIV/0! | C30: 3.0668669 | D30: 0 | E30: #DIV/0! | F30: 0 | G30: 1.1546787 | H30: 1.4275487 | I30: 1.3047813 | J30: 1.2826403 | K30: 2.1035314 | L30: #DIV/0! | M30: #DIV/0! | N30: 0.84467126 | O30: 0.70651257 | P30: 0.70651257 | Q30: 0.8732691 | R30: 1.0225136 | S30: #DIV/0! | T30: 0.67286911 | U30: 1.5700279 | V30: 1.5700279 | W30: 0.78501397 | X30: 2.5691366 | Y30: 1.5700279 | Z30: #DIV/0! | AA30: 1.4130251 | AB30: 2.3550419 | AC30: 1.0093037 | AD30: 0.94201676 | AE30: 1.8840335 | AF30: 1.2845683
A31: COF 494 - PPM POL CATIONICO | B31: #DIV/0! | C31: 3.0668669 | D31: 0 | E31: #DIV/0! | F31: 2.8781058 | G31: 2.3093574 | H31: 4.2826461 | I31: 3.914344 | J31: 3.847921 | K31: 2.1035314 | L31: #DIV/0! | M31: #DIV/0! | N31: 1.6893425 | O31: 2.1195377 | P31: 2.1195377 | Q31: 2.6198073 | R31: 2.0450272 | S31: #DIV/0! | T31: 2.0186073 | U31: 1.5700279 | V31: 2.3550419 | W31: 2.3550419 | X31: 3.8537049 | Y31: 1.5700279 | Z31: #DIV/0! | AA31: 2.8260503 | AB31: 3.5325628 | AC31: 3.027911 | AD31: 2.8260503 | AE31: 2.8260503 | AF31: 1.2845683
A32: CAUDAL TOTAL TRATADO GEM | B32: 0 | C32: 815.16418 | D32: 268.38806 | E32: 0 | F32: 868.62687 | G32: 1082.5522 | H32: 875.62687 | I32: 958.01493 | J32: 974.55224 | K32: 594.23881 | L32: 0 | M32: 0 | N32: 1479.8657 | O32: 1769.2537 | P32: 1769.2537 | Q32: 1431.403 | R32: 1222.4776 | S32: 0 | T32: 1857.7164 | U32: 1592.3284 | V32: 1592.3284 | W32: 1592.3284 | X32: 973.08955 | Y32: 796.16418 | Z32: 0 | AA32: 884.62687 | AB32: 1061.5522 | AC32: 1238.4776 | AD32: 1326.9403 | AE32: 1326.9403 | AF32: 973.08955
A33: INDICADOR $m3 | B33: #DIV/0! | C33: 2817.0889 | D33: 4078.2645 | E33: #DIV/0! | F33: 2136.8669 | G33: 3938.7753 | H33: 5136.7942 | I33: 4336.5139 | J33: 4332.8642 | K33: 2512.3906 | L33: #DIV/0! | M33: #DIV/0! | N33: 3519.9174 | O33: 3445.0019 | P33: 2354.6863 | Q33: 3111.0404 | R33: 1315.1038 | S33: #DIV/0! | T33: 2724.2115 | U33: 2348.2594 | V33: 2707.1913 | W33: 3492.4581 | X33: 4211.4752 | Y33: 1418.0429 | Z33: #DIV/0! | AA33: 3644.9097 | AB33: 2805.5897 | AC33: 1430.906 | AD33: 3113.6065 | AE33: 3113.5707 | AF33: 3786.3216
B35: DIAS
B36: 1 | C36: 2 | D36: 3 | E36: 4 | F36: 5 | G36: 6 | H36: 7 | I36: 8 | J36: 9 | K36: 10 | L36: 11 | M36: 12 | N36: 13 | O36: 14 | P36: 15 | Q36: 16 | R36: 17 | S36: 18 | T36: 19 | U36: 20 | V36: 21 | W36: 22 | X36: 23 | Y36: 24 | Z36: 25 | AA36: 26 | AB36: 27 | AC36: 28 | AD36: 29 | AE36: 30 | AF36: 31 | AG36: Total general
A37: CAUDAL TOTAL TRATADO GEM | B37: 0 | C37: 815.16418 | D37: 268.38806 | E37: 0 | F37: 868.62687 | G37: 1082.5522 | H37: 875.62687 | I37: 958.01493 | J37: 974.55224 | K37: 594.23881 | L37: 0 | M37: 0 | N37: 1479.8657 | O37: 1769.2537 | P37: 1769.2537 | Q37: 1431.403 | R37: 1222.4776 | S37: 0 | T37: 1857.7164 | U37: 1592.3284 | V37: 1592.3284 | W37: 1592.3284 | X37: 973.08955 | Y37: 796.16418 | Z37: 0 | AA37: 884.62687 | AB37: 1061.5522 | AC37: 1238.4776 | AD37: 1326.9403 | AE37: 1326.9403 | AF37: 973.08955 | AG37: 29325

Sheet INVENTARIO INSUMOS QUÍMICOS GEM
B2: PRODUCTOS QUÍMICOS | C2: Densidad (g/ml) | D2: INVENTARIO INICIO DE MES | F2: CONSOLIDADO CONSUMO QUÍMICA MENSUAL | H2: TOTAL SUMINISTRO QUÍMICOS (PROVEEDOR) | J2: INVENTARIO ACTUALIZADO | L2: TOTAL EXTRA PROVEDOR | N2: INVENTARIO ACTUALIZADO REAL
D3: Litros | E3: Kg | F3: Litros | G3: Kg | H3: Litros | I3: Kg | J3: Litros | K3: Kg | L3: Litros | M3: Kg | N3: Litros | O3: Kg
B4: Ácido COF280 | C4: 1.24 | D4: 1.500 | E4: =D4*C4 -> 1860 | F4: =GETPIVOTDATA("COF 280 ACIDO (L)",'CONSUMO QUÍMICA-CAUDALES GEM '!$A$2) -> 5200 | G4: =GETPIVOTDATA("COF 280 - KG ACIDO",'CONSUMO QUÍMICA-CAUDALES GEM '!$A$13) -> 6760 | H4: =(+C15+E15+G15+I15+K15+M15+O15+Q15+S15) -> 8387.1613 | I4: =H4*C4 -> 10400.08 | J4: =(D4+H4)-F4 -> 4687.1613 | K4: =J4*$C4 -> 5812.08 | L4: =97+48+97 -> 242 | M4: =L4*$C4 -> 300.08 | N4: =J4-L4-1000 -> 3445.1613 | O4: =N4*$C4 -> 4272
B5: Coagulante COF235 | C5: 1.325 | D5: 3500 | E5: =D5*C5 -> 4637.5 | F5: =GETPIVOTDATA("COF 235 COAGULANTE (L)",'CONSUMO QUÍMICA-CAUDALES GEM '!$A$2) -> 11630 | G5: =GETPIVOTDATA("COF 235 - KG COAGULANTE",'CONSUMO QUÍMICA-CAUDALES GEM '!$A$13) -> 15409.75 | H5: =(+C16+E16+G16+I16+K16+M16+O16+Q16+S16) -> 13000 | I5: =H5*C5 -> 17225 | J5: =(D5+H5)-F5 -> 4870 | K5: =J5*$C5 -> 6452.75 | L5: 0 | M5: =L5*$C5 -> 0 | N5: =J5-L5 -> 4870 | O5: =N5*$C5 -> 6452.75
B6: Decolorante COF255 | C6: 1.1 | D6: 420 | E6: =D6*C6 -> 462 | F6: =GETPIVOTDATA("COF 255 DECOLORANTE (L)",'CONSUMO QUÍMICA-CAUDALES GEM '!$A$2) -> 3770 | G6: =GETPIVOTDATA("COF 255 - KG DECOLORANTE ",'CONSUMO QUÍMICA-CAUDALES GEM '!$A$13) -> 4712.5 | H6: =(+C17+E17+G17+I17+K17+M17+O17+Q17+S17) -> 7681.7273 | I6: =H6*C6 -> 8449.9 | J6: =(D6+H6)-F6 -> 4331.7273 | K6: =J6*$C6 -> 4764.9 | L6: =273+273+273+409+136 -> 1364 | M6: =L6*$C6 -> 1500.4 | N6: =J6-L6 -> 2967.7273 | O6: =N6*$C6 -> 3264.5
B7: Polimero COF440 (Aniónico) | C7: 0.0025 | D7: 140 | E7: =D7*C7 -> 0.35 | F7: =(GETPIVOTDATA("COF 440 POL ANIONICO (KG)",'CONSUMO QUÍMICA-CAUDALES GEM '!$A$2)/C7) -> 58000 | G7: =GETPIVOTDATA("COF 440 - KG POL ANIONICO ",'CONSUMO QUÍMICA-CAUDALES GEM '!$A$13) -> 145 | H7: =(+C18+E18+G18+I18+K18+M18+O18+Q18+S18) -> 30000 | I7: =H7*C7 -> 75 | J7: =(D7+H7)-F7 -> -27860 | K7: =J7*$C7 -> -69.65 | L7: 0 | M7: =L7*$C7 -> 0 | N7: =J7-L7 -> -27860 | O7: =N7*$C7 -> -69.65
B8: Polimero COF494 (Cátionico) | C8: 0.0025 | D8: 155 | E8: =D8*C8 -> 0.3875 | F8: 150000 | G8: =GETPIVOTDATA("COF 494 - KG POL CATIONICO ",'CONSUMO QUÍMICA-CAUDALES GEM '!$A$13) -> 295 | H8: =(+C19+E19+G19+I19+K19+M19+O19+Q19+S19) -> 40000 | I8: =H8*C8 -> 100 | J8: =(D8+H8)-F8 -> -109845 | K8: =J8*$C8 -> -274.6125 | L8: 0 | M8: =L8*$C8 -> 0 | N8: =J8-L8 -> -109845 | O8: =N8*$C8 -> -274.6125
B10: PRODUCTOS QUÍMICOS | C10: ENTREGAS DE INSUMOS QUÍMICOS PROVEEEDOR COFAI (FECHA)
C11: 45660 | E11: 3/01/2025 - 4/01/2025 | G11: 45672 | I11: 45674
C12: REM No | D12: O T | E12: REM No | F12: O T | G12: REM No | H12: O T | I12: REM No | J12: O T | K12: REM No | L12: O T | M12: REM No | N12: O T | O12: REM No | P12: O T | Q12: REM No | R12: O T | S12: REM No | T12: O T
C14: Litros | D14: Kg | E14: Litros | F14: Kg | G14: Litros | H14: Kg | I14: Litros | J14: Kg | K14: Litros | L14: Kg | M14: Litros | N14: Kg | O14: Litros | P14: Kg | Q14: Litros | R14: Kg | S14: Litros | T14: Kg
B15: Ácido COF280 | C15: 0 | D15: =C15*$C$4 -> 0 | E15: 2097 | F15: =E15*$C$4 -> 2600.28 | G15: 3145 | H15: =G15*$C$4 -> 3899.8 | I15: 3145.1613 | J15: =I15*$C$4 -> 3900
B16: Coagulante COF235 | C16: 1000 | D16: =+C16*$C$5 -> 1325 | E16: 3000 | F16: =+E16*$C$5 -> 3975 | G16: 4000 | H16: =+G16*$C$5 -> 5300 | I16: 5000 | J16: =+I16*$C$5 -> 6625
B17: Decolorante COF255 | C17: 1136 | D17: =+C17*$C$6 -> 1249.6 | E17: 2273 | F17: =+E17*$C$6 -> 2500.3 | G17: 2000 | H17: =+G17*$C$6 -> 2200 | I17: 2272.7273 | J17: =+I17*$C$6 -> 2500
B18: Polimero COF440 (Aniónico) | C18: 30000 | D18: =+C18*$C$7 -> 75 | E18: 0 | F18: =+E18*$C$7 -> 0 | G18: 0 | H18: =+G18*$C$7 -> 0 | I18: 0 | J18: =+I18*$C$7 -> 0
B19: Polimero COF494 (Cátionico) | C19: 0 | D19: =+C19*$C$8 -> 0 | E19: 0 | F19: =+E19*$C$8 -> 0 | G19: 0 | H19: =+G19*$C$8 -> 0 | I19: 40000 | J19: =+I19*$C$8 -> 100
B22: PRODUCTOS QUÍMICOS | C22: REGISTRO DENSIDADES DE INSUMOS QUÍMICOS PROVEEEDOR COFAI (FECHA)
C23: 2 | F23: 3 | I23: 4 | L23: 45667 | O23: 45668 | R23: 45670 | U23: 45672 | X23: 45673 | AA23: 45674 | AD23: 45677
C24: Litros | D24: Densidad (g/ml) | E24: Kg | F24: Litros | G24: Densidad (g/ml) | H24: Kg | I24: Litros | J24: Densidad (g/ml) | K24: Kg | L24: Litros | M24: Densidad (g/ml) | N24: Kg | O24: Litros | P24: Densidad (g/ml) | Q24: Kg | R24: Litros | S24: Densidad (g/ml) | T24: Kg | U24: Litros | V24: Densidad (g/ml) | W24: Kg | X24: Litros | Y24: Densidad (g/ml) | Z24: Kg | AA24: Litros | AB24: Densidad (g/ml) | AC24: Kg | AD24: Litros | AE24: Densidad (g/ml) | AF24: Kg
B25: Ácido COF280 | E25: =C25*D25 -> 0 | F25: 1 | H25: =F25*G25 -> 0 | I25: 1 | K25: =I25*J25 -> 0 | L25: 2 | N25: =L25*M25 -> 0 | Q25: =O25*P25 -> 0 | R25: 1 | T25: =R25*S25 -> 0 | W25: =U25*V25 -> 0 | X25: 3 | Z25: =X25*Y25 -> 0 | AC25: =AA25*AB25 -> 0 | AF25: =AD25*AE25 -> 0
B26: Coagulante COF235 | C26: 1 | E26: =C26*D26 -> 0 | F26: 1 | H26: =F26*G26 -> 0 | I26: 2 | K26: =I26*J26 -> 0 | N26: =L26*M26 -> 0 | O26: 3 | Q26: =O26*P26 -> 0 | T26: =R26*S26 -> 0 | U26: 3 | W26: =U26*V26 -> 0 | Z26: =X26*Y26 -> 0 | AA26: 3 | AC26: =AA26*AB26 -> 0 | AF26: =AD26*AE26 -> 0
B27: Decolorante COF255 | E27: =C27*D27 -> 0 | F27: 2 | H27: =F27*G27 -> 0 | K27: =I27*J27 -> 0 | L27: 1 | N27: =L27*M27 -> 0 | O27: 1 | Q27: =O27*P27 -> 0 | T27: =R27*S27 -> 0 | U27: 1 | W27: =U27*V27 -> 0 | X27: 1 | Z27: =X27*Y27 -> 0 | AC27: =AA27*AB27 -> 0 | AD27: 3 | AF27: =AD27*AE27 -> 0
B28: Polimero COF440 (Aniónico) | E28: =C28*D28 -> 0 | H28: =F28*G28 -> 0 | K28: =I28*J28 -> 0 | N28: =L28*M28 -> 0 | Q28: =O28*P28 -> 0 | T28: =R28*S28 -> 0 | W28: =U28*V28 -> 0 | Z28: =X28*Y28 -> 0 | AC28: =AA28*AB28 -> 0 | AF28: =AD28*AE28 -> 0
B29: Polimero COF494 (Cátionico) | E29: =C29*D29 -> 0 | H29: =F29*G29 -> 0 | K29: =I29*J29 -> 0 | N29: =L29*M29 -> 0 | Q29: =O29*P29 -> 0 | T29: =R29*S29 -> 0 | W29: =U29*V29 -> 0 | X29: 100 | Z29: =X29*Y29 -> 0 | AC29: =AA29*AB29 -> 0 | AF29: =AD29*AE29 -> 0

Sheet REGISTRO RO
A1: FECHA | B1: DIA | C1: TURNO | D1: HCL (10%) | E1: KURIVERTER IK-220 (Biocida) | F1: VITEC 7000 (Antiincrustante) | G1: Hidróxido de Sodio (NaOH) | H1: Bisulfito de sodio | I1: TIEMPO DE OPERACIÓN (minutos) | J1: cm HCL (10%) | K1: cm IK-220 (Biocida) | L1: cm Vitec 7000 | M1: cm NaOH | N1: cm Bisulfito de sodio | O1: (INV- L) - HCL (10%) | P1: (INV -L) - KURIVERTER IK-220 (Biocida) | Q1: (INV -L) - VITEC 7000 (Antiincrustante) | R1: (INV -L) - Hidróxido de Sodio (NaOH) | S1: (INV -L) Bisulfito de sodio | T1: CONSUMO (L) HCL (10%)2 | U1: CONSUMO (L) KURIVERTER IK-220 (Biocida) | V1: CONSUMO (L) VITEC 7000 (Antiincrustante) | W1: CONSUMO (L) Hidróxido de Sodio (NaOH) | X1: CONSUMO (L) Bisulfito de sodio | Y1: DENSIDAD HCL (10%) | Z1: DENSIDAD KURIVERTER IK-220 (Biocida) | AA1: DENSIDAD VITEC 7000 (Antiincrustante) | AB1: DENSIDAD Hidróxido de Sodio (NaOH) | AC1: DENSIDAD Bisulfito de sodio | AD1: CONSUMO (Kg) HCL (10%)22 | AE1: CONSUMO (Kg) KURIVERTER IK-220 (Biocida) | AF1: CONSUMO (Kg) VITEC 7000 (Antiincrustante) | AG1: CONSUMO (Kg) Hidróxido de Sodio (NaOH) | AH1: CONSUMO (Kg) Bisulfito de sodio6 | AI1: VOLUMEN ENVIADO A RO (m3) | AJ1: Q DE OPERACIÓN (m3/h) | AK1: PPM HCL (10%) | AL1: PPM KURIVERTER IK-220 (Biocida) | AM1: PPM VITEC 7000 (Antiincrustante) | AN1: PPM Hidróxido de Sodio (NaOH) | AO1: PPM Bisulfito de sodio | AP1: PRECIO HCL (10%) | AQ1: PRECIO KURIVERTER IK-220 (Biocida) | AR1: PRECIO VITEC 7000 (Antiincrustante) | AS1: PRECIO Hidróxido de Sodio (NaOH) | AT1: PRECIO Bisulfito de sodio | AU1: COSTO OPERATIVO HCL (10%) | AV1: COSTO OPERATIVO KURIVERTER IK-220 (Biocida) | AW1: COSTO OPERATIVO VITEC 7000 (Antiincrustante) | AX1: COSTO OPERATIVO Hidróxido de Sodio (NaOH) | AY1: COSTO OPERATIVO Bisulfito de sodio | AZ1: COSTO QUIMICA | BA1: LIMITE INDICADOR M3 | BB1: $m3 ENVIADO A RO (m3) | BC1: $m3 RECHAZO (m3) | BD1: $m3 PERMEADO RO (m3)
A2: 45992 | B2: =DAY(Tabla2[[#This Row],[FECHA]]) -> 1 | C2: 1 (NOCHE) | I2: =Tabla2[[#This Row],[VOLUMEN ENVIADO A RO (m3)]]/Tabla2[[#This Row],[Q DE OPERACIÓN (m3/h)]] -> 0 | J2: 0 | K2: 52 | L2: 32 | M2: 0 | N2: 0 | O2: 0 | P2: 456.14035 | Q2: 280.70175 | R2: 0 | S2: 0 | T2: 0 | U2: 0 | V2: 0 | W2: 0 | X2: 0 | Y2: 1.18 | Z2: 1.28 | AA2: 1.2 | AB2: 1.53 | AC2: 1.2 | AD2: 0 | AE2: 0 | AF2: 0 | AG2: 0 | AH2: 0 | AI2: 0 | AJ2: 55 | AK2: =(AD2*1000)/$AI2 -> #DIV/0! | AL2: =(AE2*1000)/$AI2 -> #DIV/0! | AM2: =(AF2*1000)/$AI2 -> #DIV/0! | AN2: =(AG2*1000)/$AI2 -> #DIV/0! | AO2: =(AH2*1000)/$AI2 -> #DIV/0! | AP2: 1550 | AQ2: 19462 | AR2: 36854 | AS2: 1560 | AT2: 3640 | AU2: =AP2*(AE2*0.8) -> 0 | AV2: =AQ2*(AF2*0.012) -> 0 | AW2: =AR2*(AG2*0.044) -> 0 | AX2: =AS2*AH2 -> 0 | AY2: =AT2*(AI2*0.025) -> 0 | AZ2: =AU2+AV2+AW2+AX2+AY2 -> 0 | BA2: 1000 | BB2: =$AZ2/AI2 -> #DIV/0! | BC2: =$AZ2/#REF! -> #REF! | BD2: =$AZ2/#REF! -> #REF!
A3: =+A2 -> 45992 | B3: =DAY(Tabla2[[#This Row],[FECHA]]) -> 1 | C3: 2 (MAÑANA) | I3: =Tabla2[[#This Row],[VOLUMEN ENVIADO A RO (m3)]]/Tabla2[[#This Row],[Q DE OPERACIÓN (m3/h)]] -> 0 | J3: 0 | K3: 52 | L3: 32 | M3: 0 | N3: 0 | O3: 0 | P3: 456.14035 | Q3: 280.70175 | R3: 0 | S3: 0 | T3: 0 | U3: 0 | V3: 0 | W3: 0 | X3: 0 | Y3: 1.18 | Z3: 1.28 | AA3: 1.2 | AB3: 1.53 | AC3: 1.2 | AD3: 0 | AE3: 0 | AF3: 0 | AG3: 0 | AH3: 0 | AI3: 0 | AJ3: 55 | AK3: =(AD3*1000)/$AI3 -> #DIV/0! | AL3: =(AE3*1000)/$AI3 -> #DIV/0! | AM3: =(AF3*1000)/$AI3 -> #DIV/0! | AN3: =(AG3*1000)/$AI3 -> #DIV/0! | AO3: =(AH3*1000)/$AI3 -> #DIV/0! | AP3: =AP2 -> 1550 | AQ3: =AQ2 -> 19462 | AR3: =AR2 -> 36854 | AS3: =AS2 -> 1560 | AT3: =AT2 -> 3640 | AU3: =AP3*(AE3*0.8) -> 0 | AV3: =AQ3*(AF3*0.012) -> 0 | AW3: =AR3*(AG3*0.044) -> 0 | AX3: =AS3*AH3 -> 0 | AY3: =AT3*(AI3*0.025) -> 0 | AZ3: =AU3+AV3+AW3+AX3+AY3 -> 0 | BA3: 1000 | BB3: =AZ3/AI3 -> #DIV/0! | BC3: =$AZ3/#REF! -> #REF! | BD3: =$AZ3/#REF! -> #REF!
A4: =+A3 -> 45992 | B4: =DAY(Tabla2[[#This Row],[FECHA]]) -> 1 | C4: 3(TARDE) | I4: =Tabla2[[#This Row],[VOLUMEN ENVIADO A RO (m3)]]/Tabla2[[#This Row],[Q DE OPERACIÓN (m3/h)]] -> 0 | J4: 0 | K4: 52 | L4: 32 | M4: 0 | N4: 0 | O4: 0 | P4: 456.14035 | Q4: 280.70175 | R4: 0 | S4: 0 | T4: 0 | U4: 0 | V4: 0 | W4: 0 | X4: 0 | Y4: 1.18 | Z4: 1.28 | AA4: 1.2 | AB4: 1.53 | AC4: 1.2 | AD4: 0 | AE4: 0 | AF4: 0 | AG4: 0 | AH4: 0 | AI4: 0 | AJ4: 55 | AK4: =(AD4*1000)/$AI4 -> #DIV/0! | AL4: =(AE4*1000)/$AI4 -> #DIV/0! | AM4: =(AF4*1000)/$AI4 -> #DIV/0! | AN4: =(AG4*1000)/$AI4 -> #DIV/0! | AO4: =(AH4*1000)/$AI4 -> #DIV/0! | AP4: =AP3 -> 1550 | AQ4: =AQ3 -> 19462 | AR4: =AR3 -> 36854 | AS4: =AS3 -> 1560 | AT4: =AT3 -> 3640 | AU4: =AP4*(AE4*0.8) -> 0 | AV4: =AQ4*(AF4*0.012) -> 0 | AW4: =AR4*(AG4*0.044) -> 0 | AX4: =AS4*AH4 -> 0 | AY4: =AT4*(AI4*0.025) -> 0 | AZ4: =AU4+AV4+AW4+AX4+AY4 -> 0 | BA4: 1000 | BB4: =AZ4/AI4 -> #DIV/0!
A5: =+A4+1 -> 45993 | B5: =DAY(Tabla2[[#This Row],[FECHA]]) -> 2 | C5: 1 (NOCHE) | I5: =Tabla2[[#This Row],[VOLUMEN ENVIADO A RO (m3)]]/Tabla2[[#This Row],[Q DE OPERACIÓN (m3/h)]] -> 0 | J5: 0 | K5: 52 | L5: 32 | M5: 0 | N5: 0 | O5: 0 | P5: 456.14035 | Q5: 280.70175 | R5: 0 | S5: 0 | T5: 0 | U5: 0 | V5: 0 | W5: 0 | X5: 0 | Y5: 1.18 | Z5: 1.28 | AA5: 1.2 | AB5: 1.53 | AC5: 1.2 | AD5: 0 | AE5: 0 | AF5: 0 | AG5: 0 | AH5: 0 | AI5: 0 | AJ5: 55 | AK5: =(AD5*1000)/$AI5 -> #DIV/0! | AL5: =(AE5*1000)/$AI5 -> #DIV/0! | AM5: =(AF5*1000)/$AI5 -> #DIV/0! | AN5: =(AG5*1000)/$AI5 -> #DIV/0! | AO5: =(AH5*1000)/$AI5 -> #DIV/0! | AP5: =AP4 -> 1550 | AQ5: =AQ4 -> 19462 | AR5: =AR4 -> 36854 | AS5: =AS4 -> 1560 | AT5: =AT4 -> 3640 | AU5: =AP5*(AE5*0.8) -> 0 | AV5: =AQ5*(AF5*0.012) -> 0 | AW5: =AR5*(AG5*0.044) -> 0 | AX5: =AS5*AH5 -> 0 | AY5: =AT5*(AI5*0.025) -> 0 | AZ5: =AU5+AV5+AW5+AX5+AY5 -> 0 | BA5: 1000 | BB5: =AZ5/AI5 -> #DIV/0!
A6: =+A5 -> 45993 | B6: =DAY(Tabla2[[#This Row],[FECHA]]) -> 2 | C6: 2 (MAÑANA) | I6: =Tabla2[[#This Row],[VOLUMEN ENVIADO A RO (m3)]]/Tabla2[[#This Row],[Q DE OPERACIÓN (m3/h)]] -> 4.6808909 | J6: 0 | K6: 52 | L6: 32 | M6: 0 | N6: 0 | O6: 0 | P6: 456.14035 | Q6: 280.70175 | R6: 0 | S6: 0 | T6: 0 | U6: 0 | V6: 0 | W6: 0 | X6: 0 | Y6: 1.18 | Z6: 1.28 | AA6: 1.2 | AB6: 1.53 | AC6: 1.2 | AD6: 0 | AE6: 0 | AF6: 0 | AG6: 0 | AH6: 0 | AI6: 257.449 | AJ6: 55 | AK6: =(AD6*1000)/$AI6 -> 0 | AL6: =(AE6*1000)/$AI6 -> 0 | AM6: =(AF6*1000)/$AI6 -> 0 | AN6: =(AG6*1000)/$AI6 -> 0 | AO6: =(AH6*1000)/$AI6 -> 0 | AP6: =AP5 -> 1550 | AQ6: =AQ5 -> 19462 | AR6: =AR5 -> 36854 | AS6: =AS5 -> 1560 | AT6: =AT5 -> 3640 | AU6: =AP6*(AE6*0.8) -> 0 | AV6: =AQ6*(AF6*0.012) -> 0 | AW6: =AR6*(AG6*0.044) -> 0 | AX6: =AS6*AH6 -> 0 | AY6: =AT6*(AI6*0.025) -> 23427.859 | AZ6: =AU6+AV6+AW6+AX6+AY6 -> 23427.859 | BA6: 1000 | BB6: =AZ6/AI6 -> 91
A7: =+A6 -> 45993 | B7: =DAY(Tabla2[[#This Row],[FECHA]]) -> 2 | C7: 3(TARDE) | I7: =Tabla2[[#This Row],[VOLUMEN ENVIADO A RO (m3)]]/Tabla2[[#This Row],[Q DE OPERACIÓN (m3/h)]] -> 0 | J7: 0 | K7: 52 | L7: 32 | M7: 0 | N7: 0 | O7: 0 | P7: 456.14035 | Q7: 280.70175 | R7: 0 | S7: 0 | T7: 0 | U7: 0 | V7: 0 | W7: 0 | X7: 0 | Y7: 1.18 | Z7: 1.28 | AA7: 1.2 | AB7: 1.53 | AC7: 1.2 | AD7: 0 | AE7: 0 | AF7: 0 | AG7: 0 | AH7: 0 | AI7: 0 | AJ7: 55 | AK7: =(AD7*1000)/$AI7 -> #DIV/0! | AL7: =(AE7*1000)/$AI7 -> #DIV/0! | AM7: =(AF7*1000)/$AI7 -> #DIV/0! | AN7: =(AG7*1000)/$AI7 -> #DIV/0! | AO7: =(AH7*1000)/$AI7 -> #DIV/0! | AP7: =AP6 -> 1550 | AQ7: =AQ6 -> 19462 | AR7: =AR6 -> 36854 | AS7: =AS6 -> 1560 | AT7: =AT6 -> 3640 | AU7: =AP7*(AE7*0.8) -> 0 | AV7: =AQ7*(AF7*0.012) -> 0 | AW7: =AR7*(AG7*0.044) -> 0 | AX7: =AS7*AH7 -> 0 | AY7: =AT7*(AI7*0.025) -> 0 | AZ7: =AU7+AV7+AW7+AX7+AY7 -> 0 | BA7: 1000 | BB7: =AZ7/AI9 -> #DIV/0!
A8: =+A7+1 -> 45994 | B8: =DAY(Tabla2[[#This Row],[FECHA]]) -> 3 | C8: 1 (NOCHE) | I8: =Tabla2[[#This Row],[VOLUMEN ENVIADO A RO (m3)]]/Tabla2[[#This Row],[Q DE OPERACIÓN (m3/h)]] -> 0 | J8: 0 | K8: 52 | L8: 32 | M8: 0 | N8: 0 | O8: 0 | P8: 456.14035 | Q8: 280.70175 | R8: 0 | S8: 0 | T8: 0 | U8: 0 | V8: 0 | W8: 0 | X8: 0 | Y8: 1.18 | Z8: 1.28 | AA8: 1.2 | AB8: 1.53 | AC8: 1.2 | AD8: 0 | AE8: 0 | AF8: 0 | AG8: 0 | AH8: 0 | AI8: 0 | AJ8: 55 | AK8: =(AD8*1000)/$AI8 -> #DIV/0! | AL8: =(AE8*1000)/$AI8 -> #DIV/0! | AM8: =(AF8*1000)/$AI8 -> #DIV/0! | AN8: =(AG8*1000)/$AI8 -> #DIV/0! | AO8: =(AH8*1000)/$AI8 -> #DIV/0! | AP8: =AP7 -> 1550 | AQ8: =AQ7 -> 19462 | AR8: =AR7 -> 36854 | AS8: =AS7 -> 1560 | AT8: =AT7 -> 3640 | AU8: =AP8*(AE8*0.8) -> 0 | AV8: =AQ8*(AF8*0.012) -> 0 | AW8: =AR8*(AG8*0.044) -> 0 | AX8: =AS8*AH8 -> 0 | AY8: =AT8*(AI8*0.025) -> 0 | AZ8: =AU8+AV8+AW8+AX8+AY8 -> 0 | BA8: 1000 | BB8: =AZ8/AI12 -> #DIV/0!
A9: =+A8 -> 45994 | B9: =DAY(Tabla2[[#This Row],[FECHA]]) -> 3 | C9: 2 (MAÑANA) | I9: =Tabla2[[#This Row],[VOLUMEN ENVIADO A RO (m3)]]/Tabla2[[#This Row],[Q DE OPERACIÓN (m3/h)]] -> 0 | J9: 0 | K9: 52 | L9: 32 | M9: 0 | N9: 0 | O9: 0 | P9: 456.14035 | Q9: 280.70175 | R9: 0 | S9: 0 | T9: 0 | U9: 0 | V9: 0 | W9: 0 | X9: 0 | Y9: 1.18 | Z9: 1.28 | AA9: 1.2 | AB9: 1.53 | AC9: 1.2 | AD9: 0 | AE9: 0 | AF9: 0 | AG9: 0 | AH9: 0 | AI9: 0 | AJ9: 55 | AK9: =(AD9*1000)/$AI9 -> #DIV/0! | AL9: =(AE9*1000)/$AI9 -> #DIV/0! | AM9: =(AF9*1000)/$AI9 -> #DIV/0! | AN9: =(AG9*1000)/$AI9 -> #DIV/0! | AO9: =(AH9*1000)/$AI9 -> #DIV/0! | AP9: =AP8 -> 1550 | AQ9: =AQ8 -> 19462 | AR9: =AR8 -> 36854 | AS9: =AS8 -> 1560 | AT9: =AT8 -> 3640 | AU9: =AP9*(AE9*0.8) -> 0 | AV9: =AQ9*(AF9*0.012) -> 0 | AW9: =AR9*(AG9*0.044) -> 0 | AX9: =AS9*AH9 -> 0 | AY9: =AT9*(AI9*0.025) -> 0 | AZ9: =AU9+AV9+AW9+AX9+AY9 -> 0 | BA9: 1000 | BB9: =AZ9/AI15 -> #DIV/0!
A10: =+A9 -> 45994 | B10: =DAY(Tabla2[[#This Row],[FECHA]]) -> 3 | C10: 3(TARDE) | I10: =Tabla2[[#This Row],[VOLUMEN ENVIADO A RO (m3)]]/Tabla2[[#This Row],[Q DE OPERACIÓN (m3/h)]] -> 0 | J10: 0 | K10: 52 | L10: 32 | M10: 0 | N10: 0 | O10: 0 | P10: 456.14035 | Q10: 280.70175 | R10: 0 | S10: 0 | T10: 0 | U10: 0 | V10: 0 | W10: 0 | X10: 0 | Y10: 1.18 | Z10: 1.28 | AA10: 1.2 | AB10: 1.53 | AC10: 1.2 | AD10: 0 | AE10: 0 | AF10: 0 | AG10: 0 | AH10: 0 | AI10: 0 | AJ10: 55 | AK10: =(AD10*1000)/$AI10 -> #DIV/0! | AL10: =(AE10*1000)/$AI10 -> #DIV/0! | AM10: =(AF10*1000)/$AI10 -> #DIV/0! | AN10: =(AG10*1000)/$AI10 -> #DIV/0! | AO10: =(AH10*1000)/$AI10 -> #DIV/0! | AP10: =AP9 -> 1550 | AQ10: =AQ9 -> 19462 | AR10: =AR9 -> 36854 | AS10: =AS9 -> 1560 | AT10: =AT9 -> 3640 | AU10: =AP10*(AE10*0.8) -> 0 | AV10: =AQ10*(AF10*0.012) -> 0 | AW10: =AR10*(AG10*0.044) -> 0 | AX10: =AS10*AH10 -> 0 | AY10: =AT10*(AI10*0.025) -> 0 | AZ10: =AU10+AV10+AW10+AX10+AY10 -> 0 | BA10: 1000 | BB10: =AZ10/AI18 -> 0
A11: =+A10+1 -> 45995 | B11: =DAY(Tabla2[[#This Row],[FECHA]]) -> 4 | C11: 1 (NOCHE) | I11: =Tabla2[[#This Row],[VOLUMEN ENVIADO A RO (m3)]]/Tabla2[[#This Row],[Q DE OPERACIÓN (m3/h)]] -> 0 | J11: 0 | K11: 52 | L11: 32 | M11: 0 | N11: 0 | O11: 0 | P11: 456.14035 | Q11: 280.70175 | R11: 0 | S11: 0 | T11: 0 | U11: 0 | V11: 0 | W11: 0 | X11: 0 | Y11: 1.18 | Z11: 1.28 | AA11: 1.2 | AB11: 1.53 | AC11: 1.2 | AD11: 0 | AE11: 0 | AF11: 0 | AG11: 0 | AH11: 0 | AI11: 0 | AJ11: 55 | AK11: =(AD11*1000)/$AI11 -> #DIV/0! | AL11: =(AE11*1000)/$AI11 -> #DIV/0! | AM11: =(AF11*1000)/$AI11 -> #DIV/0! | AN11: =(AG11*1000)/$AI11 -> #DIV/0! | AO11: =(AH11*1000)/$AI11 -> #DIV/0! | AP11: =AP10 -> 1550 | AQ11: =AQ10 -> 19462 | AR11: =AR10 -> 36854 | AS11: =AS10 -> 1560 | AT11: =AT10 -> 3640 | AU11: =AP11*(AE11*0.8) -> 0 | AV11: =AQ11*(AF11*0.012) -> 0 | AW11: =AR11*(AG11*0.044) -> 0 | AX11: =AS11*AH11 -> 0 | AY11: =AT11*(AI11*0.025) -> 0 | AZ11: =AU11+AV11+AW11+AX11+AY11 -> 0 | BA11: 1000 | BB11: =AZ11/AI21 -> 0
A12: =+A11 -> 45995 | B12: =DAY(Tabla2[[#This Row],[FECHA]]) -> 4 | C12: 2 (MAÑANA) | I12: =Tabla2[[#This Row],[VOLUMEN ENVIADO A RO (m3)]]/Tabla2[[#This Row],[Q DE OPERACIÓN (m3/h)]] -> 0 | J12: 0 | K12: 52 | L12: 32 | M12: 0 | N12: 0 | O12: 0 | P12: 456.14035 | Q12: 280.70175 | R12: 0 | S12: 0 | T12: 0 | U12: 0 | V12: 0 | W12: 0 | X12: 0 | Y12: 1.18 | Z12: 1.28 | AA12: 1.2 | AB12: 1.53 | AC12: 1.2 | AD12: 0 | AE12: 0 | AF12: 0 | AG12: 0 | AH12: 0 | AI12: 0 | AJ12: 55 | AK12: =(AD12*1000)/$AI12 -> #DIV/0! | AL12: =(AE12*1000)/$AI12 -> #DIV/0! | AM12: =(AF12*1000)/$AI12 -> #DIV/0! | AN12: =(AG12*1000)/$AI12 -> #DIV/0! | AO12: =(AH12*1000)/$AI12 -> #DIV/0! | AP12: =AP11 -> 1550 | AQ12: =AQ11 -> 19462 | AR12: =AR11 -> 36854 | AS12: =AS11 -> 1560 | AT12: =AT11 -> 3640 | AU12: =AP12*(AE12*0.8) -> 0 | AV12: =AQ12*(AF12*0.012) -> 0 | AW12: =AR12*(AG12*0.044) -> 0 | AX12: =AS12*AH12 -> 0 | AY12: =AT12*(AI12*0.025) -> 0 | AZ12: =AU12+AV12+AW12+AX12+AY12 -> 0 | BA12: 1000 | BB12: =AZ12/AI24 -> 0
A13: =+A12 -> 45995 | B13: =DAY(Tabla2[[#This Row],[FECHA]]) -> 4 | C13: 3(TARDE) | I13: =Tabla2[[#This Row],[VOLUMEN ENVIADO A RO (m3)]]/Tabla2[[#This Row],[Q DE OPERACIÓN (m3/h)]] -> 0 | J13: 0 | K13: 52 | L13: 32 | M13: 0 | N13: 0 | O13: 0 | P13: 456.14035 | Q13: 280.70175 | R13: 0 | S13: 0 | T13: 0 | U13: 0 | V13: 0 | W13: 0 | X13: 0 | Y13: 1.18 | Z13: 1.28 | AA13: 1.2 | AB13: 1.53 | AC13: 1.2 | AD13: 0 | AE13: 0 | AF13: 0 | AG13: 0 | AH13: 0 | AI13: 0 | AJ13: 55 | AK13: =(AD13*1000)/$AI13 -> #DIV/0! | AL13: =(AE13*1000)/$AI13 -> #DIV/0! | AM13: =(AF13*1000)/$AI13 -> #DIV/0! | AN13: =(AG13*1000)/$AI13 -> #DIV/0! | AO13: =(AH13*1000)/$AI13 -> #DIV/0! | AP13: =AP12 -> 1550 | AQ13: =AQ12 -> 19462 | AR13: =AR12 -> 36854 | AS13: =AS12 -> 1560 | AT13: =AT12 -> 3640 | AU13: =AP13*(AE13*0.8) -> 0 | AV13: =AQ13*(AF13*0.012) -> 0 | AW13: =AR13*(AG13*0.044) -> 0 | AX13: =AS13*AH13 -> 0 | AY13: =AT13*(AI13*0.025) -> 0 | AZ13: =AU13+AV13+AW13+AX13+AY13 -> 0 | BA13: 1000 | BB13: =AZ13/AI27 -> 0
A14: =+A13+1 -> 45996 | B14: =DAY(Tabla2[[#This Row],[FECHA]]) -> 5 | C14: 1 (NOCHE) | I14: =Tabla2[[#This Row],[VOLUMEN ENVIADO A RO (m3)]]/Tabla2[[#This Row],[Q DE OPERACIÓN (m3/h)]] -> 0 | J14: 0 | K14: 52 | L14: 32 | M14: 0 | N14: 0 | O14: 0 | P14: 456.14035 | Q14: 280.70175 | R14: 0 | S14: 0 | T14: 0 | U14: 0 | V14: 0 | W14: 0 | X14: 0 | Y14: 1.18 | Z14: 1.28 | AA14: 1.2 | AB14: 1.53 | AC14: 1.2 | AD14: 0 | AE14: 0 | AF14: 0 | AG14: 0 | AH14: 0 | AI14: 0 | AJ14: 55 | AK14: =(AD14*1000)/$AI14 -> #DIV/0! | AL14: =(AE14*1000)/$AI14 -> #DIV/0! | AM14: =(AF14*1000)/$AI14 -> #DIV/0! | AN14: =(AG14*1000)/$AI14 -> #DIV/0! | AO14: =(AH14*1000)/$AI14 -> #DIV/0! | AP14: =AP13 -> 1550 | AQ14: =AQ13 -> 19462 | AR14: =AR13 -> 36854 | AS14: =AS13 -> 1560 | AT14: =AT13 -> 3640 | AU14: =AP14*(AE14*0.8) -> 0 | AV14: =AQ14*(AF14*0.012) -> 0 | AW14: =AR14*(AG14*0.044) -> 0 | AX14: =AS14*AH14 -> 0 | AY14: =AT14*(AI14*0.025) -> 0 | AZ14: =AU14+AV14+AW14+AX14+AY14 -> 0 | BA14: 1000 | BB14: =AZ14/AI30 -> 0
A15: =+A14 -> 45996 | B15: =DAY(Tabla2[[#This Row],[FECHA]]) -> 5 | C15: 2 (MAÑANA) | I15: =Tabla2[[#This Row],[VOLUMEN ENVIADO A RO (m3)]]/Tabla2[[#This Row],[Q DE OPERACIÓN (m3/h)]] -> 0 | J15: 0 | K15: 52 | L15: 32 | M15: 0 | N15: 0 | O15: 0 | P15: 456.14035 | Q15: 280.70175 | R15: 0 | S15: 0 | T15: 0 | U15: 0 | V15: 0 | W15: 0 | X15: 0 | Y15: 1.18 | Z15: 1.28 | AA15: 1.2 | AB15: 1.53 | AC15: 1.2 | AD15: 0 | AE15: 0 | AF15: 0 | AG15: 0 | AH15: 0 | AI15: 0 | AJ15: 55 | AK15: =(AD15*1000)/$AI15 -> #DIV/0! | AL15: =(AE15*1000)/$AI15 -> #DIV/0! | AM15: =(AF15*1000)/$AI15 -> #DIV/0! | AN15: =(AG15*1000)/$AI15 -> #DIV/0! | AO15: =(AH15*1000)/$AI15 -> #DIV/0! | AP15: =AP14 -> 1550 | AQ15: =AQ14 -> 19462 | AR15: =AR14 -> 36854 | AS15: =AS14 -> 1560 | AT15: =AT14 -> 3640 | AU15: =AP15*(AE15*0.8) -> 0 | AV15: =AQ15*(AF15*0.012) -> 0 | AW15: =AR15*(AG15*0.044) -> 0 | AX15: =AS15*AH15 -> 0 | AY15: =AT15*(AI15*0.025) -> 0 | AZ15: =AU15+AV15+AW15+AX15+AY15 -> 0 | BA15: 1000 | BB15: =AZ15/AI33 -> #DIV/0!
A16: =+A15 -> 45996 | B16: =DAY(Tabla2[[#This Row],[FECHA]]) -> 5 | C16: 3(TARDE) | I16: =Tabla2[[#This Row],[VOLUMEN ENVIADO A RO (m3)]]/Tabla2[[#This Row],[Q DE OPERACIÓN (m3/h)]] -> 5.0586 | J16: 0 | K16: 52 | L16: 32 | M16: 0 | N16: 0 | O16: 0 | P16: 456.14035 | Q16: 280.70175 | R16: 0 | S16: 0 | T16: 0 | U16: 0 | V16: 0 | W16: 0 | X16: 0 | Y16: 1.18 | Z16: 1.28 | AA16: 1.2 | AB16: 1.53 | AC16: 1.2 | AD16: 0 | AE16: 0 | AF16: 0 | AG16: 0 | AH16: 0 | AI16: 278.223 | AJ16: 55 | AK16: =(AD16*1000)/$AI16 -> 0 | AL16: =(AE16*1000)/$AI16 -> 0 | AM16: =(AF16*1000)/$AI16 -> 0 | AN16: =(AG16*1000)/$AI16 -> 0 | AO16: =(AH16*1000)/$AI16 -> 0 | AP16: =AP15 -> 1550 | AQ16: =AQ15 -> 19462 | AR16: =AR15 -> 36854 | AS16: =AS15 -> 1560 | AT16: =AT15 -> 3640 | AU16: =AP16*(AE16*0.8) -> 0 | AV16: =AQ16*(AF16*0.012) -> 0 | AW16: =AR16*(AG16*0.044) -> 0 | AX16: =AS16*AH16 -> 0 | AY16: =AT16*(AI16*0.025) -> 25318.293 | AZ16: =AU16+AV16+AW16+AX16+AY16 -> 25318.293 | BA16: 1000 | BB16: =AZ16/AI36 -> #DIV/0!
A17: =+A16+1 -> 45997 | B17: =DAY(Tabla2[[#This Row],[FECHA]]) -> 6 | C17: 1 (NOCHE) | I17: =Tabla2[[#This Row],[VOLUMEN ENVIADO A RO (m3)]]/Tabla2[[#This Row],[Q DE OPERACIÓN (m3/h)]] -> 2.4370909 | J17: 0 | K17: 52 | L17: 32 | M17: 0 | N17: 0 | O17: 0 | P17: 456.14035 | Q17: 280.70175 | R17: 0 | S17: 0 | T17: 0 | U17: 0 | V17: 0 | W17: 0 | X17: 0 | Y17: 1.18 | Z17: 1.28 | AA17: 1.2 | AB17: 1.53 | AC17: 1.2 | AD17: 0 | AE17: 0 | AF17: 0 | AG17: 0 | AH17: 0 | AI17: 134.04 | AJ17: 55 | AK17: =(AD17*1000)/$AI17 -> 0 | AL17: =(AE17*1000)/$AI17 -> 0 | AM17: =(AF17*1000)/$AI17 -> 0 | AN17: =(AG17*1000)/$AI17 -> 0 | AO17: =(AH17*1000)/$AI17 -> 0 | AP17: =AP16 -> 1550 | AQ17: =AQ16 -> 19462 | AR17: =AR16 -> 36854 | AS17: =AS16 -> 1560 | AT17: =AT16 -> 3640 | AU17: =AP17*(AE17*0.8) -> 0 | AV17: =AQ17*(AF17*0.012) -> 0 | AW17: =AR17*(AG17*0.044) -> 0 | AX17: =AS17*AH17 -> 0 | AY17: =AT17*(AI17*0.025) -> 12197.64 | AZ17: =AU17+AV17+AW17+AX17+AY17 -> 12197.64 | BA17: 1000 | BB17: =AZ17/AI39 -> #DIV/0!
A18: =+A17 -> 45997 | B18: =DAY(Tabla2[[#This Row],[FECHA]]) -> 6 | C18: 2 (MAÑANA) | I18: =Tabla2[[#This Row],[VOLUMEN ENVIADO A RO (m3)]]/Tabla2[[#This Row],[Q DE OPERACIÓN (m3/h)]] -> 3.2748545 | J18: 0 | K18: 52 | L18: 32 | M18: 0 | N18: 0 | O18: 0 | P18: 456.14035 | Q18: 280.70175 | R18: 0 | S18: 0 | T18: 0 | U18: 17.54386 | V18: 0 | W18: 0 | X18: 0 | Y18: 1.18 | Z18: 1.28 | AA18: 1.2 | AB18: 1.53 | AC18: 1.2 | AD18: 0 | AE18: 22.45614 | AF18: 0 | AG18: 0 | AH18: 0 | AI18: 180.117 | AJ18: 55 | AK18: =(AD18*1000)/$AI18 -> 0 | AL18: =(AE18*1000)/$AI18 -> 124.6753 | AM18: =(AF18*1000)/$AI18 -> 0 | AN18: =(AG18*1000)/$AI18 -> 0 | AO18: =(AH18*1000)/$AI18 -> 0 | AP18: =AP17 -> 1550 | AQ18: =AQ17 -> 19462 | AR18: =AR17 -> 36854 | AS18: =AS17 -> 1560 | AT18: =AT17 -> 3640 | AU18: =AP18*(AE18*0.8) -> 27845.614 | AV18: =AQ18*(AF18*0.012) -> 0 | AW18: =AR18*(AG18*0.044) -> 0 | AX18: =AS18*AH18 -> 0 | AY18: =AT18*(AI18*0.025) -> 16390.647 | AZ18: =AU18+AV18+AW18+AX18+AY18 -> 44236.261 | BA18: 1000 | BB18: =AZ18/AI42 -> 190.78702
A19: =+A18 -> 45997 | B19: =DAY(Tabla2[[#This Row],[FECHA]]) -> 6 | C19: 3(TARDE) | I19: =Tabla2[[#This Row],[VOLUMEN ENVIADO A RO (m3)]]/Tabla2[[#This Row],[Q DE OPERACIÓN (m3/h)]] -> 4.8302182 | J19: 0 | K19: 50 | L19: 32 | M19: 0 | N19: 0 | O19: 0 | P19: 438.59649 | Q19: 280.70175 | R19: 0 | S19: 0 | T19: 0 | U19: 0 | V19: 0 | W19: 0 | X19: 0 | Y19: 1.18 | Z19: 1.28 | AA19: 1.2 | AB19: 1.53 | AC19: 1.2 | AD19: 0 | AE19: 0 | AF19: 0 | AG19: 0 | AH19: 0 | AI19: 265.662 | AJ19: 55 | AK19: =(AD19*1000)/$AI19 -> 0 | AL19: =(AE19*1000)/$AI19 -> 0 | AM19: =(AF19*1000)/$AI19 -> 0 | AN19: =(AG19*1000)/$AI19 -> 0 | AO19: =(AH19*1000)/$AI19 -> 0 | AP19: =AP18 -> 1550 | AQ19: =AQ18 -> 19462 | AR19: =AR18 -> 36854 | AS19: =AS18 -> 1560 | AT19: =AT18 -> 3640 | AU19: =AP19*(AE19*0.8) -> 0 | AV19: =AQ19*(AF19*0.012) -> 0 | AW19: =AR19*(AG19*0.044) -> 0 | AX19: =AS19*AH19 -> 0 | AY19: =AT19*(AI19*0.025) -> 24175.242 | AZ19: =AU19+AV19+AW19+AX19+AY19 -> 24175.242 | BA19: 1000 | BB19: =AZ19/AI45 -> 55.194616
A20: =+A19+1 -> 45998 | B20: =DAY(Tabla2[[#This Row],[FECHA]]) -> 7 | C20: 1 (NOCHE) | I20: =Tabla2[[#This Row],[VOLUMEN ENVIADO A RO (m3)]]/Tabla2[[#This Row],[Q DE OPERACIÓN (m3/h)]] -> 1.3341636 | J20: 0 | K20: 50 | L20: 32 | M20: 0 | N20: 0 | O20: 0 | P20: 438.59649 | Q20: 280.70175 | R20: 0 | S20: 0 | T20: 0 | U20: 43.859649 | V20: 0 | W20: 0 | X20: 0 | Y20: 1.18 | Z20: 1.28 | AA20: 1.2 | AB20: 1.53 | AC20: 1.2 | AD20: 0 | AE20: 56.140351 | AF20: 0 | AG20: 0 | AH20: 0 | AI20: 73.379 | AJ20: 55 | AK20: =(AD20*1000)/$AI20 -> 0 | AL20: =(AE20*1000)/$AI20 -> 765.07381 | AM20: =(AF20*1000)/$AI20 -> 0 | AN20: =(AG20*1000)/$AI20 -> 0 | AO20: =(AH20*1000)/$AI20 -> 0 | AP20: =AP19 -> 1550 | AQ20: =AQ19 -> 19462 | AR20: =AR19 -> 36854 | AS20: =AS19 -> 1560 | AT20: =AT19 -> 3640 | AU20: =AP20*(AE20*0.8) -> 69614.035 | AV20: =AQ20*(AF20*0.012) -> 0 | AW20: =AR20*(AG20*0.044) -> 0 | AX20: =AS20*AH20 -> 0 | AY20: =AT20*(AI20*0.025) -> 6677.489 | AZ20: =AU20+AV20+AW20+AX20+AY20 -> 76291.524 | BA20: 1000 | BB20: =AZ20/AI48 -> 292.02721
A21: =+A20 -> 45998 | B21: =DAY(Tabla2[[#This Row],[FECHA]]) -> 7 | C21: 2 (MAÑANA) | I21: =Tabla2[[#This Row],[VOLUMEN ENVIADO A RO (m3)]]/Tabla2[[#This Row],[Q DE OPERACIÓN (m3/h)]] -> 1.3341636 | J21: 0 | K21: 45 | L21: 32 | M21: 0 | N21: 0 | O21: 0 | P21: 394.73684 | Q21: 280.70175 | R21: 0 | S21: 0 | T21: 0 | U21: 26.315789 | V21: 0 | W21: 0 | X21: 0 | Y21: 1.18 | Z21: 1.28 | AA21: 1.2 | AB21: 1.53 | AC21: 1.2 | AD21: 0 | AE21: 33.684211 | AF21: 0 | AG21: 0 | AH21: 0 | AI21: 73.379 | AJ21: 55 | AK21: =(AD21*1000)/$AI21 -> 0 | AL21: =(AE21*1000)/$AI21 -> 459.04428 | AM21: =(AF21*1000)/$AI21 -> 0 | AN21: =(AG21*1000)/$AI21 -> 0 | AO21: =(AH21*1000)/$AI21 -> 0 | AP21: =AP20 -> 1550 | AQ21: =AQ20 -> 19462 | AR21: =AR20 -> 36854 | AS21: =AS20 -> 1560 | AT21: =AT20 -> 3640 | AU21: =AP21*(AE21*0.8) -> 41768.421 | AV21: =AQ21*(AF21*0.012) -> 0 | AW21: =AR21*(AG21*0.044) -> 0 | AX21: =AS21*AH21 -> 0 | AY21: =AT21*(AI21*0.025) -> 6677.489 | AZ21: =AU21+AV21+AW21+AX21+AY21 -> 48445.91 | BA21: 1000 | BB21: =AZ21/AI51 -> 431.05178
A22: =+A21 -> 45998 | B22: =DAY(Tabla2[[#This Row],[FECHA]]) -> 7 | C22: 3(TARDE) | I22: =Tabla2[[#This Row],[VOLUMEN ENVIADO A RO (m3)]]/Tabla2[[#This Row],[Q DE OPERACIÓN (m3/h)]] -> 2.6683818 | J22: 0 | K22: 42 | L22: 32 | M22: 0 | N22: 0 | O22: 0 | P22: 368.42105 | Q22: 280.70175 | R22: 0 | S22: 0 | T22: 0 | U22: 0 | V22: 71.929825 | W22: 0 | X22: 0 | Y22: 1.18 | Z22: 1.28 | AA22: 1.2 | AB22: 1.53 | AC22: 1.2 | AD22: 0 | AE22: 0 | AF22: 86.315789 | AG22: 0 | AH22: 0 | AI22: 146.761 | AJ22: 55 | AK22: =(AD22*1000)/$AI22 -> 0 | AL22: =(AE22*1000)/$AI22 -> 0 | AM22: =(AF22*1000)/$AI22 -> 588.13847 | AN22: =(AG22*1000)/$AI22 -> 0 | AO22: =(AH22*1000)/$AI22 -> 0 | AP22: =AP21 -> 1550 | AQ22: =AQ21 -> 19462 | AR22: =AR21 -> 36854 | AS22: =AS21 -> 1560 | AT22: =AT21 -> 3640 | AU22: =AP22*(AE22*0.8) -> 0 | AV22: =AQ22*(AF22*0.012) -> 20158.535 | AW22: =AR22*(AG22*0.044) -> 0 | AX22: =AS22*AH22 -> 0 | AY22: =AT22*(AI22*0.025) -> 13355.251 | AZ22: =AU22+AV22+AW22+AX22+AY22 -> 33513.786 | BA22: 1000 | BB22: =AZ22/AI54 -> #DIV/0!
A23: =+A22+1 -> 45999 | B23: =DAY(Tabla2[[#This Row],[FECHA]]) -> 8 | C23: 1 (NOCHE) | I23: =Tabla2[[#This Row],[VOLUMEN ENVIADO A RO (m3)]]/Tabla2[[#This Row],[Q DE OPERACIÓN (m3/h)]] -> 0.19094545 | J23: 0 | K23: 42 | L23: 58 | M23: 0 | N23: 0 | O23: 0 | P23: 368.42105 | Q23: 508.77193 | R23: 0 | S23: 0 | T23: 0 | U23: 0 | V23: 0 | W23: 0 | X23: 0 | Y23: 1.18 | Z23: 1.28 | AA23: 1.2 | AB23: 1.53 | AC23: 1.2 | AD23: 0 | AE23: 0 | AF23: 0 | AG23: 0 | AH23: 0 | AI23: 10.502 | AJ23: 55 | AK23: =(AD23*1000)/$AI23 -> 0 | AL23: =(AE23*1000)/$AI23 -> 0 | AM23: =(AF23*1000)/$AI23 -> 0 | AN23: =(AG23*1000)/$AI23 -> 0 | AO23: =(AH23*1000)/$AI23 -> 0 | AP23: =AP22 -> 1550 | AQ23: =AQ22 -> 19462 | AR23: =AR22 -> 36854 | AS23: =AS22 -> 1560 | AT23: =AT22 -> 3640 | AU23: =AP23*(AE23*0.8) -> 0 | AV23: =AQ23*(AF23*0.012) -> 0 | AW23: =AR23*(AG23*0.044) -> 0 | AX23: =AS23*AH23 -> 0 | AY23: =AT23*(AI23*0.025) -> 955.682 | AZ23: =AU23+AV23+AW23+AX23+AY23 -> 955.682 | BA23: 1000 | BB23: =AZ23/AI57 -> 3.7137661
A24: =+A23 -> 45999 | B24: =DAY(Tabla2[[#This Row],[FECHA]]) -> 8 | C24: 2 (MAÑANA) | I24: =Tabla2[[#This Row],[VOLUMEN ENVIADO A RO (m3)]]/Tabla2[[#This Row],[Q DE OPERACIÓN (m3/h)]] -> 3.978 | J24: 0 | K24: 42 | L24: 58 | M24: 0 | N24: 0 | O24: 0 | P24: 368.42105 | Q24: 508.77193 | R24: 0 | S24: 0 | T24: 0 | U24: 17.54386 | V24: 0 | W24: 0 | X24: 0 | Y24: 1.18 | Z24: 1.28 | AA24: 1.2 | AB24: 1.53 | AC24: 1.2 | AD24: 0 | AE24: 22.45614 | AF24: 0 | AG24: 0 | AH24: 0 | AI24: 218.79 | AJ24: 55 | AK24: =(AD24*1000)/$AI24 -> 0 | AL24: =(AE24*1000)/$AI24 -> 102.63787 | AM24: =(AF24*1000)/$AI24 -> 0 | AN24: =(AG24*1000)/$AI24 -> 0 | AO24: =(AH24*1000)/$AI24 -> 0 | AP24: =AP23 -> 1550 | AQ24: =AQ23 -> 19462 | AR24: =AR23 -> 36854 | AS24: =AS23 -> 1560 | AT24: =AT23 -> 3640 | AU24: =AP24*(AE24*0.8) -> 27845.614 | AV24: =AQ24*(AF24*0.012) -> 0 | AW24: =AR24*(AG24*0.044) -> 0 | AX24: =AS24*AH24 -> 0 | AY24: =AT24*(AI24*0.025) -> 19909.89 | AZ24: =AU24+AV24+AW24+AX24+AY24 -> 47755.504 | BA24: 1000 | BB24: =AZ24/AI60 -> 314.54101
A25: =+A24 -> 45999 | B25: =DAY(Tabla2[[#This Row],[FECHA]]) -> 8 | C25: 3(TARDE) | I25: =Tabla2[[#This Row],[VOLUMEN ENVIADO A RO (m3)]]/Tabla2[[#This Row],[Q DE OPERACIÓN (m3/h)]] -> 6.0241091 | J25: 0 | K25: 40 | L25: 58 | M25: 0 | N25: 0 | O25: 0 | P25: 350.87719 | Q25: 508.77193 | R25: 0 | S25: 0 | T25: 0 | U25: 0 | V25: 35.087719 | W25: 0 | X25: 0 | Y25: 1.18 | Z25: 1.28 | AA25: 1.2 | AB25: 1.53 | AC25: 1.2 | AD25: 0 | AE25: 0 | AF25: 42.105263 | AG25: 0 | AH25: 0 | AI25: 331.326 | AJ25: 55 | AK25: =(AD25*1000)/$AI25 -> 0 | AL25: =(AE25*1000)/$AI25 -> 0 | AM25: =(AF25*1000)/$AI25 -> 127.08107 | AN25: =(AG25*1000)/$AI25 -> 0 | AO25: =(AH25*1000)/$AI25 -> 0 | AP25: =AP24 -> 1550 | AQ25: =AQ24 -> 19462 | AR25: =AR24 -> 36854 | AS25: =AS24 -> 1560 | AT25: =AT24 -> 3640 | AU25: =AP25*(AE25*0.8) -> 0 | AV25: =AQ25*(AF25*0.012) -> 9833.4316 | AW25: =AR25*(AG25*0.044) -> 0 | AX25: =AS25*AH25 -> 0 | AY25: =AT25*(AI25*0.025) -> 30150.666 | AZ25: =AU25+AV25+AW25+AX25+AY25 -> 39984.098 | BA25: 1000 | BB25: =AZ25/AI63 -> 145.68756
A26: =+A25+1 -> 46000 | B26: =DAY(Tabla2[[#This Row],[FECHA]]) -> 9 | C26: 1 (NOCHE) | I26: =Tabla2[[#This Row],[VOLUMEN ENVIADO A RO (m3)]]/Tabla2[[#This Row],[Q DE OPERACIÓN (m3/h)]] -> 0.85053636 | J26: 0 | K26: 40 | L26: 54 | M26: 0 | N26: 0 | O26: 0 | P26: 350.87719 | Q26: 473.68421 | R26: 0 | S26: 0 | T26: 0 | U26: 0 | V26: 0 | W26: 0 | X26: 0 | Y26: 1.18 | Z26: 1.28 | AA26: 1.2 | AB26: 1.53 | AC26: 1.2 | AD26: 0 | AE26: 0 | AF26: 0 | AG26: 0 | AH26: 0 | AI26: 46.7795 | AJ26: 55 | AK26: =(AD26*1000)/$AI26 -> 0 | AL26: =(AE26*1000)/$AI26 -> 0 | AM26: =(AF26*1000)/$AI26 -> 0 | AN26: =(AG26*1000)/$AI26 -> 0 | AO26: =(AH26*1000)/$AI26 -> 0 | AP26: =AP25 -> 1550 | AQ26: =AQ25 -> 19462 | AR26: =AR25 -> 36854 | AS26: =AS25 -> 1560 | AT26: =AT25 -> 3640 | AU26: =AP26*(AE26*0.8) -> 0 | AV26: =AQ26*(AF26*0.012) -> 0 | AW26: =AR26*(AG26*0.044) -> 0 | AX26: =AS26*AH26 -> 0 | AY26: =AT26*(AI26*0.025) -> 4256.9345 | AZ26: =AU26+AV26+AW26+AX26+AY26 -> 4256.9345 | BA26: 1000 | BB26: =AZ26/#REF! -> #REF!
A27: =+A26 -> 46000 | B27: =DAY(Tabla2[[#This Row],[FECHA]]) -> 9 | C27: 2 (MAÑANA) | I27: =Tabla2[[#This Row],[VOLUMEN ENVIADO A RO (m3)]]/Tabla2[[#This Row],[Q DE OPERACIÓN (m3/h)]] -> 0.85053636 | J27: 0 | K27: 40 | L27: 54 | M27: 0 | N27: 0 | O27: 0 | P27: 350.87719 | Q27: 473.68421 | R27: 0 | S27: 0 | T27: 0 | U27: 17.54386 | V27: 0 | W27: 0 | X27: 0 | Y27: 1.18 | Z27: 1.28 | AA27: 1.2 | AB27: 1.53 | AC27: 1.2 | AD27: 0 | AE27: 22.45614 | AF27: 0 | AG27: 0 | AH27: 0 | AI27: 46.7795 | AJ27: 55 | AK27: =(AD27*1000)/$AI27 -> 0 | AL27: =(AE27*1000)/$AI27 -> 480.04233 | AM27: =(AF27*1000)/$AI27 -> 0 | AN27: =(AG27*1000)/$AI27 -> 0 | AO27: =(AH27*1000)/$AI27 -> 0 | AP27: =AP26 -> 1550 | AQ27: =AQ26 -> 19462 | AR27: =AR26 -> 36854 | AS27: =AS26 -> 1560 | AT27: =AT26 -> 3640 | AU27: =AP27*(AE27*0.8) -> 27845.614 | AV27: =AQ27*(AF27*0.012) -> 0 | AW27: =AR27*(AG27*0.044) -> 0 | AX27: =AS27*AH27 -> 0 | AY27: =AT27*(AI27*0.025) -> 4256.9345 | AZ27: =AU27+AV27+AW27+AX27+AY27 -> 32102.549 | BA27: 1000 | BB27: =AZ27/#REF! -> #REF!
A28: =+A27 -> 46000 | B28: =DAY(Tabla2[[#This Row],[FECHA]]) -> 9 | C28: 3(TARDE) | I28: =Tabla2[[#This Row],[VOLUMEN ENVIADO A RO (m3)]]/Tabla2[[#This Row],[Q DE OPERACIÓN (m3/h)]] -> 4.5947273 | J28: 0 | K28: 38 | L28: 54 | M28: 0 | N28: 0 | O28: 0 | P28: 333.33333 | Q28: 473.68421 | R28: 0 | S28: 0 | T28: 0 | U28: 289.47368 | V28: 17.54386 | W28: 0 | X28: 0 | Y28: 1.18 | Z28: 1.28 | AA28: 1.2 | AB28: 1.53 | AC28: 1.2 | AD28: 0 | AE28: 370.52632 | AF28: 21.052632 | AG28: 0 | AH28: 0 | AI28: 252.71 | AJ28: 55 | AK28: =(AD28*1000)/$AI28 -> 0 | AL28: =(AE28*1000)/$AI28 -> 1466.2115 | AM28: =(AF28*1000)/$AI28 -> 83.307473 | AN28: =(AG28*1000)/$AI28 -> 0 | AO28: =(AH28*1000)/$AI28 -> 0 | AP28: =AP27 -> 1550 | AQ28: =AQ27 -> 19462 | AR28: =AR27 -> 36854 | AS28: =AS27 -> 1560 | AT28: =AT27 -> 3640 | AU28: =AP28*(AE28*0.8) -> 459452.63 | AV28: =AQ28*(AF28*0.012) -> 4916.7158 | AW28: =AR28*(AG28*0.044) -> 0 | AX28: =AS28*AH28 -> 0 | AY28: =AT28*(AI28*0.025) -> 22996.61 | AZ28: =AU28+AV28+AW28+AX28+AY28 -> 487365.96 | BA28: 1000 | BB28: =AZ28/#REF! -> #REF!
A29: =+A28+1 -> 46001 | B29: =DAY(Tabla2[[#This Row],[FECHA]]) -> 10 | C29: 1 (NOCHE) | I29: =Tabla2[[#This Row],[VOLUMEN ENVIADO A RO (m3)]]/Tabla2[[#This Row],[Q DE OPERACIÓN (m3/h)]] -> 2.6456727 | J29: 0 | K29: 5 | L29: 52 | M29: 0 | N29: 0 | O29: 0 | P29: 43.859649 | Q29: 456.14035 | R29: 0 | S29: 0 | T29: 0 | U29: 0 | V29: 0 | W29: 0 | X29: 0 | Y29: 1.18 | Z29: 1.28 | AA29: 1.2 | AB29: 1.53 | AC29: 1.2 | AD29: 0 | AE29: 0 | AF29: 0 | AG29: 0 | AH29: 0 | AI29: 145.512 | AJ29: 55 | AK29: =(AD29*1000)/$AI29 -> 0 | AL29: =(AE29*1000)/$AI29 -> 0 | AM29: =(AF29*1000)/$AI29 -> 0 | AN29: =(AG29*1000)/$AI29 -> 0 | AO29: =(AH29*1000)/$AI29 -> 0 | AP29: =AP28 -> 1550 | AQ29: =AQ28 -> 19462 | AR29: =AR28 -> 36854 | AS29: =AS28 -> 1560 | AT29: =AT28 -> 3640 | AU29: =AP29*(AE29*0.8) -> 0 | AV29: =AQ29*(AF29*0.012) -> 0 | AW29: =AR29*(AG29*0.044) -> 0 | AX29: =AS29*AH29 -> 0 | AY29: =AT29*(AI29*0.025) -> 13241.592 | AZ29: =AU29+AV29+AW29+AX29+AY29 -> 13241.592 | BA29: 1000 | BB29: =AZ29/#REF! -> #REF!
A30: =+A29 -> 46001 | B30: =DAY(Tabla2[[#This Row],[FECHA]]) -> 10 | C30: 2 (MAÑANA) | I30: =Tabla2[[#This Row],[VOLUMEN ENVIADO A RO (m3)]]/Tabla2[[#This Row],[Q DE OPERACIÓN (m3/h)]] -> 2.021 | J30: 0 | K30: 5 | L30: 52 | M30: 0 | N30: 0 | O30: 0 | P30: 43.859649 | Q30: 456.14035 | R30: 0 | S30: 0 | T30: 0 | U30: 0 | V30: 0 | W30: 0 | X30: 0 | Y30: 1.18 | Z30: 1.28 | AA30: 1.2 | AB30: 1.53 | AC30: 1.2 | AD30: 0 | AE30: 0 | AF30: 0 | AG30: 0 | AH30: 0 | AI30: 111.155 | AJ30: 55 | AK30: =(AD30*1000)/$AI30 -> 0 | AL30: =(AE30*1000)/$AI30 -> 0 | AM30: =(AF30*1000)/$AI30 -> 0 | AN30: =(AG30*1000)/$AI30 -> 0 | AO30: =(AH30*1000)/$AI30 -> 0 | AP30: =AP29 -> 1550 | AQ30: =AQ29 -> 19462 | AR30: =AR29 -> 36854 | AS30: =AS29 -> 1560 | AT30: =AT29 -> 3640 | AU30: =AP30*(AE30*0.8) -> 0 | AV30: =AQ30*(AF30*0.012) -> 0 | AW30: =AR30*(AG30*0.044) -> 0 | AX30: =AS30*AH30 -> 0 | AY30: =AT30*(AI30*0.025) -> 10115.105 | AZ30: =AU30+AV30+AW30+AX30+AY30 -> 10115.105 | BA30: 1000 | BB30: =AZ30/#REF! -> #REF!
A31: =+A30 -> 46001 | B31: =DAY(Tabla2[[#This Row],[FECHA]]) -> 10 | C31: 3(TARDE) | I31: =Tabla2[[#This Row],[VOLUMEN ENVIADO A RO (m3)]]/Tabla2[[#This Row],[Q DE OPERACIÓN (m3/h)]] -> 0 | J31: 0 | K31: 5 | L31: 52 | M31: 0 | N31: 0 | O31: 0 | P31: 43.859649 | Q31: 456.14035 | R31: 0 | S31: 0 | T31: 0 | U31: 0 | V31: 35.087719 | W31: 0 | X31: 0 | Y31: 1.18 | Z31: 1.28 | AA31: 1.2 | AB31: 1.53 | AC31: 1.2 | AD31: 0 | AE31: 0 | AF31: 42.105263 | AG31: 0 | AH31: 0 | AI31: 0 | AJ31: 55 | AK31: =(AD31*1000)/$AI31 -> #DIV/0! | AL31: =(AE31*1000)/$AI31 -> #DIV/0! | AM31: =(AF31*1000)/$AI31 -> #DIV/0! | AN31: =(AG31*1000)/$AI31 -> #DIV/0! | AO31: =(AH31*1000)/$AI31 -> #DIV/0! | AP31: =AP30 -> 1550 | AQ31: =AQ30 -> 19462 | AR31: =AR30 -> 36854 | AS31: =AS30 -> 1560 | AT31: =AT30 -> 3640 | AU31: =AP31*(AE31*0.8) -> 0 | AV31: =AQ31*(AF31*0.012) -> 9833.4316 | AW31: =AR31*(AG31*0.044) -> 0 | AX31: =AS31*AH31 -> 0 | AY31: =AT31*(AI31*0.025) -> 0 | AZ31: =AU31+AV31+AW31+AX31+AY31 -> 9833.4316 | BA31: 1000 | BB31: =AZ31/#REF! -> #REF!
A32: =+A31+1 -> 46002 | B32: =DAY(Tabla2[[#This Row],[FECHA]]) -> 11 | C32: 1 (NOCHE) | I32: =Tabla2[[#This Row],[VOLUMEN ENVIADO A RO (m3)]]/Tabla2[[#This Row],[Q DE OPERACIÓN (m3/h)]] -> 0 | J32: 0 | K32: 5 | L32: 48 | M32: 0 | N32: 0 | O32: 0 | P32: 43.859649 | Q32: 421.05263 | R32: 0 | S32: 0 | T32: 0 | U32: 0 | V32: 377.19298 | W32: 0 | X32: 0 | Y32: 1.18 | Z32: 1.28 | AA32: 1.2 | AB32: 1.53 | AC32: 1.2 | AD32: 0 | AE32: 0 | AF32: 452.63158 | AG32: 0 | AH32: 0 | AI32: 0 | AJ32: 55 | AK32: =(AD32*1000)/$AI32 -> #DIV/0! | AL32: =(AE32*1000)/$AI32 -> #DIV/0! | AM32: =(AF32*1000)/$AI32 -> #DIV/0! | AN32: =(AG32*1000)/$AI32 -> #DIV/0! | AO32: =(AH32*1000)/$AI32 -> #DIV/0! | AP32: =AP31 -> 1550 | AQ32: =AQ31 -> 19462 | AR32: =AR31 -> 36854 | AS32: =AS31 -> 1560 | AT32: =AT31 -> 3640 | AU32: =AP32*(AE32*0.8) -> 0 | AV32: =AQ32*(AF32*0.012) -> 105709.39 | AW32: =AR32*(AG32*0.044) -> 0 | AX32: =AS32*AH32 -> 0 | AY32: =AT32*(AI32*0.025) -> 0 | AZ32: =AU32+AV32+AW32+AX32+AY32 -> 105709.39 | BA32: 1000 | BB32: =AZ32/#REF! -> #REF!
A33: =+A32 -> 46002 | B33: =DAY(Tabla2[[#This Row],[FECHA]]) -> 11 | C33: 2 (MAÑANA) | I33: =Tabla2[[#This Row],[VOLUMEN ENVIADO A RO (m3)]]/Tabla2[[#This Row],[Q DE OPERACIÓN (m3/h)]] -> 0 | J33: 0 | K33: 5 | L33: 5 | M33: 0 | N33: 0 | O33: 0 | P33: 43.859649 | Q33: 43.859649 | R33: 0 | S33: 0 | T33: 0 | U33: 0 | V33: 0 | W33: 0 | X33: 0 | Y33: 1.18 | Z33: 1.28 | AA33: 1.2 | AB33: 1.53 | AC33: 1.2 | AD33: 0 | AE33: 0 | AF33: 0 | AG33: 0 | AH33: 0 | AI33: 0 | AJ33: 55 | AK33: =(AD33*1000)/$AI33 -> #DIV/0! | AL33: =(AE33*1000)/$AI33 -> #DIV/0! | AM33: =(AF33*1000)/$AI33 -> #DIV/0! | AN33: =(AG33*1000)/$AI33 -> #DIV/0! | AO33: =(AH33*1000)/$AI33 -> #DIV/0! | AP33: =AP32 -> 1550 | AQ33: =AQ32 -> 19462 | AR33: =AR32 -> 36854 | AS33: =AS32 -> 1560 | AT33: =AT32 -> 3640 | AU33: =AP33*(AE33*0.8) -> 0 | AV33: =AQ33*(AF33*0.012) -> 0 | AW33: =AR33*(AG33*0.044) -> 0 | AX33: =AS33*AH33 -> 0 | AY33: =AT33*(AI33*0.025) -> 0 | AZ33: =AU33+AV33+AW33+AX33+AY33 -> 0 | BA33: 1000 | BB33: =AZ33/#REF! -> #REF!
A34: =+A33 -> 46002 | B34: =DAY(Tabla2[[#This Row],[FECHA]]) -> 11 | C34: 3(TARDE) | I34: =Tabla2[[#This Row],[VOLUMEN ENVIADO A RO (m3)]]/Tabla2[[#This Row],[Q DE OPERACIÓN (m3/h)]] -> 0 | J34: 0 | K34: 5 | L34: 5 | M34: 0 | N34: 0 | O34: 0 | P34: 43.859649 | Q34: 43.859649 | R34: 0 | S34: 0 | T34: 0 | U34: 0 | V34: 0 | W34: 0 | X34: 0 | Y34: 1.18 | Z34: 1.28 | AA34: 1.2 | AB34: 1.53 | AC34: 1.2 | AD34: 0 | AE34: 0 | AF34: 0 | AG34: 0 | AH34: 0 | AI34: 0 | AJ34: 55 | AK34: =(AD34*1000)/$AI34 -> #DIV/0! | AL34: =(AE34*1000)/$AI34 -> #DIV/0! | AM34: =(AF34*1000)/$AI34 -> #DIV/0! | AN34: =(AG34*1000)/$AI34 -> #DIV/0! | AO34: =(AH34*1000)/$AI34 -> #DIV/0! | AP34: =AP33 -> 1550 | AQ34: =AQ33 -> 19462 | AR34: =AR33 -> 36854 | AS34: =AS33 -> 1560 | AT34: =AT33 -> 3640 | AU34: =AP34*(AE34*0.8) -> 0 | AV34: =AQ34*(AF34*0.012) -> 0 | AW34: =AR34*(AG34*0.044) -> 0 | AX34: =AS34*AH34 -> 0 | AY34: =AT34*(AI34*0.025) -> 0 | AZ34: =AU34+AV34+AW34+AX34+AY34 -> 0 | BA34: 1000 | BB34: =AZ34/#REF! -> #REF!
A35: =+A34+1 -> 46003 | B35: =DAY(Tabla2[[#This Row],[FECHA]]) -> 12 | C35: 1 (NOCHE) | I35: =Tabla2[[#This Row],[VOLUMEN ENVIADO A RO (m3)]]/Tabla2[[#This Row],[Q DE OPERACIÓN (m3/h)]] -> 0 | J35: 0 | K35: 5 | L35: 5 | M35: 0 | N35: 0 | O35: 0 | P35: 43.859649 | Q35: 43.859649 | R35: 0 | S35: 0 | T35: 0 | U35: 0 | V35: 0 | W35: 0 | X35: 0 | Y35: 1.18 | Z35: 1.28 | AA35: 1.2 | AB35: 1.53 | AC35: 1.2 | AD35: 0 | AE35: 0 | AF35: 0 | AG35: 0 | AH35: 0 | AI35: 0 | AJ35: 55 | AK35: =(AD35*1000)/$AI35 -> #DIV/0! | AL35: =(AE35*1000)/$AI35 -> #DIV/0! | AM35: =(AF35*1000)/$AI35 -> #DIV/0! | AN35: =(AG35*1000)/$AI35 -> #DIV/0! | AO35: =(AH35*1000)/$AI35 -> #DIV/0! | AP35: =AP34 -> 1550 | AQ35: =AQ34 -> 19462 | AR35: =AR34 -> 36854 | AS35: =AS34 -> 1560 | AT35: =AT34 -> 3640 | AU35: =AP35*(AE35*0.8) -> 0 | AV35: =AQ35*(AF35*0.012) -> 0 | AW35: =AR35*(AG35*0.044) -> 0 | AX35: =AS35*AH35 -> 0 | AY35: =AT35*(AI35*0.025) -> 0 | AZ35: =AU35+AV35+AW35+AX35+AY35 -> 0 | BA35: 1000 | BB35: =AZ35/#REF! -> #REF!
A36: =+A35 -> 46003 | B36: =DAY(Tabla2[[#This Row],[FECHA]]) -> 12 | C36: 2 (MAÑANA) | I36: =Tabla2[[#This Row],[VOLUMEN ENVIADO A RO (m3)]]/Tabla2[[#This Row],[Q DE OPERACIÓN (m3/h)]] -> 0 | J36: 0 | K36: 5 | L36: 5 | M36: 0 | N36: 0 | O36: 0 | P36: 43.859649 | Q36: 43.859649 | R36: 0 | S36: 0 | T36: 0 | U36: 0 | V36: 0 | W36: 0 | X36: 0 | Y36: 1.18 | Z36: 1.28 | AA36: 1.2 | AB36: 1.53 | AC36: 1.2 | AD36: 0 | AE36: 0 | AF36: 0 | AG36: 0 | AH36: 0 | AI36: 0 | AJ36: 55 | AK36: =(AD36*1000)/$AI36 -> #DIV/0! | AL36: =(AE36*1000)/$AI36 -> #DIV/0! | AM36: =(AF36*1000)/$AI36 -> #DIV/0! | AN36: =(AG36*1000)/$AI36 -> #DIV/0! | AO36: =(AH36*1000)/$AI36 -> #DIV/0! | AP36: =AP35 -> 1550 | AQ36: =AQ35 -> 19462 | AR36: =AR35 -> 36854 | AS36: =AS35 -> 1560 | AT36: =AT35 -> 3640 | AU36: =AP36*(AE36*0.8) -> 0 | AV36: =AQ36*(AF36*0.012) -> 0 | AW36: =AR36*(AG36*0.044) -> 0 | AX36: =AS36*AH36 -> 0 | AY36: =AT36*(AI36*0.025) -> 0 | AZ36: =AU36+AV36+AW36+AX36+AY36 -> 0 | BA36: 1000 | BB36: =AZ36/#REF! -> #REF!
A37: =+A36 -> 46003 | B37: =DAY(Tabla2[[#This Row],[FECHA]]) -> 12 | C37: 3(TARDE) | E37: 0 | F37: 0 | I37: =Tabla2[[#This Row],[VOLUMEN ENVIADO A RO (m3)]]/Tabla2[[#This Row],[Q DE OPERACIÓN (m3/h)]] -> 0 | J37: 0 | K37: 5 | L37: 5 | M37: 0 | N37: 0 | O37: 0 | P37: 43.859649 | Q37: 43.859649 | R37: 0 | S37: 0 | T37: 0 | U37: 20 | V37: 30 | W37: 0 | X37: 0 | Y37: 1.18 | Z37: 1.28 | AA37: 1.2 | AB37: 1.53 | AC37: 1.2 | AD37: 0 | AE37: 25.6 | AF37: 36 | AG37: 0 | AH37: 0 | AI37: 0 | AJ37: 55 | AK37: =(AD37*1000)/$AI37 -> #DIV/0! | AL37: =(AE37*1000)/$AI37 -> #DIV/0! | AM37: =(AF37*1000)/$AI37 -> #DIV/0! | AN37: =(AG37*1000)/$AI37 -> #DIV/0! | AO37: =(AH37*1000)/$AI37 -> #DIV/0! | AP37: =AP36 -> 1550 | AQ37: =AQ36 -> 19462 | AR37: =AR36 -> 36854 | AS37: =AS36 -> 1560 | AT37: =AT36 -> 3640 | AU37: =AP37*(AE37*0.8) -> 31744 | AV37: =AQ37*(AF37*0.012) -> 8407.584 | AW37: =AR37*(AG37*0.044) -> 0 | AX37: =AS37*AH37 -> 0 | AY37: =AT37*(AI37*0.025) -> 0 | AZ37: =AU37+AV37+AW37+AX37+AY37 -> 40151.584 | BA37: 1000 | BB37: =AZ37/#REF! -> #REF!
A38: =+A37+1 -> 46004 | B38: =DAY(Tabla2[[#This Row],[FECHA]]) -> 13 | C38: 1 (NOCHE) | I38: =Tabla2[[#This Row],[VOLUMEN ENVIADO A RO (m3)]]/Tabla2[[#This Row],[Q DE OPERACIÓN (m3/h)]] -> 0 | J38: 0 | K38: 5 | L38: 5 | M38: 0 | N38: 0 | O38: 0 | P38: 43.859649 | Q38: 43.859649 | R38: 0 | S38: 0 | T38: 0 | U38: 0 | V38: 0 | W38: 0 | X38: 0 | Y38: 1.18 | Z38: 1.28 | AA38: 1.2 | AB38: 1.53 | AC38: 1.2 | AD38: 0 | AE38: 0 | AF38: 0 | AG38: 0 | AH38: 0 | AI38: 0 | AJ38: 55 | AK38: =(AD38*1000)/$AI38 -> #DIV/0! | AL38: =(AE38*1000)/$AI38 -> #DIV/0! | AM38: =(AF38*1000)/$AI38 -> #DIV/0! | AN38: =(AG38*1000)/$AI38 -> #DIV/0! | AO38: =(AH38*1000)/$AI38 -> #DIV/0! | AP38: =AP37 -> 1550 | AQ38: =AQ37 -> 19462 | AR38: =AR37 -> 36854 | AS38: =AS37 -> 1560 | AT38: =AT37 -> 3640 | AU38: =AP38*(AE38*0.8) -> 0 | AV38: =AQ38*(AF38*0.012) -> 0 | AW38: =AR38*(AG38*0.044) -> 0 | AX38: =AS38*AH38 -> 0 | AY38: =AT38*(AI38*0.025) -> 0 | AZ38: =AU38+AV38+AW38+AX38+AY38 -> 0 | BA38: 1000 | BB38: =AZ38/#REF! -> #REF!
A39: =+A38 -> 46004 | B39: =DAY(Tabla2[[#This Row],[FECHA]]) -> 13 | C39: 2 (MAÑANA) | I39: =Tabla2[[#This Row],[VOLUMEN ENVIADO A RO (m3)]]/Tabla2[[#This Row],[Q DE OPERACIÓN (m3/h)]] -> 0 | J39: 0 | K39: 5 | L39: 5 | M39: 0 | N39: 0 | O39: 0 | P39: 43.859649 | Q39: 43.859649 | R39: 0 | S39: 0 | T39: 0 | U39: 8.7719298 | V39: 8.7719298 | W39: 0 | X39: 0 | Y39: 1.18 | Z39: 1.28 | AA39: 1.2 | AB39: 1.53 | AC39: 1.2 | AD39: 0 | AE39: 11.22807 | AF39: 10.526316 | AG39: 0 | AH39: 0 | AI39: 0 | AJ39: 55 | AK39: =(AD39*1000)/$AI39 -> #DIV/0! | AL39: =(AE39*1000)/$AI39 -> #DIV/0! | AM39: =(AF39*1000)/$AI39 -> #DIV/0! | AN39: =(AG39*1000)/$AI39 -> #DIV/0! | AO39: =(AH39*1000)/$AI39 -> #DIV/0! | AP39: =AP38 -> 1550 | AQ39: =AQ38 -> 19462 | AR39: =AR38 -> 36854 | AS39: =AS38 -> 1560 | AT39: =AT38 -> 3640 | AU39: =AP39*(AE39*0.8) -> 13922.807 | AV39: =AQ39*(AF39*0.012) -> 2458.3579 | AW39: =AR39*(AG39*0.044) -> 0 | AX39: =AS39*AH39 -> 0 | AY39: =AT39*(AI39*0.025) -> 0 | AZ39: =AU39+AV39+AW39+AX39+AY39 -> 16381.165 | BA39: 1000 | BB39: =AZ39/#REF! -> #REF!
A40: =+A39 -> 46004 | B40: =DAY(Tabla2[[#This Row],[FECHA]]) -> 13 | C40: 3(TARDE) | I40: =Tabla2[[#This Row],[VOLUMEN ENVIADO A RO (m3)]]/Tabla2[[#This Row],[Q DE OPERACIÓN (m3/h)]] -> 2.7891273 | J40: 0 | K40: 4 | L40: 4 | M40: 0 | N40: 0 | O40: 0 | P40: 35.087719 | Q40: 35.087719 | R40: 0 | S40: 0 | T40: 0 | U40: 61.403509 | V40: 61.403509 | W40: 0 | X40: 0 | Y40: 1.18 | Z40: 1.28 | AA40: 1.2 | AB40: 1.53 | AC40: 1.2 | AD40: 0 | AE40: 78.596491 | AF40: 73.684211 | AG40: 0 | AH40: 0 | AI40: 153.402 | AJ40: 55 | AK40: =(AD40*1000)/$AI40 -> 0 | AL40: =(AE40*1000)/$AI40 -> 512.35637 | AM40: =(AF40*1000)/$AI40 -> 480.33409 | AN40: =(AG40*1000)/$AI40 -> 0 | AO40: =(AH40*1000)/$AI40 -> 0 | AP40: =AP39 -> 1550 | AQ40: =AQ39 -> 19462 | AR40: =AR39 -> 36854 | AS40: =AS39 -> 1560 | AT40: =AT39 -> 3640 | AU40: =AP40*(AE40*0.8) -> 97459.649 | AV40: =AQ40*(AF40*0.012) -> 17208.505 | AW40: =AR40*(AG40*0.044) -> 0 | AX40: =AS40*AH40 -> 0 | AY40: =AT40*(AI40*0.025) -> 13959.582 | AZ40: =AU40+AV40+AW40+AX40+AY40 -> 128627.74 | BA40: 1000 | BB40: =AZ40/#REF! -> #REF!
A41: =+A40+1 -> 46005 | B41: =DAY(Tabla2[[#This Row],[FECHA]]) -> 14 | C41: 1 (NOCHE) | I41: =Tabla2[[#This Row],[VOLUMEN ENVIADO A RO (m3)]]/Tabla2[[#This Row],[Q DE OPERACIÓN (m3/h)]] -> 5.3890545 | J41: 0 | K41: 54 | L41: 54 | M41: 0 | N41: 0 | O41: 0 | P41: 473.68421 | Q41: 473.68421 | R41: 0 | S41: 0 | T41: 0 | U41: 0 | V41: 0 | W41: 0 | X41: 0 | Y41: 1.18 | Z41: 1.28 | AA41: 1.2 | AB41: 1.53 | AC41: 1.2 | AD41: 0 | AE41: 0 | AF41: 0 | AG41: 0 | AH41: 0 | AI41: 296.398 | AJ41: 55 | AK41: =(AD41*1000)/$AI41 -> 0 | AL41: =(AE41*1000)/$AI41 -> 0 | AM41: =(AF41*1000)/$AI41 -> 0 | AN41: =(AG41*1000)/$AI41 -> 0 | AO41: =(AH41*1000)/$AI41 -> 0 | AP41: =AP40 -> 1550 | AQ41: =AQ40 -> 19462 | AR41: =AR40 -> 36854 | AS41: =AS40 -> 1560 | AT41: =AT40 -> 3640 | AU41: =AP41*(AE41*0.8) -> 0 | AV41: =AQ41*(AF41*0.012) -> 0 | AW41: =AR41*(AG41*0.044) -> 0 | AX41: =AS41*AH41 -> 0 | AY41: =AT41*(AI41*0.025) -> 26972.218 | AZ41: =AU41+AV41+AW41+AX41+AY41 -> 26972.218 | BA41: 1000 | BB41: =AZ41/#REF! -> #REF!
A42: =+A41 -> 46005 | B42: =DAY(Tabla2[[#This Row],[FECHA]]) -> 14 | C42: 2 (MAÑANA) | I42: =Tabla2[[#This Row],[VOLUMEN ENVIADO A RO (m3)]]/Tabla2[[#This Row],[Q DE OPERACIÓN (m3/h)]] -> 4.2156727 | J42: 0 | K42: 54 | L42: 54 | M42: 0 | N42: 0 | O42: 0 | P42: 473.68421 | Q42: 473.68421 | R42: 0 | S42: 0 | T42: 0 | U42: 35.087719 | V42: 140.35088 | W42: 0 | X42: 0 | Y42: 1.18 | Z42: 1.28 | AA42: 1.2 | AB42: 1.53 | AC42: 1.2 | AD42: 0 | AE42: 44.912281 | AF42: 168.42105 | AG42: 0 | AH42: 0 | AI42: 231.862 | AJ42: 55 | AK42: =(AD42*1000)/$AI42 -> 0 | AL42: =(AE42*1000)/$AI42 -> 193.70264 | AM42: =(AF42*1000)/$AI42 -> 726.38489 | AN42: =(AG42*1000)/$AI42 -> 0 | AO42: =(AH42*1000)/$AI42 -> 0 | AP42: =AP41 -> 1550 | AQ42: =AQ41 -> 19462 | AR42: =AR41 -> 36854 | AS42: =AS41 -> 1560 | AT42: =AT41 -> 3640 | AU42: =AP42*(AE42*0.8) -> 55691.228 | AV42: =AQ42*(AF42*0.012) -> 39333.726 | AW42: =AR42*(AG42*0.044) -> 0 | AX42: =AS42*AH42 -> 0 | AY42: =AT42*(AI42*0.025) -> 21099.442 | AZ42: =AU42+AV42+AW42+AX42+AY42 -> 116124.4 | BA42: 1000 | BB42: =AZ42/#REF! -> #REF!
A43: =+A42 -> 46005 | B43: =DAY(Tabla2[[#This Row],[FECHA]]) -> 14 | C43: 3(TARDE) | I43: =Tabla2[[#This Row],[VOLUMEN ENVIADO A RO (m3)]]/Tabla2[[#This Row],[Q DE OPERACIÓN (m3/h)]] -> 7.3676 | J43: 0 | K43: 50 | L43: 38 | M43: 0 | N43: 0 | O43: 0 | P43: 438.59649 | Q43: 333.33333 | R43: 0 | S43: 0 | T43: 0 | U43: 71.403509 | V43: 61.403509 | W43: 0 | X43: 0 | Y43: 1.18 | Z43: 1.28 | AA43: 1.2 | AB43: 1.53 | AC43: 1.2 | AD43: 0 | AE43: 91.396491 | AF43: 73.684211 | AG43: 0 | AH43: 0 | AI43: 405.218 | AJ43: 55 | AK43: =(AD43*1000)/$AI43 -> 0 | AL43: =(AE43*1000)/$AI43 -> 225.54894 | AM43: =(AF43*1000)/$AI43 -> 181.83844 | AN43: =(AG43*1000)/$AI43 -> 0 | AO43: =(AH43*1000)/$AI43 -> 0 | AP43: =AP42 -> 1550 | AQ43: =AQ42 -> 19462 | AR43: =AR42 -> 36854 | AS43: =AS42 -> 1560 | AT43: =AT42 -> 3640 | AU43: =AP43*(AE43*0.8) -> 113331.65 | AV43: =AQ43*(AF43*0.012) -> 17208.505 | AW43: =AR43*(AG43*0.044) -> 0 | AX43: =AS43*AH43 -> 0 | AY43: =AT43*(AI43*0.025) -> 36874.838 | AZ43: =AU43+AV43+AW43+AX43+AY43 -> 167414.99 | BA43: 1000 | BB43: =AZ43/#REF! -> #REF!
A44: =+A43+1 -> 46006 | B44: =DAY(Tabla2[[#This Row],[FECHA]]) -> 15 | C44: 1 (NOCHE) | I44: =Tabla2[[#This Row],[VOLUMEN ENVIADO A RO (m3)]]/Tabla2[[#This Row],[Q DE OPERACIÓN (m3/h)]] -> 8.3272727 | J44: 0 | K44: 43 | L44: 31 | M44: 0 | N44: 0 | O44: 0 | P44: 377.19298 | Q44: 271.92982 | R44: 0 | S44: 0 | T44: 0 | U44: 26.315789 | V44: 17.54386 | W44: 0 | X44: 0 | Y44: 1.18 | Z44: 1.28 | AA44: 1.2 | AB44: 1.53 | AC44: 1.2 | AD44: 0 | AE44: 33.684211 | AF44: 21.052632 | AG44: 0 | AH44: 0 | AI44: 458 | AJ44: 55 | AK44: =(AD44*1000)/$AI44 -> 0 | AL44: =(AE44*1000)/$AI44 -> 73.546311 | AM44: =(AF44*1000)/$AI44 -> 45.966444 | AN44: =(AG44*1000)/$AI44 -> 0 | AO44: =(AH44*1000)/$AI44 -> 0 | AP44: =AP43 -> 1550 | AQ44: =AQ43 -> 19462 | AR44: =AR43 -> 36854 | AS44: =AS43 -> 1560 | AT44: =AT43 -> 3640 | AU44: =AP44*(AE44*0.8) -> 41768.421 | AV44: =AQ44*(AF44*0.012) -> 4916.7158 | AW44: =AR44*(AG44*0.044) -> 0 | AX44: =AS44*AH44 -> 0 | AY44: =AT44*(AI44*0.025) -> 41678 | AZ44: =AU44+AV44+AW44+AX44+AY44 -> 88363.137 | BA44: 1000 | BB44: =AZ44/#REF! -> #REF!
A45: =+A44 -> 46006 | B45: =DAY(Tabla2[[#This Row],[FECHA]]) -> 15 | C45: 2 (MAÑANA) | I45: =Tabla2[[#This Row],[VOLUMEN ENVIADO A RO (m3)]]/Tabla2[[#This Row],[Q DE OPERACIÓN (m3/h)]] -> 7.9636364 | J45: 0 | K45: 40 | L45: 29 | M45: 0 | N45: 0 | O45: 0 | P45: 350.87719 | Q45: 254.38596 | R45: 0 | S45: 0 | T45: 0 | U45: 35.087719 | V45: 78.947368 | W45: 0 | X45: 0 | Y45: 1.18 | Z45: 1.28 | AA45: 1.2 | AB45: 1.53 | AC45: 1.2 | AD45: 0 | AE45: 44.912281 | AF45: 94.736842 | AG45: 0 | AH45: 0 | AI45: 438 | AJ45: 55 | AK45: =(AD45*1000)/$AI45 -> 0 | AL45: =(AE45*1000)/$AI45 -> 102.53945 | AM45: =(AF45*1000)/$AI45 -> 216.29416 | AN45: =(AG45*1000)/$AI45 -> 0 | AO45: =(AH45*1000)/$AI45 -> 0 | AP45: =AP44 -> 1550 | AQ45: =AQ44 -> 19462 | AR45: =AR44 -> 36854 | AS45: =AS44 -> 1560 | AT45: =AT44 -> 3640 | AU45: =AP45*(AE45*0.8) -> 55691.228 | AV45: =AQ45*(AF45*0.012) -> 22125.221 | AW45: =AR45*(AG45*0.044) -> 0 | AX45: =AS45*AH45 -> 0 | AY45: =AT45*(AI45*0.025) -> 39858 | AZ45: =AU45+AV45+AW45+AX45+AY45 -> 117674.45 | BA45: 1000 | BB45: =AZ45/#REF! -> #REF!
