Workbook
Name SegmentaciónDeDatos_DIA: #N/A
Name SegmentaciónDeDatos_FECHA1: #N/A
Name SegmentaciónDeDatos_FECHA2: #N/A

Sheet INVENTARIO Y CONSUMO GEM  
A1: FECHA | B1: DIA | C1: ANALISIS TURNO | D1: # TURNO | E1: DILIGENCIAR BITACORA | F1: FINAL ACIDO (L) | G1: FINAL COAGULANTE (L) | H1: FINAL DECOLORANTE (L) | I1: FINAL POL ANIONICO (KG) | J1: FINAL POL CATIONICO (KG) | K1: Lectura Horometro INICIAL (06:00) | L1: CAUDAL TOTAL TRATADO GEM | M1: CAUDAL DE TRATAMIENTO | N1: CONSUMO LITROS ACIDO (L) | O1: CONSUMO LITROS COAGULANTE (L) | P1: CONSUMO LITROS DECOLORANTE (L) | Q1: CONSUMO POL ANIONICO (KG) | R1: CONSUMO POL CATIONICO (KG) | S1: KG ACIDO | T1: KG COAGULANTE | U1: KG DECOLORANTE | V1: KG POL ANIONICO | W1: KG POL CATIONICO | X1: PPM ACIDO | Y1: PPM COAGULANTE | Z1: PPM DECOLORANTE | AA1: PPM POL ANIONICO | AB1: PPM POL CATIONICO | AC1: DENSIDAD ACIDO | AD1: DENSIDAD COAGULANTE | AE1: DENSIDAD DECOLORANTE | AF1: DENSIDAD ANIONICO | AG1: DENSIDAD CATIONICO | AH1: PRECIO (KG) ACIDO | AI1: PRECIO (KG) COAGULANTE | AJ1: PRECIO (KG) DECOLORANTE | AK1: PRECIO (KG) ANIONICO | AL1: PRECIO (KG) CATIONICO | AM1: COSTO OPERATIVO ACIDO | AN1: COSTO OPERATIVO COAGULANTE | AO1: COSTO OPERATIVO DECOLORANTE | AP1: COSTO OPERATIVO ANIONICO | AQ1: COSTO OPERATIVO CATIONICO | AR1: COSTO QUIMICA | AS1: LIMITE INDICADOR M3 | AT1: $ m3 | AU1: HORAS DE OPERACIÓN
A2: 46054 | B2: 1 | C2: 1 (NOCHE) | D2: 1 | E2: FINAL TURNO 3 | F2: 4360 | G2: 6480 | H2: 1510 | I2: 165 | J2: 60 | K2: 16839 | L2: 0 | M2: 75 | N2: 0 | O2: 0 | P2: 0 | Q2: 0 | R2: 0 | S2: 0 | T2: 0 | U2: 0 | V2: 0 | W2: 0 | X2: #DIV/0! | Y2: #DIV/0! | Z2: #DIV/0! | AA2: #DIV/0! | AB2: #DIV/0! | AC2: 1.3 | AD2: 1.325 | AE2: 1.25 | AF2: 2500 | AG2: 2500 | AH2: 830 | AI2: 2900 | AJ2: 6295 | AK2: 19050 | AL2: 22050 | AM2: 0 | AN2: 0 | AO2: 0 | AP2: 0 | AQ2: 0 | AR2: 0 | AS2: 5250 | AT2: #DIV/0! | AU2: =IFERROR(Tabla1[[#This Row],[CAUDAL TOTAL TRATADO GEM ]]/Tabla1[[#This Row],[CAUDAL DE TRATAMIENTO]],0) -> 0
A3: 46054 | B3: 1 | C3: 2 (MAÑANA) | D3: 2 | E3: FINAL TURNO 1 | F3: 4360 | G3: 6480 | H3: 1510 | I3: 165 | J3: 60 | K3: 16839 | L3: 0 | M3: 75 | N3: 0 | O3: 0 | P3: 0 | Q3: 0 | R3: 0 | S3: 0 | T3: 0 | U3: 0 | V3: 0 | W3: 0 | X3: #DIV/0! | Y3: #DIV/0! | Z3: #DIV/0! | AA3: #DIV/0! | AB3: #DIV/0! | AC3: 1.3 | AD3: 1.325 | AE3: 1.25 | AF3: 2500 | AG3: 2500 | AH3: 830 | AI3: 2900 | AJ3: 6295 | AK3: 19050 | AL3: 22050 | AM3: 0 | AN3: 0 | AO3: 0 | AP3: 0 | AQ3: 0 | AR3: 0 | AS3: 5250 | AT3: #DIV/0! | AU3: =IFERROR(Tabla1[[#This Row],[CAUDAL TOTAL TRATADO GEM ]]/Tabla1[[#This Row],[CAUDAL DE TRATAMIENTO]],0) -> 0
A4: 46054 | B4: 1 | C4: 3(TARDE) | D4: 3 | E4: FINAL TURNO 2 | F4: 4360 | G4: 6480 | H4: 1510 | I4: 165 | J4: 60 | K4: 16839 | L4: 0 | M4: 75 | N4: 0 | O4: 0 | P4: 0 | Q4: 0 | R4: 0 | S4: 0 | T4: 0 | U4: 0 | V4: 0 | W4: 0 | X4: #DIV/0! | Y4: #DIV/0! | Z4: #DIV/0! | AA4: #DIV/0! | AB4: #DIV/0! | AC4: 1.3 | AD4: 1.325 | AE4: 1.25 | AF4: 2500 | AG4: 2500 | AH4: 830 | AI4: 2900 | AJ4: 6295 | AK4: 19050 | AL4: 22050 | AM4: 0 | AN4: 0 | AO4: 0 | AP4: 0 | AQ4: 0 | AR4: 0 | AS4: 5250 | AT4: #DIV/0! | AU4: =IFERROR(Tabla1[[#This Row],[CAUDAL TOTAL TRATADO GEM ]]/Tabla1[[#This Row],[CAUDAL DE TRATAMIENTO]],0) -> 0
A5: 46055 | B5: 2 | C5: 2 (NOCHE) | D5: 4 | E5: FINAL TURNO 3 | F5: 4360 | G5: 6480 | H5: 1510 | I5: 165 | J5: 60 | K5: 16839 | L5: 225 | M5: 75 | N5: 70 | O5: 300 | P5: 30 | Q5: 0 | R5: 5 | S5: 91 | T5: 397.5 | U5: 37.5 | V5: 0 | W5: 5 | X5: 404.44444 | Y5: 1766.6667 | Z5: 166.66667 | AA5: 0 | AB5: 22.222222 | AC5: 1.3 | AD5: 1.325 | AE5: 1.25 | AF5: 2500 | AG5: 2500 | AH5: 830 | AI5: 2900 | AJ5: 6295 | AK5: 19050 | AL5: 22050 | AM5: 75530 | AN5: 1152750 | AO5: 236062.5 | AP5: 0 | AQ5: 110250 | AR5: 1574592.5 | AS5: 5250 | AT5: 6998.1889 | AU5: =IFERROR(Tabla1[[#This Row],[CAUDAL TOTAL TRATADO GEM ]]/Tabla1[[#This Row],[CAUDAL DE TRATAMIENTO]],0) -> 3
A6: 46055 | B6: 2 | C6: 3 (MAÑANA) | D6: 5 | E6: FINAL TURNO 1 | F6: 4290 | G6: 6180 | H6: 1480 | I6: 165 | J6: 55 | K6: 16842 | L6: 300 | M6: 75 | N6: 340 | O6: 340 | P6: 100 | Q6: 0 | R6: 5 | S6: 442 | T6: 450.5 | U6: 125 | V6: 0 | W6: 5 | X6: 1473.3333 | Y6: 1501.6667 | Z6: 416.66667 | AA6: 0 | AB6: 16.666667 | AC6: 1.3 | AD6: 1.325 | AE6: 1.25 | AF6: 2500 | AG6: 2500 | AH6: 830 | AI6: 2900 | AJ6: 6295 | AK6: 19050 | AL6: 22050 | AM6: 366860 | AN6: 1306450 | AO6: 786875 | AP6: 0 | AQ6: 110250 | AR6: 2570435 | AS6: 5250 | AT6: 8568.1167 | AU6: =IFERROR(Tabla1[[#This Row],[CAUDAL TOTAL TRATADO GEM ]]/Tabla1[[#This Row],[CAUDAL DE TRATAMIENTO]],0) -> 4
A7: 46055 | B7: 2 | C7: 3(TARDE) | D7: 6 | E7: FINAL TURNO 2 | F7: 3950 | G7: 5840 | H7: 1380 | I7: 165 | J7: 50 | K7: 16846 | L7: 600 | M7: 75 | N7: 30 | O7: 180 | P7: 40 | Q7: 2.5 | R7: 5 | S7: 39 | T7: 238.5 | U7: 50 | V7: 2.5 | W7: 5 | X7: 65 | Y7: 397.5 | Z7: 83.333333 | AA7: 4.1666667 | AB7: 8.3333333 | AC7: 1.3 | AD7: 1.325 | AE7: 1.25 | AF7: 2500 | AG7: 2500 | AH7: 830 | AI7: 2900 | AJ7: 6295 | AK7: 19050 | AL7: 22050 | AM7: 32370 | AN7: 691650 | AO7: 314750 | AP7: 47625 | AQ7: 110250 | AR7: 1196645 | AS7: 5250 | AT7: 1994.4083 | AU7: =IFERROR(Tabla1[[#This Row],[CAUDAL TOTAL TRATADO GEM ]]/Tabla1[[#This Row],[CAUDAL DE TRATAMIENTO]],0) -> 8
A8: 46056 | B8: 3 | C8: 3 (NOCHE) | D8: 7 | E8: FINAL TURNO 3 | F8: 3920 | G8: 5660 | H8: 1340 | I8: 162.5 | J8: 45 | K8: 16854 | L8: 600 | M8: 75 | N8: 30 | O8: 180 | P8: 40 | Q8: 2.5 | R8: 5 | S8: 39 | T8: 238.5 | U8: 50 | V8: 2.5 | W8: 5 | X8: 65 | Y8: 397.5 | Z8: 83.333333 | AA8: 4.1666667 | AB8: 8.3333333 | AC8: 1.3 | AD8: 1.325 | AE8: 1.25 | AF8: 2500 | AG8: 2500 | AH8: 830 | AI8: 2900 | AJ8: 6295 | AK8: 19050 | AL8: 22050 | AM8: 32370 | AN8: 691650 | AO8: 314750 | AP8: 47625 | AQ8: 110250 | AR8: 1196645 | AS8: 5250 | AT8: 1994.4083 | AU8: =IFERROR(Tabla1[[#This Row],[CAUDAL TOTAL TRATADO GEM ]]/Tabla1[[#This Row],[CAUDAL DE TRATAMIENTO]],0) -> 8
A9: 46056 | B9: 3 | C9: 4 (MAÑANA) | D9: 8 | E9: FINAL TURNO 1 | F9: 3890 | G9: 5480 | H9: 1300 | I9: 160 | J9: 40 | K9: 16862 | L9: 525 | M9: 75 | N9: 210 | O9: 340 | P9: 120 | Q9: 5 | R9: 5 | S9: 273 | T9: 450.5 | U9: 150 | V9: 5 | W9: 5 | X9: 520 | Y9: 858.09524 | Z9: 285.71429 | AA9: 9.5238095 | AB9: 9.5238095 | AC9: 1.3 | AD9: 1.325 | AE9: 1.25 | AF9: 2500 | AG9: 2500 | AH9: 830 | AI9: 2900 | AJ9: 6295 | AK9: 19050 | AL9: 22050 | AM9: 226590 | AN9: 1306450 | AO9: 944250 | AP9: 95250 | AQ9: 110250 | AR9: 2682790 | AS9: 5250 | AT9: 5110.0762 | AU9: =IFERROR(Tabla1[[#This Row],[CAUDAL TOTAL TRATADO GEM ]]/Tabla1[[#This Row],[CAUDAL DE TRATAMIENTO]],0) -> 7
A10: 46056 | B10: 3 | C10: 3(TARDE) | D10: 9 | E10: FINAL TURNO 2 | F10: 3680 | G10: 5140 | H10: 1180 | I10: 155 | J10: 35 | K10: 16869 | L10: 525 | M10: 75 | N10: 310 | O10: 240 | P10: 130 | Q10: 0 | R10: 0 | S10: 403 | T10: 318 | U10: 162.5 | V10: 0 | W10: 0 | X10: 767.61905 | Y10: 605.71429 | Z10: 309.52381 | AA10: 0 | AB10: 0 | AC10: 1.3 | AD10: 1.325 | AE10: 1.25 | AF10: 2500 | AG10: 2500 | AH10: 830 | AI10: 2900 | AJ10: 6295 | AK10: 19050 | AL10: 22050 | AM10: 334490 | AN10: 922200 | AO10: 1022937.5 | AP10: 0 | AQ10: 0 | AR10: 2279627.5 | AS10: 5250 | AT10: 4342.1476 | AU10: =IFERROR(Tabla1[[#This Row],[CAUDAL TOTAL TRATADO GEM ]]/Tabla1[[#This Row],[CAUDAL DE TRATAMIENTO]],0) -> 7
A11: 46057 | B11: 4 | C11: 4 (NOCHE) | D11: 10 | E11: FINAL TURNO 3 | F11: 3370 | G11: 4900 | H11: 1050 | I11: 155 | J11: 30 | K11: 16876 | L11: 525 | M11: 75 | N11: 280 | O11: 210 | P11: 110 | Q11: 0 | R11: 0 | S11: 364 | T11: 278.25 | U11: 137.5 | V11: 0 | W11: 0 | X11: 693.33333 | Y11: 530 | Z11: 261.90476 | AA11: 0 | AB11: 0 | AC11: 1.3 | AD11: 1.325 | AE11: 1.25 | AF11: 2500 | AG11: 2500 | AH11: 830 | AI11: 2900 | AJ11: 6295 | AK11: 19050 | AL11: 22050 | AM11: 302120 | AN11: 806925 | AO11: 865562.5 | AP11: 0 | AQ11: 0 | AR11: 1974607.5 | AS11: 5250 | AT11: 3761.1571 | AU11: =IFERROR(Tabla1[[#This Row],[CAUDAL TOTAL TRATADO GEM ]]/Tabla1[[#This Row],[CAUDAL DE TRATAMIENTO]],0) -> 7
A12: 46057 | B12: 4 | C12: 5 (MAÑANA) | D12: 11 | E12: FINAL TURNO 1 | F12: 3090 | G12: 4690 | H12: 940 | I12: 150 | J12: 25 | K12: 16883 | L12: 525 | M12: 75 | N12: 280 | O12: 280 | P12: 40 | Q12: 0 | R12: 0 | S12: 364 | T12: 371 | U12: 50 | V12: 0 | W12: 0 | X12: 693.33333 | Y12: 706.66667 | Z12: 95.238095 | AA12: 0 | AB12: 0 | AC12: 1.3 | AD12: 1.325 | AE12: 1.25 | AF12: 2500 | AG12: 2500 | AH12: 830 | AI12: 2900 | AJ12: 6295 | AK12: 19050 | AL12: 22050 | AM12: 302120 | AN12: 1075900 | AO12: 314750 | AP12: 0 | AQ12: 0 | AR12: 1692770 | AS12: 5250 | AT12: 3224.3238 | AU12: =IFERROR(Tabla1[[#This Row],[CAUDAL TOTAL TRATADO GEM ]]/Tabla1[[#This Row],[CAUDAL DE TRATAMIENTO]],0) -> 7
A13: 46057 | B13: 4 | C13: 3(TARDE) | D13: 12 | E13: FINAL TURNO 2 | F13: 2810 | G13: 4410 | H13: 900 | I13: 150 | J13: 65 | K13: 16890 | L13: 525 | M13: 75 | N13: 310 | O13: 290 | P13: 100 | Q13: 0 | R13: 0 | S13: 403 | T13: 384.25 | U13: 125 | V13: 0 | W13: 0 | X13: 767.61905 | Y13: 731.90476 | Z13: 238.09524 | AA13: 0 | AB13: 0 | AC13: 1.3 | AD13: 1.325 | AE13: 1.25 | AF13: 2500 | AG13: 2500 | AH13: 830 | AI13: 2900 | AJ13: 6295 | AK13: 19050 | AL13: 22050 | AM13: 334490 | AN13: 1114325 | AO13: 786875 | AP13: 0 | AQ13: 0 | AR13: 2235690 | AS13: 5250 | AT13: 4258.4571 | AU13: =IFERROR(Tabla1[[#This Row],[CAUDAL TOTAL TRATADO GEM ]]/Tabla1[[#This Row],[CAUDAL DE TRATAMIENTO]],0) -> 7
A14: 46058 | B14: 5 | C14: 5 (NOCHE) | D14: 13 | E14: FINAL TURNO 3 | F14: 2500 | G14: 4120 | H14: 800 | I14: 145 | J14: 60 | K14: 16897 | L14: 600 | M14: 75 | N14: 110 | O14: 120 | P14: 80 | Q14: 0 | R14: 0 | S14: 143 | T14: 159 | U14: 100 | V14: 0 | W14: 0 | X14: 238.33333 | Y14: 265 | Z14: 166.66667 | AA14: 0 | AB14: 0 | AC14: 1.3 | AD14: 1.325 | AE14: 1.25 | AF14: 2500 | AG14: 2500 | AH14: 830 | AI14: 2900 | AJ14: 6295 | AK14: 19050 | AL14: 22050 | AM14: 118690 | AN14: 461100 | AO14: 629500 | AP14: 0 | AQ14: 0 | AR14: 1209290 | AS14: 5250 | AT14: 2015.4833 | AU14: =IFERROR(Tabla1[[#This Row],[CAUDAL TOTAL TRATADO GEM ]]/Tabla1[[#This Row],[CAUDAL DE TRATAMIENTO]],0) -> 8
A15: 46058 | B15: 5 | C15: 6 (MAÑANA) | D15: 14 | E15: FINAL TURNO 1 | F15: 2390 | G15: 4000 | H15: 720 | I15: 145 | J15: 55 | K15: 16905 | L15: 525 | M15: 75 | N15: 90 | O15: 260 | P15: 70 | Q15: 5 | R15: 5 | S15: 117 | T15: 344.5 | U15: 87.5 | V15: 5 | W15: 5 | X15: 222.85714 | Y15: 656.19048 | Z15: 166.66667 | AA15: 9.5238095 | AB15: 9.5238095 | AC15: 1.3 | AD15: 1.325 | AE15: 1.25 | AF15: 2500 | AG15: 2500 | AH15: 830 | AI15: 2900 | AJ15: 6295 | AK15: 19050 | AL15: 22050 | AM15: 97110 | AN15: 999050 | AO15: 550812.5 | AP15: 95250 | AQ15: 110250 | AR15: 1852472.5 | AS15: 5250 | AT15: 3528.519 | AU15: =IFERROR(Tabla1[[#This Row],[CAUDAL TOTAL TRATADO GEM ]]/Tabla1[[#This Row],[CAUDAL DE TRATAMIENTO]],0) -> 7
A16: 46058 | B16: 5 | C16: 3(TARDE) | D16: 15 | E16: FINAL TURNO 2 | F16: 2300 | G16: 3740 | H16: 650 | I16: 140 | J16: 50 | K16: 16912 | L16: 375 | M16: 75 | N16: 100 | O16: 150 | P16: 50 | Q16: 5 | R16: 5 | S16: 130 | T16: 198.75 | U16: 62.5 | V16: 5 | W16: 5 | X16: 346.66667 | Y16: 530 | Z16: 166.66667 | AA16: 13.333333 | AB16: 13.333333 | AC16: 1.3 | AD16: 1.325 | AE16: 1.25 | AF16: 2500 | AG16: 2500 | AH16: 830 | AI16: 2900 | AJ16: 6295 | AK16: 19050 | AL16: 22050 | AM16: 107900 | AN16: 576375 | AO16: 393437.5 | AP16: 95250 | AQ16: 110250 | AR16: 1283212.5 | AS16: 5250 | AT16: 3421.9 | AU16: =IFERROR(Tabla1[[#This Row],[CAUDAL TOTAL TRATADO GEM ]]/Tabla1[[#This Row],[CAUDAL DE TRATAMIENTO]],0) -> 5
... A21: 46060 | B21: 7 | C21: 8 (MAÑANA) | D21: 20 | E21: FINAL TURNO 1 | F21: 1750 | G21: 6300 | H21: 330 | I21: 125 | J21: 120 | K21: 16943 | L21: 300 | M21: 75 | N21: 0 | O21: 0 | P21: 0 | Q21: 5 | R21: 5 | S21: 0 | T21: 0 | U21: 0 | V21: 5 | W21: 5 | X21: 0 | Y21: 0 | Z21: 0 | AA21: 16.666667 | AB21: 16.666667 | AC21: 1.3 | AD21: 1.325 | AE21: 1.25 | AF21: 2500 | AG21: 2500 | AH21: 830 | AI21: 2900 | AJ21: 6295 | AK21: 19050 | AL21: 22050 | AM21: 0 | AN21: 0 | AO21: 0 | AP21: 95250 | AQ21: 110250 | AR21: 205500 | AS21: 5250 | AT21: 685 | AU21: =IFERROR(Tabla1[[#This Row],[CAUDAL TOTAL TRATADO GEM ]]/Tabla1[[#This Row],[CAUDAL DE TRATAMIENTO]],0) -> 4
A22: 46060 | B22: 7 | C22: 3(TARDE) | D22: 21 | E22: FINAL TURNO 2 | F22: 1750 | G22: 6300 | H22: 330 | I22: 120 | J22: 115 | K22: 16947 | L22: 0 | M22: 75 | N22: 0 | O22: 0 | P22: 0 | Q22: 0 | R22: 0 | S22: 0 | T22: 0 | U22: 0 | V22: 0 | W22: 0 | X22: #DIV/0! | Y22: #DIV/0! | Z22: #DIV/0! | AA22: #DIV/0! | AB22: #DIV/0! | AC22: 1.3 | AD22: 1.325 | AE22: 1.25 | AF22: 2500 | AG22: 2500 | AH22: 830 | AI22: 2900 | AJ22: 6295 | AK22: 19050 | AL22: 22050 | AM22: 0 | AN22: 0 | AO22: 0 | AP22: 0 | AQ22: 0 | AR22: 0 | AS22: 5250 | AT22: #DIV/0! | AU22: =IFERROR(Tabla1[[#This Row],[CAUDAL TOTAL TRATADO GEM ]]/Tabla1[[#This Row],[CAUDAL DE TRATAMIENTO]],0) -> 0
A23: 46061 | B23: 8 | C23: 8 (NOCHE) | D23: 22 | E23: FINAL TURNO 3 | F23: 1750 | G23: 6300 | H23: 330 | I23: 120 | J23: 115 | K23: 16947 | L23: 0 | M23: 75 | N23: 0 | O23: 0 | P23: 0 | Q23: 0 | R23: 0 | S23: 0 | T23: 0 | U23: 0 | V23: 0 | W23: 0 | X23: #DIV/0! | Y23: #DIV/0! | Z23: #DIV/0! | AA23: #DIV/0! | AB23: #DIV/0! | AC23: 1.3 | AD23: 1.325 | AE23: 1.25 | AF23: 2500 | AG23: 2500 | AH23: 830 | AI23: 2900 | AJ23: 6295 | AK23: 19050 | AL23: 22050 | AM23: 0 | AN23: 0 | AO23: 0 | AP23: 0 | AQ23: 0 | AR23: 0 | AS23: 5250 | AT23: #DIV/0! | AU23: =IFERROR(Tabla1[[#This Row],[CAUDAL TOTAL TRATADO GEM ]]/Tabla1[[#This Row],[CAUDAL DE TRATAMIENTO]],0) -> 0
A24: 46061 | B24: 8 | C24: 9 (MAÑANA) | D24: 23 | E24: FINAL TURNO 1 | F24: 1750 | G24: 6300 | H24: 330 | I24: 120 | J24: 115 | K24: 16947 | L24: 0 | M24: 75 | N24: 0 | O24: 0 | P24: 0 | Q24: 5 | R24: 0 | S24: 0 | T24: 0 | U24: 0 | V24: 5 | W24: 0 | X24: #DIV/0! | Y24: #DIV/0! | Z24: #DIV/0! | AA24: #DIV/0! | AB24: #DIV/0! | AC24: 1.3 | AD24: 1.325 | AE24: 1.25 | AF24: 2500 | AG24: 2500 | AH24: 830 | AI24: 2900 | AJ24: 6295 | AK24: 19050 | AL24: 22050 | AM24: 0 | AN24: 0 | AO24: 0 | AP24: 95250 | AQ24: 0 | AR24: 95250 | AS24: 5250 | AT24: #DIV/0! | AU24: =IFERROR(Tabla1[[#This Row],[CAUDAL TOTAL TRATADO GEM ]]/Tabla1[[#This Row],[CAUDAL DE TRATAMIENTO]],0) -> 0
A25: 46061 | B25: 8 | C25: 3(TARDE) | D25: 24 | E25: FINAL TURNO 2 | F25: 1750 | G25: 6300 | H25: 330 | I25: 115 | J25: 115 | K25: 16947 | L25: 0 | M25: 75 | N25: 0 | O25: 0 | P25: 0 | Q25: 0 | R25: 0 | S25: 0 | T25: 0 | U25: 0 | V25: 0 | W25: 0 | X25: #DIV/0! | Y25: #DIV/0! | Z25: #DIV/0! | AA25: #DIV/0! | AB25: #DIV/0! | AC25: 1.3 | AD25: 1.325 | AE25: 1.25 | AF25: 2500 | AG25: 2500 | AH25: 830 | AI25: 2900 | AJ25: 6295 | AK25: 19050 | AL25: 22050 | AM25: 0 | AN25: 0 | AO25: 0 | AP25: 0 | AQ25: 0 | AR25: 0 | AS25: 5250 | AT25: #DIV/0! | AU25: =IFERROR(Tabla1[[#This Row],[CAUDAL TOTAL TRATADO GEM ]]/Tabla1[[#This Row],[CAUDAL DE TRATAMIENTO]],0) -> 0
A26: 46062 | B26: 9 | C26: 9 (NOCHE) | D26: 25 | E26: FINAL TURNO 3 | F26: 1750 | G26: 6300 | H26: 330 | I26: 115 | J26: 115 | K26: 16947 | L26: 525 | M26: 75 | N26: 80 | O26: 370 | P26: 80 | Q26: 5 | R26: 5 | S26: 104 | T26: 490.25 | U26: 100 | V26: 5 | W26: 5 | X26: 198.09524 | Y26: 933.80952 | Z26: 190.47619 | AA26: 9.5238095 | AB26: 9.5238095 | AC26: 1.3 | AD26: 1.325 | AE26: 1.25 | AF26: 2500 | AG26: 2500 | AH26: 830 | AI26: 2900 | AJ26: 6295 | AK26: 19050 | AL26: 22050 | AM26: 86320 | AN26: 1421725 | AO26: 629500 | AP26: 95250 | AQ26: 110250 | AR26: 2343045 | AS26: 5250 | AT26: 4462.9429 | AU26: =IFERROR(Tabla1[[#This Row],[CAUDAL TOTAL TRATADO GEM ]]/Tabla1[[#This Row],[CAUDAL DE TRATAMIENTO]],0) -> 7
A27: 46062 | B27: 9 | C27: 10 (MAÑANA) | D27: 26 | E27: FINAL TURNO 1 | F27: 2670 | G27: 5930 | H27: 2250 | I27: 160 | J27: 110 | K27: 16954 | L27: 525 | M27: 75 | N27: 0 | O27: 130 | P27: 20 | Q27: 0 | R27: 5 | S27: 0 | T27: 172.25 | U27: 25 | V27: 0 | W27: 5 | X27: 0 | Y27: 328.09524 | Z27: 47.619048 | AA27: 0 | AB27: 9.5238095 | AC27: 1.3 | AD27: 1.325 | AE27: 1.25 | AF27: 2500 | AG27: 2500 | AH27: 830 | AI27: 2900 | AJ27: 6295 | AK27: 19050 | AL27: 22050 | AM27: 0 | AN27: 499525 | AO27: 157375 | AP27: 0 | AQ27: 110250 | AR27: 767150 | AS27: 5250 | AT27: 1461.2381 | AU27: =IFERROR(Tabla1[[#This Row],[CAUDAL TOTAL TRATADO GEM ]]/Tabla1[[#This Row],[CAUDAL DE TRATAMIENTO]],0) -> 7
A28: 46062 | B28: 9 | C28: 3(TARDE) | D28: 27 | E28: FINAL TURNO 2 | F28: 2670 | G28: 5800 | H28: 2230 | I28: 160 | J28: 105 | K28: 16961 | L28: 300 | M28: 75 | N28: 70 | O28: 200 | P28: 40 | Q28: 5 | R28: 5 | S28: 91 | T28: 265 | U28: 50 | V28: 5 | W28: 5 | X28: 303.33333 | Y28: 883.33333 | Z28: 166.66667 | AA28: 16.666667 | AB28: 16.666667 | AC28: 1.3 | AD28: 1.325 | AE28: 1.25 | AF28: 2500 | AG28: 2500 | AH28: 830 | AI28: 2900 | AJ28: 6295 | AK28: 19050 | AL28: 22050 | AM28: 75530 | AN28: 768500 | AO28: 314750 | AP28: 95250 | AQ28: 110250 | AR28: 1364280 | AS28: 5250 | AT28: 4547.6 | AU28: =IFERROR(Tabla1[[#This Row],[CAUDAL TOTAL TRATADO GEM ]]/Tabla1[[#This Row],[CAUDAL DE TRATAMIENTO]],0) -> 4
A29: 46063 | B29: 10 | C29: 10 (NOCHE) | D29: 28 | E29: FINAL TURNO 3 | F29: 2600 | G29: 5600 | H29: 2190 | I29: 155 | J29: 100 | K29: 16965 | L29: 525 | M29: 75 | N29: 20 | O29: 20 | P29: 10 | Q29: 0 | R29: 5 | S29: 26 | T29: 26.5 | U29: 12.5 | V29: 0 | W29: 5 | X29: 49.52381 | Y29: 50.47619 | Z29: 23.809524 | AA29: 0 | AB29: 9.5238095 | AC29: 1.3 | AD29: 1.325 | AE29: 1.25 | AF29: 2500 | AG29: 2500 | AH29: 830 | AI29: 2900 | AJ29: 6295 | AK29: 19050 | AL29: 22050 | AM29: 21580 | AN29: 76850 | AO29: 78687.5 | AP29: 0 | AQ29: 110250 | AR29: 287367.5 | AS29: 5250 | AT29: 547.36667 | AU29: =IFERROR(Tabla1[[#This Row],[CAUDAL TOTAL TRATADO GEM ]]/Tabla1[[#This Row],[CAUDAL DE TRATAMIENTO]],0) -> 7
A30: 46063 | B30: 10 | C30: 11 (MAÑANA) | D30: 29 | E30: FINAL TURNO 1 | F30: 2580 | G30: 5580 | H30: 2180 | I30: 155 | J30: 95 | K30: 16972 | L30: 300 | M30: 75 | N30: 80 | O30: 170 | P30: 20 | Q30: 5 | R30: 5 | S30: 104 | T30: 225.25 | U30: 25 | V30: 5 | W30: 5 | X30: 346.66667 | Y30: 750.83333 | Z30: 83.333333 | AA30: 16.666667 | AB30: 16.666667 | AC30: 1.3 | AD30: 1.325 | AE30: 1.25 | AF30: 2500 | AG30: 2500 | AH30: 830 | AI30: 2900 | AJ30: 6295 | AK30: 19050 | AL30: 22050 | AM30: 86320 | AN30: 653225 | AO30: 157375 | AP30: 95250 | AQ30: 110250 | AR30: 1102420 | AS30: 5250 | AT30: 3674.7333 | AU30: =IFERROR(Tabla1[[#This Row],[CAUDAL TOTAL TRATADO GEM ]]/Tabla1[[#This Row],[CAUDAL DE TRATAMIENTO]],0) -> 4
A31: 46063 | B31: 10 | C31: 3(TARDE) | D31: 30 | E31: FINAL TURNO 2 | F31: 2500 | G31: 5410 | H31: 2160 | I31: 150 | J31: 90 | K31: 16976 | L31: 600 | M31: 75 | N31: 170 | O31: 140 | P31: 50 | Q31: 0 | R31: 5 | S31: 221 | T31: 185.5 | U31: 62.5 | V31: 0 | W31: 5 | X31: 368.33333 | Y31: 309.16667 | Z31: 104.16667 | AA31: 0 | AB31: 8.3333333 | AC31: 1.3 | AD31: 1.325 | AE31: 1.25 | AF31: 2500 | AG31: 2500 | AH31: 830 | AI31: 2900 | AJ31: 6295 | AK31: 19050 | AL31: 22050 | AM31: 183430 | AN31: 537950 | AO31: 393437.5 | AP31: 0 | AQ31: 110250 | AR31: 1225067.5 | AS31: 5250 | AT31: 2041.7792 | AU31: =IFERROR(Tabla1[[#This Row],[CAUDAL TOTAL TRATADO GEM ]]/Tabla1[[#This Row],[CAUDAL DE TRATAMIENTO]],0) -> 8
A32: 46064 | B32: 11 | C32: 11 (NOCHE) | D32: 31 | E32: FINAL TURNO 3 | F32: 2330 | G32: 5270 | H32: 2110 | I32: 150 | J32: 85 | K32: 16984 | L32: 225 | M32: 75 | N32: 130 | O32: 90 | P32: 10 | Q32: 5 | R32: 5 | S32: 169 | T32: 119.25 | U32: 12.5 | V32: 5 | W32: 5 | X32: 751.11111 | Y32: 530 | Z32: 55.555556 | AA32: 22.222222 | AB32: 22.222222 | AC32: 1.3 | AD32: 1.325 | AE32: 1.25 | AF32: 2500 | AG32: 2500 | AH32: 830 | AI32: 2900 | AJ32: 6295 | AK32: 19050 | AL32: 22050 | AM32: 140270 | AN32: 345825 | AO32: 78687.5 | AP32: 95250 | AQ32: 110250 | AR32: 770282.5 | AS32: 5250 | AT32: 3423.4778 | AU32: =IFERROR(Tabla1[[#This Row],[CAUDAL TOTAL TRATADO GEM ]]/Tabla1[[#This Row],[CAUDAL DE TRATAMIENTO]],0) -> 3
A33: 46064 | B33: 11 | C33: 12 (MAÑANA) | D33: 32 | E33: FINAL TURNO 1 | F33: 2200 | G33: 5180 | H33: 2100 | I33: 145 | J33: 80 | K33: 16987 | L33: 450 | M33: 75 | N33: 100 | O33: 120 | P33: 30 | Q33: 5 | R33: 5 | S33: 130 | T33: 159 | U33: 37.5 | V33: 5 | W33: 5 | X33: 288.88889 | Y33: 353.33333 | Z33: 83.333333 | AA33: 11.111111 | AB33: 11.111111 | AC33: 1.3 | AD33: 1.325 | AE33: 1.25 | AF33: 2500 | AG33: 2500 | AH33: 830 | AI33: 2900 | AJ33: 6295 | AK33: 19050 | AL33: 22050 | AM33: 107900 | AN33: 461100 | AO33: 236062.5 | AP33: 95250 | AQ33: 110250 | AR33: 1010562.5 | AS33: 5250 | AT33: 2245.6944 | AU33: =IFERROR(Tabla1[[#This Row],[CAUDAL TOTAL TRATADO GEM ]]/Tabla1[[#This Row],[CAUDAL DE TRATAMIENTO]],0) -> 6
A34: 46064 | B34: 11 | C34: 3(TARDE) | D34: 33 | E34: FINAL TURNO 2 | F34: 2100 | G34: 4910 | H34: 2070 | I34: 140 | J34: 75 | K34: 16993 | L34: 600 | M34: 75 | N34: 70 | O34: 110 | P34: 70 | Q34: 0 | R34: 5 | S34: 91 | T34: 145.75 | U34: 87.5 | V34: 0 | W34: 5 | X34: 151.66667 | Y34: 242.91667 | Z34: 145.83333 | AA34: 0 | AB34: 8.3333333 | AC34: 1.3 | AD34: 1.325 | AE34: 1.25 | AF34: 2500 | AG34: 2500 | AH34: 830 | AI34: 2900 | AJ34: 6295 | AK34: 19050 | AL34: 22050 | AM34: 75530 | AN34: 422675 | AO34: 550812.5 | AP34: 0 | AQ34: 110250 | AR34: 1159267.5 | AS34: 5250 | AT34: 1932.1125 | AU34: =IFERROR(Tabla1[[#This Row],[CAUDAL TOTAL TRATADO GEM ]]/Tabla1[[#This Row],[CAUDAL DE TRATAMIENTO]],0) -> 8
A35: 46065 | B35: 12 | C35: 12 (NOCHE) | D35: 34 | E35: FINAL TURNO 3 | F35: 2030 | G35: 4800 | H35: 2000 | I35: 140 | J35: 70 | K35: 17001 | L35: 375 | M35: 75 | N35: 100 | O35: 120 | P35: 0 | Q35: 5 | R35: 5 | S35: 130 | T35: 159 | U35: 0 | V35: 5 | W35: 5 | X35: 346.66667 | Y35: 424 | Z35: 0 | AA35: 13.333333 | AB35: 13.333333 | AC35: 1.3 | AD35: 1.325 | AE35: 1.25 | AF35: 2500 | AG35: 2500 | AH35: 830 | AI35: 2900 | AJ35: 6295 | AK35: 19050 | AL35: 22050 | AM35: 107900 | AN35: 461100 | AO35: 0 | AP35: 95250 | AQ35: 110250 | AR35: 774500 | AS35: 5250 | AT35: 2065.3333 | AU35: =IFERROR(Tabla1[[#This Row],[CAUDAL TOTAL TRATADO GEM ]]/Tabla1[[#This Row],[CAUDAL DE TRATAMIENTO]],0) -> 5
A36: 46065 | B36: 12 | C36: 13 (MAÑANA) | D36: 35 | E36: FINAL TURNO 1 | F36: 1930 | G36: 4680 | H36: 2000 | I36: 135 | J36: 65 | K36: 17006 | L36: 225 | M36: 75 | N36: 130 | O36: 170 | P36: 30 | Q36: 0 | R36: 5 | S36: 169 | T36: 225.25 | U36: 37.5 | V36: 0 | W36: 5 | X36: 751.11111 | Y36: 1001.1111 | Z36: 166.66667 | AA36: 0 | AB36: 22.222222 | AC36: 1.3 | AD36: 1.325 | AE36: 1.25 | AF36: 2500 | AG36: 2500 | AH36: 830 | AI36: 2900 | AJ36: 6295 | AK36: 19050 | AL36: 22050 | AM36: 140270 | AN36: 653225 | AO36: 236062.5 | AP36: 0 | AQ36: 110250 | AR36: 1139807.5 | AS36: 5250 | AT36: 5065.8111 | AU36: =IFERROR(Tabla1[[#This Row],[CAUDAL TOTAL TRATADO GEM ]]/Tabla1[[#This Row],[CAUDAL DE TRATAMIENTO]],0) -> 3
A37: 46065 | B37: 12 | C37: 3(TARDE) | D37: 36 | E37: FINAL TURNO 2 | F37: 1800 | G37: 4510 | H37: 1970 | I37: 135 | J37: 60 | K37: 17009 | L37: 600 | M37: 75 | N37: 100 | O37: 110 | P37: 20 | Q37: 5 | R37: 5 | S37: 130 | T37: 145.75 | U37: 25 | V37: 5 | W37: 5 | X37: 216.66667 | Y37: 242.91667 | Z37: 41.666667 | AA37: 8.3333333 | AB37: 8.3333333 | AC37: 1.3 | AD37: 1.325 | AE37: 1.25 | AF37: 2500 | AG37: 2500 | AH37: 830 | AI37: 2900 | AJ37: 6295 | AK37: 19050 | AL37: 22050 | AM37: 107900 | AN37: 422675 | AO37: 157375 | AP37: 95250 | AQ37: 110250 | AR37: 893450 | AS37: 5250 | AT37: 1489.0833 | AU37: =IFERROR(Tabla1[[#This Row],[CAUDAL TOTAL TRATADO GEM ]]/Tabla1[[#This Row],[CAUDAL DE TRATAMIENTO]],0) -> 8
... A43: 46067 | B43: 14 | C43: 3(TARDE) | D43: 42 | E43: FINAL TURNO 2 | F43: 1300 | G43: 3260 | H43: 1780 | I43: 120 | J43: 30 | K43: 17043 | L43: 300 | M43: 75 | N43: 0 | O43: 0 | P43: 0 | Q43: 5 | R43: 0 | S43: 0 | T43: 0 | U43: 0 | V43: 5 | W43: 0 | X43: 0 | Y43: 0 | Z43: 0 | AA43: 16.666667 | AB43: 0 | AC43: 1.3 | AD43: 1.325 | AE43: 1.25 | AF43: 2500 | AG43: 2500 | AH43: 830 | AI43: 2900 | AJ43: 6295 | AK43: 19050 | AL43: 22050 | AM43: 0 | AN43: 0 | AO43: 0 | AP43: 95250 | AQ43: 0 | AR43: 95250 | AS43: 5250 | AT43: 317.5 | AU43: =IFERROR(Tabla1[[#This Row],[CAUDAL TOTAL TRATADO GEM ]]/Tabla1[[#This Row],[CAUDAL DE TRATAMIENTO]],0) -> 4
A44: 46068 | B44: 15 | C44: 15 (NOCHE) | D44: 43 | E44: FINAL TURNO 3 | F44: 1300 | G44: 3260 | H44: 1780 | I44: 115 | J44: 30 | K44: 17047 | L44: 0 | M44: 75 | N44: 0 | O44: 0 | P44: 0 | Q44: 0 | R44: 0 | S44: 0 | T44: 0 | U44: 0 | V44: 0 | W44: 0 | X44: #DIV/0! | Y44: #DIV/0! | Z44: #DIV/0! | AA44: #DIV/0! | AB44: #DIV/0! | AC44: 1.3 | AD44: 1.325 | AE44: 1.25 | AF44: 2500 | AG44: 2500 | AH44: 830 | AI44: 2900 | AJ44: 6295 | AK44: 19050 | AL44: 22050 | AM44: 0 | AN44: 0 | AO44: 0 | AP44: 0 | AQ44: 0 | AR44: 0 | AS44: 5250 | AT44: #DIV/0! | AU44: =IFERROR(Tabla1[[#This Row],[CAUDAL TOTAL TRATADO GEM ]]/Tabla1[[#This Row],[CAUDAL DE TRATAMIENTO]],0) -> 0
A45: 46068 | B45: 15 | C45: 16 (MAÑANA) | D45: 44 | E45: FINAL TURNO 1 | F45: 1300 | G45: 3260 | H45: 1780 | I45: 115 | J45: 30 | K45: 17047 | L45: 0 | M45: 75 | N45: 0 | O45: 0 | P45: 0 | Q45: 0 | R45: 0 | S45: 0 | T45: 0 | U45: 0 | V45: 0 | W45: 0 | X45: #DIV/0! | Y45: #DIV/0! | Z45: #DIV/0! | AA45: #DIV/0! | AB45: #DIV/0! | AC45: 1.3 | AD45: 1.325 | AE45: 1.25 | AF45: 2500 | AG45: 2500 | AH45: 830 | AI45: 2900 | AJ45: 6295 | AK45: 19050 | AL45: 22050 | AM45: 0 | AN45: 0 | AO45: 0 | AP45: 0 | AQ45: 0 | AR45: 0 | AS45: 5250 | AT45: #DIV/0! | AU45: =IFERROR(Tabla1[[#This Row],[CAUDAL TOTAL TRATADO GEM ]]/Tabla1[[#This Row],[CAUDAL DE TRATAMIENTO]],0) -> 0
A46: 46068 | B46: 15 | C46: 3(TARDE) | D46: 45 | E46: FINAL TURNO 2 | F46: 1300 | G46: 3260 | H46: 1780 | I46: 115 | J46: 30 | K46: 17047 | L46: 0 | M46: 75 | N46: 0 | O46: 0 | P46: 0 | Q46: 0 | R46: 0 | S46: 0 | T46: 0 | U46: 0 | V46: 0 | W46: 0 | X46: #DIV/0! | Y46: #DIV/0! | Z46: #DIV/0! | AA46: #DIV/0! | AB46: #DIV/0! | AC46: 1.3 | AD46: 1.325 | AE46: 1.25 | AF46: 2500 | AG46: 2500 | AH46: 830 | AI46: 2900 | AJ46: 6295 | AK46: 19050 | AL46: 22050 | AM46: 0 | AN46: 0 | AO46: 0 | AP46: 0 | AQ46: 0 | AR46: 0 | AS46: 5250 | AT46: #DIV/0! | AU46: =IFERROR(Tabla1[[#This Row],[CAUDAL TOTAL TRATADO GEM ]]/Tabla1[[#This Row],[CAUDAL DE TRATAMIENTO]],0) -> 0
A47: 46069 | B47: 16 | C47: 16 (NOCHE) | D47: 46 | E47: FINAL TURNO 3 | F47: 1300 | G47: 3260 | H47: 1780 | I47: 115 | J47: 30 | K47: 17047 | L47: 480 | M47: 80 | N47: 200 | O47: 380 | P47: 80 | Q47: 5 | R47: 5 | S47: 260 | T47: 503.5 | U47: 100 | V47: 5 | W47: 5 | X47: 541.66667 | Y47: 1048.9583 | Z47: 208.33333 | AA47: 10.416667 | AB47: 10.416667 | AC47: 1.3 | AD47: 1.325 | AE47: 1.25 | AF47: 2500 | AG47: 2500 | AH47: 830 | AI47: 2900 | AJ47: 6295 | AK47: 19050 | AL47: 22050 | AM47: 215800 | AN47: 1460150 | AO47: 629500 | AP47: 95250 | AQ47: 110250 | AR47: 2510950 | AS47: 5250 | AT47: 5231.1458 | AU47: =IFERROR(Tabla1[[#This Row],[CAUDAL TOTAL TRATADO GEM ]]/Tabla1[[#This Row],[CAUDAL DE TRATAMIENTO]],0) -> 6
A48: 46069 | B48: 16 | C48: 17 (MAÑANA) | D48: 47 | E48: FINAL TURNO 1 | F48: 1100 | G48: 2880 | H48: 1700 | I48: 110 | J48: 25 | K48: 17053 | L48: 320 | M48: 80 | N48: 100 | O48: 240 | P48: 60 | Q48: 0 | R48: 5 | S48: 130 | T48: 318 | U48: 75 | V48: 0 | W48: 5 | X48: 406.25 | Y48: 993.75 | Z48: 234.375 | AA48: 0 | AB48: 15.625 | AC48: 1.3 | AD48: 1.325 | AE48: 1.25 | AF48: 2500 | AG48: 2500 | AH48: 830 | AI48: 2900 | AJ48: 6295 | AK48: 19050 | AL48: 22050 | AM48: 107900 | AN48: 922200 | AO48: 472125 | AP48: 0 | AQ48: 110250 | AR48: 1612475 | AS48: 5250 | AT48: 5038.9844 | AU48: =IFERROR(Tabla1[[#This Row],[CAUDAL TOTAL TRATADO GEM ]]/Tabla1[[#This Row],[CAUDAL DE TRATAMIENTO]],0) -> 4
A49: 46069 | B49: 16 | C49: 3(TARDE) | D49: 48 | E49: FINAL TURNO 2 | F49: 1000 | G49: 2640 | H49: 1640 | I49: 110 | J49: 20 | K49: 17057 | L49: 640 | M49: 80 | N49: 100 | O49: 240 | P49: 40 | Q49: 0 | R49: 5 | S49: 130 | T49: 318 | U49: 50 | V49: 0 | W49: 5 | X49: 203.125 | Y49: 496.875 | Z49: 78.125 | AA49: 0 | AB49: 7.8125 | AC49: 1.3 | AD49: 1.325 | AE49: 1.25 | AF49: 2500 | AG49: 2500 | AH49: 830 | AI49: 2900 | AJ49: 6295 | AK49: 19050 | AL49: 22050 | AM49: 107900 | AN49: 922200 | AO49: 314750 | AP49: 0 | AQ49: 110250 | AR49: 1455100 | AS49: 5250 | AT49: 2273.5938 | AU49: =IFERROR(Tabla1[[#This Row],[CAUDAL TOTAL TRATADO GEM ]]/Tabla1[[#This Row],[CAUDAL DE TRATAMIENTO]],0) -> 8
A50: 46070 | B50: 17 | C50: 17 (NOCHE) | D50: 49 | E50: FINAL TURNO 3 | F50: 900 | G50: 2400 | H50: 1600 | I50: 110 | J50: 15 | K50: 17065 | L50: 400 | M50: 80 | N50: 140 | O50: 100 | P50: 0 | Q50: 5 | R50: 5 | S50: 182 | T50: 132.5 | U50: 0 | V50: 5 | W50: 5 | X50: 455 | Y50: 331.25 | Z50: 0 | AA50: 12.5 | AB50: 12.5 | AC50: 1.3 | AD50: 1.325 | AE50: 1.25 | AF50: 2500 | AG50: 2500 | AH50: 830 | AI50: 2900 | AJ50: 6295 | AK50: 19050 | AL50: 22050 | AM50: 151060 | AN50: 384250 | AO50: 0 | AP50: 95250 | AQ50: 110250 | AR50: 740810 | AS50: 5250 | AT50: 1852.025 | AU50: =IFERROR(Tabla1[[#This Row],[CAUDAL TOTAL TRATADO GEM ]]/Tabla1[[#This Row],[CAUDAL DE TRATAMIENTO]],0) -> 5
A51: 46070 | B51: 17 | C51: 18 (MAÑANA) | D51: 50 | E51: FINAL TURNO 1 | F51: 760 | G51: 2300 | H51: 1600 | I51: 105 | J51: 10 | K51: 17070 | L51: 400 | M51: 80 | N51: 60 | O51: 150 | P51: 50 | Q51: 0 | R51: 5 | S51: 78 | T51: 198.75 | U51: 62.5 | V51: 0 | W51: 5 | X51: 195 | Y51: 496.875 | Z51: 156.25 | AA51: 0 | AB51: 12.5 | AC51: 1.3 | AD51: 1.325 | AE51: 1.25 | AF51: 2500 | AG51: 2500 | AH51: 830 | AI51: 2900 | AJ51: 6295 | AK51: 19050 | AL51: 22050 | AM51: 64740 | AN51: 576375 | AO51: 393437.5 | AP51: 0 | AQ51: 110250 | AR51: 1144802.5 | AS51: 5250 | AT51: 2862.0062 | AU51: =IFERROR(Tabla1[[#This Row],[CAUDAL TOTAL TRATADO GEM ]]/Tabla1[[#This Row],[CAUDAL DE TRATAMIENTO]],0) -> 5
A52: 46070 | B52: 17 | C52: 3(TARDE) | D52: 51 | E52: FINAL TURNO 2 | F52: 700 | G52: 2150 | H52: 1550 | I52: 105 | J52: 5 | K52: 17075 | L52: 400 | M52: 80 | N52: 50 | O52: 50 | P52: 60 | Q52: 0 | R52: 5 | S52: 65 | T52: 66.25 | U52: 75 | V52: 0 | W52: 5 | X52: 162.5 | Y52: 165.625 | Z52: 187.5 | AA52: 0 | AB52: 12.5 | AC52: 1.3 | AD52: 1.325 | AE52: 1.25 | AF52: 2500 | AG52: 2500 | AH52: 830 | AI52: 2900 | AJ52: 6295 | AK52: 19050 | AL52: 22050 | AM52: 53950 | AN52: 192125 | AO52: 472125 | AP52: 0 | AQ52: 110250 | AR52: 828450 | AS52: 5250 | AT52: 2071.125 | AU52: =IFERROR(Tabla1[[#This Row],[CAUDAL TOTAL TRATADO GEM ]]/Tabla1[[#This Row],[CAUDAL DE TRATAMIENTO]],0) -> 5
A53: 46071 | B53: 18 | C53: 18 (NOCHE) | D53: 52 | E53: FINAL TURNO 3 | F53: 650 | G53: 2100 | H53: 1490 | I53: 105 | J53: 0 | K53: 17080 | L53: 320 | M53: 80 | N53: 70 | O53: 0 | P53: 80 | Q53: 5 | R53: 5 | S53: 91 | T53: 0 | U53: 100 | V53: 5 | W53: 5 | X53: 284.375 | Y53: 0 | Z53: 312.5 | AA53: 15.625 | AB53: 15.625 | AC53: 1.3 | AD53: 1.325 | AE53: 1.25 | AF53: 2500 | AG53: 2500 | AH53: 830 | AI53: 2900 | AJ53: 6295 | AK53: 19050 | AL53: 22050 | AM53: 75530 | AN53: 0 | AO53: 629500 | AP53: 95250 | AQ53: 110250 | AR53: 910530 | AS53: 5250 | AT53: 2845.4062 | AU53: =IFERROR(Tabla1[[#This Row],[CAUDAL TOTAL TRATADO GEM ]]/Tabla1[[#This Row],[CAUDAL DE TRATAMIENTO]],0) -> 4
A54: 46071 | B54: 18 | C54: 19 (MAÑANA) | D54: 53 | E54: FINAL TURNO 1 | F54: 580 | G54: 2100 | H54: 1410 | I54: 100 | J54: 295 | K54: 17084 | L54: 160 | M54: 80 | N54: 80 | O54: 0 | P54: 40 | Q54: 0 | R54: 5 | S54: 104 | T54: 0 | U54: 50 | V54: 0 | W54: 5 | X54: 650 | Y54: 0 | Z54: 312.5 | AA54: 0 | AB54: 31.25 | AC54: 1.3 | AD54: 1.325 | AE54: 1.25 | AF54: 2500 | AG54: 2500 | AH54: 830 | AI54: 2900 | AJ54: 6295 | AK54: 19050 | AL54: 22050 | AM54: 86320 | AN54: 0 | AO54: 314750 | AP54: 0 | AQ54: 110250 | AR54: 511320 | AS54: 5250 | AT54: 3195.75 | AU54: =IFERROR(Tabla1[[#This Row],[CAUDAL TOTAL TRATADO GEM ]]/Tabla1[[#This Row],[CAUDAL DE TRATAMIENTO]],0) -> 2
A55: 46071 | B55: 18 | C55: 3(TARDE) | D55: 54 | E55: FINAL TURNO 2 | F55: 500 | G55: 2100 | H55: 1370 | I55: 100 | J55: 290 | K55: 17086 | L55: 480 | M55: 80 | N55: 130 | O55: 0 | P55: 80 | Q55: 0 | R55: 5 | S55: 169 | T55: 0 | U55: 100 | V55: 0 | W55: 5 | X55: 352.08333 | Y55: 0 | Z55: 208.33333 | AA55: 0 | AB55: 10.416667 | AC55: 1.3 | AD55: 1.325 | AE55: 1.25 | AF55: 2500 | AG55: 2500 | AH55: 830 | AI55: 2900 | AJ55: 6295 | AK55: 19050 | AL55: 22050 | AM55: 140270 | AN55: 0 | AO55: 629500 | AP55: 0 | AQ55: 110250 | AR55: 880020 | AS55: 5250 | AT55: 1833.375 | AU55: =IFERROR(Tabla1[[#This Row],[CAUDAL TOTAL TRATADO GEM ]]/Tabla1[[#This Row],[CAUDAL DE TRATAMIENTO]],0) -> 6
A56: 46072 | B56: 19 | C56: 19 (NOCHE) | D56: 55 | E56: FINAL TURNO 3 | F56: 370 | G56: 2100 | H56: 1290 | I56: 100 | J56: 285 | K56: 17092 | L56: 320 | M56: 80 | N56: 70 | O56: 40 | P56: 70 | Q56: 5 | R56: 5 | S56: 91 | T56: 53 | U56: 87.5 | V56: 5 | W56: 5 | X56: 284.375 | Y56: 165.625 | Z56: 273.4375 | AA56: 15.625 | AB56: 15.625 | AC56: 1.3 | AD56: 1.325 | AE56: 1.25 | AF56: 2500 | AG56: 2500 | AH56: 830 | AI56: 2900 | AJ56: 6295 | AK56: 19050 | AL56: 22050 | AM56: 75530 | AN56: 153700 | AO56: 550812.5 | AP56: 95250 | AQ56: 110250 | AR56: 985542.5 | AS56: 5250 | AT56: 3079.8203 | AU56: =IFERROR(Tabla1[[#This Row],[CAUDAL TOTAL TRATADO GEM ]]/Tabla1[[#This Row],[CAUDAL DE TRATAMIENTO]],0) -> 4
A57: 46072 | B57: 19 | C57: 20 (MAÑANA) | D57: 56 | E57: FINAL TURNO 1 | F57: 300 | G57: 2060 | H57: 1220 | I57: 95 | J57: 280 | K57: 17096 | L57: 320 | M57: 80 | N57: 200 | O57: 160 | P57: 50 | Q57: 0 | R57: 5 | S57: 260 | T57: 212 | U57: 62.5 | V57: 0 | W57: 5 | X57: 812.5 | Y57: 662.5 | Z57: 195.3125 | AA57: 0 | AB57: 15.625 | AC57: 1.3 | AD57: 1.325 | AE57: 1.25 | AF57: 2500 | AG57: 2500 | AH57: 830 | AI57: 2900 | AJ57: 6295 | AK57: 19050 | AL57: 22050 | AM57: 215800 | AN57: 614800 | AO57: 393437.5 | AP57: 0 | AQ57: 110250 | AR57: 1334287.5 | AS57: 5250 | AT57: 4169.6484 | AU57: =IFERROR(Tabla1[[#This Row],[CAUDAL TOTAL TRATADO GEM ]]/Tabla1[[#This Row],[CAUDAL DE TRATAMIENTO]],0) -> 4
A58: 46072 | B58: 19 | C58: 3(TARDE) | D58: 57 | E58: FINAL TURNO 2 | F58: 100 | G58: 1900 | H58: 1170 | I58: 95 | J58: 275 | K58: 17100 | L58: 560 | M58: 80 | N58: 50 | O58: 170 | P58: 20 | Q58: 0 | R58: 5 | S58: 65 | T58: 225.25 | U58: 25 | V58: 0 | W58: 5 | X58: 116.07143 | Y58: 402.23214 | Z58: 44.642857 | AA58: 0 | AB58: 8.9285714 | AC58: 1.3 | AD58: 1.325 | AE58: 1.25 | AF58: 2500 | AG58: 2500 | AH58: 830 | AI58: 2900 | AJ58: 6295 | AK58: 19050 | AL58: 22050 | AM58: 53950 | AN58: 653225 | AO58: 157375 | AP58: 0 | AQ58: 110250 | AR58: 974800 | AS58: 5250 | AT58: 1740.7143 | AU58: =IFERROR(Tabla1[[#This Row],[CAUDAL TOTAL TRATADO GEM ]]/Tabla1[[#This Row],[CAUDAL DE TRATAMIENTO]],0) -> 7
... A64: 46074 | B64: 21 | C64: 3(TARDE) | D64: 63 | E64: FINAL TURNO 2 | F64: 600 | G64: 3000 | H64: 1950 | I64: 85 | J64: 245 | K64: 17131 | L64: 320 | M64: 80 | N64: 80 | O64: 150 | P64: 40 | Q64: 0 | R64: 5 | S64: 104 | T64: 198.75 | U64: 50 | V64: 0 | W64: 5 | X64: 325 | Y64: 621.09375 | Z64: 156.25 | AA64: 0 | AB64: 15.625 | AC64: 1.3 | AD64: 1.325 | AE64: 1.25 | AF64: 2500 | AG64: 2500 | AH64: 830 | AI64: 2900 | AJ64: 6295 | AK64: 19050 | AL64: 22050 | AM64: 86320 | AN64: 576375 | AO64: 314750 | AP64: 0 | AQ64: 110250 | AR64: 1087695 | AS64: 5250 | AT64: 3399.0469 | AU64: =IFERROR(Tabla1[[#This Row],[CAUDAL TOTAL TRATADO GEM ]]/Tabla1[[#This Row],[CAUDAL DE TRATAMIENTO]],0) -> 4
A65: 46075 | B65: 22 | C65: 22 (NOCHE) | D65: 64 | E65: FINAL TURNO 3 | F65: 520 | G65: 2850 | H65: 1910 | I65: 85 | J65: 240 | K65: 17135 | L65: 0 | M65: 80 | N65: 0 | O65: 0 | P65: 0 | Q65: 0 | R65: 0 | S65: 0 | T65: 0 | U65: 0 | V65: 0 | W65: 0 | X65: #DIV/0! | Y65: #DIV/0! | Z65: #DIV/0! | AA65: #DIV/0! | AB65: #DIV/0! | AC65: 1.3 | AD65: 1.325 | AE65: 1.25 | AF65: 2500 | AG65: 2500 | AH65: 830 | AI65: 2900 | AJ65: 6295 | AK65: 19050 | AL65: 22050 | AM65: 0 | AN65: 0 | AO65: 0 | AP65: 0 | AQ65: 0 | AR65: 0 | AS65: 5250 | AT65: #DIV/0! | AU65: =IFERROR(Tabla1[[#This Row],[CAUDAL TOTAL TRATADO GEM ]]/Tabla1[[#This Row],[CAUDAL DE TRATAMIENTO]],0) -> 0
A66: 46075 | B66: 22 | C66: 23 (MAÑANA) | D66: 65 | E66: FINAL TURNO 1 | F66: 520 | G66: 2850 | H66: 1910 | I66: 85 | J66: 240 | K66: 17135 | L66: 0 | M66: 80 | N66: 0 | O66: 0 | P66: 0 | Q66: 0 | R66: 0 | S66: 0 | T66: 0 | U66: 0 | V66: 0 | W66: 0 | X66: #DIV/0! | Y66: #DIV/0! | Z66: #DIV/0! | AA66: #DIV/0! | AB66: #DIV/0! | AC66: 1.3 | AD66: 1.325 | AE66: 1.25 | AF66: 2500 | AG66: 2500 | AH66: 830 | AI66: 2900 | AJ66: 6295 | AK66: 19050 | AL66: 22050 | AM66: 0 | AN66: 0 | AO66: 0 | AP66: 0 | AQ66: 0 | AR66: 0 | AS66: 5250 | AT66: #DIV/0! | AU66: =IFERROR(Tabla1[[#This Row],[CAUDAL TOTAL TRATADO GEM ]]/Tabla1[[#This Row],[CAUDAL DE TRATAMIENTO]],0) -> 0
A67: 46075 | B67: 22 | C67: 3(TARDE) | D67: 66 | E67: FINAL TURNO 2 | F67: 520 | G67: 2850 | H67: 1910 | I67: 85 | J67: 240 | K67: 17135 | L67: 0 | M67: 80 | N67: 0 | O67: 160 | P67: 0 | Q67: 0 | R67: 0 | S67: 0 | T67: 212 | U67: 0 | V67: 0 | W67: 0 | X67: #DIV/0! | Y67: #DIV/0! | Z67: #DIV/0! | AA67: #DIV/0! | AB67: #DIV/0! | AC67: 1.3 | AD67: 1.325 | AE67: 1.25 | AF67: 2500 | AG67: 2500 | AH67: 830 | AI67: 2900 | AJ67: 6295 | AK67: 19050 | AL67: 22050 | AM67: 0 | AN67: 614800 | AO67: 0 | AP67: 0 | AQ67: 0 | AR67: 614800 | AS67: 5250 | AT67: #DIV/0! | AU67: =IFERROR(Tabla1[[#This Row],[CAUDAL TOTAL TRATADO GEM ]]/Tabla1[[#This Row],[CAUDAL DE TRATAMIENTO]],0) -> 0
A68: 46076 | B68: 23 | C68: 23 (NOCHE) | D68: 67 | E68: FINAL TURNO 3 | F68: 520 | G68: 2690 | H68: 1910 | I68: 85 | J68: 240 | K68: 17135 | L68: 240 | M68: 80 | N68: 0 | O68: 290 | P68: 10 | Q68: 5 | R68: 5 | S68: 0 | T68: 384.25 | U68: 12.5 | V68: 5 | W68: 5 | X68: 0 | Y68: 1601.0417 | Z68: 52.083333 | AA68: 20.833333 | AB68: 20.833333 | AC68: 1.3 | AD68: 1.325 | AE68: 1.25 | AF68: 2500 | AG68: 2500 | AH68: 830 | AI68: 2900 | AJ68: 6295 | AK68: 19050 | AL68: 22050 | AM68: 0 | AN68: 1114325 | AO68: 78687.5 | AP68: 95250 | AQ68: 110250 | AR68: 1398512.5 | AS68: 5250 | AT68: 5827.1354 | AU68: =IFERROR(Tabla1[[#This Row],[CAUDAL TOTAL TRATADO GEM ]]/Tabla1[[#This Row],[CAUDAL DE TRATAMIENTO]],0) -> 3
A69: 46076 | B69: 23 | C69: 24 (MAÑANA) | D69: 68 | E69: FINAL TURNO 1 | F69: 520 | G69: 4400 | H69: 1900 | I69: 80 | J69: 235 | K69: 17138 | L69: 0 | M69: 80 | N69: 420 | O69: 100 | P69: 90 | Q69: 0 | R69: 5 | S69: 546 | T69: 132.5 | U69: 112.5 | V69: 0 | W69: 5 | X69: #DIV/0! | Y69: #DIV/0! | Z69: #DIV/0! | AA69: #DIV/0! | AB69: #DIV/0! | AC69: 1.3 | AD69: 1.325 | AE69: 1.25 | AF69: 2500 | AG69: 2500 | AH69: 830 | AI69: 2900 | AJ69: 6295 | AK69: 19050 | AL69: 22050 | AM69: 453180 | AN69: 384250 | AO69: 708187.5 | AP69: 0 | AQ69: 110250 | AR69: 1655867.5 | AS69: 5250 | AT69: #DIV/0! | AU69: =IFERROR(Tabla1[[#This Row],[CAUDAL TOTAL TRATADO GEM ]]/Tabla1[[#This Row],[CAUDAL DE TRATAMIENTO]],0) -> 0
A70: 46076 | B70: 23 | C70: 3(TARDE) | D70: 69 | E70: FINAL TURNO 2 | F70: 2100 | G70: 4300 | H70: 2810 | I70: 80 | J70: 230 | K70: 17138 | L70: 480 | M70: 80 | N70: 100 | O70: 0 | P70: 10 | Q70: 5 | R70: 5 | S70: 130 | T70: 0 | U70: 12.5 | V70: 5 | W70: 5 | X70: 270.83333 | Y70: 0 | Z70: 26.041667 | AA70: 10.416667 | AB70: 10.416667 | AC70: 1.3 | AD70: 1.325 | AE70: 1.25 | AF70: 2500 | AG70: 2500 | AH70: 830 | AI70: 2900 | AJ70: 6295 | AK70: 19050 | AL70: 22050 | AM70: 107900 | AN70: 0 | AO70: 78687.5 | AP70: 95250 | AQ70: 110250 | AR70: 392087.5 | AS70: 5250 | AT70: 816.84896 | AU70: =IFERROR(Tabla1[[#This Row],[CAUDAL TOTAL TRATADO GEM ]]/Tabla1[[#This Row],[CAUDAL DE TRATAMIENTO]],0) -> 6
A71: 46077 | B71: 24 | C71: 24 (NOCHE) | D71: 70 | E71: FINAL TURNO 3 | F71: 2000 | G71: 4300 | H71: 2800 | I71: 75 | J71: 225 | K71: 17144 | L71: 400 | M71: 80 | N71: 0 | O71: 330 | P71: 0 | Q71: 0 | R71: 5 | S71: 0 | T71: 437.25 | U71: 0 | V71: 0 | W71: 5 | X71: 0 | Y71: 1093.125 | Z71: 0 | AA71: 0 | AB71: 12.5 | AC71: 1.3 | AD71: 1.325 | AE71: 1.25 | AF71: 2500 | AG71: 2500 | AH71: 830 | AI71: 2900 | AJ71: 6295 | AK71: 19050 | AL71: 22050 | AM71: 0 | AN71: 1268025 | AO71: 0 | AP71: 0 | AQ71: 110250 | AR71: 1378275 | AS71: 5250 | AT71: 3445.6875 | AU71: =IFERROR(Tabla1[[#This Row],[CAUDAL TOTAL TRATADO GEM ]]/Tabla1[[#This Row],[CAUDAL DE TRATAMIENTO]],0) -> 5
A72: 46077 | B72: 24 | C72: 25 (MAÑANA) | D72: 71 | E72: FINAL TURNO 1 | F72: 2000 | G72: 3970 | H72: 2800 | I72: 75 | J72: 220 | K72: 17149 | L72: 320 | M72: 80 | N72: 0 | O72: 310 | P72: 80 | Q72: 5 | R72: 5 | S72: 0 | T72: 410.75 | U72: 100 | V72: 5 | W72: 5 | X72: 0 | Y72: 1283.5938 | Z72: 312.5 | AA72: 15.625 | AB72: 15.625 | AC72: 1.3 | AD72: 1.325 | AE72: 1.25 | AF72: 2500 | AG72: 2500 | AH72: 830 | AI72: 2900 | AJ72: 6295 | AK72: 19050 | AL72: 22050 | AM72: 0 | AN72: 1191175 | AO72: 629500 | AP72: 95250 | AQ72: 110250 | AR72: 2026175 | AS72: 5250 | AT72: 6331.7969 | AU72: =IFERROR(Tabla1[[#This Row],[CAUDAL TOTAL TRATADO GEM ]]/Tabla1[[#This Row],[CAUDAL DE TRATAMIENTO]],0) -> 4
A73: 46077 | B73: 24 | C73: 3(TARDE) | D73: 72 | E73: FINAL TURNO 2 | F73: 2000 | G73: 3660 | H73: 2720 | I73: 70 | J73: 215 | K73: 17153 | L73: 400 | M73: 80 | N73: 130 | O73: 60 | P73: 120 | Q73: 0 | R73: 5 | S73: 169 | T73: 79.5 | U73: 150 | V73: 0 | W73: 5 | X73: 422.5 | Y73: 198.75 | Z73: 375 | AA73: 0 | AB73: 12.5 | AC73: 1.3 | AD73: 1.325 | AE73: 1.25 | AF73: 2500 | AG73: 2500 | AH73: 830 | AI73: 2900 | AJ73: 6295 | AK73: 19050 | AL73: 22050 | AM73: 140270 | AN73: 230550 | AO73: 944250 | AP73: 0 | AQ73: 110250 | AR73: 1425320 | AS73: 5250 | AT73: 3563.3 | AU73: =IFERROR(Tabla1[[#This Row],[CAUDAL TOTAL TRATADO GEM ]]/Tabla1[[#This Row],[CAUDAL DE TRATAMIENTO]],0) -> 5
A74: 46078 | B74: 25 | C74: 25 (NOCHE) | D74: 73 | E74: FINAL TURNO 3 | F74: 1870 | G74: 3600 | H74: 2600 | I74: 70 | J74: 210 | K74: 17158 | L74: 480 | M74: 80 | N74: 70 | O74: 400 | P74: 25 | Q74: 5 | R74: 5 | S74: 91 | T74: 530 | U74: 31.25 | V74: 5 | W74: 5 | X74: 189.58333 | Y74: 1104.1667 | Z74: 65.104167 | AA74: 10.416667 | AB74: 10.416667 | AC74: 1.3 | AD74: 1.325 | AE74: 1.25 | AF74: 2500 | AG74: 2500 | AH74: 830 | AI74: 2900 | AJ74: 6295 | AK74: 19050 | AL74: 22050 | AM74: 75530 | AN74: 1537000 | AO74: 196718.75 | AP74: 95250 | AQ74: 110250 | AR74: 2014748.8 | AS74: 5250 | AT74: 4197.3932 | AU74: =IFERROR(Tabla1[[#This Row],[CAUDAL TOTAL TRATADO GEM ]]/Tabla1[[#This Row],[CAUDAL DE TRATAMIENTO]],0) -> 6
A75: 46078 | B75: 25 | C75: 26 (MAÑANA) | D75: 74 | E75: FINAL TURNO 1 | F75: 1800 | G75: 3200 | H75: 2575 | I75: 65 | J75: 205 | K75: 17164 | L75: 480 | M75: 80 | N75: 70 | O75: 180 | P75: 25 | Q75: 0 | R75: 5 | S75: 91 | T75: 238.5 | U75: 31.25 | V75: 0 | W75: 5 | X75: 189.58333 | Y75: 496.875 | Z75: 65.104167 | AA75: 0 | AB75: 10.416667 | AC75: 1.3 | AD75: 1.325 | AE75: 1.25 | AF75: 2500 | AG75: 2500 | AH75: 830 | AI75: 2900 | AJ75: 6295 | AK75: 19050 | AL75: 22050 | AM75: 75530 | AN75: 691650 | AO75: 196718.75 | AP75: 0 | AQ75: 110250 | AR75: 1074148.8 | AS75: 5250 | AT75: 2237.8099 | AU75: =IFERROR(Tabla1[[#This Row],[CAUDAL TOTAL TRATADO GEM ]]/Tabla1[[#This Row],[CAUDAL DE TRATAMIENTO]],0) -> 6
A76: 46078 | B76: 25 | C76: 3(TARDE) | D76: 75 | E76: FINAL TURNO 2 | F76: 1730 | G76: 3020 | H76: 2550 | I76: 65 | J76: 200 | K76: 17170 | L76: 480 | M76: 80 | N76: 40 | O76: 200 | P76: 50 | Q76: 5 | R76: 5 | S76: 52 | T76: 265 | U76: 62.5 | V76: 5 | W76: 5 | X76: 108.33333 | Y76: 552.08333 | Z76: 130.20833 | AA76: 10.416667 | AB76: 10.416667 | AC76: 1.3 | AD76: 1.325 | AE76: 1.25 | AF76: 2500 | AG76: 2500 | AH76: 830 | AI76: 2900 | AJ76: 6295 | AK76: 19050 | AL76: 22050 | AM76: 43160 | AN76: 768500 | AO76: 393437.5 | AP76: 95250 | AQ76: 110250 | AR76: 1410597.5 | AS76: 5250 | AT76: 2938.7448 | AU76: =IFERROR(Tabla1[[#This Row],[CAUDAL TOTAL TRATADO GEM ]]/Tabla1[[#This Row],[CAUDAL DE TRATAMIENTO]],0) -> 6
A77: 46079 | B77: 26 | C77: 26 (NOCHE) | D77: 76 | E77: FINAL TURNO 3 | F77: 1690 | G77: 2820 | H77: 2500 | I77: 60 | J77: 195 | K77: 17176 | L77: 560 | M77: 80 | N77: 240 | O77: 150 | P77: 0 | Q77: 0 | R77: 5 | S77: 312 | T77: 198.75 | U77: 0 | V77: 0 | W77: 5 | X77: 557.14286 | Y77: 354.91071 | Z77: 0 | AA77: 0 | AB77: 8.9285714 | AC77: 1.3 | AD77: 1.325 | AE77: 1.25 | AF77: 2500 | AG77: 2500 | AH77: 830 | AI77: 2900 | AJ77: 6295 | AK77: 19050 | AL77: 22050 | AM77: 258960 | AN77: 576375 | AO77: 0 | AP77: 0 | AQ77: 110250 | AR77: 945585 | AS77: 5250 | AT77: 1688.5446 | AU77: =IFERROR(Tabla1[[#This Row],[CAUDAL TOTAL TRATADO GEM ]]/Tabla1[[#This Row],[CAUDAL DE TRATAMIENTO]],0) -> 7
A78: 46079 | B78: 26 | C78: 27 (MAÑANA) | D78: 77 | E78: FINAL TURNO 1 | F78: 1450 | G78: 2670 | H78: 2500 | I78: 60 | J78: 190 | K78: 17183 | L78: 560 | M78: 80 | N78: 350 | O78: 190 | P78: 100 | Q78: 5 | R78: 5 | S78: 455 | T78: 251.75 | U78: 125 | V78: 5 | W78: 5 | X78: 812.5 | Y78: 449.55357 | Z78: 223.21429 | AA78: 8.9285714 | AB78: 8.9285714 | AC78: 1.3 | AD78: 1.325 | AE78: 1.25 | AF78: 2500 | AG78: 2500 | AH78: 830 | AI78: 2900 | AJ78: 6295 | AK78: 19050 | AL78: 22050 | AM78: 377650 | AN78: 730075 | AO78: 786875 | AP78: 95250 | AQ78: 110250 | AR78: 2100100 | AS78: 5250 | AT78: 3750.1786 | AU78: =IFERROR(Tabla1[[#This Row],[CAUDAL TOTAL TRATADO GEM ]]/Tabla1[[#This Row],[CAUDAL DE TRATAMIENTO]],0) -> 7
A79: 46079 | B79: 26 | C79: 3(TARDE) | D79: 78 | E79: FINAL TURNO 2 | F79: 1100 | G79: 2480 | H79: 2400 | I79: 55 | J79: 185 | K79: 17190 | L79: 640 | M79: 80 | N79: 190 | O79: 180 | P79: 100 | Q79: 0 | R79: 5 | S79: 247 | T79: 238.5 | U79: 125 | V79: 0 | W79: 5 | X79: 385.9375 | Y79: 372.65625 | Z79: 195.3125 | AA79: 0 | AB79: 7.8125 | AC79: 1.3 | AD79: 1.325 | AE79: 1.25 | AF79: 2500 | AG79: 2500 | AH79: 830 | AI79: 2900 | AJ79: 6295 | AK79: 19050 | AL79: 22050 | AM79: 205010 | AN79: 691650 | AO79: 786875 | AP79: 0 | AQ79: 110250 | AR79: 1793785 | AS79: 5250 | AT79: 2802.7891 | AU79: =IFERROR(Tabla1[[#This Row],[CAUDAL TOTAL TRATADO GEM ]]/Tabla1[[#This Row],[CAUDAL DE TRATAMIENTO]],0) -> 8
A80: 46080 | B80: 27 | C80: 27 (NOCHE) | D80: 79 | E80: FINAL TURNO 3 | F80: 910 | G80: 2300 | H80: 2300 | I80: 55 | J80: 180 | K80: 17198 | L80: 560 | M80: 80 | N80: 20 | O80: 220 | P80: 80 | Q80: 5 | R80: 5 | S80: 26 | T80: 291.5 | U80: 100 | V80: 5 | W80: 5 | X80: 46.428571 | Y80: 520.53571 | Z80: 178.57143 | AA80: 8.9285714 | AB80: 8.9285714 | AC80: 1.3 | AD80: 1.325 | AE80: 1.25 | AF80: 2500 | AG80: 2500 | AH80: 830 | AI80: 2900 | AJ80: 6295 | AK80: 19050 | AL80: 22050 | AM80: 21580 | AN80: 845350 | AO80: 629500 | AP80: 95250 | AQ80: 110250 | AR80: 1701930 | AS80: 5250 | AT80: 3039.1607 | AU80: =IFERROR(Tabla1[[#This Row],[CAUDAL TOTAL TRATADO GEM ]]/Tabla1[[#This Row],[CAUDAL DE TRATAMIENTO]],0) -> 7
A81: 46080 | B81: 27 | C81: 28 (MAÑANA) | D81: 80 | E81: FINAL TURNO 1 | F81: 890 | G81: 2080 | H81: 2220 | I81: 50 | J81: 175 | K81: 17205 | L81: 400 | M81: 80 | N81: 390 | O81: 260 | P81: 50 | Q81: 0 | R81: 5 | S81: 507 | T81: 344.5 | U81: 62.5 | V81: 0 | W81: 5 | X81: 1267.5 | Y81: 861.25 | Z81: 156.25 | AA81: 0 | AB81: 12.5 | AC81: 1.3 | AD81: 1.325 | AE81: 1.25 | AF81: 2500 | AG81: 2500 | AH81: 830 | AI81: 2900 | AJ81: 6295 | AK81: 19050 | AL81: 22050 | AM81: 420810 | AN81: 999050 | AO81: 393437.5 | AP81: 0 | AQ81: 110250 | AR81: 1923547.5 | AS81: 5250 | AT81: 4808.8687 | AU81: =IFERROR(Tabla1[[#This Row],[CAUDAL TOTAL TRATADO GEM ]]/Tabla1[[#This Row],[CAUDAL DE TRATAMIENTO]],0) -> 5
... A85: 46081 | B85: 28 | C85: 3(TARDE) | D85: 84 | E85: FINAL TURNO 2 | F85: 150 | G85: 4200 | H85: 1900 | I85: 40 | J85: 155 | K85: 17225 | L85: 240 | M85: 80 | N85: 0 | O85: 0 | P85: 0 | Q85: 0 | R85: 0 | S85: 0 | T85: 0 | U85: 0 | V85: 0 | W85: 0 | X85: 0 | Y85: 0 | Z85: 0 | AA85: 0 | AB85: 0 | AC85: 1.3 | AD85: 1.325 | AE85: 1.25 | AF85: 2500 | AG85: 2500 | AH85: 830 | AI85: 2900 | AJ85: 6295 | AK85: 19050 | AL85: 22050 | AM85: 0 | AN85: 0 | AO85: 0 | AP85: 0 | AQ85: 0 | AR85: 0 | AS85: 5250 | AT85: 0 | AU85: =IFERROR(Tabla1[[#This Row],[CAUDAL TOTAL TRATADO GEM ]]/Tabla1[[#This Row],[CAUDAL DE TRATAMIENTO]],0) -> 3
A86: 46082 | B86: 29 | C86: 29 (NOCHE) | D86: 85 | E86: FINAL TURNO 3 | F86: 150 | G86: 4200 | H86: 1900 | I86: 40 | J86: 155 | K86: 17228 | L86: 0 | M86: 80 | N86: 150 | O86: 4200 | P86: 1900 | Q86: 40 | R86: 155 | S86: 195 | T86: 5565 | U86: 2375 | V86: 40 | W86: 155 | X86: #DIV/0! | Y86: #DIV/0! | Z86: #DIV/0! | AA86: #DIV/0! | AB86: #DIV/0! | AC86: 1.3 | AD86: 1.325 | AE86: 1.25 | AF86: 2500 | AG86: 2500 | AH86: 830 | AI86: 2900 | AJ86: 6295 | AK86: 19050 | AL86: 22050 | AM86: 161850 | AN86: 16138500 | AO86: 14950625 | AP86: 762000 | AQ86: 3417750 | AR86: 35430725 | AS86: 5250 | AT86: #DIV/0! | AU86: =IFERROR(Tabla1[[#This Row],[CAUDAL TOTAL TRATADO GEM ]]/Tabla1[[#This Row],[CAUDAL DE TRATAMIENTO]],0) -> 0
A87: 46082 | B87: 29 | C87: 30 (MAÑANA) | D87: 86 | E87: FINAL TURNO 1 | K87: 17228 | L87: 0 | M87: 80 | N87: 0 | O87: 0 | P87: 0 | Q87: 0 | R87: 0 | S87: 0 | T87: 0 | U87: 0 | V87: 0 | W87: 0 | X87: #DIV/0! | Y87: #DIV/0! | Z87: #DIV/0! | AA87: #DIV/0! | AB87: #DIV/0! | AC87: 1.3 | AD87: 1.325 | AE87: 1.25 | AF87: 2500 | AG87: 2500 | AH87: 830 | AI87: 2900 | AJ87: 6295 | AK87: 19050 | AL87: 22050 | AM87: 0 | AN87: 0 | AO87: 0 | AP87: 0 | AQ87: 0 | AR87: 0 | AS87: 5250 | AT87: #DIV/0! | AU87: =IFERROR(Tabla1[[#This Row],[CAUDAL TOTAL TRATADO GEM ]]/Tabla1[[#This Row],[CAUDAL DE TRATAMIENTO]],0) -> 0
A88: 46082 | B88: 29 | C88: 3(TARDE) | D88: 87 | E88: FINAL TURNO 2 | K88: 17228 | L88: 0 | M88: 80 | N88: 0 | O88: 0 | P88: 0 | Q88: 0 | R88: 0 | S88: 0 | T88: 0 | U88: 0 | V88: 0 | W88: 0 | X88: #DIV/0! | Y88: #DIV/0! | Z88: #DIV/0! | AA88: #DIV/0! | AB88: #DIV/0! | AC88: 1.3 | AD88: 1.325 | AE88: 1.25 | AF88: 2500 | AG88: 2500 | AH88: 830 | AI88: 2900 | AJ88: 6295 | AK88: 19050 | AL88: 22050 | AM88: 0 | AN88: 0 | AO88: 0 | AP88: 0 | AQ88: 0 | AR88: 0 | AS88: 5250 | AT88: #DIV/0! | AU88: =IFERROR(Tabla1[[#This Row],[CAUDAL TOTAL TRATADO GEM ]]/Tabla1[[#This Row],[CAUDAL DE TRATAMIENTO]],0) -> 0
A89: 46083 | B89: 30 | C89: 30 (NOCHE) | D89: 88 | E89: FINAL TURNO 3 | K89: 17228 | L89: -1378240 | M89: 80 | N89: 0 | O89: 0 | P89: 0 | Q89: 0 | R89: 0 | S89: 0 | T89: 0 | U89: 0 | V89: 0 | W89: 0 | X89: 0 | Y89: 0 | Z89: 0 | AA89: 0 | AB89: 0 | AC89: 1.3 | AD89: 1.325 | AE89: 1.25 | AF89: 2500 | AG89: 2500 | AH89: 830 | AI89: 2900 | AJ89: 6295 | AK89: 19050 | AL89: 22050 | AM89: 0 | AN89: 0 | AO89: 0 | AP89: 0 | AQ89: 0 | AR89: 0 | AS89: 5250 | AT89: 0 | AU89: =IFERROR(Tabla1[[#This Row],[CAUDAL TOTAL TRATADO GEM ]]/Tabla1[[#This Row],[CAUDAL DE TRATAMIENTO]],0) -> -17228
A90: 46083 | B90: 30 | C90: 31 (MAÑANA) | D90: 89 | E90: FINAL TURNO 1 | L90: 0 | M90: 80 | N90: 0 | O90: 0 | P90: 0 | Q90: 0 | R90: 0 | S90: 0 | T90: 0 | U90: 0 | V90: 0 | W90: 0 | X90: #DIV/0! | Y90: #DIV/0! | Z90: #DIV/0! | AA90: #DIV/0! | AB90: #DIV/0! | AC90: 1.3 | AD90: 1.325 | AE90: 1.25 | AF90: 2500 | AG90: 2500 | AH90: 830 | AI90: 2900 | AJ90: 6295 | AK90: 19050 | AL90: 22050 | AM90: 0 | AN90: 0 | AO90: 0 | AP90: 0 | AQ90: 0 | AR90: 0 | AS90: 5250 | AT90: #DIV/0! | AU90: =IFERROR(Tabla1[[#This Row],[CAUDAL TOTAL TRATADO GEM ]]/Tabla1[[#This Row],[CAUDAL DE TRATAMIENTO]],0) -> 0
A91: 46083 | B91: 30 | C91: 3(TARDE) | D91: 90 | E91: FINAL TURNO 2 | L91: 0 | M91: 80 | N91: 0 | O91: 0 | P91: 0 | Q91: 0 | R91: 0 | S91: 0 | T91: 0 | U91: 0 | V91: 0 | W91: 0 | X91: #DIV/0! | Y91: #DIV/0! | Z91: #DIV/0! | AA91: #DIV/0! | AB91: #DIV/0! | AC91: 1.3 | AD91: 1.325 | AE91: 1.25 | AF91: 2500 | AG91: 2500 | AH91: 830 | AI91: 2900 | AJ91: 6295 | AK91: 19050 | AL91: 22050 | AM91: 0 | AN91: 0 | AO91: 0 | AP91: 0 | AQ91: 0 | AR91: 0 | AS91: 5250 | AT91: #DIV/0! | AU91: =IFERROR(Tabla1[[#This Row],[CAUDAL TOTAL TRATADO GEM ]]/Tabla1[[#This Row],[CAUDAL DE TRATAMIENTO]],0) -> 0
A92: 46084 | B92: 31 | C92: 31 (NOCHE) | D92: 91 | E92: FINAL TURNO 3 | L92: 0 | M92: 80 | N92: 0 | O92: 0 | P92: 0 | Q92: 0 | R92: 0 | S92: 0 | T92: 0 | U92: 0 | V92: 0 | W92: 0 | X92: #DIV/0! | Y92: #DIV/0! | Z92: #DIV/0! | AA92: #DIV/0! | AB92: #DIV/0! | AC92: 1.3 | AD92: 1.325 | AE92: 1.25 | AF92: 2500 | AG92: 2500 | AH92: 830 | AI92: 2900 | AJ92: 6295 | AK92: 19050 | AL92: 22050 | AM92: 0 | AN92: 0 | AO92: 0 | AP92: 0 | AQ92: 0 | AR92: 0 | AS92: 5250 | AT92: #DIV/0! | AU92: =IFERROR(Tabla1[[#This Row],[CAUDAL TOTAL TRATADO GEM ]]/Tabla1[[#This Row],[CAUDAL DE TRATAMIENTO]],0) -> 0
A93: 46084 | B93: 31 | C93: 32 (MAÑANA) | D93: 92 | E93: FINAL TURNO 1 | L93: 0 | M93: 80 | N93: 0 | O93: 0 | P93: 0 | Q93: 0 | R93: 0 | S93: 0 | T93: 0 | U93: 0 | V93: 0 | W93: 0 | X93: #DIV/0! | Y93: #DIV/0! | Z93: #DIV/0! | AA93: #DIV/0! | AB93: #DIV/0! | AC93: 1.3 | AD93: 1.325 | AE93: 1.25 | AF93: 2500 | AG93: 2500 | AH93: 830 | AI93: 2900 | AJ93: 6295 | AK93: 19050 | AL93: 22050 | AM93: 0 | AN93: 0 | AO93: 0 | AP93: 0 | AQ93: 0 | AR93: 0 | AS93: 5250 | AT93: #DIV/0! | AU93: =IFERROR(Tabla1[[#This Row],[CAUDAL TOTAL TRATADO GEM ]]/Tabla1[[#This Row],[CAUDAL DE TRATAMIENTO]],0) -> 0
A94: 46084 | B94: 31 | C94: 3(TARDE) | D94: 93 | E94: FINAL TURNO 2 | L94: 0 | M94: 80 | N94: 0 | O94: 0 | P94: 0 | Q94: 0 | R94: 0 | S94: 0 | T94: 0 | U94: 0 | V94: 0 | W94: 0 | X94: #DIV/0! | Y94: #DIV/0! | Z94: #DIV/0! | AA94: #DIV/0! | AB94: #DIV/0! | AC94: 1.3 | AD94: 1.325 | AE94: 1.25 | AF94: 2500 | AG94: 2500 | AH94: 830 | AI94: 2900 | AJ94: 6295 | AK94: 19050 | AL94: 22050 | AM94: 0 | AN94: 0 | AO94: 0 | AP94: 0 | AQ94: 0 | AR94: 0 | AS94: 5250 | AT94: #DIV/0! | AU94: =IFERROR(Tabla1[[#This Row],[CAUDAL TOTAL TRATADO GEM ]]/Tabla1[[#This Row],[CAUDAL DE TRATAMIENTO]],0) -> 0
F95: 2.160 | G95: 2.100 | H95: 1.670 | I95: 205 | J95: 105 | AS95: =SUM(AS2:AS37) -> 189000
L96: =+SUM(L2:L13) -> 4350 | N96: =+SUM(N2:N88) -> 8360 | O96: =+SUM(O2:O88) -> 17180 | P96: =+SUM(P2:P87) -> 5510 | Q96: =+SUM(Q2:Q87) -> 205 | R96: =+SUM(R2:R87) -> 480 | S96: =+SUM(S2:S93) -> 10868 | T96: =+SUM(T2:T93) -> 22763.5 | U96: =+SUM(U2:U93) -> 6887.5 | V96: =+SUM(V2:V93) -> 205 | W96: =+SUM(W2:W93) -> 480 | AN96: =+SUM(AN2:AN94) -> 66014150 | AO96: =+SUM(AO2:AO94) -> 43356812 | AP96: =+SUM(AP2:AP94) -> 3905250 | AQ96: =+SUM(AQ2:AQ94) -> 10584000 | AR96: =+SUM(AR2:AR94) -> 1.3288065e+08
L97: =+SUM(L2:L13) -> 4350 | P97: =+MEDIAN(P2:P78)+2000 -> 2040 | AS97: =+SUM(AS2:AS13) -> 63000
N98: =+N96*1.3 -> 10868 | O98: =+O96*1.325 -> 22763.5 | P98: =+P96*1.25 -> 6887.5
S99: =+SUM(S2:S82) -> 10244 | T99: =+SUM(T2:T82) -> 16536 | U99: =+SUM(U2:U82) -> 4275 | V99: =+SUM(V2:V82) -> 160 | W99: =+SUM(W2:W82) -> 315
L100: 29757
L101: =+L97-L100 -> -25407 | T101: 1882
L102: 2860 | T102: =+SUM(T99:T101) -> 18418
L103: =+L101-L102 -> -28267
A104: Caudal: | B104: 71
P105: =80*3 -> 240

Sheet DB QUIMICA
A1: CONSUMO DE QUIMICO | AJ1: TABLA GRAFICA 2. COSTO CONSUMO QUIMICO VS $M3 | AT1: TABLA GRAFICA 3. RO COSTO CONSUMO QUIMICO VS $M3
A2: GEM | B2: COSTO TTO - CAUDAL TRATADP GEM Vs $M3
Z4: CONSOLIDADO COSTO TTO - CAUDAL TRATADP GEM Vs $M3 | AJ4: DIA | AK4: CAUDAL TOTAL TRATADO GEM | AL4: INDICADOR $m3 | AM4: 2025 $m3 GEM | AP4: DIA | AQ4: VOLUMEN TRATADO GEM (m3) | AR4: HORAS DE OPERACIÓN | AT4: DÍA | AU4: VOLUMEN ENVIADO A RO (m3) | AV4: LIMITE INDICADOR M3 | AW4: INDICADOR $m3 RO | AY4: Etiquetas de fila | AZ4: VOLUMEN ENVIADO A RO (m3) | BA4: TIEMPO DE OPERACIÓN | BC4: Etiquetas de fila | BD4: VOLUMEN ENVIADO A RO (m3) | BE4: TIEMPO DE OPERACIÓN | BF4: COSTO QUIMICA | BH4: DIA | BI4: VOLUMEN TRATADO GEM (m3) | BJ4: COSTO QUIMICA GEM
AJ5: 1 | AK5: 0 | AL5: 0 | AM5: 5250 | AP5: 1 | AQ5: 0 | AR5: 0 | AT5: 1 | AU5: 0 | AV5: 1000 | AW5: 0 | AY5: 1 | AZ5: 0 | BA5: 0 | BC5: 1 | BD5: 0 | BE5: 0 | BF5: 0 | BH5: 1 | BI5: 0 | BJ5: 0
Z6: PANORAMA OPERATIVO GEM | AJ6: 2 | AK6: 1125 | AL6: 4748.1533 | AM6: 5250 | AP6: 2 | AQ6: 1125 | AR6: 15 | AT6: 2 | AU6: 257.449 | AV6: 1000 | AW6: 91 | AY6: 2 | AZ6: 257.449 | BA6: 4.6808909 | BC6: 2 | BD6: 257.449 | BE6: 4.6808909 | BF6: 23427.859 | BH6: 2 | BI6: 1125 | BJ6: 5341672.5
Z7: VOLUMEN TRATADO GEM (m3) | AA7: $m3 | AB7: HORAS | AC7: $ HORA DE TRATAMIENTO GEM | AD7: $ CONSOLIDADO | AJ7: 3 | AK7: 1650 | AL7: 3732.7652 | AM7: 5250 | AP7: 3 | AQ7: 1650 | AR7: 22 | AT7: 3 | AU7: 0 | AV7: 1000 | AW7: 0 | AY7: 3 | AZ7: 0 | BA7: 0 | BC7: 3 | BD7: 0 | BE7: 0 | BF7: 0 | BH7: 3 | BI7: 1650 | BJ7: 6159062.5
Z8: =GETPIVOTDATA(" CAUDAL TOTAL TRATADO GEM ",$AJ$4) -> 30080 | AA8: =AD8/Z8 -> 3239.6917 | AB8: =Z8/80 -> 376 | AC8: =AD8/AB8 -> 259175.34 | AD8: =GETPIVOTDATA("COSTO QUIMICA GEM",$BH$4) -> 97449928 | AJ8: 4 | AK8: 1575 | AL8: 3747.9794 | AM8: 5250 | AP8: 4 | AQ8: 1575 | AR8: 21 | AT8: 4 | AU8: 0 | AV8: 1000 | AW8: 0 | AY8: 4 | AZ8: 0 | BA8: 0 | BC8: 4 | BD8: 0 | BE8: 0 | BF8: 0 | BH8: 4 | BI8: 1575 | BJ8: 5903067.5
AJ9: 5 | AK9: 1500 | AL9: 2896.65 | AM9: 5250 | AP9: 5 | AQ9: 1500 | AR9: 20 | AT9: 5 | AU9: 278.223 | AV9: 1000 | AW9: 91 | AY9: 5 | AZ9: 278.223 | BA9: 5.0586 | BC9: 5 | BD9: 278.223 | BE9: 5.0586 | BF9: 25318.293 | BH9: 5 | BI9: 1500 | BJ9: 4344975
AJ10: 6 | AK10: 1350 | AL10: 4029.6759 | AM10: 5250 | AP10: 6 | AQ10: 1350 | AR10: 18 | AT10: 6 | AU10: 579.819 | AV10: 1000 | AW10: 139.02467 | AY10: 6 | AZ10: 579.819 | BA10: 10.542164 | BC10: 6 | BD10: 579.819 | BE10: 10.542164 | BF10: 80609.143 | BH10: 6 | BI10: 1350 | BJ10: 5440062.5
AJ11: 7 | AK11: 900 | AL11: 3415.6944 | AM11: 5250 | AP11: 7 | AQ11: 900 | AR11: 12 | AT11: 7 | AU11: 293.519 | AV11: 1000 | AW11: 539.15154 | AY11: 7 | AZ11: 293.519 | BA11: 5.3367091 | BC11: 7 | BD11: 293.519 | BE11: 5.3367091 | BF11: 158251.22 | BH11: 7 | BI11: 900 | BJ11: 3074125
AJ12: 8 | AK12: 0 | AL12: 0 | AM12: 5250 | AP12: 8 | AQ12: 0 | AR12: 0 | AT12: 8 | AU12: 560.618 | AV12: 1000 | AW12: 158.20984 | AY12: 8 | AZ12: 560.618 | BA12: 10.193055 | BC12: 8 | BD12: 560.618 | BE12: 10.193055 | BF12: 88695.284 | BH12: 8 | BI12: 0 | BJ12: 95250
AJ13: 9 | AK13: 1350 | AL13: 3314.4259 | AM13: 5250 | AP13: 9 | AQ13: 1350 | AR13: 18 | AT13: 9 | AU13: 346.269 | AV13: 1000 | AW13: 1512.4815 | AY13: 9 | AZ13: 346.269 | BA13: 6.2958 | BC13: 9 | BD13: 346.269 | BE13: 6.2958 | BF13: 523725.44 | BH13: 9 | BI13: 1350 | BJ13: 4474475
AJ14: 10 | AK14: 1425 | AL14: 1834.986 | AM14: 5250 | AP14: 10 | AQ14: 1425 | AR14: 19 | AT14: 10 | AU14: 256.667 | AV14: 1000 | AW14: 129.31202 | AY14: 10 | AZ14: 256.667 | BA14: 4.6666727 | BC14: 10 | BD14: 256.667 | BE14: 4.6666727 | BF14: 33190.129 | BH14: 10 | BI14: 1425 | BJ14: 2614855
AJ15: 11 | AK15: 1275 | AL15: 2305.9706 | AM15: 5250 | AP15: 11 | AQ15: 1275 | AR15: 17 | AT15: 11 | AU15: 0 | AV15: 1000 | AW15: 0 | AY15: 11 | AZ15: 0 | BA15: 0 | BC15: 11 | BD15: 0 | BE15: 0 | BF15: 105709.39 | BH15: 11 | BI15: 1275 | BJ15: 2940112.5
AJ16: 12 | AK16: 1200 | AL16: 2339.7979 | AM16: 5250 | AP16: 12 | AQ16: 1200 | AR16: 16 | AT16: 12 | AU16: 0 | AV16: 1000 | AW16: 0 | AY16: 12 | AZ16: 0 | BA16: 0 | BC16: 12 | BD16: 0 | BE16: 0 | BF16: 40151.584 | BH16: 12 | BI16: 1200 | BJ16: 2807757.5
AJ17: 13 | AK17: 1125 | AL17: 3432.9356 | AM17: 5250 | AP17: 13 | AQ17: 1125 | AR17: 15 | AT17: 13 | AU17: 153.402 | AV17: 1000 | AW17: 945.2869 | AY17: 13 | AZ17: 153.402 | BA17: 2.7891273 | BC17: 13 | BD17: 153.402 | BE17: 2.7891273 | BF17: 145008.9 | BH17: 13 | BI17: 1125 | BJ17: 3862052.5
AJ18: 14 | AK18: 1125 | AL18: 2265.1644 | AM18: 5250 | AP18: 14 | AQ18: 1125 | AR18: 15 | AT18: 14 | AU18: 933.478 | AV18: 1000 | AW18: 332.63945 | AY18: 14 | AZ18: 933.478 | BA18: 16.972327 | BC18: 14 | BD18: 933.478 | BE18: 16.972327 | BF18: 310511.61 | BH18: 14 | BI18: 1125 | BJ18: 2548310
A19: OSMOSIS INVERSA | AJ19: 15 | AK19: 0 | AL19: 0 | AM19: 5250 | AP19: 15 | AQ19: 0 | AR19: 0 | AT19: 15 | AU19: 1344.463 | AV19: 1000 | AW19: 234.16839 | AY19: 15 | AZ19: 1344.463 | BA19: 24.444782 | BC19: 15 | BD19: 1344.463 | BE19: 24.444782 | BF19: 314830.74 | BH19: 15 | BI19: 0 | BJ19: 0
AJ20: 16 | AK20: 1440 | AL20: 3873.9757 | AM20: 5250 | AP20: 16 | AQ20: 1440 | AR20: 18 | AT20: 16 | AU20: 841.253 | AV20: 1000 | AW20: 213.67856 | AY20: 16 | AZ20: 841.253 | BA20: 15.295509 | BC20: 16 | BD20: 841.253 | BE20: 15.295509 | BF20: 179757.73 | BH20: 16 | BI20: 1440 | BJ20: 5578525
Z21: CONSOLIDADO COSTO TTO - CAUDAL TRATADP RO Vs $M3 | AJ21: 17 | AK21: 1200 | AL21: 2261.7188 | AM21: 5250 | AP21: 17 | AQ21: 1200 | AR21: 15 | AT21: 17 | AU21: 463.256 | AV21: 1000 | AW21: 221.83035 | AY21: 17 | AZ21: 463.256 | BA21: 8.4228364 | BC21: 17 | BD21: 463.256 | BE21: 8.4228364 | BF21: 102764.24 | BH21: 17 | BI21: 1200 | BJ21: 2714062.5
AJ22: 18 | AK22: 960 | AL22: 2397.7812 | AM22: 5250 | AP22: 18 | AQ22: 960 | AR22: 12 | AT22: 18 | AU22: 0 | AV22: 1000 | AW22: 0 | AY22: 18 | AZ22: 0 | BA22: 0 | BC22: 18 | BD22: 0 | BE22: 0 | BF22: 4916.7158 | BH22: 18 | BI22: 960 | BJ22: 2301870
Z23: PANORAMA OPERATIVO RO | AJ23: 19 | AK23: 1200 | AL23: 2745.525 | AM23: 5250 | AP23: 19 | AQ23: 1200 | AR23: 15 | AT23: 19 | AU23: 257.335 | AV23: 1000 | AW23: 91 | AY23: 19 | AZ23: 257.335 | BA23: 4.6788182 | BC23: 19 | BD23: 257.335 | BE23: 4.6788182 | BF23: 23417.485 | BH23: 19 | BI23: 1200 | BJ23: 3294630
Z24: TOTAL CAUDAL TRATADO RO | AA24: $m3 | AB24: HORAS | AC24: $ HORA DE TRATAMIENTO RO | AD24: $ CONSOLIDADO | AJ24: 20 | AK24: 1360 | AL24: 2221.6636 | AM24: 5250 | AP24: 20 | AQ24: 1360 | AR24: 17 | AT24: 20 | AU24: 596.75 | AV24: 1000 | AW24: 91 | AY24: 20 | AZ24: 596.75 | BA24: 10.85 | BC24: 20 | BD24: 596.75 | BE24: 10.85 | BF24: 54304.25 | BH24: 20 | BI24: 1360 | BJ24: 3021462.5
Z25: =+GETPIVOTDATA(" VOLUMEN ENVIADO A RO (m3)",$AT$4) -> 14633.579 | AA25: =+AD25/Z25 -> 200.64992 | AB25: =GETPIVOTDATA("TIEMPO DE OPERACIÓN",$AY$4) -> 257.42341 | AC25: =AD25/AB25 -> 11406.214 | AD25: =GETPIVOTDATA("COSTO QUIMICA ",$BC$4) -> 2936226.5 | AJ25: 21 | AK25: 880 | AL25: 4173.0767 | AM25: 5250 | AP25: 21 | AQ25: 880 | AR25: 11 | AT25: 21 | AU25: 907.615 | AV25: 1000 | AW25: 137.01998 | AY25: 21 | AZ25: 907.615 | BA25: 16.502091 | BC25: 21 | BD25: 907.615 | BE25: 16.502091 | BF25: 124361.39 | BH25: 21 | BI25: 880 | BJ25: 3672307.5
AJ26: 22 | AK26: 0 | AL26: 0 | AM26: 5250 | AP26: 22 | AQ26: 0 | AR26: 0 | AT26: 22 | AU26: 878.961 | AV26: 1000 | AW26: 91 | AY26: 22 | AZ26: 878.961 | BA26: 15.981109 | BC26: 22 | BD26: 878.961 | BE26: 15.981109 | BF26: 79985.451 | BH26: 22 | BI26: 0 | BJ26: 614800
AJ27: 23 | AK27: 720 | AL27: 4786.7604 | AM27: 5250 | AP27: 23 | AQ27: 720 | AR27: 9 | AT27: 23 | AU27: 576.231 | AV27: 1000 | AW27: 91 | AY27: 23 | AZ27: 576.231 | BA27: 10.476927 | BC27: 23 | BD27: 576.231 | BE27: 10.476927 | BF27: 52437.021 | BH27: 23 | BI27: 720 | BJ27: 3446467.5
AJ28: 24 | AK28: 1120 | AL28: 4312.2946 | AM28: 5250 | AP28: 24 | AQ28: 1120 | AR28: 14 | AT28: 24 | AU28: 0 | AV28: 1000 | AW28: 0 | AY28: 24 | AZ28: 0 | BA28: 0 | BC28: 24 | BD28: 0 | BE28: 0 | BF28: 0 | BH28: 24 | BI28: 1120 | BJ28: 4829770
AJ29: 25 | AK29: 1440 | AL29: 3124.6493 | AM29: 5250 | AP29: 25 | AQ29: 1440 | AR29: 18 | AT29: 25 | AU29: 0 | AV29: 1000 | AW29: 0 | AY29: 25 | AZ29: 0 | BA29: 0 | BC29: 25 | BD29: 0 | BE29: 0 | BF29: 0 | BH29: 25 | BI29: 1440 | BJ29: 4499495
AJ30: 26 | AK30: 1760 | AL30: 2749.6989 | AM30: 5250 | AP30: 26 | AQ30: 1760 | AR30: 22 | AT30: 26 | AU30: 442.12 | AV30: 1000 | AW30: 91 | AY30: 26 | AZ30: 442.12 | BA30: 6.316 | BC30: 26 | BD30: 442.12 | BE30: 6.316 | BF30: 40232.92 | BH30: 26 | BI30: 1760 | BJ30: 4839470
AJ31: 27 | AK31: 1440 | AL31: 3432.7483 | AM31: 5250 | AP31: 27 | AQ31: 1440 | AR31: 18 | AT31: 27 | AU31: 640.018 | AV31: 1000 | AW31: 91 | AY31: 27 | AZ31: 640.018 | BA31: 9.6972424 | BC31: 27 | BD31: 640.018 | BE31: 9.6972424 | BF31: 58241.638 | BH31: 27 | BI31: 1440 | BJ31: 4943157.5
AJ32: 28 | AK32: 960 | AL32: 4258.4714 | AM32: 5250 | AP32: 28 | AQ32: 960 | AR32: 12 | AT32: 28 | AU32: 1038.94 | AV32: 1000 | AW32: 91 | AY32: 28 | AZ32: 1038.94 | BA32: 15.983692 | BC32: 28 | BD32: 1038.94 | BE32: 15.983692 | BF32: 94543.54 | BH32: 28 | BI32: 960 | BJ32: 4088132.5
AJ33: Total general | AK33: 30080 | AL33: 3239.6917 | AM33: 5250 | AP33: Total general | AQ33: 30080 | AR33: 389 | AT33: 29 | AU33: 1064.713 | AV33: 1000 | AW33: 91 | AY33: 29 | AZ33: 1064.713 | BA33: 18.728119 | BC33: 29 | BD33: 1064.713 | BE33: 18.728119 | BF33: 96888.883 | BH33: Total general | BI33: 30080 | BJ33: 97449928
AT34: 30 | AU34: 1257.157 | AV34: 1000 | AW34: 91 | AY34: 30 | AZ34: 1257.157 | BA34: 20.952617 | BC34: 30 | BD34: 1257.157 | BE34: 20.952617 | BF34: 114401.29
AT35: 31 | AU35: 665.323 | AV35: 1000 | AW35: 91 | AY35: 31 | AZ35: 665.323 | BA35: 12.55832 | BC35: 31 | BD35: 665.323 | BE35: 12.55832 | BF35: 60544.393
AT36: Total general | AU36: 14633.579 | AV36: 1000 | AW36: 200.64992 | AY36: Total general | AZ36: 14633.579 | BA36: 257.42341 | BC36: Total general | BD36: 14633.579 | BE36: 257.42341 | BF36: 2936226.5

Sheet GRAFICAS
V1: FECHA | W1: (Varios elementos) | AD1: FECHA | AE1: (Varios elementos) | AL1: FECHA | AM1: (Varios elementos) | AV1: PRECIO (KG) ACIDO | AW1: PRECIO (KG) COAGULANTE | AX1: PRECIO (KG) DECOLORANTE | AY1: PRECIO (KG) ANIONICO | AZ1: PRECIO (KG) CATIONICO
AV2: 830 | AW2: 2900 | AX2: 6295 | AY2: 19050 | AZ2: 22050
V3: DIA | W3: COF 494 - PPM POL CATIONICO | X3: COF 440 - PPM POL ANIONICO | Y3: COF 280 - PPM ACIDO | Z3: COF 235 - PPM COAGULANTE | AA3: COF 255 - PPM DECOLORANTE | AB3: INDICADOR $m3 | AD3: DIA | AE3: CONSUMO POL CATIONICO (KG) | AF3: CONSUMO POL ANIONICO (KG) | AG3: CONSUMO LITROS ACIDO (L) | AH3: CONSUMO LITROS COAGULANTE (L) | AI3: CONSUMO LITROS DECOLORANTE (L) | AJ3: INDICADOR $m3 | AL3: DIA | AM3: KG POL CATIONICO | AN3: KG POL ANIONICO | AO3: KG ACIDO | AP3: KG COAGULANTE | AQ3: KG DECOLORANTE | AR3: INDICADOR $m3 | AT3: DIA | AU3: INDICADOR $m3 | AV3: INDICADOR $ACIDO/M3 | AW3: INDICADOR $COAGULANTE/M3 | AX3: INDICADOR $DECOLORANTE/M3 | AY3: INDICADOR $POL ANIONICO/ M3 | AZ3: INDICADOR $POL CATIONICO / M3
P4: COF 255 - DECOLORANTE | V4: 1 | W4: 0 | X4: 0 | Y4: 0 | Z4: 0 | AA4: 0 | AB4: 0 | AD4: 1 | AE4: 0 | AF4: 0 | AG4: 0 | AH4: 0 | AI4: 0 | AJ4: 0 | AL4: 1 | AM4: 0 | AN4: 0 | AO4: 0 | AP4: 0 | AQ4: 0 | AR4: 0 | AT4: 1 | AU4: 0 | AV4: 0 | AW4: 0 | AX4: 0 | AY4: 0 | AZ4: 0
Q5: PPM | R5: L/DIA | S5: KG/DIA | T5: $ | V5: 2 | W5: 3.3333333 | X5: 0.55555556 | Y5: 391.11111 | Z5: 728.88889 | AA5: 151.11111 | AB5: 4748.1533 | AD5: 2 | AE5: 15 | AF5: 2.5 | AG5: 440 | AH5: 820 | AI5: 170 | AJ5: 4748.1533 | AL5: 2 | AM5: 15 | AN5: 2.5 | AO5: 572 | AP5: 1086.5 | AQ5: 212.5 | AR5: 4748.1533 | AT5: 2 | AU5: 4748.1533 | AV5: 422.00889 | AW5: 2800.7556 | AX5: 1189.0556 | AY5: 42.333333 | AZ5: 294
P6: MINIMO | Q6: =_xlfn.MINIFS(AA4:AA23,AA4:AA23,"<>0") -> 17.777778 | R6: =_xlfn.MINIFS(AI4:AI23,AI4:AI23,"<>0") -> 20 | S6: =_xlfn.MINIFS(AQ4:AQ23,AQ4:AQ23,"<>0") -> 25 | T6: =_xlfn.MINIFS(AX4:AX23,AX4:AX23,"<>0") -> 139.88889 | V6: 3 | W6: 1.5151515 | X6: 1.1363636 | Y6: 333.33333 | Z6: 460.60606 | AA6: 175.75758 | AB6: 3732.7652 | AD6: 3 | AE6: 10 | AF6: 7.5 | AG6: 550 | AH6: 760 | AI6: 290 | AJ6: 3732.7652 | AL6: 3 | AM6: 10 | AN6: 7.5 | AO6: 715 | AP6: 1007 | AQ6: 362.5 | AR6: 3732.7652 | AT6: 3 | AU6: 3732.7652 | AV6: 359.66667 | AW6: 1769.8788 | AX6: 1382.9924 | AY6: 86.590909 | AZ6: 133.63636
P7: MAXIMO | Q7: =MAX(AA4:AA23) -> 208.33333 | R7: =MAX(AI4:AI23) -> 290 | S7: =MAX(AQ4:AQ23) -> 362.5 | T7: =MAX(AX4:AX23) -> 1639.3229 | V7: 4 | W7: 0 | X7: 0 | Y7: 552.38095 | Z7: 495.2381 | AA7: 158.73016 | AB7: 3747.9794 | AD7: 4 | AE7: 0 | AF7: 0 | AG7: 870 | AH7: 780 | AI7: 250 | AJ7: 3747.9794 | AL7: 4 | AM7: 0 | AN7: 0 | AO7: 1131 | AP7: 1033.5 | AQ7: 312.5 | AR7: 3747.9794 | AT7: 4 | AU7: 3747.9794 | AV7: 596.01905 | AW7: 1902.9524 | AX7: 1249.0079 | AY7: 0 | AZ7: 0
P8: PROMEDIO | Q8: =AVERAGEIF(AA4:AA23,"<>0") -> 111.91763 | R8: =AVERAGEIF(AI4:AI23,"<>0") -> 145.29412 | S8: =AVERAGEIF(AQ4:AQ23,"<>0") -> 181.61765 | T8: =AVERAGEIF(AX4:AX23,"<>0") -> 880.65188 | V8: 5 | W8: 1.6666667 | X8: 1.6666667 | Y8: 200 | Z8: 353.33333 | AA8: 133.33333 | AB8: 2896.65 | AD8: 5 | AE8: 10 | AF8: 10 | AG8: 300 | AH8: 530 | AI8: 200 | AJ8: 2896.65 | AL8: 5 | AM8: 10 | AN8: 10 | AO8: 390 | AP8: 702.25 | AQ8: 250 | AR8: 2896.65 | AT8: 5 | AU8: 2896.65 | AV8: 215.8 | AW8: 1357.6833 | AX8: 1049.1667 | AY8: 127 | AZ8: 147
P9: TOTAL CONSUMIDO | R9: =GETPIVOTDATA("CONSUMO LITROS DECOLORANTE (L) ",$AD$3) -> 3610 | S9: =GETPIVOTDATA("KG DECOLORANTE ",$AL$3) -> 4512.5 | T9: =S9*AX2 -> 28406188 | V9: 6 | W9: 3.7037037 | X9: 0.92592593 | Y9: 148.14815 | Z9: 585.18519 | AA9: 155.55556 | AB9: 4029.6759 | AD9: 6 | AE9: 20 | AF9: 5 | AG9: 200 | AH9: 790 | AI9: 210 | AJ9: 4029.6759 | AL9: 6 | AM9: 20 | AN9: 5 | AO9: 260 | AP9: 1046.75 | AQ9: 262.5 | AR9: 4029.6759 | AT9: 6 | AU9: 4029.6759 | AV9: 159.85185 | AW9: 2248.5741 | AX9: 1224.0278 | AY9: 70.555556 | AZ9: 326.66667
V10: 7 | W10: 2.7777778 | X10: 2.7777778 | Y10: 277.77778 | Z10: 555.55556 | AA10: 66.666667 | AB10: 3415.6944 | AD10: 7 | AE10: 10 | AF10: 10 | AG10: 250 | AH10: 500 | AI10: 60 | AJ10: 3415.6944 | AL10: 7 | AM10: 10 | AN10: 10 | AO10: 325 | AP10: 662.5 | AQ10: 75 | AR10: 3415.6944 | AT10: 7 | AU10: 3415.6944 | AV10: 299.72222 | AW10: 2134.7222 | AX10: 524.58333 | AY10: 211.66667 | AZ10: 245
P11: COF 235 - COAGULANTE | V11: 8 | W11: 0 | X11: 0 | Y11: 0 | Z11: 0 | AA11: 0 | AB11: 0 | AD11: 8 | AE11: 0 | AF11: 5 | AG11: 0 | AH11: 0 | AI11: 0 | AJ11: 0 | AL11: 8 | AM11: 0 | AN11: 5 | AO11: 0 | AP11: 0 | AQ11: 0 | AR11: 0 | AT11: 8 | AU11: 0 | AV11: 0 | AW11: 0 | AX11: 0 | AY11: 0 | AZ11: 0
Q12: PPM | R12: L/DIA | S12: KG/DIA | T12: $ | V12: 9 | W12: 2.7777778 | X12: 1.8518519 | Y12: 111.11111 | Z12: 518.51852 | AA12: 103.7037 | AB12: 3314.4259 | AD12: 9 | AE12: 15 | AF12: 10 | AG12: 150 | AH12: 700 | AI12: 140 | AJ12: 3314.4259 | AL12: 9 | AM12: 15 | AN12: 10 | AO12: 195 | AP12: 927.5 | AQ12: 175 | AR12: 3314.4259 | AT12: 9 | AU12: 3314.4259 | AV12: 119.88889 | AW12: 1992.4074 | AX12: 816.01852 | AY12: 141.11111 | AZ12: 245
P13: MINIMO | Q13: =_xlfn.MINIFS(Z4:Z23,Z4:Z23,"<>0") -> 231.57895 | R13: =_xlfn.MINIFS(AH4:AH23,AH4:AH23,"<>0") -> 300 | S13: =_xlfn.MINIFS(AP4:AP23,AP4:AP23,"<>0") -> 397.5 | T13: =_xlfn.MINIFS(AW4:AW23,AW4:AW23,"<>0") -> 889.84211 | V13: 10 | W13: 2.6315789 | X13: 0.87719298 | Y13: 189.47368 | Z13: 231.57895 | AA13: 56.140351 | AB13: 1834.986 | AD13: 10 | AE13: 15 | AF13: 5 | AG13: 270 | AH13: 330 | AI13: 80 | AJ13: 1834.986 | AL13: 10 | AM13: 15 | AN13: 5 | AO13: 351 | AP13: 437.25 | AQ13: 100 | AR13: 1834.986 | AT13: 10 | AU13: 1834.986 | AV13: 204.44211 | AW13: 889.84211 | AX13: 441.75439 | AY13: 66.842105 | AZ13: 232.10526
P14: MAXIMO | Q14: =MAX(Z4:Z23) -> 728.88889 | R14: =MAX(AH4:AH23) -> 860 | S14: =MAX(AP4:AP23) -> 1139.5 | T14: =MAX(AW4:AW23) -> 2800.7556 | V14: 11 | W14: 2.9411765 | X14: 1.9607843 | Y14: 235.29412 | Z14: 250.98039 | AA14: 86.27451 | AB14: 2305.9706 | AD14: 11 | AE14: 15 | AF14: 10 | AG14: 300 | AH14: 320 | AI14: 110 | AJ14: 2305.9706 | AL14: 11 | AM14: 15 | AN14: 10 | AO14: 390 | AP14: 424 | AQ14: 137.5 | AR14: 2305.9706 | AT14: 11 | AU14: 2305.9706 | AV14: 253.88235 | AW14: 964.39216 | AX14: 678.87255 | AY14: 149.41176 | AZ14: 259.41176
P15: PROMEDIO | Q15: =AVERAGEIF(Z4:Z23,"<>0") -> 426.7616 | R15: =AVERAGEIF(AH4:AH23,"<>0") -> 551.875 | S15: =AVERAGEIF(AP4:AP23,"<>0") -> 731.23438 | T15: =AVERAGEIF(AW4:AW23,"<>0") -> 1639.8315 | V15: 12 | W15: 3.125 | X15: 2.0833333 | Y15: 275 | Z15: 333.33333 | AA15: 41.666667 | AB15: 2339.7979 | AD15: 12 | AE15: 15 | AF15: 10 | AG15: 330 | AH15: 400 | AI15: 50 | AJ15: 2339.7979 | AL15: 12 | AM15: 15 | AN15: 10 | AO15: 429 | AP15: 530 | AQ15: 62.5 | AR15: 2339.7979 | AT15: 12 | AU15: 2339.7979 | AV15: 296.725 | AW15: 1280.8333 | AX15: 327.86458 | AY15: 158.75 | AZ15: 275.625
P16: TOTAL CONSUMIDO | R16: =GETPIVOTDATA("CONSUMO LITROS COAGULANTE (L) ",$AD$3) -> 12980 | S16: =GETPIVOTDATA("KG COAGULANTE ",$AL$3) -> 17198.5 | T16: =S16*AW2 -> 49875650 | V16: 13 | W16: 3.3333333 | X16: 1.1111111 | Y16: 275.55556 | Z16: 444.44444 | AA16: 133.33333 | AB16: 3432.9356 | AD16: 13 | AE16: 15 | AF16: 5 | AG16: 310 | AH16: 500 | AI16: 150 | AJ16: 3432.9356 | AL16: 13 | AM16: 15 | AN16: 5 | AO16: 403 | AP16: 662.5 | AQ16: 187.5 | AR16: 3432.9356 | AT16: 13 | AU16: 3432.9356 | AV16: 297.32444 | AW16: 1707.7778 | AX16: 1049.1667 | AY16: 84.666667 | AZ16: 294
V17: 14 | W17: 2.2222222 | X17: 2.2222222 | Y17: 80 | Z17: 435.55556 | AA17: 17.777778 | AB17: 2265.1644 | AD17: 14 | AE17: 10 | AF17: 10 | AG17: 90 | AH17: 490 | AI17: 20 | AJ17: 2265.1644 | AL17: 14 | AM17: 10 | AN17: 10 | AO17: 117 | AP17: 649.25 | AQ17: 25 | AR17: 2265.1644 | AT17: 14 | AU17: 2265.1644 | AV17: 86.32 | AW17: 1673.6222 | AX17: 139.88889 | AY17: 169.33333 | AZ17: 196
P18: COF 280 - ACIDIFICANTE | V18: 15 | W18: 0 | X18: 0 | Y18: 0 | Z18: 0 | AA18: 0 | AB18: 0 | AD18: 15 | AE18: 0 | AF18: 0 | AG18: 0 | AH18: 0 | AI18: 0 | AJ18: 0 | AL18: 15 | AM18: 0 | AN18: 0 | AO18: 0 | AP18: 0 | AQ18: 0 | AR18: 0 | AT18: 15 | AU18: 0 | AV18: 0 | AW18: 0 | AX18: 0 | AY18: 0 | AZ18: 0
Q19: PPM | R19: L/DIA | S19: KG/DIA | T19: $ | V19: 16 | W19: 2.6041667 | X19: 0.86805556 | Y19: 277.77778 | Z19: 597.22222 | AA19: 125 | AB19: 3873.9757 | AD19: 16 | AE19: 15 | AF19: 5 | AG19: 400 | AH19: 860 | AI19: 180 | AJ19: 3873.9757 | AL19: 16 | AM19: 15 | AN19: 5 | AO19: 520 | AP19: 1139.5 | AQ19: 225 | AR19: 3873.9757 | AT19: 16 | AU19: 3873.9757 | AV19: 299.72222 | AW19: 2294.8264 | AX19: 983.59375 | AY19: 66.145833 | AZ19: 229.6875
P20: MINIMO | Q20: =_xlfn.MINIFS(Y4:Y23,Y4:Y23,"<>0") -> 80 | R20: =_xlfn.MINIFS(AG4:AG23,AG4:AG23,"<>0") -> 90 | S20: =_xlfn.MINIFS(AO4:AO23,AO4:AO23,"<>0") -> 117 | T20: =_xlfn.MINIFS(AV4:AV23,AV4:AV23,"<>0") -> 86.32 | V20: 17 | W20: 3.125 | X20: 1.0416667 | Y20: 208.33333 | Z20: 250 | AA20: 91.666667 | AB20: 2261.7188 | AD20: 17 | AE20: 15 | AF20: 5 | AG20: 250 | AH20: 300 | AI20: 110 | AJ20: 2261.7188 | AL20: 17 | AM20: 15 | AN20: 5 | AO20: 325 | AP20: 397.5 | AQ20: 137.5 | AR20: 2261.7188 | AT20: 17 | AU20: 2261.7188 | AV20: 224.79167 | AW20: 960.625 | AX20: 721.30208 | AY20: 79.375 | AZ20: 275.625
P21: MAXIMO | Q21: =MAX(Y4:Y23) -> 552.38095 | R21: =MAX(AG4:AG23) -> 870 | S21: =MAX(AO4:AO23) -> 1131 | T21: =MAX(AV4:AV23) -> 596.01905 | V21: 18 | W21: 3.90625 | X21: 1.3020833 | Y21: 291.66667 | Z21: 0 | AA21: 208.33333 | AB21: 2397.7812 | AD21: 18 | AE21: 15 | AF21: 5 | AG21: 280 | AH21: 0 | AI21: 200 | AJ21: 2397.7812 | AL21: 18 | AM21: 15 | AN21: 5 | AO21: 364 | AP21: 0 | AQ21: 250 | AR21: 2397.7812 | AT21: 18 | AU21: 2397.7812 | AV21: 314.70833 | AW21: 0 | AX21: 1639.3229 | AY21: 99.21875 | AZ21: 344.53125
P22: PROMEDIO | Q22: =AVERAGEIF(Y4:Y23,"<>0") -> 252.7914 | R22: =AVERAGEIF(AG4:AG23,"<>0") -> 327.05882 | S22: =AVERAGEIF(AO4:AO23,"<>0") -> 425.17647 | T22: =AVERAGEIF(AV4:AV23,"<>0") -> 272.76192 | V22: 19 | W22: 3.125 | X22: 1.0416667 | Y22: 266.66667 | Z22: 308.33333 | AA22: 116.66667 | AB22: 2745.525 | AD22: 19 | AE22: 15 | AF22: 5 | AG22: 320 | AH22: 370 | AI22: 140 | AJ22: 2745.525 | AL22: 19 | AM22: 15 | AN22: 5 | AO22: 416 | AP22: 490.25 | AQ22: 175 | AR22: 2745.525 | AT22: 19 | AU22: 2745.525 | AV22: 287.73333 | AW22: 1184.7708 | AX22: 918.02083 | AY22: 79.375 | AZ22: 275.625
P23: TOTAL CONSUMIDO | R23: =GETPIVOTDATA("CONSUMO LITROS ACIDO (L) ",$AD$3) -> 8210 | S23: =GETPIVOTDATA("KG ACIDO ",$AL$3) -> 10673 | T23: =AV2*S23 -> 8858590 | V23: 20 | W23: 2.7573529 | X23: 0.91911765 | Y23: 183.82353 | Z23: 279.41176 | AA23: 80.882353 | AB23: 2221.6636 | AD23: 20 | AE23: 15 | AF23: 5 | AG23: 250 | AH23: 380 | AI23: 110 | AJ23: 2221.6636 | AL23: 20 | AM23: 15 | AN23: 5 | AO23: 325 | AP23: 503.5 | AQ23: 137.5 | AR23: 2221.6636 | AT23: 20 | AU23: 2221.6636 | AV23: 198.34559 | AW23: 1073.6397 | AX23: 636.44301 | AY23: 70.036765 | AZ23: 243.19853
V24: 21 | W24: 4.2613636 | X24: 1.4204545 | Y24: 318.18182 | Z24: 568.18182 | AA24: 147.72727 | AB24: 4173.0767 | AD24: 21 | AE24: 15 | AF24: 5 | AG24: 280 | AH24: 500 | AI24: 130 | AJ24: 4173.0767 | AL24: 21 | AM24: 15 | AN24: 5 | AO24: 364 | AP24: 662.5 | AQ24: 162.5 | AR24: 4173.0767 | AT24: 21 | AU24: 4173.0767 | AV24: 343.31818 | AW24: 2183.2386 | AX24: 1162.429 | AY24: 108.23864 | AZ24: 375.85227
P25: COF 440 - POLIMERO ANIONICO | V25: 22 | W25: 0 | X25: 0 | Y25: 0 | Z25: 0 | AA25: 0 | AB25: 0 | AD25: 22 | AE25: 0 | AF25: 0 | AG25: 0 | AH25: 160 | AI25: 0 | AJ25: 0 | AL25: 22 | AM25: 0 | AN25: 0 | AO25: 0 | AP25: 212 | AQ25: 0 | AR25: 0 | AT25: 22 | AU25: 0 | AV25: 0 | AW25: 0 | AX25: 0 | AY25: 0 | AZ25: 0
Q26: PPM | R26: KG/DIA | S26: $ | V26: 23 | W26: 5.2083333 | X26: 3.4722222 | Y26: 722.22222 | Z26: 541.66667 | AA26: 152.77778 | AB26: 4786.7604 | AD26: 23 | AE26: 15 | AF26: 10 | AG26: 520 | AH26: 390 | AI26: 110 | AJ26: 4786.7604 | AL26: 23 | AM26: 15 | AN26: 10 | AO26: 676 | AP26: 516.75 | AQ26: 137.5 | AR26: 4786.7604 | AT26: 23 | AU26: 4786.7604 | AV26: 779.27778 | AW26: 2081.3542 | AX26: 1202.1701 | AY26: 264.58333 | AZ26: 459.375
P27: MINIMO | Q27: =_xlfn.MINIFS(X4:X23,X4:X23,"<>0") -> 0.55555556 | R27: =_xlfn.MINIFS(AN4:AN23,AN4:AN23,"<>0") -> 2.5 | S27: =_xlfn.MINIFS(AY4:AY23,AY4:AY23,"<>0") -> 42.333333 | V27: 24 | W27: 3.3482143 | X27: 1.1160714 | Y27: 116.07143 | Z27: 625 | AA27: 178.57143 | AB27: 4312.2946 | AD27: 24 | AE27: 15 | AF27: 5 | AG27: 130 | AH27: 700 | AI27: 200 | AJ27: 4312.2946 | AL27: 24 | AM27: 15 | AN27: 5 | AO27: 169 | AP27: 927.5 | AQ27: 250 | AR27: 4312.2946 | AT27: 24 | AU27: 4312.2946 | AV27: 125.24107 | AW27: 2401.5625 | AX27: 1405.1339 | AY27: 85.044643 | AZ27: 295.3125
P28: MAXIMO | Q28: =MAX(X4:X23) -> 2.7777778 | R28: =MAX(AN4:AN23) -> 10 | S28: =MAX(AY4:AY23) -> 211.66667 | V28: 25 | W28: 2.6041667 | X28: 1.7361111 | Y28: 125 | Z28: 541.66667 | AA28: 69.444444 | AB28: 3124.6493 | AD28: 25 | AE28: 15 | AF28: 10 | AG28: 180 | AH28: 780 | AI28: 100 | AJ28: 3124.6493 | AL28: 25 | AM28: 15 | AN28: 10 | AO28: 234 | AP28: 1033.5 | AQ28: 125 | AR28: 3124.6493 | AT28: 25 | AU28: 3124.6493 | AV28: 134.875 | AW28: 2081.3542 | AX28: 546.44097 | AY28: 132.29167 | AZ28: 229.6875
P29: PROMEDIO | Q29: =AVERAGEIF(X4:X23,"<>0") -> 1.396336 | R29: =AVERAGEIF(AN4:AN23,"<>0") -> 6.7647059 | S29: =AVERAGEIF(AY4:AY23,"<>0") -> 106.4008 | V29: 26 | W29: 2.1306818 | X29: 0.71022727 | Y29: 443.18182 | Z29: 295.45455 | AA29: 113.63636 | AB29: 2749.6989 | AD29: 26 | AE29: 15 | AF29: 5 | AG29: 780 | AH29: 520 | AI29: 200 | AJ29: 2749.6989 | AL29: 26 | AM29: 15 | AN29: 5 | AO29: 1014 | AP29: 689 | AQ29: 250 | AR29: 2749.6989 | AT29: 26 | AU29: 2749.6989 | AV29: 478.19318 | AW29: 1135.2841 | AX29: 894.17614 | AY29: 54.119318 | AZ29: 187.92614
P30: TOTAL CONSUMIDO | R30: =GETPIVOTDATA("KG POL ANIONICO ",$AL$3) -> 165 | S30: =R30*AY2 -> 3143250 | V30: 27 | W30: 2.6041667 | X30: 1.7361111 | Y30: 298.61111 | Z30: 416.66667 | AA30: 145.83333 | AB30: 3432.7483 | AD30: 27 | AE30: 15 | AF30: 10 | AG30: 430 | AH30: 600 | AI30: 210 | AJ30: 3432.7483 | AL30: 27 | AM30: 15 | AN30: 10 | AO30: 559 | AP30: 795 | AQ30: 262.5 | AR30: 3432.7483 | AT30: 27 | AU30: 3432.7483 | AV30: 322.20139 | AW30: 1601.0417 | AX30: 1147.526 | AY30: 132.29167 | AZ30: 229.6875
V31: 28 | W31: 2.6041667 | X31: 1.3020833 | Y31: 343.75 | Z31: 520.83333 | AA31: 197.91667 | AB31: 4258.4714 | AD31: 28 | AE31: 10 | AF31: 5 | AG31: 330 | AH31: 500 | AI31: 190 | AJ31: 4258.4714 | AL31: 28 | AM31: 10 | AN31: 5 | AO31: 429 | AP31: 662.5 | AQ31: 237.5 | AR31: 4258.4714 | AT31: 28 | AU31: 4258.4714 | AV31: 370.90625 | AW31: 2001.3021 | AX31: 1557.3568 | AY31: 99.21875 | AZ31: 229.6875
P32: COF 494 - POLIMERO CATIONICO | V32: Total general | W32: 2.7011303 | X32: 1.3713431 | Y32: 272.93883 | Z32: 431.51596 | AA32: 120.0133 | AB32: 3239.6917 | AD32: Total general | AE32: 325 | AF32: 165 | AG32: 8210 | AH32: 12980 | AI32: 3610 | AJ32: 3239.6917 | AL32: Total general | AM32: 325 | AN32: 165 | AO32: 10673 | AP32: 17198.5 | AQ32: 4512.5 | AR32: 3239.6917 | AT32: Total general | AU32: 3239.6917 | AV32: 294.501 | AW32: 1658.1001 | AX32: 944.35464 | AY32: 104.49634 | AZ32: 238.23969
Q33: PPM | R33: KG/DIA | S33: $
P34: MINIMO | Q34: =_xlfn.MINIFS(W4:W23,W4:W23,"<>0") -> 1.5151515 | R34: =_xlfn.MINIFS(AM4:AM23,AM4:AM23,"<>0") -> 10 | S34: =_xlfn.MINIFS(AZ4:AZ23,AZ4:AZ23,"<>0") -> 133.63636
P35: MAXIMO | Q35: =MAX(W4:W23) -> 3.90625 | R35: =MAX(AM4:AM23) -> 20 | S35: =MAX(AZ4:AZ23) -> 344.53125
P36: PROMEDIO | Q36: =AVERAGEIF(W4:W23,"<>0") -> 2.8465932 | R36: =AVERAGEIF(AM4:AM23,"<>0") -> 14.0625 | S36: =AVERAGEIF(AZ4:AZ23,"<>0") -> 251.06952
P37: TOTAL CONSUMIDO | R37: =GETPIVOTDATA("KG POL CATIONICO ",$AL$3) -> 325 | S37: =R37*AZ2 -> 7166250
B80: REMOCIÓN DQO mg/L
B81: DQO INICIAL (mg/L) | C81: DQO SALIDA (mg/L) | D81: DQO REMOMOVIDA (mg/L) | E81: KG REMOVIDOS DQO / M3 | F81: M3 TRATADOS | G81: TOTAL KG DQO REMOVIDOS | H81: $TRATAMIENTO | I81: $ REMOVER KG DQO
B82: =E97 -> 1414 | C82: =F97 -> 659 | D82: =+B82-C82 -> 755 | E82: =(D82/1000000)*1000 -> 0.755 | F82: ='DB QUIMICA'!Z8 -> 30080 | G82: =+F82*E82 -> 22710.4 | H82: ='DB QUIMICA'!AD8 -> 97449928 | I82: =H82/G82 -> 4290.9824
D84: REMOCIÓN SST mg/L
D85: TOTAL KG SST REMOVIDOS | E85: KG REMOVIDOS SST / M3 | F85: M3 TRATADOS | G85: $TRATAMIENTO | H85: $ REMOVER KG SST
D86: 14601 | E86: =+D86/F86 -> 0.48540559 | F86: =+F82 -> 30080 | G86: =H82 -> 97449928 | H86: =G86/D86 -> 6674.1954
B91: KPIs | E91: ENTRADA GEM | F91: SALIDA GEM
B92: COLOR
B93: PROMEDIO | E93: 5741 | F93: 629
B94: PERCENTIL 90 | E94: 8432 | F94: 1245
B95: INDICE DE ESTABILIDAD DEL AFLUENTE - EFLUENTE (CV%) | E95: 0.3343 | F95: 0.6359
B96: DQO
B97: PROMEDIO | E97: 1414 | F97: 659
B98: PERCENTIL 90 | E98: 1723 | F98: 858.5
B99: INDICE DE ESTABILIDAD DEL AFLUENTE - EFLUENTE (CV%) | E99: 0.1451 | F99: 0.177
B100: CARGA REMOVIDA KG/DIA DQO | E100: =+G82 -> 22710.4
B101: SST
B102: PROMEDIO | E102: 748 | F102: 33
B103: PERCENTIL 90 | E103: 1397 | F103: 64.1
B104: INDICE DE ESTABILIDAD DEL AFLUENTE - EFLUENTE (CV%) | E104: 0.4863 | F104: 0.6449
B105: CARGA REMOVIDA KG/DIA SST | E105: =D86 -> 14601
G106: 25

Sheet INFORME CALIDAD
A1: CALIDAD DE AGUA Vs COSTOS
A2: PANORAMA OPERATIVO
A13: PANORAMA OPERATIVO
A24: 1. COSTO Vs CONSUMO DE PRODUCTOS QUIMICOS
A68: CALIDAD DE AGUA
A86: CALIDAD DE AGUA
A104: $ REMOCIÓN DQO

Sheet CONSUMO QUÍMICA-CAUDALES GEM  
A1: CONSOLIDADO CONSUMO DIARIO QUÍMICA (Litros)
B2: DIAS
A3: PRODUCTOS QUÍMICOS | B3: 1 | C3: 2 | D3: 3 | E3: 4 | F3: 5 | G3: 6 | H3: 7 | I3: 8 | J3: 9 | K3: 10 | L3: 11 | M3: 12 | N3: 13 | O3: 14 | P3: 15 | Q3: 16 | R3: 17 | S3: 18 | T3: 19 | U3: 20 | V3: 21 | W3: 22 | X3: 23 | Y3: 24 | Z3: 25 | AA3: 26 | AB3: 27 | AC3: 28 | AD3: Total general
A4: COF 280 ACIDO (L) | B4: 0 | C4: 440 | D4: 550 | E4: 870 | F4: 300 | G4: 200 | H4: 250 | I4: 0 | J4: 150 | K4: 270 | L4: 300 | M4: 330 | N4: 310 | O4: 90 | P4: 0 | Q4: 400 | R4: 250 | S4: 280 | T4: 320 | U4: 250 | V4: 280 | W4: 0 | X4: 520 | Y4: 130 | Z4: 180 | AA4: 780 | AB4: 430 | AC4: 330 | AD4: 8210
A5: COF 235 COAGULANTE (L) | B5: 0 | C5: 820 | D5: 760 | E5: 780 | F5: 530 | G5: 790 | H5: 500 | I5: 0 | J5: 700 | K5: 330 | L5: 320 | M5: 400 | N5: 500 | O5: 490 | P5: 0 | Q5: 860 | R5: 300 | S5: 0 | T5: 370 | U5: 380 | V5: 500 | W5: 160 | X5: 390 | Y5: 700 | Z5: 780 | AA5: 520 | AB5: 600 | AC5: 500 | AD5: 12980
A6: COF 255 DECOLORANTE (L) | B6: 0 | C6: 170 | D6: 290 | E6: 250 | F6: 200 | G6: 210 | H6: 60 | I6: 0 | J6: 140 | K6: 80 | L6: 110 | M6: 50 | N6: 150 | O6: 20 | P6: 0 | Q6: 180 | R6: 110 | S6: 200 | T6: 140 | U6: 110 | V6: 130 | W6: 0 | X6: 110 | Y6: 200 | Z6: 100 | AA6: 200 | AB6: 210 | AC6: 190 | AD6: 3610
A7: COF 440 POL ANIONICO (KG) | B7: 0 | C7: 2.5 | D7: 7.5 | E7: 0 | F7: 10 | G7: 5 | H7: 10 | I7: 5 | J7: 10 | K7: 5 | L7: 10 | M7: 10 | N7: 5 | O7: 10 | P7: 0 | Q7: 5 | R7: 5 | S7: 5 | T7: 5 | U7: 5 | V7: 5 | W7: 0 | X7: 10 | Y7: 5 | Z7: 10 | AA7: 5 | AB7: 10 | AC7: 5 | AD7: 165
A8: COF 494 POL CATIONICO (KG) | B8: 0 | C8: 15 | D8: 10 | E8: 0 | F8: 10 | G8: 20 | H8: 10 | I8: 0 | J8: 15 | K8: 15 | L8: 15 | M8: 15 | N8: 15 | O8: 10 | P8: 0 | Q8: 15 | R8: 15 | S8: 15 | T8: 15 | U8: 15 | V8: 15 | W8: 0 | X8: 15 | Y8: 15 | Z8: 15 | AA8: 15 | AB8: 15 | AC8: 10 | AD8: 325
A9: CAUDAL TOTAL TRATADO GEM | B9: 0 | C9: 1125 | D9: 1650 | E9: 1575 | F9: 1500 | G9: 1350 | H9: 900 | I9: 0 | J9: 1350 | K9: 1425 | L9: 1275 | M9: 1200 | N9: 1125 | O9: 1125 | P9: 0 | Q9: 1440 | R9: 1200 | S9: 960 | T9: 1200 | U9: 1360 | V9: 880 | W9: 0 | X9: 720 | Y9: 1120 | Z9: 1440 | AA9: 1760 | AB9: 1440 | AC9: 960 | AD9: 30080
A10: INDICADOR $m3 | B10: 0 | C10: 4748.1533 | D10: 3732.7652 | E10: 3747.9794 | F10: 2896.65 | G10: 4029.6759 | H10: 3415.6944 | I10: 0 | J10: 3314.4259 | K10: 1834.986 | L10: 2305.9706 | M10: 2339.7979 | N10: 3432.9356 | O10: 2265.1644 | P10: 0 | Q10: 3873.9757 | R10: 2261.7188 | S10: 2397.7812 | T10: 2745.525 | U10: 2221.6636 | V10: 4173.0767 | W10: 0 | X10: 4786.7604 | Y10: 4312.2946 | Z10: 3124.6493 | AA10: 2749.6989 | AB10: 3432.7483 | AC10: 4258.4714 | AD10: 3239.6917
A12: CONSOLIDADO CONSUMO DIARIO QUÍMICA (Kg)
B13: DIAS
A14: PRODUCTOS QUÍMICOS | B14: 1 | C14: 2 | D14: 3 | E14: 4 | F14: 5 | G14: 6 | H14: 7 | I14: 8 | J14: 9 | K14: 10 | L14: 11 | M14: 12 | N14: 13 | O14: 14 | P14: 15 | Q14: 16 | R14: 17 | S14: 18 | T14: 19 | U14: 20 | V14: 21 | W14: 22 | X14: 23 | Y14: 24 | Z14: 25 | AA14: 26 | AB14: 27 | AC14: 28 | AD14: Total general
A15: COF 280 - KG ACIDO | B15: 0 | C15: 572 | D15: 715 | E15: 1131 | F15: 390 | G15: 260 | H15: 325 | I15: 0 | J15: 195 | K15: 351 | L15: 390 | M15: 429 | N15: 403 | O15: 117 | P15: 0 | Q15: 520 | R15: 325 | S15: 364 | T15: 416 | U15: 325 | V15: 364 | W15: 0 | X15: 676 | Y15: 169 | Z15: 234 | AA15: 1014 | AB15: 559 | AC15: 429 | AD15: 10673
A16: COF 235 - KG COAGULANTE | B16: 0 | C16: 1086.5 | D16: 1007 | E16: 1033.5 | F16: 702.25 | G16: 1046.75 | H16: 662.5 | I16: 0 | J16: 927.5 | K16: 437.25 | L16: 424 | M16: 530 | N16: 662.5 | O16: 649.25 | P16: 0 | Q16: 1139.5 | R16: 397.5 | S16: 0 | T16: 490.25 | U16: 503.5 | V16: 662.5 | W16: 212 | X16: 516.75 | Y16: 927.5 | Z16: 1033.5 | AA16: 689 | AB16: 795 | AC16: 662.5 | AD16: 17198.5
A17: COF 255 - KG DECOLORANTE | B17: 0 | C17: 212.5 | D17: 362.5 | E17: 312.5 | F17: 250 | G17: 262.5 | H17: 75 | I17: 0 | J17: 175 | K17: 100 | L17: 137.5 | M17: 62.5 | N17: 187.5 | O17: 25 | P17: 0 | Q17: 225 | R17: 137.5 | S17: 250 | T17: 175 | U17: 137.5 | V17: 162.5 | W17: 0 | X17: 137.5 | Y17: 250 | Z17: 125 | AA17: 250 | AB17: 262.5 | AC17: 237.5 | AD17: 4512.5
A18: COF 440 - KG POL ANIONICO | B18: 0 | C18: 2.5 | D18: 7.5 | E18: 0 | F18: 10 | G18: 5 | H18: 10 | I18: 5 | J18: 10 | K18: 5 | L18: 10 | M18: 10 | N18: 5 | O18: 10 | P18: 0 | Q18: 5 | R18: 5 | S18: 5 | T18: 5 | U18: 5 | V18: 5 | W18: 0 | X18: 10 | Y18: 5 | Z18: 10 | AA18: 5 | AB18: 10 | AC18: 5 | AD18: 165
A19: COF 494 - KG POL CATIONICO | B19: 0 | C19: 15 | D19: 10 | E19: 0 | F19: 10 | G19: 20 | H19: 10 | I19: 0 | J19: 15 | K19: 15 | L19: 15 | M19: 15 | N19: 15 | O19: 10 | P19: 0 | Q19: 15 | R19: 15 | S19: 15 | T19: 15 | U19: 15 | V19: 15 | W19: 0 | X19: 15 | Y19: 15 | Z19: 15 | AA19: 15 | AB19: 15 | AC19: 10 | AD19: 325
A20: CAUDAL TOTAL TRATADO GEM | B20: 0 | C20: 1125 | D20: 1650 | E20: 1575 | F20: 1500 | G20: 1350 | H20: 900 | I20: 0 | J20: 1350 | K20: 1425 | L20: 1275 | M20: 1200 | N20: 1125 | O20: 1125 | P20: 0 | Q20: 1440 | R20: 1200 | S20: 960 | T20: 1200 | U20: 1360 | V20: 880 | W20: 0 | X20: 720 | Y20: 1120 | Z20: 1440 | AA20: 1760 | AB20: 1440 | AC20: 960 | AD20: 30080
A21: INDICADOR $m3 | B21: #DIV/0! | C21: 4748.1533 | D21: 3732.7652 | E21: 3747.9794 | F21: 2896.65 | G21: 4029.6759 | H21: 3415.6944 | I21: #DIV/0! | J21: 3314.4259 | K21: 1834.986 | L21: 2305.9706 | M21: 2339.7979 | N21: 3432.9356 | O21: 2265.1644 | P21: #DIV/0! | Q21: 3873.9757 | R21: 2261.7188 | S21: 2397.7812 | T21: 2745.525 | U21: 2221.6636 | V21: 4173.0767 | W21: #DIV/0! | X21: 4786.7604 | Y21: 4312.2946 | Z21: 3124.6493 | AA21: 2749.6989 | AB21: 3432.7483 | AC21: 4258.4714 | AD21: 3239.6917
A24: CONSOLIDADO DOSIFICACIÓN QUÍMICA PPM (mg/L)
B25: DIAS
A26: PRODUCTOS QUÍMICOS | B26: 1 | C26: 2 | D26: 3 | E26: 4 | F26: 5 | G26: 6 | H26: 7 | I26: 8 | J26: 9 | K26: 10 | L26: 11 | M26: 12 | N26: 13 | O26: 14 | P26: 15 | Q26: 16 | R26: 17 | S26: 18 | T26: 19 | U26: 20 | V26: 21 | W26: 22 | X26: 23 | Y26: 24 | Z26: 25 | AA26: 26 | AB26: 27 | AC26: 28
A27: COF 280 - PPM ACIDO | B27: #DIV/0! | C27: 391.11111 | D27: 333.33333 | E27: 552.38095 | F27: 200 | G27: 148.14815 | H27: 277.77778 | I27: #DIV/0! | J27: 111.11111 | K27: 189.47368 | L27: 235.29412 | M27: 275 | N27: 275.55556 | O27: 80 | P27: #DIV/0! | Q27: 277.77778 | R27: 208.33333 | S27: 291.66667 | T27: 266.66667 | U27: 183.82353 | V27: 318.18182 | W27: #DIV/0! | X27: 722.22222 | Y27: 116.07143 | Z27: 125 | AA27: 443.18182 | AB27: 298.61111 | AC27: 343.75
A28: COF 235 - PPM COAGULANTE | B28: #DIV/0! | C28: 728.88889 | D28: 460.60606 | E28: 495.2381 | F28: 353.33333 | G28: 585.18519 | H28: 555.55556 | I28: #DIV/0! | J28: 518.51852 | K28: 231.57895 | L28: 250.98039 | M28: 333.33333 | N28: 444.44444 | O28: 435.55556 | P28: #DIV/0! | Q28: 597.22222 | R28: 250 | S28: 0 | T28: 308.33333 | U28: 279.41176 | V28: 568.18182 | W28: #DIV/0! | X28: 541.66667 | Y28: 625 | Z28: 541.66667 | AA28: 295.45455 | AB28: 416.66667 | AC28: 520.83333
A29: COF 255 - PPM DECOLORANTE | B29: #DIV/0! | C29: 151.11111 | D29: 175.75758 | E29: 158.73016 | F29: 133.33333 | G29: 155.55556 | H29: 66.666667 | I29: #DIV/0! | J29: 103.7037 | K29: 56.140351 | L29: 86.27451 | M29: 41.666667 | N29: 133.33333 | O29: 17.777778 | P29: #DIV/0! | Q29: 125 | R29: 91.666667 | S29: 208.33333 | T29: 116.66667 | U29: 80.882353 | V29: 147.72727 | W29: #DIV/0! | X29: 152.77778 | Y29: 178.57143 | Z29: 69.444444 | AA29: 113.63636 | AB29: 145.83333 | AC29: 197.91667
A30: COF 440 - PPM POL ANIONICO | B30: #DIV/0! | C30: 0.55555556 | D30: 1.1363636 | E30: 0 | F30: 1.6666667 | G30: 0.92592593 | H30: 2.7777778 | I30: #DIV/0! | J30: 1.8518519 | K30: 0.87719298 | L30: 1.9607843 | M30: 2.0833333 | N30: 1.1111111 | O30: 2.2222222 | P30: #DIV/0! | Q30: 0.86805556 | R30: 1.0416667 | S30: 1.3020833 | T30: 1.0416667 | U30: 0.91911765 | V30: 1.4204545 | W30: #DIV/0! | X30: 3.4722222 | Y30: 1.1160714 | Z30: 1.7361111 | AA30: 0.71022727 | AB30: 1.7361111 | AC30: 1.3020833
A31: COF 494 - PPM POL CATIONICO | B31: #DIV/0! | C31: 3.3333333 | D31: 1.5151515 | E31: 0 | F31: 1.6666667 | G31: 3.7037037 | H31: 2.7777778 | I31: #DIV/0! | J31: 2.7777778 | K31: 2.6315789 | L31: 2.9411765 | M31: 3.125 | N31: 3.3333333 | O31: 2.2222222 | P31: #DIV/0! | Q31: 2.6041667 | R31: 3.125 | S31: 3.90625 | T31: 3.125 | U31: 2.7573529 | V31: 4.2613636 | W31: #DIV/0! | X31: 5.2083333 | Y31: 3.3482143 | Z31: 2.6041667 | AA31: 2.1306818 | AB31: 2.6041667 | AC31: 2.6041667
A32: CAUDAL TOTAL TRATADO GEM | B32: 0 | C32: 1125 | D32: 1650 | E32: 1575 | F32: 1500 | G32: 1350 | H32: 900 | I32: 0 | J32: 1350 | K32: 1425 | L32: 1275 | M32: 1200 | N32: 1125 | O32: 1125 | P32: 0 | Q32: 1440 | R32: 1200 | S32: 960 | T32: 1200 | U32: 1360 | V32: 880 | W32: 0 | X32: 720 | Y32: 1120 | Z32: 1440 | AA32: 1760 | AB32: 1440 | AC32: 960
A33: INDICADOR $m3 | B33: #DIV/0! | C33: 4748.1533 | D33: 3732.7652 | E33: 3747.9794 | F33: 2896.65 | G33: 4029.6759 | H33: 3415.6944 | I33: #DIV/0! | J33: 3314.4259 | K33: 1834.986 | L33: 2305.9706 | M33: 2339.7979 | N33: 3432.9356 | O33: 2265.1644 | P33: #DIV/0! | Q33: 3873.9757 | R33: 2261.7188 | S33: 2397.7812 | T33: 2745.525 | U33: 2221.6636 | V33: 4173.0767 | W33: #DIV/0! | X33: 4786.7604 | Y33: 4312.2946 | Z33: 3124.6493 | AA33: 2749.6989 | AB33: 3432.7483 | AC33: 4258.4714
B35: DIAS
B36: 1 | C36: 2 | D36: 3 | E36: 4 | F36: 5 | G36: 6 | H36: 7 | I36: 8 | J36: 9 | K36: 10 | L36: 11 | M36: 12 | N36: 13 | O36: 14 | P36: 15 | Q36: 16 | R36: 17 | S36: 18 | T36: 19 | U36: 20 | V36: 21 | W36: 22 | X36: 23 | Y36: 24 | Z36: 25 | AA36: 26 | AB36: 27 | AC36: 28 | AD36: Total general
A37: CAUDAL TOTAL TRATADO GEM | B37: 0 | C37: 1125 | D37: 1650 | E37: 1575 | F37: 1500 | G37: 1350 | H37: 900 | I37: 0 | J37: 1350 | K37: 1425 | L37: 1275 | M37: 1200 | N37: 1125 | O37: 1125 | P37: 0 | Q37: 1440 | R37: 1200 | S37: 960 | T37: 1200 | U37: 1360 | V37: 880 | W37: 0 | X37: 720 | Y37: 1120 | Z37: 1440 | AA37: 1760 | AB37: 1440 | AC37: 960 | AD37: 30080

Sheet INVENTARIO INSUMOS QUÍMICOS GEM
B2: PRODUCTOS QUÍMICOS | C2: Densidad (g/ml) | D2: INVENTARIO INICIO DE MES | F2: CONSOLIDADO CONSUMO QUÍMICA MENSUAL | H2: TOTAL SUMINISTRO QUÍMICOS (PROVEEDOR) | J2: INVENTARIO ACTUALIZADO | L2: TOTAL EXTRA PROVEDOR | N2: INVENTARIO ACTUALIZADO REAL
D3: Litros | E3: Kg | F3: Litros | G3: Kg | H3: Litros | I3: Kg | J3: Litros | K3: Kg | L3: Litros | M3: Kg | N3: Litros | O3: Kg
B4: Ácido COF280 | C4: 1.24 | D4: 1.500 | E4: =D4*C4 -> 1860 | F4: =GETPIVOTDATA("COF 280 ACIDO (L)",'CONSUMO QUÍMICA-CAUDALES GEM '!$A$2) -> 8210 | G4: =GETPIVOTDATA("COF 280 - KG ACIDO",'CONSUMO QUÍMICA-CAUDALES GEM '!$A$13) -> 10673 | H4: =(+C15+E15+G15+I15+K15+M15+O15+Q15+S15) -> 8387.1613 | I4: =H4*C4 -> 10400.08 | J4: =(D4+H4)-F4 -> 1677.1613 | K4: =J4*$C4 -> 2079.68 | L4: =97+48+97 -> 242 | M4: =L4*$C4 -> 300.08 | N4: =J4-L4-1000 -> 435.16129 | O4: =N4*$C4 -> 539.6
B5: Coagulante COF235 | C5: 1.325 | D5: 3500 | E5: =D5*C5 -> 4637.5 | F5: =GETPIVOTDATA("COF 235 COAGULANTE (L)",'CONSUMO QUÍMICA-CAUDALES GEM '!$A$2) -> 12980 | G5: =GETPIVOTDATA("COF 235 - KG COAGULANTE",'CONSUMO QUÍMICA-CAUDALES GEM '!$A$13) -> 17198.5 | H5: =(+C16+E16+G16+I16+K16+M16+O16+Q16+S16) -> 13000 | I5: =H5*C5 -> 17225 | J5: =(D5+H5)-F5 -> 3520 | K5: =J5*$C5 -> 4664 | L5: 0 | M5: =L5*$C5 -> 0 | N5: =J5-L5 -> 3520 | O5: =N5*$C5 -> 4664
B6: Decolorante COF255 | C6: 1.1 | D6: 420 | E6: =D6*C6 -> 462 | F6: =GETPIVOTDATA("COF 255 DECOLORANTE (L)",'CONSUMO QUÍMICA-CAUDALES GEM '!$A$2) -> 3610 | G6: =GETPIVOTDATA("COF 255 - KG DECOLORANTE ",'CONSUMO QUÍMICA-CAUDALES GEM '!$A$13) -> 4512.5 | H6: =(+C17+E17+G17+I17+K17+M17+O17+Q17+S17) -> 7681.7273 | I6: =H6*C6 -> 8449.9 | J6: =(D6+H6)-F6 -> 4491.7273 | K6: =J6*$C6 -> 4940.9 | L6: =273+273+273+409+136 -> 1364 | M6: =L6*$C6 -> 1500.4 | N6: =J6-L6 -> 3127.7273 | O6: =N6*$C6 -> 3440.5
B7: Polimero COF440 (Aniónico) | C7: 0.0025 | D7: 140 | E7: =D7*C7 -> 0.35 | F7: =(GETPIVOTDATA("COF 440 POL ANIONICO (KG)",'CONSUMO QUÍMICA-CAUDALES GEM '!$A$2)/C7) -> 66000 | G7: =GETPIVOTDATA("COF 440 - KG POL ANIONICO ",'CONSUMO QUÍMICA-CAUDALES GEM '!$A$13) -> 165 | H7: =(+C18+E18+G18+I18+K18+M18+O18+Q18+S18) -> 30000 | I7: =H7*C7 -> 75 | J7: =(D7+H7)-F7 -> -35860 | K7: =J7*$C7 -> -89.65 | L7: 0 | M7: =L7*$C7 -> 0 | N7: =J7-L7 -> -35860 | O7: =N7*$C7 -> -89.65
B8: Polimero COF494 (Cátionico) | C8: 0.0025 | D8: 155 | E8: =D8*C8 -> 0.3875 | F8: 150000 | G8: =GETPIVOTDATA("COF 494 - KG POL CATIONICO ",'CONSUMO QUÍMICA-CAUDALES GEM '!$A$13) -> 325 | H8: =(+C19+E19+G19+I19+K19+M19+O19+Q19+S19) -> 40000 | I8: =H8*C8 -> 100 | J8: =(D8+H8)-F8 -> -109845 | K8: =J8*$C8 -> -274.6125 | L8: 0 | M8: =L8*$C8 -> 0 | N8: =J8-L8 -> -109845 | O8: =N8*$C8 -> -274.6125
B10: PRODUCTOS QUÍMICOS | C10: ENTREGAS DE INSUMOS QUÍMICOS PROVEEEDOR COFAI (FECHA)
C11: 45660 | E11: 3/01/2025 - 4/01/2025 | G11: 45672 | I11: 45674
C12: REM No | D12: O T | E12: REM No | F12: O T | G12: REM No | H12: O T | I12: REM No | J12: O T | K12: REM No | L12: O T | M12: REM No | N12: O T | O12: REM No | P12: O T | Q12: REM No | R12: O T | S12: REM No | T12: O T
C14: Litros | D14: Kg | E14: Litros | F14: Kg | G14: Litros | H14: Kg | I14: Litros | J14: Kg | K14: Litros | L14: Kg | M14: Litros | N14: Kg | O14: Litros | P14: Kg | Q14: Litros | R14: Kg | S14: Litros | T14: Kg
B15: Ácido COF280 | C15: 0 | D15: =C15*$C$4 -> 0 | E15: 2097 | F15: =E15*$C$4 -> 2600.28 | G15: 3145 | H15: =G15*$C$4 -> 3899.8 | I15: 3145.1613 | J15: =I15*$C$4 -> 3900
B16: Coagulante COF235 | C16: 1000 | D16: =+C16*$C$5 -> 1325 | E16: 3000 | F16: =+E16*$C$5 -> 3975 | G16: 4000 | H16: =+G16*$C$5 -> 5300 | I16: 5000 | J16: =+I16*$C$5 -> 6625
B17: Decolorante COF255 | C17: 1136 | D17: =+C17*$C$6 -> 1249.6 | E17: 2273 | F17: =+E17*$C$6 -> 2500.3 | G17: 2000 | H17: =+G17*$C$6 -> 2200 | I17: 2272.7273 | J17: =+I17*$C$6 -> 2500
B18: Polimero COF440 (Aniónico) | C18: 30000 | D18: =+C18*$C$7 -> 75 | E18: 0 | F18: =+E18*$C$7 -> 0 | G18: 0 | H18: =+G18*$C$7 -> 0 | I18: 0 | J18: =+I18*$C$7 -> 0
B19: Polimero COF494 (Cátionico) | C19: 0 | D19: =+C19*$C$8 -> 0 | E19: 0 | F19: =+E19*$C$8 -> 0 | G19: 0 | H19: =+G19*$C$8 -> 0 | I19: 40000 | J19: =+I19*$C$8 -> 100
B22: PRODUCTOS QUÍMICOS | C22: REGISTRO DENSIDADES DE INSUMOS QUÍMICOS PROVEEEDOR COFAI (FECHA)
C23: 2 | F23: 3 | I23: 4 | L23: 45667 | O23: 45668 | R23: 45670 | U23: 45672 | X23: 45673 | AA23: 45674 | AD23: 45677
C24: Litros | D24: Densidad (g/ml) | E24: Kg | F24: Litros | G24: Densidad (g/ml) | H24: Kg | I24: Litros | J24: Densidad (g/ml) | K24: Kg | L24: Litros | M24: Densidad (g/ml) | N24: Kg | O24: Litros | P24: Densidad (g/ml) | Q24: Kg | R24: Litros | S24: Densidad (g/ml) | T24: Kg | U24: Litros | V24: Densidad (g/ml) | W24: Kg | X24: Litros | Y24: Densidad (g/ml) | Z24: Kg | AA24: Litros | AB24: Densidad (g/ml) | AC24: Kg | AD24: Litros | AE24: Densidad (g/ml) | AF24: Kg
B25: Ácido COF280 | E25: =C25*D25 -> 0 | F25: 1 | H25: =F25*G25 -> 0 | I25: 1 | K25: =I25*J25 -> 0 | L25: 2 | N25: =L25*M25 -> 0 | Q25: =O25*P25 -> 0 | R25: 1 | T25: =R25*S25 -> 0 | W25: =U25*V25 -> 0 | X25: 3 | Z25: =X25*Y25 -> 0 | AC25: =AA25*AB25 -> 0 | AF25: =AD25*AE25 -> 0
B26: Coagulante COF235 | C26: 1 | E26: =C26*D26 -> 0 | F26: 1 | H26: =F26*G26 -> 0 | I26: 2 | K26: =I26*J26 -> 0 | N26: =L26*M26 -> 0 | O26: 3 | Q26: =O26*P26 -> 0 | T26: =R26*S26 -> 0 | U26: 3 | W26: =U26*V26 -> 0 | Z26: =X26*Y26 -> 0 | AA26: 3 | AC26: =AA26*AB26 -> 0 | AF26: =AD26*AE26 -> 0
B27: Decolorante COF255 | E27: =C27*D27 -> 0 | F27: 2 | H27: =F27*G27 -> 0 | K27: =I27*J27 -> 0 | L27: 1 | N27: =L27*M27 -> 0 | O27: 1 | Q27: =O27*P27 -> 0 | T27: =R27*S27 -> 0 | U27: 1 | W27: =U27*V27 -> 0 | X27: 1 | Z27: =X27*Y27 -> 0 | AC27: =AA27*AB27 -> 0 | AD27: 3 | AF27: =AD27*AE27 -> 0
B28: Polimero COF440 (Aniónico) | E28: =C28*D28 -> 0 | H28: =F28*G28 -> 0 | K28: =I28*J28 -> 0 | N28: =L28*M28 -> 0 | Q28: =O28*P28 -> 0 | T28: =R28*S28 -> 0 | W28: =U28*V28 -> 0 | Z28: =X28*Y28 -> 0 | AC28: =AA28*AB28 -> 0 | AF28: =AD28*AE28 -> 0
B29: Polimero COF494 (Cátionico) | E29: =C29*D29 -> 0 | H29: =F29*G29 -> 0 | K29: =I29*J29 -> 0 | N29: =L29*M29 -> 0 | Q29: =O29*P29 -> 0 | T29: =R29*S29 -> 0 | W29: =U29*V29 -> 0 | X29: 100 | Z29: =X29*Y29 -> 0 | AC29: =AA29*AB29 -> 0 | AF29: =AD29*AE29 -> 0

Sheet REGISTRO RO
A1: FECHA | B1: DIA | C1: TURNO | D1: HCL (10%) | E1: KURIVERTER IK-220 (Biocida) | F1: VITEC 7000 (Antiincrustante) | G1: Hidróxido de Sodio (NaOH) | H1: Bisulfito de sodio | I1: TIEMPO DE OPERACIÓN (minutos) | J1: cm HCL (10%) | K1: cm IK-220 (Biocida) | L1: cm Vitec 7000 | M1: cm NaOH | N1: cm Bisulfito de sodio | O1: (INV- L) - HCL (10%) | P1: (INV -L) - KURIVERTER IK-220 (Biocida) | Q1: (INV -L) - VITEC 7000 (Antiincrustante) | R1: (INV -L) - Hidróxido de Sodio (NaOH) | S1: (INV -L) Bisulfito de sodio | T1: CONSUMO (L) HCL (10%)2 | U1: CONSUMO (L) KURIVERTER IK-220 (Biocida) | V1: CONSUMO (L) VITEC 7000 (Antiincrustante) | W1: CONSUMO (L) Hidróxido de Sodio (NaOH) | X1: CONSUMO (L) Bisulfito de sodio | Y1: DENSIDAD HCL (10%) | Z1: DENSIDAD KURIVERTER IK-220 (Biocida) | AA1: DENSIDAD VITEC 7000 (Antiincrustante) | AB1: DENSIDAD Hidróxido de Sodio (NaOH) | AC1: DENSIDAD Bisulfito de sodio | AD1: CONSUMO (Kg) HCL (10%)22 | AE1: CONSUMO (Kg) KURIVERTER IK-220 (Biocida) | AF1: CONSUMO (Kg) VITEC 7000 (Antiincrustante) | AG1: CONSUMO (Kg) Hidróxido de Sodio (NaOH) | AH1: CONSUMO (Kg) Bisulfito de sodio6 | AI1: VOLUMEN ENVIADO A RO (m3) | AJ1: Q DE OPERACIÓN (m3/h) | AK1: PPM HCL (10%) | AL1: PPM KURIVERTER IK-220 (Biocida) | AM1: PPM VITEC 7000 (Antiincrustante) | AN1: PPM Hidróxido de Sodio (NaOH) | AO1: PPM Bisulfito de sodio | AP1: PRECIO HCL (10%) | AQ1: PRECIO KURIVERTER IK-220 (Biocida) | AR1: PRECIO VITEC 7000 (Antiincrustante) | AS1: PRECIO Hidróxido de Sodio (NaOH) | AT1: PRECIO Bisulfito de sodio | AU1: COSTO OPERATIVO HCL (10%) | AV1: COSTO OPERATIVO KURIVERTER IK-220 (Biocida) | AW1: COSTO OPERATIVO VITEC 7000 (Antiincrustante) | AX1: COSTO OPERATIVO Hidróxido de Sodio (NaOH) | AY1: COSTO OPERATIVO Bisulfito de sodio | AZ1: COSTO QUIMICA | BA1: LIMITE INDICADOR M3 | BB1: $m3 ENVIADO A RO (m3) | BC1: $m3 RECHAZO (m3) | BD1: $m3 PERMEADO RO (m3)
A2: 45992 | B2: =DAY(Tabla2[[#This Row],[FECHA]]) -> 1 | C2: 1 (NOCHE) | I2: =Tabla2[[#This Row],[VOLUMEN ENVIADO A RO (m3)]]/Tabla2[[#This Row],[Q DE OPERACIÓN (m3/h)]] -> 0 | J2: 0 | K2: 52 | L2: 32 | M2: 0 | N2: 0 | O2: 0 | P2: 456.14035 | Q2: 280.70175 | R2: 0 | S2: 0 | T2: 0 | U2: 0 | V2: 0 | W2: 0 | X2: 0 | Y2: 1.18 | Z2: 1.28 | AA2: 1.2 | AB2: 1.53 | AC2: 1.2 | AD2: 0 | AE2: 0 | AF2: 0 | AG2: 0 | AH2: 0 | AI2: 0 | AJ2: 55 | AK2: =(AD2*1000)/$AI2 -> #DIV/0! | AL2: =(AE2*1000)/$AI2 -> #DIV/0! | AM2: =(AF2*1000)/$AI2 -> #DIV/0! | AN2: =(AG2*1000)/$AI2 -> #DIV/0! | AO2: =(AH2*1000)/$AI2 -> #DIV/0! | AP2: 1550 | AQ2: 19462 | AR2: 36854 | AS2: 1560 | AT2: 3640 | AU2: =AP2*(AE2*0.8) -> 0 | AV2: =AQ2*(AF2*0.012) -> 0 | AW2: =AR2*(AG2*0.044) -> 0 | AX2: =AS2*AH2 -> 0 | AY2: =AT2*(AI2*0.025) -> 0 | AZ2: =AU2+AV2+AW2+AX2+AY2 -> 0 | BA2: 1000 | BB2: =$AZ2/AI2 -> #DIV/0! | BC2: =$AZ2/#REF! -> #REF! | BD2: =$AZ2/#REF! -> #REF!
A3: =+A2 -> 45992 | B3: =DAY(Tabla2[[#This Row],[FECHA]]) -> 1 | C3: 2 (MAÑANA) | I3: =Tabla2[[#This Row],[VOLUMEN ENVIADO A RO (m3)]]/Tabla2[[#This Row],[Q DE OPERACIÓN (m3/h)]] -> 0 | J3: 0 | K3: 52 | L3: 32 | M3: 0 | N3: 0 | O3: 0 | P3: 456.14035 | Q3: 280.70175 | R3: 0 | S3: 0 | T3: 0 | U3: 0 | V3: 0 | W3: 0 | X3: 0 | Y3: 1.18 | Z3: 1.28 | AA3: 1.2 | AB3: 1.53 | AC3: 1.2 | AD3: 0 | AE3: 0 | AF3: 0 | AG3: 0 | AH3: 0 | AI3: 0 | AJ3: 55 | AK3: =(AD3*1000)/$AI3 -> #DIV/0! | AL3: =(AE3*1000)/$AI3 -> #DIV/0! | AM3: =(AF3*1000)/$AI3 -> #DIV/0! | AN3: =(AG3*1000)/$AI3 -> #DIV/0! | AO3: =(AH3*1000)/$AI3 -> #DIV/0! | AP3: =AP2 -> 1550 | AQ3: =AQ2 -> 19462 | AR3: =AR2 -> 36854 | AS3: =AS2 -> 1560 | AT3: =AT2 -> 3640 | AU3: =AP3*(AE3*0.8) -> 0 | AV3: =AQ3*(AF3*0.012) -> 0 | AW3: =AR3*(AG3*0.044) -> 0 | AX3: =AS3*AH3 -> 0 | AY3: =AT3*(AI3*0.025) -> 0 | AZ3: =AU3+AV3+AW3+AX3+AY3 -> 0 | BA3: 1000 | BB3: =AZ3/AI3 -> #DIV/0! | BC3: =$AZ3/#REF! -> #REF! | BD3: =$AZ3/#REF! -> #REF!
A4: =+A3 -> 45992 | B4: =DAY(Tabla2[[#This Row],[FECHA]]) -> 1 | C4: 3(TARDE) | I4: =Tabla2[[#This Row],[VOLUMEN ENVIADO A RO (m3)]]/Tabla2[[#This Row],[Q DE OPERACIÓN (m3/h)]] -> 0 | J4: 0 | K4: 52 | L4: 32 | M4: 0 | N4: 0 | O4: 0 | P4: 456.14035 | Q4: 280.70175 | R4: 0 | S4: 0 | T4: 0 | U4: 0 | V4: 0 | W4: 0 | X4: 0 | Y4: 1.18 | Z4: 1.28 | AA4: 1.2 | AB4: 1.53 | AC4: 1.2 | AD4: 0 | AE4: 0 | AF4: 0 | AG4: 0 | AH4: 0 | AI4: 0 | AJ4: 55 | AK4: =(AD4*1000)/$AI4 -> #DIV/0! | AL4: =(AE4*1000)/$AI4 -> #DIV/0! | AM4: =(AF4*1000)/$AI4 -> #DIV/0! | AN4: =(AG4*1000)/$AI4 -> #DIV/0! | AO4: =(AH4*1000)/$AI4 -> #DIV/0! | AP4: =AP3 -> 1550 | AQ4: =AQ3 -> 19462 | AR4: =AR3 -> 36854 | AS4: =AS3 -> 1560 | AT4: =AT3 -> 3640 | AU4: =AP4*(AE4*0.8) -> 0 | AV4: =AQ4*(AF4*0.012) -> 0 | AW4: =AR4*(AG4*0.044) -> 0 | AX4: =AS4*AH4 -> 0 | AY4: =AT4*(AI4*0.025) -> 0 | AZ4: =AU4+AV4+AW4+AX4+AY4 -> 0 | BA4: 1000 | BB4: =AZ4/AI4 -> #DIV/0!
A5: =+A4+1 -> 45993 | B5: =DAY(Tabla2[[#This Row],[FECHA]]) -> 2 | C5: 1 (NOCHE) | I5: =Tabla2[[#This Row],[VOLUMEN ENVIADO A RO (m3)]]/Tabla2[[#This Row],[Q DE OPERACIÓN (m3/h)]] -> 0 | J5: 0 | K5: 52 | L5: 32 | M5: 0 | N5: 0 | O5: 0 | P5: 456.14035 | Q5: 280.70175 | R5: 0 | S5: 0 | T5: 0 | U5: 0 | V5: 0 | W5: 0 | X5: 0 | Y5: 1.18 | Z5: 1.28 | AA5: 1.2 | AB5: 1.53 | AC5: 1.2 | AD5: 0 | AE5: 0 | AF5: 0 | AG5: 0 | AH5: 0 | AI5: 0 | AJ5: 55 | AK5: =(AD5*1000)/$AI5 -> #DIV/0! | AL5: =(AE5*1000)/$AI5 -> #DIV/0! | AM5: =(AF5*1000)/$AI5 -> #DIV/0! | AN5: =(AG5*1000)/$AI5 -> #DIV/0! | AO5: =(AH5*1000)/$AI5 -> #DIV/0! | AP5: =AP4 -> 1550 | AQ5: =AQ4 -> 19462 | AR5: =AR4 -> 36854 | AS5: =AS4 -> 1560 | AT5: =AT4 -> 3640 | AU5: =AP5*(AE5*0.8) -> 0 | AV5: =AQ5*(AF5*0.012) -> 0 | AW5: =AR5*(AG5*0.044) -> 0 | AX5: =AS5*AH5 -> 0 | AY5: =AT5*(AI5*0.025) -> 0 | AZ5: =AU5+AV5+AW5+AX5+AY5 -> 0 | BA5: 1000 | BB5: =AZ5/AI5 -> #DIV/0!
A6: =+A5 -> 45993 | B6: =DAY(Tabla2[[#This Row],[FECHA]]) -> 2 | C6: 2 (MAÑANA) | I6: =Tabla2[[#This Row],[VOLUMEN ENVIADO A RO (m3)]]/Tabla2[[#This Row],[Q DE OPERACIÓN (m3/h)]] -> 4.6808909 | J6: 0 | K6: 52 | L6: 32 | M6: 0 | N6: 0 | O6: 0 | P6: 456.14035 | Q6: 280.70175 | R6: 0 | S6: 0 | T6: 0 | U6: 0 | V6: 0 | W6: 0 | X6: 0 | Y6: 1.18 | Z6: 1.28 | AA6: 1.2 | AB6: 1.53 | AC6: 1.2 | AD6: 0 | AE6: 0 | AF6: 0 | AG6: 0 | AH6: 0 | AI6: 257.449 | AJ6: 55 | AK6: =(AD6*1000)/$AI6 -> 0 | AL6: =(AE6*1000)/$AI6 -> 0 | AM6: =(AF6*1000)/$AI6 -> 0 | AN6: =(AG6*1000)/$AI6 -> 0 | AO6: =(AH6*1000)/$AI6 -> 0 | AP6: =AP5 -> 1550 | AQ6: =AQ5 -> 19462 | AR6: =AR5 -> 36854 | AS6: =AS5 -> 1560 | AT6: =AT5 -> 3640 | AU6: =AP6*(AE6*0.8) -> 0 | AV6: =AQ6*(AF6*0.012) -> 0 | AW6: =AR6*(AG6*0.044) -> 0 | AX6: =AS6*AH6 -> 0 | AY6: =AT6*(AI6*0.025) -> 23427.859 | AZ6: =AU6+AV6+AW6+AX6+AY6 -> 23427.859 | BA6: 1000 | BB6: =AZ6/AI6 -> 91
A7: =+A6 -> 45993 | B7: =DAY(Tabla2[[#This Row],[FECHA]]) -> 2 | C7: 3(TARDE) | I7: =Tabla2[[#This Row],[VOLUMEN ENVIADO A RO (m3)]]/Tabla2[[#This Row],[Q DE OPERACIÓN (m3/h)]] -> 0 | J7: 0 | K7: 52 | L7: 32 | M7: 0 | N7: 0 | O7: 0 | P7: 456.14035 | Q7: 280.70175 | R7: 0 | S7: 0 | T7: 0 | U7: 0 | V7: 0 | W7: 0 | X7: 0 | Y7: 1.18 | Z7: 1.28 | AA7: 1.2 | AB7: 1.53 | AC7: 1.2 | AD7: 0 | AE7: 0 | AF7: 0 | AG7: 0 | AH7: 0 | AI7: 0 | AJ7: 55 | AK7: =(AD7*1000)/$AI7 -> #DIV/0! | AL7: =(AE7*1000)/$AI7 -> #DIV/0! | AM7: =(AF7*1000)/$AI7 -> #DIV/0! | AN7: =(AG7*1000)/$AI7 -> #DIV/0! | AO7: =(AH7*1000)/$AI7 -> #DIV/0! | AP7: =AP6 -> 1550 | AQ7: =AQ6 -> 19462 | AR7: =AR6 -> 36854 | AS7: =AS6 -> 1560 | AT7: =AT6 -> 3640 | AU7: =AP7*(AE7*0.8) -> 0 | AV7: =AQ7*(AF7*0.012) -> 0 | AW7: =AR7*(AG7*0.044) -> 0 | AX7: =AS7*AH7 -> 0 | AY7: =AT7*(AI7*0.025) -> 0 | AZ7: =AU7+AV7+AW7+AX7+AY7 -> 0 | BA7: 1000 | BB7: =AZ7/AI9 -> #DIV/0!
A8: =+A7+1 -> 45994 | B8: =DAY(Tabla2[[#This Row],[FECHA]]) -> 3 | C8: 1 (NOCHE) | I8: =Tabla2[[#This Row],[VOLUMEN ENVIADO A RO (m3)]]/Tabla2[[#This Row],[Q DE OPERACIÓN (m3/h)]] -> 0 | J8: 0 | K8: 52 | L8: 32 | M8: 0 | N8: 0 | O8: 0 | P8: 456.14035 | Q8: 280.70175 | R8: 0 | S8: 0 | T8: 0 | U8: 0 | V8: 0 | W8: 0 | X8: 0 | Y8: 1.18 | Z8: 1.28 | AA8: 1.2 | AB8: 1.53 | AC8: 1.2 | AD8: 0 | AE8: 0 | AF8: 0 | AG8: 0 | AH8: 0 | AI8: 0 | AJ8: 55 | AK8: =(AD8*1000)/$AI8 -> #DIV/0! | AL8: =(AE8*1000)/$AI8 -> #DIV/0! | AM8: =(AF8*1000)/$AI8 -> #DIV/0! | AN8: =(AG8*1000)/$AI8 -> #DIV/0! | AO8: =(AH8*1000)/$AI8 -> #DIV/0! | AP8: =AP7 -> 1550 | AQ8: =AQ7 -> 19462 | AR8: =AR7 -> 36854 | AS8: =AS7 -> 1560 | AT8: =AT7 -> 3640 | AU8: =AP8*(AE8*0.8) -> 0 | AV8: =AQ8*(AF8*0.012) -> 0 | AW8: =AR8*(AG8*0.044) -> 0 | AX8: =AS8*AH8 -> 0 | AY8: =AT8*(AI8*0.025) -> 0 | AZ8: =AU8+AV8+AW8+AX8+AY8 -> 0 | BA8: 1000 | BB8: =AZ8/AI12 -> #DIV/0!
A9: =+A8 -> 45994 | B9: =DAY(Tabla2[[#This Row],[FECHA]]) -> 3 | C9: 2 (MAÑANA) | I9: =Tabla2[[#This Row],[VOLUMEN ENVIADO A RO (m3)]]/Tabla2[[#This Row],[Q DE OPERACIÓN (m3/h)]] -> 0 | J9: 0 | K9: 52 | L9: 32 | M9: 0 | N9: 0 | O9: 0 | P9: 456.14035 | Q9: 280.70175 | R9: 0 | S9: 0 | T9: 0 | U9: 0 | V9: 0 | W9: 0 | X9: 0 | Y9: 1.18 | Z9: 1.28 | AA9: 1.2 | AB9: 1.53 | AC9: 1.2 | AD9: 0 | AE9: 0 | AF9: 0 | AG9: 0 | AH9: 0 | AI9: 0 | AJ9: 55 | AK9: =(AD9*1000)/$AI9 -> #DIV/0! | AL9: =(AE9*1000)/$AI9 -> #DIV/0! | AM9: =(AF9*1000)/$AI9 -> #DIV/0! | AN9: =(AG9*1000)/$AI9 -> #DIV/0! | AO9: =(AH9*1000)/$AI9 -> #DIV/0! | AP9: =AP8 -> 1550 | AQ9: =AQ8 -> 19462 | AR9: =AR8 -> 36854 | AS9: =AS8 -> 1560 | AT9: =AT8 -> 3640 | AU9: =AP9*(AE9*0.8) -> 0 | AV9: =AQ9*(AF9*0.012) -> 0 | AW9: =AR9*(AG9*0.044) -> 0 | AX9: =AS9*AH9 -> 0 | AY9: =AT9*(AI9*0.025) -> 0 | AZ9: =AU9+AV9+AW9+AX9+AY9 -> 0 | BA9: 1000 | BB9: =AZ9/AI15 -> #DIV/0!
A10: =+A9 -> 45994 | B10: =DAY(Tabla2[[#This Row],[FECHA]]) -> 3 | C10: 3(TARDE) | I10: =Tabla2[[#This Row],[VOLUMEN ENVIADO A RO (m3)]]/Tabla2[[#This Row],[Q DE OPERACIÓN (m3/h)]] -> 0 | J10: 0 | K10: 52 | L10: 32 | M10: 0 | N10: 0 | O10: 0 | P10: 456.14035 | Q10: 280.70175 | R10: 0 | S10: 0 | T10: 0 | U10: 0 | V10: 0 | W10: 0 | X10: 0 | Y10: 1.18 | Z10: 1.28 | AA10: 1.2 | AB10: 1.53 | AC10: 1.2 | AD10: 0 | AE10: 0 | AF10: 0 | AG10: 0 | AH10: 0 | AI10: 0 | AJ10: 55 | AK10: =(AD10*1000)/$AI10 -> #DIV/0! | AL10: =(AE10*1000)/$AI10 -> #DIV/0! | AM10: =(AF10*1000)/$AI10 -> #DIV/0! | AN10: =(AG10*1000)/$AI10 -> #DIV/0! | AO10: =(AH10*1000)/$AI10 -> #DIV/0! | AP10: =AP9 -> 1550 | AQ10: =AQ9 -> 19462 | AR10: =AR9 -> 36854 | AS10: =AS9 -> 1560 | AT10: =AT9 -> 3640 | AU10: =AP10*(AE10*0.8) -> 0 | AV10: =AQ10*(AF10*0.012) -> 0 | AW10: =AR10*(AG10*0.044) -> 0 | AX10: =AS10*AH10 -> 0 | AY10: =AT10*(AI10*0.025) -> 0 | AZ10: =AU10+AV10+AW10+AX10+AY10 -> 0 | BA10: 1000 | BB10: =AZ10/AI18 -> 0
A11: =+A10+1 -> 45995 | B11: =DAY(Tabla2[[#This Row],[FECHA]]) -> 4 | C11: 1 (NOCHE) | I11: =Tabla2[[#This Row],[VOLUMEN ENVIADO A RO (m3)]]/Tabla2[[#This Row],[Q DE OPERACIÓN (m3/h)]] -> 0 | J11: 0 | K11: 52 | L11: 32 | M11: 0 | N11: 0 | O11: 0 | P11: 456.14035 | Q11: 280.70175 | R11: 0 | S11: 0 | T11: 0 | U11: 0 | V11: 0 | W11: 0 | X11: 0 | Y11: 1.18 | Z11: 1.28 | AA11: 1.2 | AB11: 1.53 | AC11: 1.2 | AD11: 0 | AE11: 0 | AF11: 0 | AG11: 0 | AH11: 0 | AI11: 0 | AJ11: 55 | AK11: =(AD11*1000)/$AI11 -> #DIV/0! | AL11: =(AE11*1000)/$AI11 -> #DIV/0! | AM11: =(AF11*1000)/$AI11 -> #DIV/0! | AN11: =(AG11*1000)/$AI11 -> #DIV/0! | AO11: =(AH11*1000)/$AI11 -> #DIV/0! | AP11: =AP10 -> 1550 | AQ11: =AQ10 -> 19462 | AR11: =AR10 -> 36854 | AS11: =AS10 -> 1560 | AT11: =AT10 -> 3640 | AU11: =AP11*(AE11*0.8) -> 0 | AV11: =AQ11*(AF11*0.012) -> 0 | AW11: =AR11*(AG11*0.044) -> 0 | AX11: =AS11*AH11 -> 0 | AY11: =AT11*(AI11*0.025) -> 0 | AZ11: =AU11+AV11+AW11+AX11+AY11 -> 0 | BA11: 1000 | BB11: =AZ11/AI21 -> 0
A12: =+A11 -> 45995 | B12: =DAY(Tabla2[[#This Row],[FECHA]]) -> 4 | C12: 2 (MAÑANA) | I12: =Tabla2[[#This Row],[VOLUMEN ENVIADO A RO (m3)]]/Tabla2[[#This Row],[Q DE OPERACIÓN (m3/h)]] -> 0 | J12: 0 | K12: 52 | L12: 32 | M12: 0 | N12: 0 | O12: 0 | P12: 456.14035 | Q12: 280.70175 | R12: 0 | S12: 0 | T12: 0 | U12: 0 | V12: 0 | W12: 0 | X12: 0 | Y12: 1.18 | Z12: 1.28 | AA12: 1.2 | AB12: 1.53 | AC12: 1.2 | AD12: 0 | AE12: 0 | AF12: 0 | AG12: 0 | AH12: 0 | AI12: 0 | AJ12: 55 | AK12: =(AD12*1000)/$AI12 -> #DIV/0! | AL12: =(AE12*1000)/$AI12 -> #DIV/0! | AM12: =(AF12*1000)/$AI12 -> #DIV/0! | AN12: =(AG12*1000)/$AI12 -> #DIV/0! | AO12: =(AH12*1000)/$AI12 -> #DIV/0! | AP12: =AP11 -> 1550 | AQ12: =AQ11 -> 19462 | AR12: =AR11 -> 36854 | AS12: =AS11 -> 1560 | AT12: =AT11 -> 3640 | AU12: =AP12*(AE12*0.8) -> 0 | AV12: =AQ12*(AF12*0.012) -> 0 | AW12: =AR12*(AG12*0.044) -> 0 | AX12: =AS12*AH12 -> 0 | AY12: =AT12*(AI12*0.025) -> 0 | AZ12: =AU12+AV12+AW12+AX12+AY12 -> 0 | BA12: 1000 | BB12: =AZ12/AI24 -> 0
A13: =+A12 -> 45995 | B13: =DAY(Tabla2[[#This Row],[FECHA]]) -> 4 | C13: 3(TARDE) | I13: =Tabla2[[#This Row],[VOLUMEN ENVIADO A RO (m3)]]/Tabla2[[#This Row],[Q DE OPERACIÓN (m3/h)]] -> 0 | J13: 0 | K13: 52 | L13: 32 | M13: 0 | N13: 0 | O13: 0 | P13: 456.14035 | Q13: 280.70175 | R13: 0 | S13: 0 | T13: 0 | U13: 0 | V13: 0 | W13: 0 | X13: 0 | Y13: 1.18 | Z13: 1.28 | AA13: 1.2 | AB13: 1.53 | AC13: 1.2 | AD13: 0 | AE13: 0 | AF13: 0 | AG13: 0 | AH13: 0 | AI13: 0 | AJ13: 55 | AK13: =(AD13*1000)/$AI13 -> #DIV/0! | AL13: =(AE13*1000)/$AI13 -> #DIV/0! | AM13: =(AF13*1000)/$AI13 -> #DIV/0! | AN13: =(AG13*1000)/$AI13 -> #DIV/0! | AO13: =(AH13*1000)/$AI13 -> #DIV/0! | AP13: =AP12 -> 1550 | AQ13: =AQ12 -> 19462 | AR13: =AR12 -> 36854 | AS13: =AS12 -> 1560 | AT13: =AT12 -> 3640 | AU13: =AP13*(AE13*0.8) -> 0 | AV13: =AQ13*(AF13*0.012) -> 0 | AW13: =AR13*(AG13*0.044) -> 0 | AX13: =AS13*AH13 -> 0 | AY13: =AT13*(AI13*0.025) -> 0 | AZ13: =AU13+AV13+AW13+AX13+AY13 -> 0 | BA13: 1000 | BB13: =AZ13/AI27 -> 0
A14: =+A13+1 -> 45996 | B14: =DAY(Tabla2[[#This Row],[FECHA]]) -> 5 | C14: 1 (NOCHE) | I14: =Tabla2[[#This Row],[VOLUMEN ENVIADO A RO (m3)]]/Tabla2[[#This Row],[Q DE OPERACIÓN (m3/h)]] -> 0 | J14: 0 | K14: 52 | L14: 32 | M14: 0 | N14: 0 | O14: 0 | P14: 456.14035 | Q14: 280.70175 | R14: 0 | S14: 0 | T14: 0 | U14: 0 | V14: 0 | W14: 0 | X14: 0 | Y14: 1.18 | Z14: 1.28 | AA14: 1.2 | AB14: 1.53 | AC14: 1.2 | AD14: 0 | AE14: 0 | AF14: 0 | AG14: 0 | AH14: 0 | AI14: 0 | AJ14: 55 | AK14: =(AD14*1000)/$AI14 -> #DIV/0! | AL14: =(AE14*1000)/$AI14 -> #DIV/0! | AM14: =(AF14*1000)/$AI14 -> #DIV/0! | AN14: =(AG14*1000)/$AI14 -> #DIV/0! | AO14: =(AH14*1000)/$AI14 -> #DIV/0! | AP14: =AP13 -> 1550 | AQ14: =AQ13 -> 19462 | AR14: =AR13 -> 36854 | AS14: =AS13 -> 1560 | AT14: =AT13 -> 3640 | AU14: =AP14*(AE14*0.8) -> 0 | AV14: =AQ14*(AF14*0.012) -> 0 | AW14: =AR14*(AG14*0.044) -> 0 | AX14: =AS14*AH14 -> 0 | AY14: =AT14*(AI14*0.025) -> 0 | AZ14: =AU14+AV14+AW14+AX14+AY14 -> 0 | BA14: 1000 | BB14: =AZ14/AI30 -> 0
A15: =+A14 -> 45996 | B15: =DAY(Tabla2[[#This Row],[FECHA]]) -> 5 | C15: 2 (MAÑANA) | I15: =Tabla2[[#This Row],[VOLUMEN ENVIADO A RO (m3)]]/Tabla2[[#This Row],[Q DE OPERACIÓN (m3/h)]] -> 0 | J15: 0 | K15: 52 | L15: 32 | M15: 0 | N15: 0 | O15: 0 | P15: 456.14035 | Q15: 280.70175 | R15: 0 | S15: 0 | T15: 0 | U15: 0 | V15: 0 | W15: 0 | X15: 0 | Y15: 1.18 | Z15: 1.28 | AA15: 1.2 | AB15: 1.53 | AC15: 1.2 | AD15: 0 | AE15: 0 | AF15: 0 | AG15: 0 | AH15: 0 | AI15: 0 | AJ15: 55 | AK15: =(AD15*1000)/$AI15 -> #DIV/0! | AL15: =(AE15*1000)/$AI15 -> #DIV/0! | AM15: =(AF15*1000)/$AI15 -> #DIV/0! | AN15: =(AG15*1000)/$AI15 -> #DIV/0! | AO15: =(AH15*1000)/$AI15 -> #DIV/0! | AP15: =AP14 -> 1550 | AQ15: =AQ14 -> 19462 | AR15: =AR14 -> 36854 | AS15: =AS14 -> 1560 | AT15: =AT14 -> 3640 | AU15: =AP15*(AE15*0.8) -> 0 | AV15: =AQ15*(AF15*0.012) -> 0 | AW15: =AR15*(AG15*0.044) -> 0 | AX15: =AS15*AH15 -> 0 | AY15: =AT15*(AI15*0.025) -> 0 | AZ15: =AU15+AV15+AW15+AX15+AY15 -> 0 | BA15: 1000 | BB15: =AZ15/AI33 -> #DIV/0!
A16: =+A15 -> 45996 | B16: =DAY(Tabla2[[#This Row],[FECHA]]) -> 5 | C16: 3(TARDE) | I16: =Tabla2[[#This Row],[VOLUMEN ENVIADO A RO (m3)]]/Tabla2[[#This Row],[Q DE OPERACIÓN (m3/h)]] -> 5.0586 | J16: 0 | K16: 52 | L16: 32 | M16: 0 | N16: 0 | O16: 0 | P16: 456.14035 | Q16: 280.70175 | R16: 0 | S16: 0 | T16: 0 | U16: 0 | V16: 0 | W16: 0 | X16: 0 | Y16: 1.18 | Z16: 1.28 | AA16: 1.2 | AB16: 1.53 | AC16: 1.2 | AD16: 0 | AE16: 0 | AF16: 0 | AG16: 0 | AH16: 0 | AI16: 278.223 | AJ16: 55 | AK16: =(AD16*1000)/$AI16 -> 0 | AL16: =(AE16*1000)/$AI16 -> 0 | AM16: =(AF16*1000)/$AI16 -> 0 | AN16: =(AG16*1000)/$AI16 -> 0 | AO16: =(AH16*1000)/$AI16 -> 0 | AP16: =AP15 -> 1550 | AQ16: =AQ15 -> 19462 | AR16: =AR15 -> 36854 | AS16: =AS15 -> 1560 | AT16: =AT15 -> 3640 | AU16: =AP16*(AE16*0.8) -> 0 | AV16: =AQ16*(AF16*0.012) -> 0 | AW16: =AR16*(AG16*0.044) -> 0 | AX16: =AS16*AH16 -> 0 | AY16: =AT16*(AI16*0.025) -> 25318.293 | AZ16: =AU16+AV16+AW16+AX16+AY16 -> 25318.293 | BA16: 1000 | BB16: =AZ16/AI36 -> #DIV/0!
A17: =+A16+1 -> 45997 | B17: =DAY(Tabla2[[#This Row],[FECHA]]) -> 6 | C17: 1 (NOCHE) | I17: =Tabla2[[#This Row],[VOLUMEN ENVIADO A RO (m3)]]/Tabla2[[#This Row],[Q DE OPERACIÓN (m3/h)]] -> 2.4370909 | J17: 0 | K17: 52 | L17: 32 | M17: 0 | N17: 0 | O17: 0 | P17: 456.14035 | Q17: 280.70175 | R17: 0 | S17: 0 | T17: 0 | U17: 0 | V17: 0 | W17: 0 | X17: 0 | Y17: 1.18 | Z17: 1.28 | AA17: 1.2 | AB17: 1.53 | AC17: 1.2 | AD17: 0 | AE17: 0 | AF17: 0 | AG17: 0 | AH17: 0 | AI17: 134.04 | AJ17: 55 | AK17: =(AD17*1000)/$AI17 -> 0 | AL17: =(AE17*1000)/$AI17 -> 0 | AM17: =(AF17*1000)/$AI17 -> 0 | AN17: =(AG17*1000)/$AI17 -> 0 | AO17: =(AH17*1000)/$AI17 -> 0 | AP17: =AP16 -> 1550 | AQ17: =AQ16 -> 19462 | AR17: =AR16 -> 36854 | AS17: =AS16 -> 1560 | AT17: =AT16 -> 3640 | AU17: =AP17*(AE17*0.8) -> 0 | AV17: =AQ17*(AF17*0.012) -> 0 | AW17: =AR17*(AG17*0.044) -> 0 | AX17: =AS17*AH17 -> 0 | AY17: =AT17*(AI17*0.025) -> 12197.64 | AZ17: =AU17+AV17+AW17+AX17+AY17 -> 12197.64 | BA17: 1000 | BB17: =AZ17/AI39 -> #DIV/0!
A18: =+A17 -> 45997 | B18: =DAY(Tabla2[[#This Row],[FECHA]]) -> 6 | C18: 2 (MAÑANA) | I18: =Tabla2[[#This Row],[VOLUMEN ENVIADO A RO (m3)]]/Tabla2[[#This Row],[Q DE OPERACIÓN (m3/h)]] -> 3.2748545 | J18: 0 | K18: 52 | L18: 32 | M18: 0 | N18: 0 | O18: 0 | P18: 456.14035 | Q18: 280.70175 | R18: 0 | S18: 0 | T18: 0 | U18: 17.54386 | V18: 0 | W18: 0 | X18: 0 | Y18: 1.18 | Z18: 1.28 | AA18: 1.2 | AB18: 1.53 | AC18: 1.2 | AD18: 0 | AE18: 22.45614 | AF18: 0 | AG18: 0 | AH18: 0 | AI18: 180.117 | AJ18: 55 | AK18: =(AD18*1000)/$AI18 -> 0 | AL18: =(AE18*1000)/$AI18 -> 124.6753 | AM18: =(AF18*1000)/$AI18 -> 0 | AN18: =(AG18*1000)/$AI18 -> 0 | AO18: =(AH18*1000)/$AI18 -> 0 | AP18: =AP17 -> 1550 | AQ18: =AQ17 -> 19462 | AR18: =AR17 -> 36854 | AS18: =AS17 -> 1560 | AT18: =AT17 -> 3640 | AU18: =AP18*(AE18*0.8) -> 27845.614 | AV18: =AQ18*(AF18*0.012) -> 0 | AW18: =AR18*(AG18*0.044) -> 0 | AX18: =AS18*AH18 -> 0 | AY18: =AT18*(AI18*0.025) -> 16390.647 | AZ18: =AU18+AV18+AW18+AX18+AY18 -> 44236.261 | BA18: 1000 | BB18: =AZ18/AI42 -> 190.78702
A19: =+A18 -> 45997 | B19: =DAY(Tabla2[[#This Row],[FECHA]]) -> 6 | C19: 3(TARDE) | I19: =Tabla2[[#This Row],[VOLUMEN ENVIADO A RO (m3)]]/Tabla2[[#This Row],[Q DE OPERACIÓN (m3/h)]] -> 4.8302182 | J19: 0 | K19: 50 | L19: 32 | M19: 0 | N19: 0 | O19: 0 | P19: 438.59649 | Q19: 280.70175 | R19: 0 | S19: 0 | T19: 0 | U19: 0 | V19: 0 | W19: 0 | X19: 0 | Y19: 1.18 | Z19: 1.28 | AA19: 1.2 | AB19: 1.53 | AC19: 1.2 | AD19: 0 | AE19: 0 | AF19: 0 | AG19: 0 | AH19: 0 | AI19: 265.662 | AJ19: 55 | AK19: =(AD19*1000)/$AI19 -> 0 | AL19: =(AE19*1000)/$AI19 -> 0 | AM19: =(AF19*1000)/$AI19 -> 0 | AN19: =(AG19*1000)/$AI19 -> 0 | AO19: =(AH19*1000)/$AI19 -> 0 | AP19: =AP18 -> 1550 | AQ19: =AQ18 -> 19462 | AR19: =AR18 -> 36854 | AS19: =AS18 -> 1560 | AT19: =AT18 -> 3640 | AU19: =AP19*(AE19*0.8) -> 0 | AV19: =AQ19*(AF19*0.012) -> 0 | AW19: =AR19*(AG19*0.044) -> 0 | AX19: =AS19*AH19 -> 0 | AY19: =AT19*(AI19*0.025) -> 24175.242 | AZ19: =AU19+AV19+AW19+AX19+AY19 -> 24175.242 | BA19: 1000 | BB19: =AZ19/AI45 -> 55.194616
A20: =+A19+1 -> 45998 | B20: =DAY(Tabla2[[#This Row],[FECHA]]) -> 7 | C20: 1 (NOCHE) | I20: =Tabla2[[#This Row],[VOLUMEN ENVIADO A RO (m3)]]/Tabla2[[#This Row],[Q DE OPERACIÓN (m3/h)]] -> 1.3341636 | J20: 0 | K20: 50 | L20: 32 | M20: 0 | N20: 0 | O20: 0 | P20: 438.59649 | Q20: 280.70175 | R20: 0 | S20: 0 | T20: 0 | U20: 43.859649 | V20: 0 | W20: 0 | X20: 0 | Y20: 1.18 | Z20: 1.28 | AA20: 1.2 | AB20: 1.53 | AC20: 1.2 | AD20: 0 | AE20: 56.140351 | AF20: 0 | AG20: 0 | AH20: 0 | AI20: 73.379 | AJ20: 55 | AK20: =(AD20*1000)/$AI20 -> 0 | AL20: =(AE20*1000)/$AI20 -> 765.07381 | AM20: =(AF20*1000)/$AI20 -> 0 | AN20: =(AG20*1000)/$AI20 -> 0 | AO20: =(AH20*1000)/$AI20 -> 0 | AP20: =AP19 -> 1550 | AQ20: =AQ19 -> 19462 | AR20: =AR19 -> 36854 | AS20: =AS19 -> 1560 | AT20: =AT19 -> 3640 | AU20: =AP20*(AE20*0.8) -> 69614.035 | AV20: =AQ20*(AF20*0.012) -> 0 | AW20: =AR20*(AG20*0.044) -> 0 | AX20: =AS20*AH20 -> 0 | AY20: =AT20*(AI20*0.025) -> 6677.489 | AZ20: =AU20+AV20+AW20+AX20+AY20 -> 76291.524 | BA20: 1000 | BB20: =AZ20/AI48 -> 292.02721
A21: =+A20 -> 45998 | B21: =DAY(Tabla2[[#This Row],[FECHA]]) -> 7 | C21: 2 (MAÑANA) | I21: =Tabla2[[#This Row],[VOLUMEN ENVIADO A RO (m3)]]/Tabla2[[#This Row],[Q DE OPERACIÓN (m3/h)]] -> 1.3341636 | J21: 0 | K21: 45 | L21: 32 | M21: 0 | N21: 0 | O21: 0 | P21: 394.73684 | Q21: 280.70175 | R21: 0 | S21: 0 | T21: 0 | U21: 26.315789 | V21: 0 | W21: 0 | X21: 0 | Y21: 1.18 | Z21: 1.28 | AA21: 1.2 | AB21: 1.53 | AC21: 1.2 | AD21: 0 | AE21: 33.684211 | AF21: 0 | AG21: 0 | AH21: 0 | AI21: 73.379 | AJ21: 55 | AK21: =(AD21*1000)/$AI21 -> 0 | AL21: =(AE21*1000)/$AI21 -> 459.04428 | AM21: =(AF21*1000)/$AI21 -> 0 | AN21: =(AG21*1000)/$AI21 -> 0 | AO21: =(AH21*1000)/$AI21 -> 0 | AP21: =AP20 -> 1550 | AQ21: =AQ20 -> 19462 | AR21: =AR20 -> 36854 | AS21: =AS20 -> 1560 | AT21: =AT20 -> 3640 | AU21: =AP21*(AE21*0.8) -> 41768.421 | AV21: =AQ21*(AF21*0.012) -> 0 | AW21: =AR21*(AG21*0.044) -> 0 | AX21: =AS21*AH21 -> 0 | AY21: =AT21*(AI21*0.025) -> 6677.489 | AZ21: =AU21+AV21+AW21+AX21+AY21 -> 48445.91 | BA21: 1000 | BB21: =AZ21/AI51 -> 431.05178
A22: =+A21 -> 45998 | B22: =DAY(Tabla2[[#This Row],[FECHA]]) -> 7 | C22: 3(TARDE) | I22: =Tabla2[[#This Row],[VOLUMEN ENVIADO A RO (m3)]]/Tabla2[[#This Row],[Q DE OPERACIÓN (m3/h)]] -> 2.6683818 | J22: 0 | K22: 42 | L22: 32 | M22: 0 | N22: 0 | O22: 0 | P22: 368.42105 | Q22: 280.70175 | R22: 0 | S22: 0 | T22: 0 | U22: 0 | V22: 71.929825 | W22: 0 | X22: 0 | Y22: 1.18 | Z22: 1.28 | AA22: 1.2 | AB22: 1.53 | AC22: 1.2 | AD22: 0 | AE22: 0 | AF22: 86.315789 | AG22: 0 | AH22: 0 | AI22: 146.761 | AJ22: 55 | AK22: =(AD22*1000)/$AI22 -> 0 | AL22: =(AE22*1000)/$AI22 -> 0 | AM22: =(AF22*1000)/$AI22 -> 588.13847 | AN22: =(AG22*1000)/$AI22 -> 0 | AO22: =(AH22*1000)/$AI22 -> 0 | AP22: =AP21 -> 1550 | AQ22: =AQ21 -> 19462 | AR22: =AR21 -> 36854 | AS22: =AS21 -> 1560 | AT22: =AT21 -> 3640 | AU22: =AP22*(AE22*0.8) -> 0 | AV22: =AQ22*(AF22*0.012) -> 20158.535 | AW22: =AR22*(AG22*0.044) -> 0 | AX22: =AS22*AH22 -> 0 | AY22: =AT22*(AI22*0.025) -> 13355.251 | AZ22: =AU22+AV22+AW22+AX22+AY22 -> 33513.786 | BA22: 1000 | BB22: =AZ22/AI54 -> #DIV/0!
A23: =+A22+1 -> 45999 | B23: =DAY(Tabla2[[#This Row],[FECHA]]) -> 8 | C23: 1 (NOCHE) | I23: =Tabla2[[#This Row],[VOLUMEN ENVIADO A RO (m3)]]/Tabla2[[#This Row],[Q DE OPERACIÓN (m3/h)]] -> 0.19094545 | J23: 0 | K23: 42 | L23: 58 | M23: 0 | N23: 0 | O23: 0 | P23: 368.42105 | Q23: 508.77193 | R23: 0 | S23: 0 | T23: 0 | U23: 0 | V23: 0 | W23: 0 | X23: 0 | Y23: 1.18 | Z23: 1.28 | AA23: 1.2 | AB23: 1.53 | AC23: 1.2 | AD23: 0 | AE23: 0 | AF23: 0 | AG23: 0 | AH23: 0 | AI23: 10.502 | AJ23: 55 | AK23: =(AD23*1000)/$AI23 -> 0 | AL23: =(AE23*1000)/$AI23 -> 0 | AM23: =(AF23*1000)/$AI23 -> 0 | AN23: =(AG23*1000)/$AI23 -> 0 | AO23: =(AH23*1000)/$AI23 -> 0 | AP23: =AP22 -> 1550 | AQ23: =AQ22 -> 19462 | AR23: =AR22 -> 36854 | AS23: =AS22 -> 1560 | AT23: =AT22 -> 3640 | AU23: =AP23*(AE23*0.8) -> 0 | AV23: =AQ23*(AF23*0.012) -> 0 | AW23: =AR23*(AG23*0.044) -> 0 | AX23: =AS23*AH23 -> 0 | AY23: =AT23*(AI23*0.025) -> 955.682 | AZ23: =AU23+AV23+AW23+AX23+AY23 -> 955.682 | BA23: 1000 | BB23: =AZ23/AI57 -> 3.7137661
A24: =+A23 -> 45999 | B24: =DAY(Tabla2[[#This Row],[FECHA]]) -> 8 | C24: 2 (MAÑANA) | I24: =Tabla2[[#This Row],[VOLUMEN ENVIADO A RO (m3)]]/Tabla2[[#This Row],[Q DE OPERACIÓN (m3/h)]] -> 3.978 | J24: 0 | K24: 42 | L24: 58 | M24: 0 | N24: 0 | O24: 0 | P24: 368.42105 | Q24: 508.77193 | R24: 0 | S24: 0 | T24: 0 | U24: 17.54386 | V24: 0 | W24: 0 | X24: 0 | Y24: 1.18 | Z24: 1.28 | AA24: 1.2 | AB24: 1.53 | AC24: 1.2 | AD24: 0 | AE24: 22.45614 | AF24: 0 | AG24: 0 | AH24: 0 | AI24: 218.79 | AJ24: 55 | AK24: =(AD24*1000)/$AI24 -> 0 | AL24: =(AE24*1000)/$AI24 -> 102.63787 | AM24: =(AF24*1000)/$AI24 -> 0 | AN24: =(AG24*1000)/$AI24 -> 0 | AO24: =(AH24*1000)/$AI24 -> 0 | AP24: =AP23 -> 1550 | AQ24: =AQ23 -> 19462 | AR24: =AR23 -> 36854 | AS24: =AS23 -> 1560 | AT24: =AT23 -> 3640 | AU24: =AP24*(AE24*0.8) -> 27845.614 | AV24: =AQ24*(AF24*0.012) -> 0 | AW24: =AR24*(AG24*0.044) -> 0 | AX24: =AS24*AH24 -> 0 | AY24: =AT24*(AI24*0.025) -> 19909.89 | AZ24: =AU24+AV24+AW24+AX24+AY24 -> 47755.504 | BA24: 1000 | BB24: =AZ24/AI60 -> 314.54101
A25: =+A24 -> 45999 | B25: =DAY(Tabla2[[#This Row],[FECHA]]) -> 8 | C25: 3(TARDE) | I25: =Tabla2[[#This Row],[VOLUMEN ENVIADO A RO (m3)]]/Tabla2[[#This Row],[Q DE OPERACIÓN (m3/h)]] -> 6.0241091 | J25: 0 | K25: 40 | L25: 58 | M25: 0 | N25: 0 | O25: 0 | P25: 350.87719 | Q25: 508.77193 | R25: 0 | S25: 0 | T25: 0 | U25: 0 | V25: 35.087719 | W25: 0 | X25: 0 | Y25: 1.18 | Z25: 1.28 | AA25: 1.2 | AB25: 1.53 | AC25: 1.2 | AD25: 0 | AE25: 0 | AF25: 42.105263 | AG25: 0 | AH25: 0 | AI25: 331.326 | AJ25: 55 | AK25: =(AD25*1000)/$AI25 -> 0 | AL25: =(AE25*1000)/$AI25 -> 0 | AM25: =(AF25*1000)/$AI25 -> 127.08107 | AN25: =(AG25*1000)/$AI25 -> 0 | AO25: =(AH25*1000)/$AI25 -> 0 | AP25: =AP24 -> 1550 | AQ25: =AQ24 -> 19462 | AR25: =AR24 -> 36854 | AS25: =AS24 -> 1560 | AT25: =AT24 -> 3640 | AU25: =AP25*(AE25*0.8) -> 0 | AV25: =AQ25*(AF25*0.012) -> 9833.4316 | AW25: =AR25*(AG25*0.044) -> 0 | AX25: =AS25*AH25 -> 0 | AY25: =AT25*(AI25*0.025) -> 30150.666 | AZ25: =AU25+AV25+AW25+AX25+AY25 -> 39984.098 | BA25: 1000 | BB25: =AZ25/AI63 -> 145.68756
A26: =+A25+1 -> 46000 | B26: =DAY(Tabla2[[#This Row],[FECHA]]) -> 9 | C26: 1 (NOCHE) | I26: =Tabla2[[#This Row],[VOLUMEN ENVIADO A RO (m3)]]/Tabla2[[#This Row],[Q DE OPERACIÓN (m3/h)]] -> 0.85053636 | J26: 0 | K26: 40 | L26: 54 | M26: 0 | N26: 0 | O26: 0 | P26: 350.87719 | Q26: 473.68421 | R26: 0 | S26: 0 | T26: 0 | U26: 0 | V26: 0 | W26: 0 | X26: 0 | Y26: 1.18 | Z26: 1.28 | AA26: 1.2 | AB26: 1.53 | AC26: 1.2 | AD26: 0 | AE26: 0 | AF26: 0 | AG26: 0 | AH26: 0 | AI26: 46.7795 | AJ26: 55 | AK26: =(AD26*1000)/$AI26 -> 0 | AL26: =(AE26*1000)/$AI26 -> 0 | AM26: =(AF26*1000)/$AI26 -> 0 | AN26: =(AG26*1000)/$AI26 -> 0 | AO26: =(AH26*1000)/$AI26 -> 0 | AP26: =AP25 -> 1550 | AQ26: =AQ25 -> 19462 | AR26: =AR25 -> 36854 | AS26: =AS25 -> 1560 | AT26: =AT25 -> 3640 | AU26: =AP26*(AE26*0.8) -> 0 | AV26: =AQ26*(AF26*0.012) -> 0 | AW26: =AR26*(AG26*0.044) -> 0 | AX26: =AS26*AH26 -> 0 | AY26: =AT26*(AI26*0.025) -> 4256.9345 | AZ26: =AU26+AV26+AW26+AX26+AY26 -> 4256.9345 | BA26: 1000 | BB26: =AZ26/#REF! -> #REF!
A27: =+A26 -> 46000 | B27: =DAY(Tabla2[[#This Row],[FECHA]]) -> 9 | C27: 2 (MAÑANA) | I27: =Tabla2[[#This Row],[VOLUMEN ENVIADO A RO (m3)]]/Tabla2[[#This Row],[Q DE OPERACIÓN (m3/h)]] -> 0.85053636 | J27: 0 | K27: 40 | L27: 54 | M27: 0 | N27: 0 | O27: 0 | P27: 350.87719 | Q27: 473.68421 | R27: 0 | S27: 0 | T27: 0 | U27: 17.54386 | V27: 0 | W27: 0 | X27: 0 | Y27: 1.18 | Z27: 1.28 | AA27: 1.2 | AB27: 1.53 | AC27: 1.2 | AD27: 0 | AE27: 22.45614 | AF27: 0 | AG27: 0 | AH27: 0 | AI27: 46.7795 | AJ27: 55 | AK27: =(AD27*1000)/$AI27 -> 0 | AL27: =(AE27*1000)/$AI27 -> 480.04233 | AM27: =(AF27*1000)/$AI27 -> 0 | AN27: =(AG27*1000)/$AI27 -> 0 | AO27: =(AH27*1000)/$AI27 -> 0 | AP27: =AP26 -> 1550 | AQ27: =AQ26 -> 19462 | AR27: =AR26 -> 36854 | AS27: =AS26 -> 1560 | AT27: =AT26 -> 3640 | AU27: =AP27*(AE27*0.8) -> 27845.614 | AV27: =AQ27*(AF27*0.012) -> 0 | AW27: =AR27*(AG27*0.044) -> 0 | AX27: =AS27*AH27 -> 0 | AY27: =AT27*(AI27*0.025) -> 4256.9345 | AZ27: =AU27+AV27+AW27+AX27+AY27 -> 32102.549 | BA27: 1000 | BB27: =AZ27/#REF! -> #REF!
A28: =+A27 -> 46000 | B28: =DAY(Tabla2[[#This Row],[FECHA]]) -> 9 | C28: 3(TARDE) | I28: =Tabla2[[#This Row],[VOLUMEN ENVIADO A RO (m3)]]/Tabla2[[#This Row],[Q DE OPERACIÓN (m3/h)]] -> 4.5947273 | J28: 0 | K28: 38 | L28: 54 | M28: 0 | N28: 0 | O28: 0 | P28: 333.33333 | Q28: 473.68421 | R28: 0 | S28: 0 | T28: 0 | U28: 289.47368 | V28: 17.54386 | W28: 0 | X28: 0 | Y28: 1.18 | Z28: 1.28 | AA28: 1.2 | AB28: 1.53 | AC28: 1.2 | AD28: 0 | AE28: 370.52632 | AF28: 21.052632 | AG28: 0 | AH28: 0 | AI28: 252.71 | AJ28: 55 | AK28: =(AD28*1000)/$AI28 -> 0 | AL28: =(AE28*1000)/$AI28 -> 1466.2115 | AM28: =(AF28*1000)/$AI28 -> 83.307473 | AN28: =(AG28*1000)/$AI28 -> 0 | AO28: =(AH28*1000)/$AI28 -> 0 | AP28: =AP27 -> 1550 | AQ28: =AQ27 -> 19462 | AR28: =AR27 -> 36854 | AS28: =AS27 -> 1560 | AT28: =AT27 -> 3640 | AU28: =AP28*(AE28*0.8) -> 459452.63 | AV28: =AQ28*(AF28*0.012) -> 4916.7158 | AW28: =AR28*(AG28*0.044) -> 0 | AX28: =AS28*AH28 -> 0 | AY28: =AT28*(AI28*0.025) -> 22996.61 | AZ28: =AU28+AV28+AW28+AX28+AY28 -> 487365.96 | BA28: 1000 | BB28: =AZ28/#REF! -> #REF!
A29: =+A28+1 -> 46001 | B29: =DAY(Tabla2[[#This Row],[FECHA]]) -> 10 | C29: 1 (NOCHE) | I29: =Tabla2[[#This Row],[VOLUMEN ENVIADO A RO (m3)]]/Tabla2[[#This Row],[Q DE OPERACIÓN (m3/h)]] -> 2.6456727 | J29: 0 | K29: 5 | L29: 52 | M29: 0 | N29: 0 | O29: 0 | P29: 43.859649 | Q29: 456.14035 | R29: 0 | S29: 0 | T29: 0 | U29: 0 | V29: 0 | W29: 0 | X29: 0 | Y29: 1.18 | Z29: 1.28 | AA29: 1.2 | AB29: 1.53 | AC29: 1.2 | AD29: 0 | AE29: 0 | AF29: 0 | AG29: 0 | AH29: 0 | AI29: 145.512 | AJ29: 55 | AK29: =(AD29*1000)/$AI29 -> 0 | AL29: =(AE29*1000)/$AI29 -> 0 | AM29: =(AF29*1000)/$AI29 -> 0 | AN29: =(AG29*1000)/$AI29 -> 0 | AO29: =(AH29*1000)/$AI29 -> 0 | AP29: =AP28 -> 1550 | AQ29: =AQ28 -> 19462 | AR29: =AR28 -> 36854 | AS29: =AS28 -> 1560 | AT29: =AT28 -> 3640 | AU29: =AP29*(AE29*0.8) -> 0 | AV29: =AQ29*(AF29*0.012) -> 0 | AW29: =AR29*(AG29*0.044) -> 0 | AX29: =AS29*AH29 -> 0 | AY29: =AT29*(AI29*0.025) -> 13241.592 | AZ29: =AU29+AV29+AW29+AX29+AY29 -> 13241.592 | BA29: 1000 | BB29: =AZ29/#REF! -> #REF!
A30: =+A29 -> 46001 | B30: =DAY(Tabla2[[#This Row],[FECHA]]) -> 10 | C30: 2 (MAÑANA) | I30: =Tabla2[[#This Row],[VOLUMEN ENVIADO A RO (m3)]]/Tabla2[[#This Row],[Q DE OPERACIÓN (m3/h)]] -> 2.021 | J30: 0 | K30: 5 | L30: 52 | M30: 0 | N30: 0 | O30: 0 | P30: 43.859649 | Q30: 456.14035 | R30: 0 | S30: 0 | T30: 0 | U30: 0 | V30: 0 | W30: 0 | X30: 0 | Y30: 1.18 | Z30: 1.28 | AA30: 1.2 | AB30: 1.53 | AC30: 1.2 | AD30: 0 | AE30: 0 | AF30: 0 | AG30: 0 | AH30: 0 | AI30: 111.155 | AJ30: 55 | AK30: =(AD30*1000)/$AI30 -> 0 | AL30: =(AE30*1000)/$AI30 -> 0 | AM30: =(AF30*1000)/$AI30 -> 0 | AN30: =(AG30*1000)/$AI30 -> 0 | AO30: =(AH30*1000)/$AI30 -> 0 | AP30: =AP29 -> 1550 | AQ30: =AQ29 -> 19462 | AR30: =AR29 -> 36854 | AS30: =AS29 -> 1560 | AT30: =AT29 -> 3640 | AU30: =AP30*(AE30*0.8) -> 0 | AV30: =AQ30*(AF30*0.012) -> 0 | AW30: =AR30*(AG30*0.044) -> 0 | AX30: =AS30*AH30 -> 0 | AY30: =AT30*(AI30*0.025) -> 10115.105 | AZ30: =AU30+AV30+AW30+AX30+AY30 -> 10115.105 | BA30: 1000 | BB30: =AZ30/#REF! -> #REF!
A31: =+A30 -> 46001 | B31: =DAY(Tabla2[[#This Row],[FECHA]]) -> 10 | C31: 3(TARDE) | I31: =Tabla2[[#This Row],[VOLUMEN ENVIADO A RO (m3)]]/Tabla2[[#This Row],[Q DE OPERACIÓN (m3/h)]] -> 0 | J31: 0 | K31: 5 | L31: 52 | M31: 0 | N31: 0 | O31: 0 | P31: 43.859649 | Q31: 456.14035 | R31: 0 | S31: 0 | T31: 0 | U31: 0 | V31: 35.087719 | W31: 0 | X31: 0 | Y31: 1.18 | Z31: 1.28 | AA31: 1.2 | AB31: 1.53 | AC31: 1.2 | AD31: 0 | AE31: 0 | AF31: 42.105263 | AG31: 0 | AH31: 0 | AI31: 0 | AJ31: 55 | AK31: =(AD31*1000)/$AI31 -> #DIV/0! | AL31: =(AE31*1000)/$AI31 -> #DIV/0! | AM31: =(AF31*1000)/$AI31 -> #DIV/0! | AN31: =(AG31*1000)/$AI31 -> #DIV/0! | AO31: =(AH31*1000)/$AI31 -> #DIV/0! | AP31: =AP30 -> 1550 | AQ31: =AQ30 -> 19462 | AR31: =AR30 -> 36854 | AS31: =AS30 -> 1560 | AT31: =AT30 -> 3640 | AU31: =AP31*(AE31*0.8) -> 0 | AV31: =AQ31*(AF31*0.012) -> 9833.4316 | AW31: =AR31*(AG31*0.044) -> 0 | AX31: =AS31*AH31 -> 0 | AY31: =AT31*(AI31*0.025) -> 0 | AZ31: =AU31+AV31+AW31+AX31+AY31 -> 9833.4316 | BA31: 1000 | BB31: =AZ31/#REF! -> #REF!
A32: =+A31+1 -> 46002 | B32: =DAY(Tabla2[[#This Row],[FECHA]]) -> 11 | C32: 1 (NOCHE) | I32: =Tabla2[[#This Row],[VOLUMEN ENVIADO A RO (m3)]]/Tabla2[[#This Row],[Q DE OPERACIÓN (m3/h)]] -> 0 | J32: 0 | K32: 5 | L32: 48 | M32: 0 | N32: 0 | O32: 0 | P32: 43.859649 | Q32: 421.05263 | R32: 0 | S32: 0 | T32: 0 | U32: 0 | V32: 377.19298 | W32: 0 | X32: 0 | Y32: 1.18 | Z32: 1.28 | AA32: 1.2 | AB32: 1.53 | AC32: 1.2 | AD32: 0 | AE32: 0 | AF32: 452.63158 | AG32: 0 | AH32: 0 | AI32: 0 | AJ32: 55 | AK32: =(AD32*1000)/$AI32 -> #DIV/0! | AL32: =(AE32*1000)/$AI32 -> #DIV/0! | AM32: =(AF32*1000)/$AI32 -> #DIV/0! | AN32: =(AG32*1000)/$AI32 -> #DIV/0! | AO32: =(AH32*1000)/$AI32 -> #DIV/0! | AP32: =AP31 -> 1550 | AQ32: =AQ31 -> 19462 | AR32: =AR31 -> 36854 | AS32: =AS31 -> 1560 | AT32: =AT31 -> 3640 | AU32: =AP32*(AE32*0.8) -> 0 | AV32: =AQ32*(AF32*0.012) -> 105709.39 | AW32: =AR32*(AG32*0.044) -> 0 | AX32: =AS32*AH32 -> 0 | AY32: =AT32*(AI32*0.025) -> 0 | AZ32: =AU32+AV32+AW32+AX32+AY32 -> 105709.39 | BA32: 1000 | BB32: =AZ32/#REF! -> #REF!
A33: =+A32 -> 46002 | B33: =DAY(Tabla2[[#This Row],[FECHA]]) -> 11 | C33: 2 (MAÑANA) | I33: =Tabla2[[#This Row],[VOLUMEN ENVIADO A RO (m3)]]/Tabla2[[#This Row],[Q DE OPERACIÓN (m3/h)]] -> 0 | J33: 0 | K33: 5 | L33: 5 | M33: 0 | N33: 0 | O33: 0 | P33: 43.859649 | Q33: 43.859649 | R33: 0 | S33: 0 | T33: 0 | U33: 0 | V33: 0 | W33: 0 | X33: 0 | Y33: 1.18 | Z33: 1.28 | AA33: 1.2 | AB33: 1.53 | AC33: 1.2 | AD33: 0 | AE33: 0 | AF33: 0 | AG33: 0 | AH33: 0 | AI33: 0 | AJ33: 55 | AK33: =(AD33*1000)/$AI33 -> #DIV/0! | AL33: =(AE33*1000)/$AI33 -> #DIV/0! | AM33: =(AF33*1000)/$AI33 -> #DIV/0! | AN33: =(AG33*1000)/$AI33 -> #DIV/0! | AO33: =(AH33*1000)/$AI33 -> #DIV/0! | AP33: =AP32 -> 1550 | AQ33: =AQ32 -> 19462 | AR33: =AR32 -> 36854 | AS33: =AS32 -> 1560 | AT33: =AT32 -> 3640 | AU33: =AP33*(AE33*0.8) -> 0 | AV33: =AQ33*(AF33*0.012) -> 0 | AW33: =AR33*(AG33*0.044) -> 0 | AX33: =AS33*AH33 -> 0 | AY33: =AT33*(AI33*0.025) -> 0 | AZ33: =AU33+AV33+AW33+AX33+AY33 -> 0 | BA33: 1000 | BB33: =AZ33/#REF! -> #REF!
A34: =+A33 -> 46002 | B34: =DAY(Tabla2[[#This Row],[FECHA]]) -> 11 | C34: 3(TARDE) | I34: =Tabla2[[#This Row],[VOLUMEN ENVIADO A RO (m3)]]/Tabla2[[#This Row],[Q DE OPERACIÓN (m3/h)]] -> 0 | J34: 0 | K34: 5 | L34: 5 | M34: 0 | N34: 0 | O34: 0 | P34: 43.859649 | Q34: 43.859649 | R34: 0 | S34: 0 | T34: 0 | U34: 0 | V34: 0 | W34: 0 | X34: 0 | Y34: 1.18 | Z34: 1.28 | AA34: 1.2 | AB34: 1.53 | AC34: 1.2 | AD34: 0 | AE34: 0 | AF34: 0 | AG34: 0 | AH34: 0 | AI34: 0 | AJ34: 55 | AK34: =(AD34*1000)/$AI34 -> #DIV/0! | AL34: =(AE34*1000)/$AI34 -> #DIV/0! | AM34: =(AF34*1000)/$AI34 -> #DIV/0! | AN34: =(AG34*1000)/$AI34 -> #DIV/0! | AO34: =(AH34*1000)/$AI34 -> #DIV/0! | AP34: =AP33 -> 1550 | AQ34: =AQ33 -> 19462 | AR34: =AR33 -> 36854 | AS34: =AS33 -> 1560 | AT34: =AT33 -> 3640 | AU34: =AP34*(AE34*0.8) -> 0 | AV34: =AQ34*(AF34*0.012) -> 0 | AW34: =AR34*(AG34*0.044) -> 0 | AX34: =AS34*AH34 -> 0 | AY34: =AT34*(AI34*0.025) -> 0 | AZ34: =AU34+AV34+AW34+AX34+AY34 -> 0 | BA34: 1000 | BB34: =AZ34/#REF! -> #REF!
A35: =+A34+1 -> 46003 | B35: =DAY(Tabla2[[#This Row],[FECHA]]) -> 12 | C35: 1 (NOCHE) | I35: =Tabla2[[#This Row],[VOLUMEN ENVIADO A RO (m3)]]/Tabla2[[#This Row],[Q DE OPERACIÓN (m3/h)]] -> 0 | J35: 0 | K35: 5 | L35: 5 | M35: 0 | N35: 0 | O35: 0 | P35: 43.859649 | Q35: 43.859649 | R35: 0 | S35: 0 | T35: 0 | U35: 0 | V35: 0 | W35: 0 | X35: 0 | Y35: 1.18 | Z35: 1.28 | AA35: 1.2 | AB35: 1.53 | AC35: 1.2 | AD35: 0 | AE35: 0 | AF35: 0 | AG35: 0 | AH35: 0 | AI35: 0 | AJ35: 55 | AK35: =(AD35*1000)/$AI35 -> #DIV/0! | AL35: =(AE35*1000)/$AI35 -> #DIV/0! | AM35: =(AF35*1000)/$AI35 -> #DIV/0! | AN35: =(AG35*1000)/$AI35 -> #DIV/0! | AO35: =(AH35*1000)/$AI35 -> #DIV/0! | AP35: =AP34 -> 1550 | AQ35: =AQ34 -> 19462 | AR35: =AR34 -> 36854 | AS35: =AS34 -> 1560 | AT35: =AT34 -> 3640 | AU35: =AP35*(AE35*0.8) -> 0 | AV35: =AQ35*(AF35*0.012) -> 0 | AW35: =AR35*(AG35*0.044) -> 0 | AX35: =AS35*AH35 -> 0 | AY35: =AT35*(AI35*0.025) -> 0 | AZ35: =AU35+AV35+AW35+AX35+AY35 -> 0 | BA35: 1000 | BB35: =AZ35/#REF! -> #REF!
A36: =+A35 -> 46003 | B36: =DAY(Tabla2[[#This Row],[FECHA]]) -> 12 | C36: 2 (MAÑANA) | I36: =Tabla2[[#This Row],[VOLUMEN ENVIADO A RO (m3)]]/Tabla2[[#This Row],[Q DE OPERACIÓN (m3/h)]] -> 0 | J36: 0 | K36: 5 | L36: 5 | M36: 0 | N36: 0 | O36: 0 | P36: 43.859649 | Q36: 43.859649 | R36: 0 | S36: 0 | T36: 0 | U36: 0 | V36: 0 | W36: 0 | X36: 0 | Y36: 1.18 | Z36: 1.28 | AA36: 1.2 | AB36: 1.53 | AC36: 1.2 | AD36: 0 | AE36: 0 | AF36: 0 | AG36: 0 | AH36: 0 | AI36: 0 | AJ36: 55 | AK36: =(AD36*1000)/$AI36 -> #DIV/0! | AL36: =(AE36*1000)/$AI36 -> #DIV/0! | AM36: =(AF36*1000)/$AI36 -> #DIV/0! | AN36: =(AG36*1000)/$AI36 -> #DIV/0! | AO36: =(AH36*1000)/$AI36 -> #DIV/0! | AP36: =AP35 -> 1550 | AQ36: =AQ35 -> 19462 | AR36: =AR35 -> 36854 | AS36: =AS35 -> 1560 | AT36: =AT35 -> 3640 | AU36: =AP36*(AE36*0.8) -> 0 | AV36: =AQ36*(AF36*0.012) -> 0 | AW36: =AR36*(AG36*0.044) -> 0 | AX36: =AS36*AH36 -> 0 | AY36: =AT36*(AI36*0.025) -> 0 | AZ36: =AU36+AV36+AW36+AX36+AY36 -> 0 | BA36: 1000 | BB36: =AZ36/#REF! -> #REF!
A37: =+A36 -> 46003 | B37: =DAY(Tabla2[[#This Row],[FECHA]]) -> 12 | C37: 3(TARDE) | E37: 0 | F37: 0 | I37: =Tabla2[[#This Row],[VOLUMEN ENVIADO A RO (m3)]]/Tabla2[[#This Row],[Q DE OPERACIÓN (m3/h)]] -> 0 | J37: 0 | K37: 5 | L37: 5 | M37: 0 | N37: 0 | O37: 0 | P37: 43.859649 | Q37: 43.859649 | R37: 0 | S37: 0 | T37: 0 | U37: 20 | V37: 30 | W37: 0 | X37: 0 | Y37: 1.18 | Z37: 1.28 | AA37: 1.2 | AB37: 1.53 | AC37: 1.2 | AD37: 0 | AE37: 25.6 | AF37: 36 | AG37: 0 | AH37: 0 | AI37: 0 | AJ37: 55 | AK37: =(AD37*1000)/$AI37 -> #DIV/0! | AL37: =(AE37*1000)/$AI37 -> #DIV/0! | AM37: =(AF37*1000)/$AI37 -> #DIV/0! | AN37: =(AG37*1000)/$AI37 -> #DIV/0! | AO37: =(AH37*1000)/$AI37 -> #DIV/0! | AP37: =AP36 -> 1550 | AQ37: =AQ36 -> 19462 | AR37: =AR36 -> 36854 | AS37: =AS36 -> 1560 | AT37: =AT36 -> 3640 | AU37: =AP37*(AE37*0.8) -> 31744 | AV37: =AQ37*(AF37*0.012) -> 8407.584 | AW37: =AR37*(AG37*0.044) -> 0 | AX37: =AS37*AH37 -> 0 | AY37: =AT37*(AI37*0.025) -> 0 | AZ37: =AU37+AV37+AW37+AX37+AY37 -> 40151.584 | BA37: 1000 | BB37: =AZ37/#REF! -> #REF!
A38: =+A37+1 -> 46004 | B38: =DAY(Tabla2[[#This Row],[FECHA]]) -> 13 | C38: 1 (NOCHE) | I38: =Tabla2[[#This Row],[VOLUMEN ENVIADO A RO (m3)]]/Tabla2[[#This Row],[Q DE OPERACIÓN (m3/h)]] -> 0 | J38: 0 | K38: 5 | L38: 5 | M38: 0 | N38: 0 | O38: 0 | P38: 43.859649 | Q38: 43.859649 | R38: 0 | S38: 0 | T38: 0 | U38: 0 | V38: 0 | W38: 0 | X38: 0 | Y38: 1.18 | Z38: 1.28 | AA38: 1.2 | AB38: 1.53 | AC38: 1.2 | AD38: 0 | AE38: 0 | AF38: 0 | AG38: 0 | AH38: 0 | AI38: 0 | AJ38: 55 | AK38: =(AD38*1000)/$AI38 -> #DIV/0! | AL38: =(AE38*1000)/$AI38 -> #DIV/0! | AM38: =(AF38*1000)/$AI38 -> #DIV/0! | AN38: =(AG38*1000)/$AI38 -> #DIV/0! | AO38: =(AH38*1000)/$AI38 -> #DIV/0! | AP38: =AP37 -> 1550 | AQ38: =AQ37 -> 19462 | AR38: =AR37 -> 36854 | AS38: =AS37 -> 1560 | AT38: =AT37 -> 3640 | AU38: =AP38*(AE38*0.8) -> 0 | AV38: =AQ38*(AF38*0.012) -> 0 | AW38: =AR38*(AG38*0.044) -> 0 | AX38: =AS38*AH38 -> 0 | AY38: =AT38*(AI38*0.025) -> 0 | AZ38: =AU38+AV38+AW38+AX38+AY38 -> 0 | BA38: 1000 | BB38: =AZ38/#REF! -> #REF!
A39: =+A38 -> 46004 | B39: =DAY(Tabla2[[#This Row],[FECHA]]) -> 13 | C39: 2 (MAÑANA) | I39: =Tabla2[[#This Row],[VOLUMEN ENVIADO A RO (m3)]]/Tabla2[[#This Row],[Q DE OPERACIÓN (m3/h)]] -> 0 | J39: 0 | K39: 5 | L39: 5 | M39: 0 | N39: 0 | O39: 0 | P39: 43.859649 | Q39: 43.859649 | R39: 0 | S39: 0 | T39: 0 | U39: 8.7719298 | V39: 8.7719298 | W39: 0 | X39: 0 | Y39: 1.18 | Z39: 1.28 | AA39: 1.2 | AB39: 1.53 | AC39: 1.2 | AD39: 0 | AE39: 11.22807 | AF39: 10.526316 | AG39: 0 | AH39: 0 | AI39: 0 | AJ39: 55 | AK39: =(AD39*1000)/$AI39 -> #DIV/0! | AL39: =(AE39*1000)/$AI39 -> #DIV/0! | AM39: =(AF39*1000)/$AI39 -> #DIV/0! | AN39: =(AG39*1000)/$AI39 -> #DIV/0! | AO39: =(AH39*1000)/$AI39 -> #DIV/0! | AP39: =AP38 -> 1550 | AQ39: =AQ38 -> 19462 | AR39: =AR38 -> 36854 | AS39: =AS38 -> 1560 | AT39: =AT38 -> 3640 | AU39: =AP39*(AE39*0.8) -> 13922.807 | AV39: =AQ39*(AF39*0.012) -> 2458.3579 | AW39: =AR39*(AG39*0.044) -> 0 | AX39: =AS39*AH39 -> 0 | AY39: =AT39*(AI39*0.025) -> 0 | AZ39: =AU39+AV39+AW39+AX39+AY39 -> 16381.165 | BA39: 1000 | BB39: =AZ39/#REF! -> #REF!
A40: =+A39 -> 46004 | B40: =DAY(Tabla2[[#This Row],[FECHA]]) -> 13 | C40: 3(TARDE) | I40: =Tabla2[[#This Row],[VOLUMEN ENVIADO A RO (m3)]]/Tabla2[[#This Row],[Q DE OPERACIÓN (m3/h)]] -> 2.7891273 | J40: 0 | K40: 4 | L40: 4 | M40: 0 | N40: 0 | O40: 0 | P40: 35.087719 | Q40: 35.087719 | R40: 0 | S40: 0 | T40: 0 | U40: 61.403509 | V40: 61.403509 | W40: 0 | X40: 0 | Y40: 1.18 | Z40: 1.28 | AA40: 1.2 | AB40: 1.53 | AC40: 1.2 | AD40: 0 | AE40: 78.596491 | AF40: 73.684211 | AG40: 0 | AH40: 0 | AI40: 153.402 | AJ40: 55 | AK40: =(AD40*1000)/$AI40 -> 0 | AL40: =(AE40*1000)/$AI40 -> 512.35637 | AM40: =(AF40*1000)/$AI40 -> 480.33409 | AN40: =(AG40*1000)/$AI40 -> 0 | AO40: =(AH40*1000)/$AI40 -> 0 | AP40: =AP39 -> 1550 | AQ40: =AQ39 -> 19462 | AR40: =AR39 -> 36854 | AS40: =AS39 -> 1560 | AT40: =AT39 -> 3640 | AU40: =AP40*(AE40*0.8) -> 97459.649 | AV40: =AQ40*(AF40*0.012) -> 17208.505 | AW40: =AR40*(AG40*0.044) -> 0 | AX40: =AS40*AH40 -> 0 | AY40: =AT40*(AI40*0.025) -> 13959.582 | AZ40: =AU40+AV40+AW40+AX40+AY40 -> 128627.74 | BA40: 1000 | BB40: =AZ40/#REF! -> #REF!
A41: =+A40+1 -> 46005 | B41: =DAY(Tabla2[[#This Row],[FECHA]]) -> 14 | C41: 1 (NOCHE) | I41: =Tabla2[[#This Row],[VOLUMEN ENVIADO A RO (m3)]]/Tabla2[[#This Row],[Q DE OPERACIÓN (m3/h)]] -> 5.3890545 | J41: 0 | K41: 54 | L41: 54 | M41: 0 | N41: 0 | O41: 0 | P41: 473.68421 | Q41: 473.68421 | R41: 0 | S41: 0 | T41: 0 | U41: 0 | V41: 0 | W41: 0 | X41: 0 | Y41: 1.18 | Z41: 1.28 | AA41: 1.2 | AB41: 1.53 | AC41: 1.2 | AD41: 0 | AE41: 0 | AF41: 0 | AG41: 0 | AH41: 0 | AI41: 296.398 | AJ41: 55 | AK41: =(AD41*1000)/$AI41 -> 0 | AL41: =(AE41*1000)/$AI41 -> 0 | AM41: =(AF41*1000)/$AI41 -> 0 | AN41: =(AG41*1000)/$AI41 -> 0 | AO41: =(AH41*1000)/$AI41 -> 0 | AP41: =AP40 -> 1550 | AQ41: =AQ40 -> 19462 | AR41: =AR40 -> 36854 | AS41: =AS40 -> 1560 | AT41: =AT40 -> 3640 | AU41: =AP41*(AE41*0.8) -> 0 | AV41: =AQ41*(AF41*0.012) -> 0 | AW41: =AR41*(AG41*0.044) -> 0 | AX41: =AS41*AH41 -> 0 | AY41: =AT41*(AI41*0.025) -> 26972.218 | AZ41: =AU41+AV41+AW41+AX41+AY41 -> 26972.218 | BA41: 1000 | BB41: =AZ41/#REF! -> #REF!
A42: =+A41 -> 46005 | B42: =DAY(Tabla2[[#This Row],[FECHA]]) -> 14 | C42: 2 (MAÑANA) | I42: =Tabla2[[#This Row],[VOLUMEN ENVIADO A RO (m3)]]/Tabla2[[#This Row],[Q DE OPERACIÓN (m3/h)]] -> 4.2156727 | J42: 0 | K42: 54 | L42: 54 | M42: 0 | N42: 0 | O42: 0 | P42: 473.68421 | Q42: 473.68421 | R42: 0 | S42: 0 | T42: 0 | U42: 35.087719 | V42: 140.35088 | W42: 0 | X42: 0 | Y42: 1.18 | Z42: 1.28 | AA42: 1.2 | AB42: 1.53 | AC42: 1.2 | AD42: 0 | AE42: 44.912281 | AF42: 168.42105 | AG42: 0 | AH42: 0 | AI42: 231.862 | AJ42: 55 | AK42: =(AD42*1000)/$AI42 -> 0 | AL42: =(AE42*1000)/$AI42 -> 193.70264 | AM42: =(AF42*1000)/$AI42 -> 726.38489 | AN42: =(AG42*1000)/$AI42 -> 0 | AO42: =(AH42*1000)/$AI42 -> 0 | AP42: =AP41 -> 1550 | AQ42: =AQ41 -> 19462 | AR42: =AR41 -> 36854 | AS42: =AS41 -> 1560 | AT42: =AT41 -> 3640 | AU42: =AP42*(AE42*0.8) -> 55691.228 | AV42: =AQ42*(AF42*0.012) -> 39333.726 | AW42: =AR42*(AG42*0.044) -> 0 | AX42: =AS42*AH42 -> 0 | AY42: =AT42*(AI42*0.025) -> 21099.442 | AZ42: =AU42+AV42+AW42+AX42+AY42 -> 116124.4 | BA42: 1000 | BB42: =AZ42/#REF! -> #REF!
A43: =+A42 -> 46005 | B43: =DAY(Tabla2[[#This Row],[FECHA]]) -> 14 | C43: 3(TARDE) | I43: =Tabla2[[#This Row],[VOLUMEN ENVIADO A RO (m3)]]/Tabla2[[#This Row],[Q DE OPERACIÓN (m3/h)]] -> 7.3676 | J43: 0 | K43: 50 | L43: 38 | M43: 0 | N43: 0 | O43: 0 | P43: 438.59649 | Q43: 333.33333 | R43: 0 | S43: 0 | T43: 0 | U43: 71.403509 | V43: 61.403509 | W43: 0 | X43: 0 | Y43: 1.18 | Z43: 1.28 | AA43: 1.2 | AB43: 1.53 | AC43: 1.2 | AD43: 0 | AE43: 91.396491 | AF43: 73.684211 | AG43: 0 | AH43: 0 | AI43: 405.218 | AJ43: 55 | AK43: =(AD43*1000)/$AI43 -> 0 | AL43: =(AE43*1000)/$AI43 -> 225.54894 | AM43: =(AF43*1000)/$AI43 -> 181.83844 | AN43: =(AG43*1000)/$AI43 -> 0 | AO43: =(AH43*1000)/$AI43 -> 0 | AP43: =AP42 -> 1550 | AQ43: =AQ42 -> 19462 | AR43: =AR42 -> 36854 | AS43: =AS42 -> 1560 | AT43: =AT42 -> 3640 | AU43: =AP43*(AE43*0.8) -> 113331.65 | AV43: =AQ43*(AF43*0.012) -> 17208.505 | AW43: =AR43*(AG43*0.044) -> 0 | AX43: =AS43*AH43 -> 0 | AY43: =AT43*(AI43*0.025) -> 36874.838 | AZ43: =AU43+AV43+AW43+AX43+AY43 -> 167414.99 | BA43: 1000 | BB43: =AZ43/#REF! -> #REF!
A44: =+A43+1 -> 46006 | B44: =DAY(Tabla2[[#This Row],[FECHA]]) -> 15 | C44: 1 (NOCHE) | I44: =Tabla2[[#This Row],[VOLUMEN ENVIADO A RO (m3)]]/Tabla2[[#This Row],[Q DE OPERACIÓN (m3/h)]] -> 8.3272727 | J44: 0 | K44: 43 | L44: 31 | M44: 0 | N44: 0 | O44: 0 | P44: 377.19298 | Q44: 271.92982 | R44: 0 | S44: 0 | T44: 0 | U44: 26.315789 | V44: 17.54386 | W44: 0 | X44: 0 | Y44: 1.18 | Z44: 1.28 | AA44: 1.2 | AB44: 1.53 | AC44: 1.2 | AD44: 0 | AE44: 33.684211 | AF44: 21.052632 | AG44: 0 | AH44: 0 | AI44: 458 | AJ44: 55 | AK44: =(AD44*1000)/$AI44 -> 0 | AL44: =(AE44*1000)/$AI44 -> 73.546311 | AM44: =(AF44*1000)/$AI44 -> 45.966444 | AN44: =(AG44*1000)/$AI44 -> 0 | AO44: =(AH44*1000)/$AI44 -> 0 | AP44: =AP43 -> 1550 | AQ44: =AQ43 -> 19462 | AR44: =AR43 -> 36854 | AS44: =AS43 -> 1560 | AT44: =AT43 -> 3640 | AU44: =AP44*(AE44*0.8) -> 41768.421 | AV44: =AQ44*(AF44*0.012) -> 4916.7158 | AW44: =AR44*(AG44*0.044) -> 0 | AX44: =AS44*AH44 -> 0 | AY44: =AT44*(AI44*0.025) -> 41678 | AZ44: =AU44+AV44+AW44+AX44+AY44 -> 88363.137 | BA44: 1000 | BB44: =AZ44/#REF! -> #REF!
A45: =+A44 -> 46006 | B45: =DAY(Tabla2[[#This Row],[FECHA]]) -> 15 | C45: 2 (MAÑANA) | I45: =Tabla2[[#This Row],[VOLUMEN ENVIADO A RO (m3)]]/Tabla2[[#This Row],[Q DE OPERACIÓN (m3/h)]] -> 7.9636364 | J45: 0 | K45: 40 | L45: 29 | M45: 0 | N45: 0 | O45: 0 | P45: 350.87719 | Q45: 254.38596 | R45: 0 | S45: 0 | T45: 0 | U45: 35.087719 | V45: 78.947368 | W45: 0 | X45: 0 | Y45: 1.18 | Z45: 1.28 | AA45: 1.2 | AB45: 1.53 | AC45: 1.2 | AD45: 0 | AE45: 44.912281 | AF45: 94.736842 | AG45: 0 | AH45: 0 | AI45: 438 | AJ45: 55 | AK45: =(AD45*1000)/$AI45 -> 0 | AL45: =(AE45*1000)/$AI45 -> 102.53945 | AM45: =(AF45*1000)/$AI45 -> 216.29416 | AN45: =(AG45*1000)/$AI45 -> 0 | AO45: =(AH45*1000)/$AI45 -> 0 | AP45: =AP44 -> 1550 | AQ45: =AQ44 -> 19462 | AR45: =AR44 -> 36854 | AS45: =AS44 -> 1560 | AT45: =AT44 -> 3640 | AU45: =AP45*(AE45*0.8) -> 55691.228 | AV45: =AQ45*(AF45*0.012) -> 22125.221 | AW45: =AR45*(AG45*0.044) -> 0 | AX45: =AS45*AH45 -> 0 | AY45: =AT45*(AI45*0.025) -> 39858 | AZ45: =AU45+AV45+AW45+AX45+AY45 -> 117674.45 | BA45: 1000 | BB45: =AZ45/#REF! -> #REF!
A46: =+A45 -> 46006 | B46: =DAY(Tabla2[[#This Row],[FECHA]]) -> 15 | C46: 3(TARDE) | I46: =Tabla2[[#This Row],[VOLUMEN ENVIADO A RO (m3)]]/Tabla2[[#This Row],[Q DE OPERACIÓN (m3/h)]] -> 8.1538727 | J46: 0 | K46: 36 | L46: 20 | M46: 0 | N46: 0 | O46: 0 | P46: 315.78947 | Q46: 175.4386 | R46: 0 | S46: 0 | T46: 0 | U46: 35.087719 | V46: 43.859649 | W46: 0 | X46: 0 | Y46: 1.18 | Z46: 1.28 | AA46: 1.2 | AB46: 1.53 | AC46: 1.2 | AD46: 0 | AE46: 44.912281 | AF46: 52.631579 | AG46: 0 | AH46: 0 | AI46: 448.463 | AJ46: 55 | AK46: =(AD46*1000)/$AI46 -> 0 | AL46: =(AE46*1000)/$AI46 -> 100.14713 | AM46: =(AF46*1000)/$AI46 -> 117.35991 | AN46: =(AG46*1000)/$AI46 -> 0 | AO46: =(AH46*1000)/$AI46 -> 0 | AP46: =AP45 -> 1550 | AQ46: =AQ45 -> 19462 | AR46: =AR45 -> 36854 | AS46: =AS45 -> 1560 | AT46: =AT45 -> 3640 | AU46: =AP46*(AE46*0.8) -> 55691.228 | AV46: =AQ46*(AF46*0.012) -> 12291.789 | AW46: =AR46*(AG46*0.044) -> 0 | AX46: =AS46*AH46 -> 0 | AY46: =AT46*(AI46*0.025) -> 40810.133 | AZ46: =AU46+AV46+AW46+AX46+AY46 -> 108793.15 | BA46: 1000 | BB46: =AZ46/#REF! -> #REF!
A47: =+A46+1 -> 46007 | B47: =DAY(Tabla2[[#This Row],[FECHA]]) -> 16 | C47: 1 (NOCHE) | I47: =Tabla2[[#This Row],[VOLUMEN ENVIADO A RO (m3)]]/Tabla2[[#This Row],[Q DE OPERACIÓN (m3/h)]] -> 6.6536182 | J47: 0 | K47: 32 | L47: 15 | M47: 0 | N47: 0 | O47: 0 | P47: 280.70175 | Q47: 131.57895 | R47: 0 | S47: 0 | T47: 0 | U47: 17.54386 | V47: 35.087719 | W47: 0 | X47: 0 | Y47: 1.18 | Z47: 1.28 | AA47: 1.2 | AB47: 1.53 | AC47: 1.2 | AD47: 0 | AE47: 22.45614 | AF47: 42.105263 | AG47: 0 | AH47: 0 | AI47: 365.949 | AJ47: 55 | AK47: =(AD47*1000)/$AI47 -> 0 | AL47: =(AE47*1000)/$AI47 -> 61.364125 | AM47: =(AF47*1000)/$AI47 -> 115.05774 | AN47: =(AG47*1000)/$AI47 -> 0 | AO47: =(AH47*1000)/$AI47 -> 0 | AP47: =AP46 -> 1550 | AQ47: =AQ46 -> 19462 | AR47: =AR46 -> 36854 | AS47: =AS46 -> 1560 | AT47: =AT46 -> 3640 | AU47: =AP47*(AE47*0.8) -> 27845.614 | AV47: =AQ47*(AF47*0.012) -> 9833.4316 | AW47: =AR47*(AG47*0.044) -> 0 | AX47: =AS47*AH47 -> 0 | AY47: =AT47*(AI47*0.025) -> 33301.359 | AZ47: =AU47+AV47+AW47+AX47+AY47 -> 70980.405 | BA47: 1000 | BB47: =AZ47/#REF! -> #REF!
A48: =+A47 -> 46007 | B48: =DAY(Tabla2[[#This Row],[FECHA]]) -> 16 | C48: 2 (MAÑANA) | I48: =Tabla2[[#This Row],[VOLUMEN ENVIADO A RO (m3)]]/Tabla2[[#This Row],[Q DE OPERACIÓN (m3/h)]] -> 4.7499636 | J48: 0 | K48: 30 | L48: 11 | M48: 0 | N48: 0 | O48: 0 | P48: 263.15789 | Q48: 96.491228 | R48: 0 | S48: 0 | T48: 0 | U48: 26.315789 | V48: 17.54386 | W48: 0 | X48: 0 | Y48: 1.18 | Z48: 1.28 | AA48: 1.2 | AB48: 1.53 | AC48: 1.2 | AD48: 0 | AE48: 33.684211 | AF48: 21.052632 | AG48: 0 | AH48: 0 | AI48: 261.248 | AJ48: 55 | AK48: =(AD48*1000)/$AI48 -> 0 | AL48: =(AE48*1000)/$AI48 -> 128.93576 | AM48: =(AF48*1000)/$AI48 -> 80.584853 | AN48: =(AG48*1000)/$AI48 -> 0 | AO48: =(AH48*1000)/$AI48 -> 0 | AP48: =AP47 -> 1550 | AQ48: =AQ47 -> 19462 | AR48: =AR47 -> 36854 | AS48: =AS47 -> 1560 | AT48: =AT47 -> 3640 | AU48: =AP48*(AE48*0.8) -> 41768.421 | AV48: =AQ48*(AF48*0.012) -> 4916.7158 | AW48: =AR48*(AG48*0.044) -> 0 | AX48: =AS48*AH48 -> 0 | AY48: =AT48*(AI48*0.025) -> 23773.568 | AZ48: =AU48+AV48+AW48+AX48+AY48 -> 70458.705 | BA48: 1000 | BB48: =AZ48/#REF! -> #REF!
A49: =+A48 -> 46007 | B49: =DAY(Tabla2[[#This Row],[FECHA]]) -> 16 | C49: 3(TARDE) | I49: =Tabla2[[#This Row],[VOLUMEN ENVIADO A RO (m3)]]/Tabla2[[#This Row],[Q DE OPERACIÓN (m3/h)]] -> 3.8919273 | J49: 0 | K49: 27 | L49: 9 | M49: 0 | N49: 0 | O49: 0 | P49: 236.84211 | Q49: 78.947368 | R49: 0 | S49: 0 | T49: 0 | U49: 8.7719298 | V49: 17.54386 | W49: 0 | X49: 0 | Y49: 1.18 | Z49: 1.28 | AA49: 1.2 | AB49: 1.53 | AC49: 1.2 | AD49: 0 | AE49: 11.22807 | AF49: 21.052632 | AG49: 0 | AH49: 0 | AI49: 214.056 | AJ49: 55 | AK49: =(AD49*1000)/$AI49 -> 0 | AL49: =(AE49*1000)/$AI49 -> 52.453891 | AM49: =(AF49*1000)/$AI49 -> 98.351046 | AN49: =(AG49*1000)/$AI49 -> 0 | AO49: =(AH49*1000)/$AI49 -> 0 | AP49: =AP48 -> 1550 | AQ49: =AQ48 -> 19462 | AR49: =AR48 -> 36854 | AS49: =AS48 -> 1560 | AT49: =AT48 -> 3640 | AU49: =AP49*(AE49*0.8) -> 13922.807 | AV49: =AQ49*(AF49*0.012) -> 4916.7158 | AW49: =AR49*(AG49*0.044) -> 0 | AX49: =AS49*AH49 -> 0 | AY49: =AT49*(AI49*0.025) -> 19479.096 | AZ49: =AU49+AV49+AW49+AX49+AY49 -> 38318.619 | BA49: 1000 | BB49: =AZ49/#REF! -> #REF!
A50: =+A49+1 -> 46008 | B50: =DAY(Tabla2[[#This Row],[FECHA]]) -> 17 | C50: 1 (NOCHE) | I50: =Tabla2[[#This Row],[VOLUMEN ENVIADO A RO (m3)]]/Tabla2[[#This Row],[Q DE OPERACIÓN (m3/h)]] -> 6.3793818 | J50: 0 | K50: 26 | L50: 7 | M50: 0 | N50: 0 | O50: 0 | P50: 228.07018 | Q50: 61.403509 | R50: 0 | S50: 0 | T50: 0 | U50: 17.54386 | V50: 0 | W50: 0 | X50: 0 | Y50: 1.18 | Z50: 1.28 | AA50: 1.2 | AB50: 1.53 | AC50: 1.2 | AD50: 0 | AE50: 22.45614 | AF50: 0 | AG50: 0 | AH50: 0 | AI50: 350.866 | AJ50: 55 | AK50: =(AD50*1000)/$AI50 -> 0 | AL50: =(AE50*1000)/$AI50 -> 64.002042 | AM50: =(AF50*1000)/$AI50 -> 0 | AN50: =(AG50*1000)/$AI50 -> 0 | AO50: =(AH50*1000)/$AI50 -> 0 | AP50: =AP49 -> 1550 | AQ50: =AQ49 -> 19462 | AR50: =AR49 -> 36854 | AS50: =AS49 -> 1560 | AT50: =AT49 -> 3640 | AU50: =AP50*(AE50*0.8) -> 27845.614 | AV50: =AQ50*(AF50*0.012) -> 0 | AW50: =AR50*(AG50*0.044) -> 0 | AX50: =AS50*AH50 -> 0 | AY50: =AT50*(AI50*0.025) -> 31928.806 | AZ50: =AU50+AV50+AW50+AX50+AY50 -> 59774.42 | BA50: 1000 | BB50: =AZ50/#REF! -> #REF!
A51: =+A50 -> 46008 | B51: =DAY(Tabla2[[#This Row],[FECHA]]) -> 17 | C51: 2 (MAÑANA) | I51: =Tabla2[[#This Row],[VOLUMEN ENVIADO A RO (m3)]]/Tabla2[[#This Row],[Q DE OPERACIÓN (m3/h)]] -> 2.0434545 | J51: 0 | K51: 24 | L51: 7 | M51: 0 | N51: 0 | O51: 0 | P51: 210.52632 | Q51: 61.403509 | R51: 0 | S51: 0 | T51: 0 | U51: 17.54386 | V51: 17.54386 | W51: 0 | X51: 0 | Y51: 1.18 | Z51: 1.28 | AA51: 1.2 | AB51: 1.53 | AC51: 1.2 | AD51: 0 | AE51: 22.45614 | AF51: 21.052632 | AG51: 0 | AH51: 0 | AI51: 112.39 | AJ51: 55 | AK51: =(AD51*1000)/$AI51 -> 0 | AL51: =(AE51*1000)/$AI51 -> 199.8055 | AM51: =(AF51*1000)/$AI51 -> 187.31766 | AN51: =(AG51*1000)/$AI51 -> 0 | AO51: =(AH51*1000)/$AI51 -> 0 | AP51: =AP50 -> 1550 | AQ51: =AQ50 -> 19462 | AR51: =AR50 -> 36854 | AS51: =AS50 -> 1560 | AT51: =AT50 -> 3640 | AU51: =AP51*(AE51*0.8) -> 27845.614 | AV51: =AQ51*(AF51*0.012) -> 4916.7158 | AW51: =AR51*(AG51*0.044) -> 0 | AX51: =AS51*AH51 -> 0 | AY51: =AT51*(AI51*0.025) -> 10227.49 | AZ51: =AU51+AV51+AW51+AX51+AY51 -> 42989.82 | BA51: 1000 | BB51: =AZ51/#REF! -> #REF!
A52: =+A51 -> 46008 | B52: =DAY(Tabla2[[#This Row],[FECHA]]) -> 17 | C52: 3(TARDE) | I52: =Tabla2[[#This Row],[VOLUMEN ENVIADO A RO (m3)]]/Tabla2[[#This Row],[Q DE OPERACIÓN (m3/h)]] -> 0 | J52: 0 | K52: 22 | L52: 5 | M52: 0 | N52: 0 | O52: 0 | P52: 192.98246 | Q52: 43.859649 | R52: 0 | S52: 0 | T52: 0 | U52: 0 | V52: 0 | W52: 0 | X52: 0 | Y52: 1.18 | Z52: 1.28 | AA52: 1.2 | AB52: 1.53 | AC52: 1.2 | AD52: 0 | AE52: 0 | AF52: 0 | AG52: 0 | AH52: 0 | AI52: 0 | AJ52: 55 | AK52: =(AD52*1000)/$AI52 -> #DIV/0! | AL52: =(AE52*1000)/$AI52 -> #DIV/0! | AM52: =(AF52*1000)/$AI52 -> #DIV/0! | AN52: =(AG52*1000)/$AI52 -> #DIV/0! | AO52: =(AH52*1000)/$AI52 -> #DIV/0! | AP52: =AP51 -> 1550 | AQ52: =AQ51 -> 19462 | AR52: =AR51 -> 36854 | AS52: =AS51 -> 1560 | AT52: =AT51 -> 3640 | AU52: =AP52*(AE52*0.8) -> 0 | AV52: =AQ52*(AF52*0.012) -> 0 | AW52: =AR52*(AG52*0.044) -> 0 | AX52: =AS52*AH52 -> 0 | AY52: =AT52*(AI52*0.025) -> 0 | AZ52: =AU52+AV52+AW52+AX52+AY52 -> 0 | BA52: 1000 | BB52: =AZ52/#REF! -> #REF!
A53: =+A52+1 -> 46009 | B53: =DAY(Tabla2[[#This Row],[FECHA]]) -> 18 | C53: 1 (NOCHE) | I53: =Tabla2[[#This Row],[VOLUMEN ENVIADO A RO (m3)]]/Tabla2[[#This Row],[Q DE OPERACIÓN (m3/h)]] -> 0 | J53: 0 | K53: 22 | L53: 5 | M53: 0 | N53: 0 | O53: 0 | P53: 192.98246 | Q53: 43.859649 | R53: 0 | S53: 0 | T53: 0 | U53: 0 | V53: 0 | W53: 0 | X53: 0 | Y53: 1.18 | Z53: 1.28 | AA53: 1.2 | AB53: 1.53 | AC53: 1.2 | AD53: 0 | AE53: 0 | AF53: 0 | AG53: 0 | AH53: 0 | AI53: 0 | AJ53: 55 | AK53: =(AD53*1000)/$AI53 -> #DIV/0! | AL53: =(AE53*1000)/$AI53 -> #DIV/0! | AM53: =(AF53*1000)/$AI53 -> #DIV/0! | AN53: =(AG53*1000)/$AI53 -> #DIV/0! | AO53: =(AH53*1000)/$AI53 -> #DIV/0! | AP53: =AP52 -> 1550 | AQ53: =AQ52 -> 19462 | AR53: =AR52 -> 36854 | AS53: =AS52 -> 1560 | AT53: =AT52 -> 3640 | AU53: =AP53*(AE53*0.8) -> 0 | AV53: =AQ53*(AF53*0.012) -> 0 | AW53: =AR53*(AG53*0.044) -> 0 | AX53: =AS53*AH53 -> 0 | AY53: =AT53*(AI53*0.025) -> 0 | AZ53: =AU53+AV53+AW53+AX53+AY53 -> 0 | BA53: 1000 | BB53: =AZ53/#REF! -> #REF!
A54: =+A53 -> 46009 | B54: =DAY(Tabla2[[#This Row],[FECHA]]) -> 18 | C54: 2 (MAÑANA) | I54: =Tabla2[[#This Row],[VOLUMEN ENVIADO A RO (m3)]]/Tabla2[[#This Row],[Q DE OPERACIÓN (m3/h)]] -> 0 | J54: 0 | K54: 22 | L54: 5 | M54: 0 | N54: 0 | O54: 0 | P54: 192.98246 | Q54: 43.859649 | R54: 0 | S54: 0 | T54: 0 | U54: 0 | V54: 0 | W54: 0 | X54: 0 | Y54: 1.18 | Z54: 1.28 | AA54: 1.2 | AB54: 1.53 | AC54: 1.2 | AD54: 0 | AE54: 0 | AF54: 0 | AG54: 0 | AH54: 0 | AI54: 0 | AJ54: 55 | AK54: =(AD54*1000)/$AI54 -> #DIV/0! | AL54: =(AE54*1000)/$AI54 -> #DIV/0! | AM54: =(AF54*1000)/$AI54 -> #DIV/0! | AN54: =(AG54*1000)/$AI54 -> #DIV/0! | AO54: =(AH54*1000)/$AI54 -> #DIV/0! | AP54: =AP53 -> 1550 | AQ54: =AQ53 -> 19462 | AR54: =AR53 -> 36854 | AS54: =AS53 -> 1560 | AT54: =AT53 -> 3640 | AU54: =AP54*(AE54*0.8) -> 0 | AV54: =AQ54*(AF54*0.012) -> 0 | AW54: =AR54*(AG54*0.044) -> 0 | AX54: =AS54*AH54 -> 0 | AY54: =AT54*(AI54*0.025) -> 0 | AZ54: =AU54+AV54+AW54+AX54+AY54 -> 0 | BA54: 1000 | BB54: =AZ54/#REF! -> #REF!
A55: =+A54 -> 46009 | B55: =DAY(Tabla2[[#This Row],[FECHA]]) -> 18 | C55: 3(TARDE) | I55: =Tabla2[[#This Row],[VOLUMEN ENVIADO A RO (m3)]]/Tabla2[[#This Row],[Q DE OPERACIÓN (m3/h)]] -> 0 | J55: 0 | K55: 22 | L55: 5 | M55: 0 | N55: 0 | O55: 0 | P55: 192.98246 | Q55: 43.859649 | R55: 0 | S55: 0 | T55: 0 | U55: 0 | V55: 17.54386 | W55: 0 | X55: 0 | Y55: 1.18 | Z55: 1.28 | AA55: 1.2 | AB55: 1.53 | AC55: 1.2 | AD55: 0 | AE55: 0 | AF55: 21.052632 | AG55: 0 | AH55: 0 | AI55: 0 | AJ55: 55 | AK55: =(AD55*1000)/$AI55 -> #DIV/0! | AL55: =(AE55*1000)/$AI55 -> #DIV/0! | AM55: =(AF55*1000)/$AI55 -> #DIV/0! | AN55: =(AG55*1000)/$AI55 -> #DIV/0! | AO55: =(AH55*1000)/$AI55 -> #DIV/0! | AP55: =AP54 -> 1550 | AQ55: =AQ54 -> 19462 | AR55: =AR54 -> 36854 | AS55: =AS54 -> 1560 | AT55: =AT54 -> 3640 | AU55: =AP55*(AE55*0.8) -> 0 | AV55: =AQ55*(AF55*0.012) -> 4916.7158 | AW55: =AR55*(AG55*0.044) -> 0 | AX55: =AS55*AH55 -> 0 | AY55: =AT55*(AI55*0.025) -> 0 | AZ55: =AU55+AV55+AW55+AX55+AY55 -> 4916.7158 | BA55: 1000 | BB55: =AZ55/#REF! -> #REF!
A56: =+A55+1 -> 46010 | B56: =DAY(Tabla2[[#This Row],[FECHA]]) -> 19 | C56: 1 (NOCHE) | I56: =Tabla2[[#This Row],[VOLUMEN ENVIADO A RO (m3)]]/Tabla2[[#This Row],[Q DE OPERACIÓN (m3/h)]] -> 0 | J56: 0 | K56: 22 | L56: 3 | M56: 0 | N56: 0 | O56: 0 | P56: 192.98246 | Q56: 26.315789 | R56: 0 | S56: 0 | T56: 0 | U56: 0 | V56: 0 | W56: 0 | X56: 0 | Y56: 1.18 | Z56: 1.28 | AA56: 1.2 | AB56: 1.53 | AC56: 1.2 | AD56: 0 | AE56: 0 | AF56: 0 | AG56: 0 | AH56: 0 | AI56: 0 | AJ56: 55 | AK56: =(AD56*1000)/$AI56 -> #DIV/0! | AL56: =(AE56*1000)/$AI56 -> #DIV/0! | AM56: =(AF56*1000)/$AI56 -> #DIV/0! | AN56: =(AG56*1000)/$AI56 -> #DIV/0! | AO56: =(AH56*1000)/$AI56 -> #DIV/0! | AP56: =AP55 -> 1550 | AQ56: =AQ55 -> 19462 | AR56: =AR55 -> 36854 | AS56: =AS55 -> 1560 | AT56: =AT55 -> 3640 | AU56: =AP56*(AE56*0.8) -> 0 | AV56: =AQ56*(AF56*0.012) -> 0 | AW56: =AR56*(AG56*0.044) -> 0 | AX56: =AS56*AH56 -> 0 | AY56: =AT56*(AI56*0.025) -> 0 | AZ56: =AU56+AV56+AW56+AX56+AY56 -> 0 | BA56: 1000 | BB56: =AZ56/#REF! -> #REF!
A57: =+A56 -> 46010 | B57: =DAY(Tabla2[[#This Row],[FECHA]]) -> 19 | C57: 2 (MAÑANA) | I57: =Tabla2[[#This Row],[VOLUMEN ENVIADO A RO (m3)]]/Tabla2[[#This Row],[Q DE OPERACIÓN (m3/h)]] -> 4.6788182 | J57: 0 | K57: 22 | L57: 3 | M57: 0 | N57: 0 | O57: 0 | P57: 192.98246 | Q57: 26.315789 | R57: 0 | S57: 0 | T57: 0 | U57: 0 | V57: 0 | W57: 0 | X57: 0 | Y57: 1.18 | Z57: 1.28 | AA57: 1.2 | AB57: 1.53 | AC57: 1.2 | AD57: 0 | AE57: 0 | AF57: 0 | AG57: 0 | AH57: 0 | AI57: 257.335 | AJ57: 55 | AK57: =(AD57*1000)/$AI57 -> 0 | AL57: =(AE57*1000)/$AI57 -> 0 | AM57: =(AF57*1000)/$AI57 -> 0 | AN57: =(AG57*1000)/$AI57 -> 0 | AO57: =(AH57*1000)/$AI57 -> 0 | AP57: =AP56 -> 1550 | AQ57: =AQ56 -> 19462 | AR57: =AR56 -> 36854 | AS57: =AS56 -> 1560 | AT57: =AT56 -> 3640 | AU57: =AP57*(AE57*0.8) -> 0 | AV57: =AQ57*(AF57*0.012) -> 0 | AW57: =AR57*(AG57*0.044) -> 0 | AX57: =AS57*AH57 -> 0 | AY57: =AT57*(AI57*0.025) -> 23417.485 | AZ57: =AU57+AV57+AW57+AX57+AY57 -> 23417.485 | BA57: 1000 | BB57: =AZ57/#REF! -> #REF!
A58: =+A57 -> 46010 | B58: =DAY(Tabla2[[#This Row],[FECHA]]) -> 19 | C58: 3(TARDE) | I58: =Tabla2[[#This Row],[VOLUMEN ENVIADO A RO (m3)]]/Tabla2[[#This Row],[Q DE OPERACIÓN (m3/h)]] -> 0 | J58: 0 | K58: 22 | L58: 3 | M58: 0 | N58: 0 | O58: 0 | P58: 192.98246 | Q58: 26.315789 | R58: 0 | S58: 0 | T58: 0 | U58: 0 | V58: 0 | W58: 0 | X58: 0 | Y58: 1.18 | Z58: 1.28 | AA58: 1.2 | AB58: 1.53 | AC58: 1.2 | AD58: 0 | AE58: 0 | AF58: 0 | AG58: 0 | AH58: 0 | AI58: 0 | AJ58: 55 | AK58: =(AD58*1000)/$AI58 -> #DIV/0! | AL58: =(AE58*1000)/$AI58 -> #DIV/0! | AM58: =(AF58*1000)/$AI58 -> #DIV/0! | AN58: =(AG58*1000)/$AI58 -> #DIV/0! | AO58: =(AH58*1000)/$AI58 -> #DIV/0! | AP58: =AP57 -> 1550 | AQ58: =AQ57 -> 19462 | AR58: =AR57 -> 36854 | AS58: =AS57 -> 1560 | AT58: =AT57 -> 3640 | AU58: =AP58*(AE58*0.8) -> 0 | AV58: =AQ58*(AF58*0.012) -> 0 | AW58: =AR58*(AG58*0.044) -> 0 | AX58: =AS58*AH58 -> 0 | AY58: =AT58*(AI58*0.025) -> 0 | AZ58: =AU58+AV58+AW58+AX58+AY58 -> 0 | BA58: 1000 | BB58: =AZ58/#REF! -> #REF!
A59: =+A58+1 -> 46011 | B59: =DAY(Tabla2[[#This Row],[FECHA]]) -> 20 | C59: 1 (NOCHE) | I59: =Tabla2[[#This Row],[VOLUMEN ENVIADO A RO (m3)]]/Tabla2[[#This Row],[Q DE OPERACIÓN (m3/h)]] -> 2.7604727 | J59: 0 | K59: 22 | L59: 3 | M59: 0 | N59: 0 | O59: 0 | P59: 192.98246 | Q59: 26.315789 | R59: 0 | S59: 0 | T59: 0 | U59: 0 | V59: 0 | W59: 0 | X59: 0 | Y59: 1.18 | Z59: 1.28 | AA59: 1.2 | AB59: 1.53 | AC59: 1.2 | AD59: 0 | AE59: 0 | AF59: 0 | AG59: 0 | AH59: 0 | AI59: 151.826 | AJ59: 55 | AK59: =(AD59*1000)/$AI59 -> 0 | AL59: =(AE59*1000)/$AI59 -> 0 | AM59: =(AF59*1000)/$AI59 -> 0 | AN59: =(AG59*1000)/$AI59 -> 0 | AO59: =(AH59*1000)/$AI59 -> 0 | AP59: =AP58 -> 1550 | AQ59: =AQ58 -> 19462 | AR59: =AR58 -> 36854 | AS59: =AS58 -> 1560 | AT59: =AT58 -> 3640 | AU59: =AP59*(AE59*0.8) -> 0 | AV59: =AQ59*(AF59*0.012) -> 0 | AW59: =AR59*(AG59*0.044) -> 0 | AX59: =AS59*AH59 -> 0 | AY59: =AT59*(AI59*0.025) -> 13816.166 | AZ59: =AU59+AV59+AW59+AX59+AY59 -> 13816.166 | BA59: 1000 | BB59: =AZ59/#REF! -> #REF!
A60: =+A59 -> 46011 | B60: =DAY(Tabla2[[#This Row],[FECHA]]) -> 20 | C60: 2 (MAÑANA) | I60: =Tabla2[[#This Row],[VOLUMEN ENVIADO A RO (m3)]]/Tabla2[[#This Row],[Q DE OPERACIÓN (m3/h)]] -> 2.7604727 | J60: 0 | K60: 22 | L60: 3 | M60: 0 | N60: 0 | O60: 0 | P60: 192.98246 | Q60: 26.315789 | R60: 0 | S60: 0 | T60: 0 | U60: 0 | V60: 0 | W60: 0 | X60: 0 | Y60: 1.18 | Z60: 1.28 | AA60: 1.2 | AB60: 1.53 | AC60: 1.2 | AD60: 0 | AE60: 0 | AF60: 0 | AG60: 0 | AH60: 0 | AI60: 151.826 | AJ60: 55 | AK60: =(AD60*1000)/$AI60 -> 0 | AL60: =(AE60*1000)/$AI60 -> 0 | AM60: =(AF60*1000)/$AI60 -> 0 | AN60: =(AG60*1000)/$AI60 -> 0 | AO60: =(AH60*1000)/$AI60 -> 0 | AP60: =AP59 -> 1550 | AQ60: =AQ59 -> 19462 | AR60: =AR59 -> 36854 | AS60: =AS59 -> 1560 | AT60: =AT59 -> 3640 | AU60: =AP60*(AE60*0.8) -> 0 | AV60: =AQ60*(AF60*0.012) -> 0 | AW60: =AR60*(AG60*0.044) -> 0 | AX60: =AS60*AH60 -> 0 | AY60: =AT60*(AI60*0.025) -> 13816.166 | AZ60: =AU60+AV60+AW60+AX60+AY60 -> 13816.166 | BA60: 1000 | BB60: =AZ60/#REF! -> #REF!
A61: =+A60 -> 46011 | B61: =DAY(Tabla2[[#This Row],[FECHA]]) -> 20 | C61: 3(TARDE) | I61: =Tabla2[[#This Row],[VOLUMEN ENVIADO A RO (m3)]]/Tabla2[[#This Row],[Q DE OPERACIÓN (m3/h)]] -> 5.3290545 | J61: 0 | K61: 22 | L61: 3 | M61: 0 | N61: 0 | O61: 0 | P61: 192.98246 | Q61: 26.315789 | R61: 0 | S61: 0 | T61: 0 | U61: 0 | V61: 0 | W61: 0 | X61: 0 | Y61: 1.18 | Z61: 1.28 | AA61: 1.2 | AB61: 1.53 | AC61: 1.2 | AD61: 0 | AE61: 0 | AF61: 0 | AG61: 0 | AH61: 0 | AI61: 293.098 | AJ61: 55 | AK61: =(AD61*1000)/$AI61 -> 0 | AL61: =(AE61*1000)/$AI61 -> 0 | AM61: =(AF61*1000)/$AI61 -> 0 | AN61: =(AG61*1000)/$AI61 -> 0 | AO61: =(AH61*1000)/$AI61 -> 0 | AP61: =AP60 -> 1550 | AQ61: =AQ60 -> 19462 | AR61: =AR60 -> 36854 | AS61: =AS60 -> 1560 | AT61: =AT60 -> 3640 | AU61: =AP61*(AE61*0.8) -> 0 | AV61: =AQ61*(AF61*0.012) -> 0 | AW61: =AR61*(AG61*0.044) -> 0 | AX61: =AS61*AH61 -> 0 | AY61: =AT61*(AI61*0.025) -> 26671.918 | AZ61: =AU61+AV61+AW61+AX61+AY61 -> 26671.918 | BA61: 1000 | BB61: =AZ61/#REF! -> #REF!
A62: =+A61+1 -> 46012 | B62: =DAY(Tabla2[[#This Row],[FECHA]]) -> 21 | C62: 1 (NOCHE) | I62: =Tabla2[[#This Row],[VOLUMEN ENVIADO A RO (m3)]]/Tabla2[[#This Row],[Q DE OPERACIÓN (m3/h)]] -> 8.3940182 | J62: 0 | K62: 22 | L62: 3 | M62: 0 | N62: 0 | O62: 0 | P62: 192.98246 | Q62: 26.315789 | R62: 0 | S62: 0 | T62: 0 | U62: 26.315789 | V62: 0 | W62: 0 | X62: 0 | Y62: 1.18 | Z62: 1.28 | AA62: 1.2 | AB62: 1.53 | AC62: 1.2 | AD62: 0 | AE62: 33.684211 | AF62: 0 | AG62: 0 | AH62: 0 | AI62: 461.671 | AJ62: 55 | AK62: =(AD62*1000)/$AI62 -> 0 | AL62: =(AE62*1000)/$AI62 -> 72.961504 | AM62: =(AF62*1000)/$AI62 -> 0 | AN62: =(AG62*1000)/$AI62 -> 0 | AO62: =(AH62*1000)/$AI62 -> 0 | AP62: =AP61 -> 1550 | AQ62: =AQ61 -> 19462 | AR62: =AR61 -> 36854 | AS62: =AS61 -> 1560 | AT62: =AT61 -> 3640 | AU62: =AP62*(AE62*0.8) -> 41768.421 | AV62: =AQ62*(AF62*0.012) -> 0 | AW62: =AR62*(AG62*0.044) -> 0 | AX62: =AS62*AH62 -> 0 | AY62: =AT62*(AI62*0.025) -> 42012.061 | AZ62: =AU62+AV62+AW62+AX62+AY62 -> 83780.482 | BA62: 1000 | BB62: =AZ62/AI62 -> 181.47226
A63: =+A62 -> 46012 | B63: =DAY(Tabla2[[#This Row],[FECHA]]) -> 21 | C63: 2 (MAÑANA) | I63: =Tabla2[[#This Row],[VOLUMEN ENVIADO A RO (m3)]]/Tabla2[[#This Row],[Q DE OPERACIÓN (m3/h)]] -> 4.9900182 | J63: 0 | K63: 19 | L63: 3 | M63: 0 | N63: 0 | O63: 0 | P63: 166.66667 | Q63: 26.315789 | R63: 0 | S63: 0 | T63: 0 | U63: 0 | V63: 0 | W63: 0 | X63: 0 | Y63: 1.18 | Z63: 1.28 | AA63: 1.2 | AB63: 1.53 | AC63: 1.2 | AD63: 0 | AE63: 0 | AF63: 0 | AG63: 0 | AH63: 0 | AI63: 274.451 | AJ63: 55 | AK63: =(AD63*1000)/$AI63 -> 0 | AL63: =(AE63*1000)/$AI63 -> 0 | AM63: =(AF63*1000)/$AI63 -> 0 | AN63: =(AG63*1000)/$AI63 -> 0 | AO63: =(AH63*1000)/$AI63 -> 0 | AP63: =AP62 -> 1550 | AQ63: =AQ62 -> 19462 | AR63: =AR62 -> 36854 | AS63: =AS62 -> 1560 | AT63: =AT62 -> 3640 | AU63: =AP63*(AE63*0.8) -> 0 | AV63: =AQ63*(AF63*0.012) -> 0 | AW63: =AR63*(AG63*0.044) -> 0 | AX63: =AS63*AH63 -> 0 | AY63: =AT63*(AI63*0.025) -> 24975.041 | AZ63: =AU63+AV63+AW63+AX63+AY63 -> 24975.041 | BA63: 1000 | BB63: =AZ63/#REF! -> #REF!
A64: =+A63 -> 46012 | B64: =DAY(Tabla2[[#This Row],[FECHA]]) -> 21 | C64: 3(TARDE) | I64: =Tabla2[[#This Row],[VOLUMEN ENVIADO A RO (m3)]]/Tabla2[[#This Row],[Q DE OPERACIÓN (m3/h)]] -> 3.1180545 | J64: 0 | K64: 19 | L64: 3 | M64: 0 | N64: 0 | O64: 0 | P64: 166.66667 | Q64: 26.315789 | R64: 0 | S64: 0 | T64: 0 | U64: 0 | V64: 0 | W64: 0 | X64: 0 | Y64: 1.18 | Z64: 1.28 | AA64: 1.2 | AB64: 1.53 | AC64: 1.2 | AD64: 0 | AE64: 0 | AF64: 0 | AG64: 0 | AH64: 0 | AI64: 171.493 | AJ64: 55 | AK64: =(AD64*1000)/$AI64 -> 0 | AL64: =(AE64*1000)/$AI64 -> 0 | AM64: =(AF64*1000)/$AI64 -> 0 | AN64: =(AG64*1000)/$AI64 -> 0 | AO64: =(AH64*1000)/$AI64 -> 0 | AP64: =AP63 -> 1550 | AQ64: =AQ63 -> 19462 | AR64: =AR63 -> 36854 | AS64: =AS63 -> 1560 | AT64: =AT63 -> 3640 | AU64: =AP64*(AE64*0.8) -> 0 | AV64: =AQ64*(AF64*0.012) -> 0 | AW64: =AR64*(AG64*0.044) -> 0 | AX64: =AS64*AH64 -> 0 | AY64: =AT64*(AI64*0.025) -> 15605.863 | AZ64: =AU64+AV64+AW64+AX64+AY64 -> 15605.863 | BA64: 1000 | BB64: =AZ64/AI64 -> 91
A65: =+A64+1 -> 46013 | B65: =DAY(Tabla2[[#This Row],[FECHA]]) -> 22 | C65: 1 (NOCHE) | I65: =Tabla2[[#This Row],[VOLUMEN ENVIADO A RO (m3)]]/Tabla2[[#This Row],[Q DE OPERACIÓN (m3/h)]] -> 4.5742182 | J65: 0 | K65: 19 | L65: 3 | M65: 0 | N65: 0 | O65: 0 | P65: 166.66667 | Q65: 26.315789 | R65: 0 | S65: 0 | T65: 0 | U65: 0 | V65: 0 | W65: 0 | X65: 0 | Y65: 1.18 | Z65: 1.28 | AA65: 1.2 | AB65: 1.53 | AC65: 1.2 | AD65: 0 | AE65: 0 | AF65: 0 | AG65: 0 | AH65: 0 | AI65: 251.582 | AJ65: 55 | AK65: =(AD65*1000)/$AI65 -> 0 | AL65: =(AE65*1000)/$AI65 -> 0 | AM65: =(AF65*1000)/$AI65 -> 0 | AN65: =(AG65*1000)/$AI65 -> 0 | AO65: =(AH65*1000)/$AI65 -> 0 | AP65: =AP64 -> 1550 | AQ65: =AQ64 -> 19462 | AR65: =AR64 -> 36854 | AS65: =AS64 -> 1560 | AT65: =AT64 -> 3640 | AU65: =AP65*(AE65*0.8) -> 0 | AV65: =AQ65*(AF65*0.012) -> 0 | AW65: =AR65*(AG65*0.044) -> 0 | AX65: =AS65*AH65 -> 0 | AY65: =AT65*(AI65*0.025) -> 22893.962 | AZ65: =AU65+AV65+AW65+AX65+AY65 -> 22893.962 | BA65: 1000 | BB65: =AZ65/AI65 -> 91
A66: =+A65 -> 46013 | B66: =DAY(Tabla2[[#This Row],[FECHA]]) -> 22 | C66: 2 (MAÑANA) | I66: =Tabla2[[#This Row],[VOLUMEN ENVIADO A RO (m3)]]/Tabla2[[#This Row],[Q DE OPERACIÓN (m3/h)]] -> 6.6203273 | J66: 0 | K66: 19 | L66: 3 | M66: 0 | N66: 0 | O66: 0 | P66: 166.66667 | Q66: 26.315789 | R66: 0 | S66: 0 | T66: 0 | U66: 0 | V66: 0 | W66: 0 | X66: 0 | Y66: 1.18 | Z66: 1.28 | AA66: 1.2 | AB66: 1.53 | AC66: 1.2 | AD66: 0 | AE66: 0 | AF66: 0 | AG66: 0 | AH66: 0 | AI66: 364.118 | AJ66: 55 | AK66: =(AD66*1000)/$AI66 -> 0 | AL66: =(AE66*1000)/$AI66 -> 0 | AM66: =(AF66*1000)/$AI66 -> 0 | AN66: =(AG66*1000)/$AI66 -> 0 | AO66: =(AH66*1000)/$AI66 -> 0 | AP66: =AP65 -> 1550 | AQ66: =AQ65 -> 19462 | AR66: =AR65 -> 36854 | AS66: =AS65 -> 1560 | AT66: =AT65 -> 3640 | AU66: =AP66*(AE66*0.8) -> 0 | AV66: =AQ66*(AF66*0.012) -> 0 | AW66: =AR66*(AG66*0.044) -> 0 | AX66: =AS66*AH66 -> 0 | AY66: =AT66*(AI66*0.025) -> 33134.738 | AZ66: =AU66+AV66+AW66+AX66+AY66 -> 33134.738 | BA66: 1000 | BB66: =AZ66/AI66 -> 91
A67: =+A66 -> 46013 | B67: =DAY(Tabla2[[#This Row],[FECHA]]) -> 22 | C67: 3(TARDE) | I67: =Tabla2[[#This Row],[VOLUMEN ENVIADO A RO (m3)]]/Tabla2[[#This Row],[Q DE OPERACIÓN (m3/h)]] -> 4.7865636 | J67: 0 | K67: 19 | L67: 3 | M67: 0 | N67: 0 | O67: 0 | P67: 166.66667 | Q67: 26.315789 | R67: 0 | S67: 0 | T67: 0 | U67: 0 | V67: 0 | W67: 0 | X67: 0 | Y67: 1.18 | Z67: 1.28 | AA67: 1.2 | AB67: 1.53 | AC67: 1.2 | AD67: 0 | AE67: 0 | AF67: 0 | AG67: 0 | AH67: 0 | AI67: 263.261 | AJ67: 55 | AK67: =(AD67*1000)/$AI67 -> 0 | AL67: =(AE67*1000)/$AI67 -> 0 | AM67: =(AF67*1000)/$AI67 -> 0 | AN67: =(AG67*1000)/$AI67 -> 0 | AO67: =(AH67*1000)/$AI67 -> 0 | AP67: =AP66 -> 1550 | AQ67: =AQ66 -> 19462 | AR67: =AR66 -> 36854 | AS67: =AS66 -> 1560 | AT67: =AT66 -> 3640 | AU67: =AP67*(AE67*0.8) -> 0 | AV67: =AQ67*(AF67*0.012) -> 0 | AW67: =AR67*(AG67*0.044) -> 0 | AX67: =AS67*AH67 -> 0 | AY67: =AT67*(AI67*0.025) -> 23956.751 | AZ67: =AU67+AV67+AW67+AX67+AY67 -> 23956.751 | BA67: 1000 | BB67: =AZ67/AI67 -> 91
A68: =+A67+1 -> 46014 | B68: =DAY(Tabla2[[#This Row],[FECHA]]) -> 23 | C68: 1 (NOCHE) | I68: =Tabla2[[#This Row],[VOLUMEN ENVIADO A RO (m3)]]/Tabla2[[#This Row],[Q DE OPERACIÓN (m3/h)]] -> 1.9996545 | J68: 0 | K68: 19 | L68: 3 | M68: 0 | N68: 0 | O68: 0 | P68: 166.66667 | Q68: 26.315789 | R68: 0 | S68: 0 | T68: 0 | U68: 0 | V68: 0 | W68: 0 | X68: 0 | Y68: 1.18 | Z68: 1.28 | AA68: 1.2 | AB68: 1.53 | AC68: 1.2 | AD68: 0 | AE68: 0 | AF68: 0 | AG68: 0 | AH68: 0 | AI68: 109.981 | AJ68: 55 | AK68: =(AD68*1000)/$AI68 -> 0 | AL68: =(AE68*1000)/$AI68 -> 0 | AM68: =(AF68*1000)/$AI68 -> 0 | AN68: =(AG68*1000)/$AI68 -> 0 | AO68: =(AH68*1000)/$AI68 -> 0 | AP68: =AP67 -> 1550 | AQ68: =AQ67 -> 19462 | AR68: =AR67 -> 36854 | AS68: =AS67 -> 1560 | AT68: =AT67 -> 3640 | AU68: =AP68*(AE68*0.8) -> 0 | AV68: =AQ68*(AF68*0.012) -> 0 | AW68: =AR68*(AG68*0.044) -> 0 | AX68: =AS68*AH68 -> 0 | AY68: =AT68*(AI68*0.025) -> 10008.271 | AZ68: =AU68+AV68+AW68+AX68+AY68 -> 10008.271 | BA68: 1000 | BB68: =AZ68/AI68 -> 91
A69: =+A68 -> 46014 | B69: =DAY(Tabla2[[#This Row],[FECHA]]) -> 23 | C69: 2 (MAÑANA) | I69: =Tabla2[[#This Row],[VOLUMEN ENVIADO A RO (m3)]]/Tabla2[[#This Row],[Q DE OPERACIÓN (m3/h)]] -> 1.1384727 | J69: 0 | K69: 19 | L69: 3 | M69: 0 | N69: 0 | O69: 0 | P69: 166.66667 | Q69: 26.315789 | R69: 0 | S69: 0 | T69: 0 | U69: 0 | V69: 0 | W69: 0 | X69: 0 | Y69: 1.18 | Z69: 1.28 | AA69: 1.2 | AB69: 1.53 | AC69: 1.2 | AD69: 0 | AE69: 0 | AF69: 0 | AG69: 0 | AH69: 0 | AI69: 62.616 | AJ69: 55 | AK69: =(AD69*1000)/$AI69 -> 0 | AL69: =(AE69*1000)/$AI69 -> 0 | AM69: =(AF69*1000)/$AI69 -> 0 | AN69: =(AG69*1000)/$AI69 -> 0 | AO69: =(AH69*1000)/$AI69 -> 0 | AP69: =AP68 -> 1550 | AQ69: =AQ68 -> 19462 | AR69: =AR68 -> 36854 | AS69: =AS68 -> 1560 | AT69: =AT68 -> 3640 | AU69: =AP69*(AE69*0.8) -> 0 | AV69: =AQ69*(AF69*0.012) -> 0 | AW69: =AR69*(AG69*0.044) -> 0 | AX69: =AS69*AH69 -> 0 | AY69: =AT69*(AI69*0.025) -> 5698.056 | AZ69: =AU69+AV69+AW69+AX69+AY69 -> 5698.056 | BA69: 1000 | BB69: =AZ69/AI69 -> 91
A70: =+A69 -> 46014 | B70: =DAY(Tabla2[[#This Row],[FECHA]]) -> 23 | C70: 3(TARDE) | I70: =Tabla2[[#This Row],[VOLUMEN ENVIADO A RO (m3)]]/Tabla2[[#This Row],[Q DE OPERACIÓN (m3/h)]] -> 7.3388 | J70: 0 | K70: 19 | L70: 3 | M70: 0 | N70: 0 | O70: 0 | P70: 166.66667 | Q70: 26.315789 | R70: 0 | S70: 0 | T70: 0 | U70: 0 | V70: 0 | W70: 0 | X70: 0 | Y70: 1.18 | Z70: 1.28 | AA70: 1.2 | AB70: 1.53 | AC70: 1.2 | AD70: 0 | AE70: 0 | AF70: 0 | AG70: 0 | AH70: 0 | AI70: 403.634 | AJ70: 55 | AK70: =(AD70*1000)/$AI70 -> 0 | AL70: =(AE70*1000)/$AI70 -> 0 | AM70: =(AF70*1000)/$AI70 -> 0 | AN70: =(AG70*1000)/$AI70 -> 0 | AO70: =(AH70*1000)/$AI70 -> 0 | AP70: =AP69 -> 1550 | AQ70: =AQ69 -> 19462 | AR70: =AR69 -> 36854 | AS70: =AS69 -> 1560 | AT70: =AT69 -> 3640 | AU70: =AP70*(AE70*0.8) -> 0 | AV70: =AQ70*(AF70*0.012) -> 0 | AW70: =AR70*(AG70*0.044) -> 0 | AX70: =AS70*AH70 -> 0 | AY70: =AT70*(AI70*0.025) -> 36730.694 | AZ70: =AU70+AV70+AW70+AX70+AY70 -> 36730.694 | BA70: 1000 | BB70: =AZ70/AI70 -> 91
A71: =+A70+1 -> 46015 | B71: =DAY(Tabla2[[#This Row],[FECHA]]) -> 24 | C71: 1 (NOCHE) | I71: =Tabla2[[#This Row],[VOLUMEN ENVIADO A RO (m3)]]/Tabla2[[#This Row],[Q DE OPERACIÓN (m3/h)]] -> 0 | J71: 0 | K71: 19 | L71: 3 | M71: 0 | N71: 0 | O71: 0 | P71: 166.66667 | Q71: 26.315789 | R71: 0 | S71: 0 | T71: 0 | U71: 0 | V71: 0 | W71: 0 | X71: 0 | Y71: 1.18 | Z71: 1.28 | AA71: 1.2 | AB71: 1.53 | AC71: 1.2 | AD71: 0 | AE71: 0 | AF71: 0 | AG71: 0 | AH71: 0 | AI71: 0 | AJ71: 55 | AK71: =(AD71*1000)/$AI71 -> #DIV/0! | AL71: =(AE71*1000)/$AI71 -> #DIV/0! | AM71: =(AF71*1000)/$AI71 -> #DIV/0! | AN71: =(AG71*1000)/$AI71 -> #DIV/0! | AO71: =(AH71*1000)/$AI71 -> #DIV/0! | AP71: =AP70 -> 1550 | AQ71: =AQ70 -> 19462 | AR71: =AR70 -> 36854 | AS71: =AS70 -> 1560 | AT71: =AT70 -> 3640 | AU71: =AP71*(AE71*0.8) -> 0 | AV71: =AQ71*(AF71*0.012) -> 0 | AW71: =AR71*(AG71*0.044) -> 0 | AX71: =AS71*AH71 -> 0 | AY71: =AT71*(AI71*0.025) -> 0 | AZ71: =AU71+AV71+AW71+AX71+AY71 -> 0 | BA71: 1000 | BB71: =AZ71/AI71 -> #DIV/0!
A72: =+A71 -> 46015 | B72: =DAY(Tabla2[[#This Row],[FECHA]]) -> 24 | C72: 2 (MAÑANA) | I72: =Tabla2[[#This Row],[VOLUMEN ENVIADO A RO (m3)]]/Tabla2[[#This Row],[Q DE OPERACIÓN (m3/h)]] -> 0 | J72: 0 | K72: 19 | L72: 3 | M72: 0 | N72: 0 | O72: 0 | P72: 166.66667 | Q72: 26.315789 | R72: 0 | S72: 0 | T72: 0 | U72: 0 | V72: 0 | W72: 0 | X72: 0 | Y72: 1.18 | Z72: 1.28 | AA72: 1.2 | AB72: 1.53 | AC72: 1.2 | AD72: 0 | AE72: 0 | AF72: 0 | AG72: 0 | AH72: 0 | AI72: 0 | AJ72: 55 | AK72: =(AD72*1000)/$AI72 -> #DIV/0! | AL72: =(AE72*1000)/$AI72 -> #DIV/0! | AM72: =(AF72*1000)/$AI72 -> #DIV/0! | AN72: =(AG72*1000)/$AI72 -> #DIV/0! | AO72: =(AH72*1000)/$AI72 -> #DIV/0! | AP72: =AP71 -> 1550 | AQ72: =AQ71 -> 19462 | AR72: =AR71 -> 36854 | AS72: =AS71 -> 1560 | AT72: =AT71 -> 3640 | AU72: =AP72*(AE72*0.8) -> 0 | AV72: =AQ72*(AF72*0.012) -> 0 | AW72: =AR72*(AG72*0.044) -> 0 | AX72: =AS72*AH72 -> 0 | AY72: =AT72*(AI72*0.025) -> 0 | AZ72: =AU72+AV72+AW72+AX72+AY72 -> 0 | BA72: 1000 | BB72: =AZ72/AI72 -> #DIV/0!
A73: =+A72 -> 46015 | B73: =DAY(Tabla2[[#This Row],[FECHA]]) -> 24 | C73: 3(TARDE) | I73: =Tabla2[[#This Row],[VOLUMEN ENVIADO A RO (m3)]]/Tabla2[[#This Row],[Q DE OPERACIÓN (m3/h)]] -> 0 | J73: 0 | K73: 19 | L73: 3 | M73: 0 | N73: 0 | O73: 0 | P73: 166.66667 | Q73: 26.315789 | R73: 0 | S73: 0 | T73: 0 | U73: 0 | V73: 0 | W73: 0 | X73: 0 | Y73: 1.18 | Z73: 1.28 | AA73: 1.2 | AB73: 1.53 | AC73: 1.2 | AD73: 0 | AE73: 0 | AF73: 0 | AG73: 0 | AH73: 0 | AI73: 0 | AJ73: 55 | AK73: =(AD73*1000)/$AI73 -> #DIV/0! | AL73: =(AE73*1000)/$AI73 -> #DIV/0! | AM73: =(AF73*1000)/$AI73 -> #DIV/0! | AN73: =(AG73*1000)/$AI73 -> #DIV/0! | AO73: =(AH73*1000)/$AI73 -> #DIV/0! | AP73: =AP72 -> 1550 | AQ73: =AQ72 -> 19462 | AR73: =AR72 -> 36854 | AS73: =AS72 -> 1560 | AT73: =AT72 -> 3640 | AU73: =AP73*(AE73*0.8) -> 0 | AV73: =AQ73*(AF73*0.012) -> 0 | AW73: =AR73*(AG73*0.044) -> 0 | AX73: =AS73*AH73 -> 0 | AY73: =AT73*(AI73*0.025) -> 0 | AZ73: =AU73+AV73+AW73+AX73+AY73 -> 0 | BA73: 1000 | BB73: =AZ73/AI73 -> #DIV/0!
A74: =+A73+1 -> 46016 | B74: =DAY(Tabla2[[#This Row],[FECHA]]) -> 25 | C74: 1 (NOCHE) | I74: =Tabla2[[#This Row],[VOLUMEN ENVIADO A RO (m3)]]/Tabla2[[#This Row],[Q DE OPERACIÓN (m3/h)]] -> 0 | J74: 0 | K74: 19 | L74: 3 | M74: 0 | N74: 0 | O74: 0 | P74: 166.66667 | Q74: 26.315789 | R74: 0 | S74: 0 | T74: 0 | U74: 0 | V74: 0 | W74: 0 | X74: 0 | Y74: 1.18 | Z74: 1.28 | AA74: 1.2 | AB74: 1.53 | AC74: 1.2 | AD74: 0 | AE74: 0 | AF74: 0 | AG74: 0 | AH74: 0 | AI74: 0 | AJ74: 55 | AK74: =(AD74*1000)/$AI74 -> #DIV/0! | AL74: =(AE74*1000)/$AI74 -> #DIV/0! | AM74: =(AF74*1000)/$AI74 -> #DIV/0! | AN74: =(AG74*1000)/$AI74 -> #DIV/0! | AO74: =(AH74*1000)/$AI74 -> #DIV/0! | AP74: =AP73 -> 1550 | AQ74: =AQ73 -> 19462 | AR74: =AR73 -> 36854 | AS74: =AS73 -> 1560 | AT74: =AT73 -> 3640 | AU74: =AP74*(AE74*0.8) -> 0 | AV74: =AQ74*(AF74*0.012) -> 0 | AW74: =AR74*(AG74*0.044) -> 0 | AX74: =AS74*AH74 -> 0 | AY74: =AT74*(AI74*0.025) -> 0 | AZ74: =AU74+AV74+AW74+AX74+AY74 -> 0 | BA74: 1000 | BB74: =AZ74/AI74 -> #DIV/0!
A75: =+A74 -> 46016 | B75: =DAY(Tabla2[[#This Row],[FECHA]]) -> 25 | C75: 2 (MAÑANA) | I75: =Tabla2[[#This Row],[VOLUMEN ENVIADO A RO (m3)]]/Tabla2[[#This Row],[Q DE OPERACIÓN (m3/h)]] -> 0 | J75: 0 | K75: 19 | L75: 3 | M75: 0 | N75: 0 | O75: 0 | P75: 166.66667 | Q75: 26.315789 | R75: 0 | S75: 0 | T75: 0 | U75: 0 | V75: 0 | W75: 0 | X75: 0 | Y75: 1.18 | Z75: 1.28 | AA75: 1.2 | AB75: 1.53 | AC75: 1.2 | AD75: 0 | AE75: 0 | AF75: 0 | AG75: 0 | AH75: 0 | AI75: 0 | AJ75: 55 | AK75: =(AD75*1000)/$AI75 -> #DIV/0! | AL75: =(AE75*1000)/$AI75 -> #DIV/0! | AM75: =(AF75*1000)/$AI75 -> #DIV/0! | AN75: =(AG75*1000)/$AI75 -> #DIV/0! | AO75: =(AH75*1000)/$AI75 -> #DIV/0! | AP75: =AP74 -> 1550 | AQ75: =AQ74 -> 19462 | AR75: =AR74 -> 36854 | AS75: =AS74 -> 1560 | AT75: =AT74 -> 3640 | AU75: =AP75*(AE75*0.8) -> 0 | AV75: =AQ75*(AF75*0.012) -> 0 | AW75: =AR75*(AG75*0.044) -> 0 | AX75: =AS75*AH75 -> 0 | AY75: =AT75*(AI75*0.025) -> 0 | AZ75: =AU75+AV75+AW75+AX75+AY75 -> 0 | BA75: 1000 | BB75: =AZ75/AI75 -> #DIV/0!
A76: =+A75 -> 46016 | B76: =DAY(Tabla2[[#This Row],[FECHA]]) -> 25 | C76: 3(TARDE) | I76: =Tabla2[[#This Row],[VOLUMEN ENVIADO A RO (m3)]]/Tabla2[[#This Row],[Q DE OPERACIÓN (m3/h)]] -> 0 | J76: 0 | K76: 19 | L76: 3 | M76: 0 | N76: 0 | O76: 0 | P76: 166.66667 | Q76: 26.315789 | R76: 0 | S76: 0 | T76: 0 | U76: 0 | V76: 0 | W76: 0 | X76: 0 | Y76: 1.18 | Z76: 1.28 | AA76: 1.2 | AB76: 1.53 | AC76: 1.2 | AD76: 0 | AE76: 0 | AF76: 0 | AG76: 0 | AH76: 0 | AI76: 0 | AJ76: 55 | AK76: =(AD76*1000)/$AI76 -> #DIV/0! | AL76: =(AE76*1000)/$AI76 -> #DIV/0! | AM76: =(AF76*1000)/$AI76 -> #DIV/0! | AN76: =(AG76*1000)/$AI76 -> #DIV/0! | AO76: =(AH76*1000)/$AI76 -> #DIV/0! | AP76: =AP75 -> 1550 | AQ76: =AQ75 -> 19462 | AR76: =AR75 -> 36854 | AS76: =AS75 -> 1560 | AT76: =AT75 -> 3640 | AU76: =AP76*(AE76*0.8) -> 0 | AV76: =AQ76*(AF76*0.012) -> 0 | AW76: =AR76*(AG76*0.044) -> 0 | AX76: =AS76*AH76 -> 0 | AY76: =AT76*(AI76*0.025) -> 0 | AZ76: =AU76+AV76+AW76+AX76+AY76 -> 0 | BA76: 1000 | BB76: =AZ76/AI76 -> #DIV/0!
A77: =+A76+1 -> 46017 | B77: =DAY(Tabla2[[#This Row],[FECHA]]) -> 26 | C77: 1 (NOCHE) | I77: =Tabla2[[#This Row],[VOLUMEN ENVIADO A RO (m3)]]/Tabla2[[#This Row],[Q DE OPERACIÓN (m3/h)]] -> 0 | J77: 0 | K77: 19 | L77: 3 | M77: 0 | N77: 0 | O77: 0 | P77: 166.66667 | Q77: 26.315789 | R77: 0 | S77: 0 | T77: 0 | U77: 0 | V77: 0 | W77: 0 | X77: 0 | Y77: 1.18 | Z77: 1.28 | AA77: 1.2 | AB77: 1.53 | AC77: 1.2 | AD77: 0 | AE77: 0 | AF77: 0 | AG77: 0 | AH77: 0 | AI77: 0 | AJ77: 70 | AK77: =(AD77*1000)/$AI77 -> #DIV/0! | AL77: =(AE77*1000)/$AI77 -> #DIV/0! | AM77: =(AF77*1000)/$AI77 -> #DIV/0! | AN77: =(AG77*1000)/$AI77 -> #DIV/0! | AO77: =(AH77*1000)/$AI77 -> #DIV/0! | AP77: =AP76 -> 1550 | AQ77: =AQ76 -> 19462 | AR77: =AR76 -> 36854 | AS77: =AS76 -> 1560 | AT77: =AT76 -> 3640 | AU77: =AP77*(AE77*0.8) -> 0 | AV77: =AQ77*(AF77*0.012) -> 0 | AW77: =AR77*(AG77*0.044) -> 0 | AX77: =AS77*AH77 -> 0 | AY77: =AT77*(AI77*0.025) -> 0 | AZ77: =AU77+AV77+AW77+AX77+AY77 -> 0 | BA77: 1000 | BB77: =AZ77/AI77 -> #DIV/0!
A78: =+A77 -> 46017 | B78: =DAY(Tabla2[[#This Row],[FECHA]]) -> 26 | C78: 2 (MAÑANA) | I78: =Tabla2[[#This Row],[VOLUMEN ENVIADO A RO (m3)]]/Tabla2[[#This Row],[Q DE OPERACIÓN (m3/h)]] -> 5.2004571 | J78: 0 | K78: 19 | L78: 3 | M78: 0 | N78: 0 | O78: 0 | P78: 166.66667 | Q78: 26.315789 | R78: 0 | S78: 0 | T78: 0 | U78: 0 | V78: 0 | W78: 0 | X78: 0 | Y78: 1.18 | Z78: 1.28 | AA78: 1.2 | AB78: 1.53 | AC78: 1.2 | AD78: 0 | AE78: 0 | AF78: 0 | AG78: 0 | AH78: 0 | AI78: 364.032 | AJ78: 70 | AK78: =(AD78*1000)/$AI78 -> 0 | AL78: =(AE78*1000)/$AI78 -> 0 | AM78: =(AF78*1000)/$AI78 -> 0 | AN78: =(AG78*1000)/$AI78 -> 0 | AO78: =(AH78*1000)/$AI78 -> 0 | AP78: =AP77 -> 1550 | AQ78: =AQ77 -> 19462 | AR78: =AR77 -> 36854 | AS78: =AS77 -> 1560 | AT78: =AT77 -> 3640 | AU78: =AP78*(AE78*0.8) -> 0 | AV78: =AQ78*(AF78*0.012) -> 0 | AW78: =AR78*(AG78*0.044) -> 0 | AX78: =AS78*AH78 -> 0 | AY78: =AT78*(AI78*0.025) -> 33126.912 | AZ78: =AU78+AV78+AW78+AX78+AY78 -> 33126.912 | BA78: 1000 | BB78: =AZ78/AI78 -> 91
A79: =+A78 -> 46017 | B79: =DAY(Tabla2[[#This Row],[FECHA]]) -> 26 | C79: 3(TARDE) | I79: =Tabla2[[#This Row],[VOLUMEN ENVIADO A RO (m3)]]/Tabla2[[#This Row],[Q DE OPERACIÓN (m3/h)]] -> 1.1155429 | J79: 0 | K79: 19 | L79: 3 | M79: 0 | N79: 0 | O79: 0 | P79: 166.66667 | Q79: 26.315789 | R79: 0 | S79: 0 | T79: 0 | U79: 0 | V79: 0 | W79: 0 | X79: 0 | Y79: 1.18 | Z79: 1.28 | AA79: 1.2 | AB79: 1.53 | AC79: 1.2 | AD79: 0 | AE79: 0 | AF79: 0 | AG79: 0 | AH79: 0 | AI79: 78.088 | AJ79: 70 | AK79: =(AD79*1000)/$AI79 -> 0 | AL79: =(AE79*1000)/$AI79 -> 0 | AM79: =(AF79*1000)/$AI79 -> 0 | AN79: =(AG79*1000)/$AI79 -> 0 | AO79: =(AH79*1000)/$AI79 -> 0 | AP79: =AP78 -> 1550 | AQ79: =AQ78 -> 19462 | AR79: =AR78 -> 36854 | AS79: =AS78 -> 1560 | AT79: =AT78 -> 3640 | AU79: =AP79*(AE79*0.8) -> 0 | AV79: =AQ79*(AF79*0.012) -> 0 | AW79: =AR79*(AG79*0.044) -> 0 | AX79: =AS79*AH79 -> 0 | AY79: =AT79*(AI79*0.025) -> 7106.008 | AZ79: =AU79+AV79+AW79+AX79+AY79 -> 7106.008 | BA79: 1000 | BB79: =AZ79/AI79 -> 91
A80: =+A79+1 -> 46018 | B80: =DAY(Tabla2[[#This Row],[FECHA]]) -> 27 | C80: 1 (NOCHE) | I80: =Tabla2[[#This Row],[VOLUMEN ENVIADO A RO (m3)]]/Tabla2[[#This Row],[Q DE OPERACIÓN (m3/h)]] -> 2.744303 | J80: 0 | K80: 19 | L80: 3 | M80: 0 | N80: 0 | O80: 0 | P80: 166.66667 | Q80: 26.315789 | R80: 0 | S80: 0 | T80: 0 | U80: 0 | V80: 0 | W80: 0 | X80: 0 | Y80: 1.18 | Z80: 1.28 | AA80: 1.2 | AB80: 1.53 | AC80: 1.2 | AD80: 0 | AE80: 0 | AF80: 0 | AG80: 0 | AH80: 0 | AI80: 181.124 | AJ80: 66 | AK80: =(AD80*1000)/$AI80 -> 0 | AL80: =(AE80*1000)/$AI80 -> 0 | AM80: =(AF80*1000)/$AI80 -> 0 | AN80: =(AG80*1000)/$AI80 -> 0 | AO80: =(AH80*1000)/$AI80 -> 0 | AP80: =AP79 -> 1550 | AQ80: =AQ79 -> 19462 | AR80: =AR79 -> 36854 | AS80: =AS79 -> 1560 | AT80: =AT79 -> 3640 | AU80: =AP80*(AE80*0.8) -> 0 | AV80: =AQ80*(AF80*0.012) -> 0 | AW80: =AR80*(AG80*0.044) -> 0 | AX80: =AS80*AH80 -> 0 | AY80: =AT80*(AI80*0.025) -> 16482.284 | AZ80: =AU80+AV80+AW80+AX80+AY80 -> 16482.284 | BA80: 1000 | BB80: =AZ80/AI80 -> 91
A81: =+A80 -> 46018 | B81: =DAY(Tabla2[[#This Row],[FECHA]]) -> 27 | C81: 2 (MAÑANA) | I81: =Tabla2[[#This Row],[VOLUMEN ENVIADO A RO (m3)]]/Tabla2[[#This Row],[Q DE OPERACIÓN (m3/h)]] -> 2.8397424 | J81: 0 | K81: 19 | L81: 3 | M81: 0 | N81: 0 | O81: 0 | P81: 166.66667 | Q81: 26.315789 | R81: 0 | S81: 0 | T81: 0 | U81: 0 | V81: 0 | W81: 0 | X81: 0 | Y81: 1.18 | Z81: 1.28 | AA81: 1.2 | AB81: 1.53 | AC81: 1.2 | AD81: 0 | AE81: 0 | AF81: 0 | AG81: 0 | AH81: 0 | AI81: 187.423 | AJ81: 66 | AK81: =(AD81*1000)/$AI81 -> 0 | AL81: =(AE81*1000)/$AI81 -> 0 | AM81: =(AF81*1000)/$AI81 -> 0 | AN81: =(AG81*1000)/$AI81 -> 0 | AO81: =(AH81*1000)/$AI81 -> 0 | AP81: =AP80 -> 1550 | AQ81: =AQ80 -> 19462 | AR81: =AR80 -> 36854 | AS81: =AS80 -> 1560 | AT81: =AT80 -> 3640 | AU81: =AP81*(AE81*0.8) -> 0 | AV81: =AQ81*(AF81*0.012) -> 0 | AW81: =AR81*(AG81*0.044) -> 0 | AX81: =AS81*AH81 -> 0 | AY81: =AT81*(AI81*0.025) -> 17055.493 | AZ81: =AU81+AV81+AW81+AX81+AY81 -> 17055.493 | BA81: 1000 | BB81: =AZ81/AI81 -> 91
A82: =+A81 -> 46018 | B82: =DAY(Tabla2[[#This Row],[FECHA]]) -> 27 | C82: 3(TARDE) | I82: =Tabla2[[#This Row],[VOLUMEN ENVIADO A RO (m3)]]/Tabla2[[#This Row],[Q DE OPERACIÓN (m3/h)]] -> 4.113197 | J82: 0 | K82: 19 | L82: 3 | M82: 0 | N82: 0 | O82: 0 | P82: 166.66667 | Q82: 26.315789 | R82: 0 | S82: 0 | T82: 0 | U82: 0 | V82: 0 | W82: 0 | X82: 0 | Y82: 1.18 | Z82: 1.28 | AA82: 1.2 | AB82: 1.53 | AC82: 1.2 | AD82: 0 | AE82: 0 | AF82: 0 | AG82: 0 | AH82: 0 | AI82: 271.471 | AJ82: 66 | AK82: =(AD82*1000)/$AI82 -> 0 | AL82: =(AE82*1000)/$AI82 -> 0 | AM82: =(AF82*1000)/$AI82 -> 0 | AN82: =(AG82*1000)/$AI82 -> 0 | AO82: =(AH82*1000)/$AI82 -> 0 | AP82: =AP81 -> 1550 | AQ82: =AQ81 -> 19462 | AR82: =AR81 -> 36854 | AS82: =AS81 -> 1560 | AT82: =AT81 -> 3640 | AU82: =AP82*(AE82*0.8) -> 0 | AV82: =AQ82*(AF82*0.012) -> 0 | AW82: =AR82*(AG82*0.044) -> 0 | AX82: =AS82*AH82 -> 0 | AY82: =AT82*(AI82*0.025) -> 24703.861 | AZ82: =AU82+AV82+AW82+AX82+AY82 -> 24703.861 | BA82: 1000 | BB82: =AZ82/AI82 -> 91
A83: =+A82+1 -> 46019 | B83: =DAY(Tabla2[[#This Row],[FECHA]]) -> 28 | C83: 1 (NOCHE) | I83: =Tabla2[[#This Row],[VOLUMEN ENVIADO A RO (m3)]]/Tabla2[[#This Row],[Q DE OPERACIÓN (m3/h)]] -> 7.9139846 | J83: 0 | K83: 19 | L83: 3 | M83: 0 | N83: 0 | O83: 0 | P83: 166.66667 | Q83: 26.315789 | R83: 0 | S83: 0 | T83: 0 | U83: 0 | V83: 0 | W83: 0 | X83: 0 | Y83: 1.18 | Z83: 1.28 | AA83: 1.2 | AB83: 1.53 | AC83: 1.2 | AD83: 0 | AE83: 0 | AF83: 0 | AG83: 0 | AH83: 0 | AI83: 514.409 | AJ83: 65 | AK83: =(AD83*1000)/$AI83 -> 0 | AL83: =(AE83*1000)/$AI83 -> 0 | AM83: =(AF83*1000)/$AI83 -> 0 | AN83: =(AG83*1000)/$AI83 -> 0 | AO83: =(AH83*1000)/$AI83 -> 0 | AP83: =AP82 -> 1550 | AQ83: =AQ82 -> 19462 | AR83: =AR82 -> 36854 | AS83: =AS82 -> 1560 | AT83: =AT82 -> 3640 | AU83: =AP83*(AE83*0.8) -> 0 | AV83: =AQ83*(AF83*0.012) -> 0 | AW83: =AR83*(AG83*0.044) -> 0 | AX83: =AS83*AH83 -> 0 | AY83: =AT83*(AI83*0.025) -> 46811.219 | AZ83: =AU83+AV83+AW83+AX83+AY83 -> 46811.219 | BA83: 1000 | BB83: =AZ83/AI83 -> 91
A84: =+A83 -> 46019 | B84: =DAY(Tabla2[[#This Row],[FECHA]]) -> 28 | C84: 2 (MAÑANA) | I84: =Tabla2[[#This Row],[VOLUMEN ENVIADO A RO (m3)]]/Tabla2[[#This Row],[Q DE OPERACIÓN (m3/h)]] -> 0 | J84: 0 | K84: 19 | L84: 3 | M84: 0 | N84: 0 | O84: 0 | P84: 166.66667 | Q84: 26.315789 | R84: 0 | S84: 0 | T84: 0 | U84: 0 | V84: 0 | W84: 0 | X84: 0 | Y84: 1.18 | Z84: 1.28 | AA84: 1.2 | AB84: 1.53 | AC84: 1.2 | AD84: 0 | AE84: 0 | AF84: 0 | AG84: 0 | AH84: 0 | AI84: 0 | AJ84: 65 | AK84: =(AD84*1000)/$AI84 -> #DIV/0! | AL84: =(AE84*1000)/$AI84 -> #DIV/0! | AM84: =(AF84*1000)/$AI84 -> #DIV/0! | AN84: =(AG84*1000)/$AI84 -> #DIV/0! | AO84: =(AH84*1000)/$AI84 -> #DIV/0! | AP84: =AP83 -> 1550 | AQ84: =AQ83 -> 19462 | AR84: =AR83 -> 36854 | AS84: =AS83 -> 1560 | AT84: =AT83 -> 3640 | AU84: =AP84*(AE84*0.8) -> 0 | AV84: =AQ84*(AF84*0.012) -> 0 | AW84: =AR84*(AG84*0.044) -> 0 | AX84: =AS84*AH84 -> 0 | AY84: =AT84*(AI84*0.025) -> 0 | AZ84: =AU84+AV84+AW84+AX84+AY84 -> 0 | BA84: 1000 | BB84: =AZ84/AI84 -> #DIV/0!
A85: =+A84 -> 46019 | B85: =DAY(Tabla2[[#This Row],[FECHA]]) -> 28 | C85: 3(TARDE) | I85: =Tabla2[[#This Row],[VOLUMEN ENVIADO A RO (m3)]]/Tabla2[[#This Row],[Q DE OPERACIÓN (m3/h)]] -> 8.0697077 | J85: 0 | K85: 19 | L85: 3 | M85: 0 | N85: 0 | O85: 0 | P85: 166.66667 | Q85: 26.315789 | R85: 0 | S85: 0 | T85: 0 | U85: 0 | V85: 0 | W85: 0 | X85: 0 | Y85: 1.18 | Z85: 1.28 | AA85: 1.2 | AB85: 1.53 | AC85: 1.2 | AD85: 0 | AE85: 0 | AF85: 0 | AG85: 0 | AH85: 0 | AI85: 524.531 | AJ85: 65 | AK85: =(AD85*1000)/$AI85 -> 0 | AL85: =(AE85*1000)/$AI85 -> 0 | AM85: =(AF85*1000)/$AI85 -> 0 | AN85: =(AG85*1000)/$AI85 -> 0 | AO85: =(AH85*1000)/$AI85 -> 0 | AP85: =AP84 -> 1550 | AQ85: =AQ84 -> 19462 | AR85: =AR84 -> 36854 | AS85: =AS84 -> 1560 | AT85: =AT84 -> 3640 | AU85: =AP85*(AE85*0.8) -> 0 | AV85: =AQ85*(AF85*0.012) -> 0 | AW85: =AR85*(AG85*0.044) -> 0 | AX85: =AS85*AH85 -> 0 | AY85: =AT85*(AI85*0.025) -> 47732.321 | AZ85: =AU85+AV85+AW85+AX85+AY85 -> 47732.321 | BA85: 1000 | BB85: =AZ85/AI85 -> 91
A86: =+A85+1 -> 46020 | B86: =DAY(Tabla2[[#This Row],[FECHA]]) -> 29 | C86: 1 (NOCHE) | I86: =Tabla2[[#This Row],[VOLUMEN ENVIADO A RO (m3)]]/Tabla2[[#This Row],[Q DE OPERACIÓN (m3/h)]] -> 8.83666 | J86: 0 | K86: 19 | L86: 3 | M86: 0 | N86: 0 | O86: 0 | P86: 166.66667 | Q86: 26.315789 | R86: 0 | S86: 0 | T86: 0 | U86: 0 | V86: 0 | W86: 0 | X86: 0 | Y86: 1.18 | Z86: 1.28 | AA86: 1.2 | AB86: 1.53 | AC86: 1.2 | AD86: 0 | AE86: 0 | AF86: 0 | AG86: 0 | AH86: 0 | AI86: 441.833 | AJ86: 50 | AK86: =(AD86*1000)/$AI86 -> 0 | AL86: =(AE86*1000)/$AI86 -> 0 | AM86: =(AF86*1000)/$AI86 -> 0 | AN86: =(AG86*1000)/$AI86 -> 0 | AO86: =(AH86*1000)/$AI86 -> 0 | AP86: =AP85 -> 1550 | AQ86: =AQ85 -> 19462 | AR86: =AR85 -> 36854 | AS86: =AS85 -> 1560 | AT86: =AT85 -> 3640 | AU86: =AP86*(AE86*0.8) -> 0 | AV86: =AQ86*(AF86*0.012) -> 0 | AW86: =AR86*(AG86*0.044) -> 0 | AX86: =AS86*AH86 -> 0 | AY86: =AT86*(AI86*0.025) -> 40206.803 | AZ86: =AU86+AV86+AW86+AX86+AY86 -> 40206.803 | BA86: 1000 | BB86: =AZ86/AI86 -> 91
A87: =+A86 -> 46020 | B87: =DAY(Tabla2[[#This Row],[FECHA]]) -> 29 | C87: 2 (MAÑANA) | I87: =Tabla2[[#This Row],[VOLUMEN ENVIADO A RO (m3)]]/Tabla2[[#This Row],[Q DE OPERACIÓN (m3/h)]] -> 4.8752462 | J87: 0 | K87: 19 | L87: 3 | M87: 0 | N87: 0 | O87: 0 | P87: 166.66667 | Q87: 26.315789 | R87: 0 | S87: 0 | T87: 0 | U87: 0 | V87: 0 | W87: 0 | X87: 0 | Y87: 1.18 | Z87: 1.28 | AA87: 1.2 | AB87: 1.53 | AC87: 1.2 | AD87: 0 | AE87: 0 | AF87: 0 | AG87: 0 | AH87: 0 | AI87: 316.891 | AJ87: 65 | AK87: =(AD87*1000)/$AI87 -> 0 | AL87: =(AE87*1000)/$AI87 -> 0 | AM87: =(AF87*1000)/$AI87 -> 0 | AN87: =(AG87*1000)/$AI87 -> 0 | AO87: =(AH87*1000)/$AI87 -> 0 | AP87: =AP86 -> 1550 | AQ87: =AQ86 -> 19462 | AR87: =AR86 -> 36854 | AS87: =AS86 -> 1560 | AT87: =AT86 -> 3640 | AU87: =AP87*(AE87*0.8) -> 0 | AV87: =AQ87*(AF87*0.012) -> 0 | AW87: =AR87*(AG87*0.044) -> 0 | AX87: =AS87*AH87 -> 0 | AY87: =AT87*(AI87*0.025) -> 28837.081 | AZ87: =AU87+AV87+AW87+AX87+AY87 -> 28837.081 | BA87: 1000 | BB87: =AZ87/AI87 -> 91
A88: =+A87 -> 46020 | B88: =DAY(Tabla2[[#This Row],[FECHA]]) -> 29 | C88: 3(TARDE) | I88: =Tabla2[[#This Row],[VOLUMEN ENVIADO A RO (m3)]]/Tabla2[[#This Row],[Q DE OPERACIÓN (m3/h)]] -> 5.0162131 | J88: 0 | K88: 19 | L88: 3 | M88: 0 | N88: 0 | O88: 0 | P88: 166.66667 | Q88: 26.315789 | R88: 0 | S88: 0 | T88: 0 | U88: 0 | V88: 0 | W88: 0 | X88: 0 | Y88: 1.18 | Z88: 1.28 | AA88: 1.2 | AB88: 1.53 | AC88: 1.2 | AD88: 0 | AE88: 0 | AF88: 0 | AG88: 0 | AH88: 0 | AI88: 305.989 | AJ88: 61 | AK88: =(AD88*1000)/$AI88 -> 0 | AL88: =(AE88*1000)/$AI88 -> 0 | AM88: =(AF88*1000)/$AI88 -> 0 | AN88: =(AG88*1000)/$AI88 -> 0 | AO88: =(AH88*1000)/$AI88 -> 0 | AP88: =AP87 -> 1550 | AQ88: =AQ87 -> 19462 | AR88: =AR87 -> 36854 | AS88: =AS87 -> 1560 | AT88: =AT87 -> 3640 | AU88: =AP88*(AE88*0.8) -> 0 | AV88: =AQ88*(AF88*0.012) -> 0 | AW88: =AR88*(AG88*0.044) -> 0 | AX88: =AS88*AH88 -> 0 | AY88: =AT88*(AI88*0.025) -> 27844.999 | AZ88: =AU88+AV88+AW88+AX88+AY88 -> 27844.999 | BA88: 1000 | BB88: =AZ88/AI88 -> 91
A89: =+A88+1 -> 46021 | B89: =DAY(Tabla2[[#This Row],[FECHA]]) -> 30 | C89: 1 (NOCHE) | I89: =Tabla2[[#This Row],[VOLUMEN ENVIADO A RO (m3)]]/Tabla2[[#This Row],[Q DE OPERACIÓN (m3/h)]] -> 8.4068833 | J89: 0 | K89: 19 | L89: 3 | M89: 0 | N89: 0 | O89: 0 | P89: 166.66667 | Q89: 26.315789 | R89: 0 | S89: 0 | T89: 0 | U89: 0 | V89: 0 | W89: 0 | X89: 0 | Y89: 1.18 | Z89: 1.28 | AA89: 1.2 | AB89: 1.53 | AC89: 1.2 | AD89: 0 | AE89: 0 | AF89: 0 | AG89: 0 | AH89: 0 | AI89: 504.413 | AJ89: 60 | AK89: =(AD89*1000)/$AI89 -> 0 | AL89: =(AE89*1000)/$AI89 -> 0 | AM89: =(AF89*1000)/$AI89 -> 0 | AN89: =(AG89*1000)/$AI89 -> 0 | AO89: =(AH89*1000)/$AI89 -> 0 | AP89: =AP88 -> 1550 | AQ89: =AQ88 -> 19462 | AR89: =AR88 -> 36854 | AS89: =AS88 -> 1560 | AT89: =AT88 -> 3640 | AU89: =AP89*(AE89*0.8) -> 0 | AV89: =AQ89*(AF89*0.012) -> 0 | AW89: =AR89*(AG89*0.044) -> 0 | AX89: =AS89*AH89 -> 0 | AY89: =AT89*(AI89*0.025) -> 45901.583 | AZ89: =AU89+AV89+AW89+AX89+AY89 -> 45901.583 | BA89: 1000 | BB89: =AZ89/AI89 -> 91
A90: =+A89 -> 46021 | B90: =DAY(Tabla2[[#This Row],[FECHA]]) -> 30 | C90: 2 (MAÑANA) | I90: =Tabla2[[#This Row],[VOLUMEN ENVIADO A RO (m3)]]/Tabla2[[#This Row],[Q DE OPERACIÓN (m3/h)]] -> 5.1084167 | J90: 0 | K90: 19 | L90: 3 | M90: 0 | N90: 0 | O90: 0 | P90: 166.66667 | Q90: 26.315789 | R90: 0 | S90: 0 | T90: 0 | U90: 0 | V90: 0 | W90: 0 | X90: 0 | Y90: 1.18 | Z90: 1.28 | AA90: 1.2 | AB90: 1.53 | AC90: 1.2 | AD90: 0 | AE90: 0 | AF90: 0 | AG90: 0 | AH90: 0 | AI90: 306.505 | AJ90: 60 | AK90: =(AD90*1000)/$AI90 -> 0 | AL90: =(AE90*1000)/$AI90 -> 0 | AM90: =(AF90*1000)/$AI90 -> 0 | AN90: =(AG90*1000)/$AI90 -> 0 | AO90: =(AH90*1000)/$AI90 -> 0 | AP90: =AP89 -> 1550 | AQ90: =AQ89 -> 19462 | AR90: =AR89 -> 36854 | AS90: =AS89 -> 1560 | AT90: =AT89 -> 3640 | AU90: =AP90*(AE90*0.8) -> 0 | AV90: =AQ90*(AF90*0.012) -> 0 | AW90: =AR90*(AG90*0.044) -> 0 | AX90: =AS90*AH90 -> 0 | AY90: =AT90*(AI90*0.025) -> 27891.955 | AZ90: =AU90+AV90+AW90+AX90+AY90 -> 27891.955 | BA90: 1000 | BB90: =AZ90/AI90 -> 91
A91: =+A90 -> 46021 | B91: =DAY(Tabla2[[#This Row],[FECHA]]) -> 30 | C91: 3(TARDE) | I91: =Tabla2[[#This Row],[VOLUMEN ENVIADO A RO (m3)]]/Tabla2[[#This Row],[Q DE OPERACIÓN (m3/h)]] -> 7.4373167 | J91: 0 | K91: 19 | L91: 3 | M91: 0 | N91: 0 | O91: 0 | P91: 166.66667 | Q91: 26.315789 | R91: 0 | S91: 0 | T91: 0 | U91: 0 | V91: 0 | W91: 0 | X91: 0 | Y91: 1.18 | Z91: 1.28 | AA91: 1.2 | AB91: 1.53 | AC91: 1.2 | AD91: 0 | AE91: 0 | AF91: 0 | AG91: 0 | AH91: 0 | AI91: 446.239 | AJ91: 60 | AK91: =(AD91*1000)/$AI91 -> 0 | AL91: =(AE91*1000)/$AI91 -> 0 | AM91: =(AF91*1000)/$AI91 -> 0 | AN91: =(AG91*1000)/$AI91 -> 0 | AO91: =(AH91*1000)/$AI91 -> 0 | AP91: =AP90 -> 1550 | AQ91: =AQ90 -> 19462 | AR91: =AR90 -> 36854 | AS91: =AS90 -> 1560 | AT91: =AT90 -> 3640 | AU91: =AP91*(AE91*0.8) -> 0 | AV91: =AQ91*(AF91*0.012) -> 0 | AW91: =AR91*(AG91*0.044) -> 0 | AX91: =AS91*AH91 -> 0 | AY91: =AT91*(AI91*0.025) -> 40607.749 | AZ91: =AU91+AV91+AW91+AX91+AY91 -> 40607.749 | BA91: 1000 | BB91: =AZ91/AI91 -> 91
A92: =+A91+1 -> 46022 | B92: =DAY(Tabla2[[#This Row],[FECHA]]) -> 31 | C92: 1 (NOCHE) | I92: =Tabla2[[#This Row],[VOLUMEN ENVIADO A RO (m3)]]/Tabla2[[#This Row],[Q DE OPERACIÓN (m3/h)]] -> 8.4615385 | J92: 0 | K92: 19 | L92: 3 | M92: 0 | N92: 0 | O92: 0 | P92: 166.66667 | Q92: 26.315789 | R92: 0 | S92: 0 | T92: 0 | U92: 0 | V92: 0 | W92: 0 | X92: 0 | Y92: 1.18 | Z92: 1.28 | AA92: 1.2 | AB92: 1.53 | AC92: 1.2 | AD92: 0 | AE92: 0 | AF92: 0 | AG92: 0 | AH92: 0 | AI92: 440 | AJ92: 52 | AK92: =(AD92*1000)/$AI92 -> 0 | AL92: =(AE92*1000)/$AI92 -> 0 | AM92: =(AF92*1000)/$AI92 -> 0 | AN92: =(AG92*1000)/$AI92 -> 0 | AO92: =(AH92*1000)/$AI92 -> 0 | AP92: =AP91 -> 1550 | AQ92: =AQ91 -> 19462 | AR92: =AR91 -> 36854 | AS92: =AS91 -> 1560 | AT92: =AT91 -> 3640 | AU92: =AP92*(AE92*0.8) -> 0 | AV92: =AQ92*(AF92*0.012) -> 0 | AW92: =AR92*(AG92*0.044) -> 0 | AX92: =AS92*AH92 -> 0 | AY92: =AT92*(AI92*0.025) -> 40040 | AZ92: =AU92+AV92+AW92+AX92+AY92 -> 40040 | BA92: 1000 | BB92: =AZ92/AI92 -> 91
A93: =+A92 -> 46022 | B93: =DAY(Tabla2[[#This Row],[FECHA]]) -> 31 | C93: 2 (MAÑANA) | I93: =Tabla2[[#This Row],[VOLUMEN ENVIADO A RO (m3)]]/Tabla2[[#This Row],[Q DE OPERACIÓN (m3/h)]] -> 4.0967818 | J93: 0 | K93: 19 | L93: 3 | M93: 0 | N93: 0 | O93: 0 | P93: 166.66667 | Q93: 26.315789 | R93: 0 | S93: 0 | T93: 0 | U93: 0 | V93: 0 | W93: 0 | X93: 0 | Y93: 1.18 | Z93: 1.28 | AA93: 1.2 | AB93: 1.53 | AC93: 1.2 | AD93: 0 | AE93: 0 | AF93: 0 | AG93: 0 | AH93: 0 | AI93: 225.323 | AJ93: 55 | AK93: =(AD93*1000)/$AI93 -> 0 | AL93: =(AE93*1000)/$AI93 -> 0 | AM93: =(AF93*1000)/$AI93 -> 0 | AN93: =(AG93*1000)/$AI93 -> 0 | AO93: =(AH93*1000)/$AI93 -> 0 | AP93: =AP92 -> 1550 | AQ93: =AQ92 -> 19462 | AR93: =AR92 -> 36854 | AS93: =AS92 -> 1560 | AT93: =AT92 -> 3640 | AU93: =AP93*(AE93*0.8) -> 0 | AV93: =AQ93*(AF93*0.012) -> 0 | AW93: =AR93*(AG93*0.044) -> 0 | AX93: =AS93*AH93 -> 0 | AY93: =AT93*(AI93*0.025) -> 20504.393 | AZ93: =AU93+AV93+AW93+AX93+AY93 -> 20504.393 | BA93: 1000 | BB93: =AZ93/AI93 -> 91
A94: =+A93 -> 46022 | B94: =DAY(Tabla2[[#This Row],[FECHA]]) -> 31 | C94: 3(TARDE) | I94: =Tabla2[[#This Row],[VOLUMEN ENVIADO A RO (m3)]]/Tabla2[[#This Row],[Q DE OPERACIÓN (m3/h)]] -> 0 | J94: 0 | K94: 19 | L94: 3 | M94: 0 | N94: 0 | O94: 0 | P94: 166.66667 | Q94: 26.315789 | R94: 0 | S94: 0 | T94: 0 | U94: 0 | V94: 0 | W94: 0 | X94: 0 | Y94: 1.18 | Z94: 1.28 | AA94: 1.2 | AB94: 1.53 | AC94: 1.2 | AD94: 0 | AE94: 0 | AF94: 0 | AG94: 0 | AH94: 0 | AI94: 0 | AJ94: 55 | AK94: =(AD94*1000)/$AI94 -> #DIV/0! | AL94: =(AE94*1000)/$AI94 -> #DIV/0! | AM94: =(AF94*1000)/$AI94 -> #DIV/0! | AN94: =(AG94*1000)/$AI94 -> #DIV/0! | AO94: =(AH94*1000)/$AI94 -> #DIV/0! | AP94: =AP93 -> 1550 | AQ94: =AQ93 -> 19462 | AR94: =AR93 -> 36854 | AS94: =AS93 -> 1560 | AT94: =AT93 -> 3640 | AU94: =AP94*(AE94*0.8) -> 0 | AV94: =AQ94*(AF94*0.012) -> 0 | AW94: =AR94*(AG94*0.044) -> 0 | AX94: =AS94*AH94 -> 0 | AY94: =AT94*(AI94*0.025) -> 0 | AZ94: =AU94+AV94+AW94+AX94+AY94 -> 0 | BA94: 1000 | BB94: =AZ94/AI94 -> #DIV/0!
B95: =DAY(Tabla2[[#This Row],[FECHA]]) -> 0 | I95: =Tabla2[[#This Row],[VOLUMEN ENVIADO A RO (m3)]]/Tabla2[[#This Row],[Q DE OPERACIÓN (m3/h)]] -> 0 | J95: 0 | K95: 45 | L95: 37 | M95: 0 | N95: 0 | O95: =J95*(1000/114) -> 0 | P95: =K95*(1000/114) -> 394.73684 | Q95: =L95*(1000/114) -> 324.5614 | R95: =M95*(1000/114) -> 0 | S95: =N95*(1000/114) -> 0 | T95: =O95-O96 -> 0 | U95: =P95-P96 -> 394.73684 | V95: =Q95-Q96 -> 324.5614 | W95: =R95-R96 -> 0 | X95: =S95-S96 -> 0 | AD95: =T95*Y95 -> 0 | AE95: =U95*Z95 -> 0 | AF95: =V95*AA95 -> 0 | AG95: =W95*AB95 -> 0 | AH95: =X95*AC95 -> 0 | AJ95: 55 | AK95: =(AD95*1000)/$AI95 -> #DIV/0! | AL95: =(AE95*1000)/$AI95 -> #DIV/0! | AM95: =(AF95*1000)/$AI95 -> #DIV/0! | AN95: =(AG95*1000)/$AI95 -> #DIV/0! | AO95: =(AH95*1000)/$AI95 -> #DIV/0! | AP95: =AP94 -> 1550 | AQ95: =AQ94 -> 19462 | AR95: =AR94 -> 36854 | AS95: =AS94 -> 1560 | AT95: =AT94 -> 3640 | AU95: =AP95*(AE95*0.8) -> 0 | AV95: =AQ95*(AF95*0.012) -> 0 | AW95: =AR95*(AG95*0.044) -> 0 | AX95: =AS95*AH95 -> 0 | AY95: =AT95*(AI95*0.025) -> 0 | AZ95: =AU95+AV95+AW95+AX95+AY95 -> 0 | BB95: =AZ95/AI95 -> #DIV/0!
O96: =J96*(1000/114) -> 0 | P96: =K96*(1000/114) -> 0 | Q96: =L96*(1000/114) -> 0 | R96: =M96*(1000/114) -> 0 | S96: =N96*(1000/114) -> 0 | AZ96: =SUM(AZ2:AZ94) -> 2936226.5
AI97: =+SUM(AI2:AI94) -> 14633.579

Sheet CONSUMO QUÍMICA - CAUDALES RO
A1: CONSUMO QUIMICO DE PRODUCTO EN SOLUCIÓN
A2: CONSOLIDADO CONSUMO DIARIO QUÍMICA (Litros)
B3: DIA
A4: PRODUCTO QUÍMICO | B4: 1 | C4: 2 | D4: 3 | E4: 4 | F4: 5 | G4: 6 | H4: 7 | I4: 8 | J4: 9 | K4: 10 | L4: 11 | M4: 12 | N4: 13 | O4: 14 | P4: 15 | Q4: 16 | R4: 17 | S4: 18 | T4: 19 | U4: 20 | V4: 21 | W4: 22 | X4: 23 | Y4: 24 | Z4: 25 | AA4: 26 | AB4: 27 | AC4: 28 | AD4: 29 | AE4: 30 | AF4: 31 | AG4: 0 | AH4: Total general
A5: CONSUMO (L) HCL (10%) | B5: 0 | C5: 0 | D5: 0 | E5: 0 | F5: 0 | G5: 0 | H5: 0 | I5: 0 | J5: 0 | K5: 0 | L5: 0 | M5: 0 | N5: 0 | O5: 0 | P5: 0 | Q5: 0 | R5: 0 | S5: 0 | T5: 0 | U5: 0 | V5: 0 | W5: 0 | X5: 0 | Y5: 0 | Z5: 0 | AA5: 0 | AB5: 0 | AC5: 0 | AD5: 0 | AE5: 0 | AF5: 0 | AG5: 0 | AH5: 0
A6: CONSUMO (L) KURIVERTER IK-220 (Biocida) | B6: 0 | C6: 0 | D6: 0 | E6: 0 | F6: 0 | G6: 17.54386 | H6: 70.175439 | I6: 17.54386 | J6: 307.01754 | K6: 0 | L6: 0 | M6: 20 | N6: 70.175439 | O6: 106.49123 | P6: 96.491228 | Q6: 52.631579 | R6: 35.087719 | S6: 0 | T6: 0 | U6: 0 | V6: 26.315789 | W6: 0 | X6: 0 | Y6: 0 | Z6: 0 | AA6: 0 | AB6: 0 | AC6: 0 | AD6: 0 | AE6: 0 | AF6: 0 | AG6: 394.73684 | AH6: 1214.2105
A7: CONSUMO (L) VITEC 7000 (Antiincrustante) | B7: 0 | C7: 0 | D7: 0 | E7: 0 | F7: 0 | G7: 0 | H7: 71.929825 | I7: 35.087719 | J7: 17.54386 | K7: 35.087719 | L7: 377.19298 | M7: 30 | N7: 70.175439 | O7: 201.75439 | P7: 140.35088 | Q7: 70.175439 | R7: 17.54386 | S7: 17.54386 | T7: 0 | U7: 0 | V7: 0 | W7: 0 | X7: 0 | Y7: 0 | Z7: 0 | AA7: 0 | AB7: 0 | AC7: 0 | AD7: 0 | AE7: 0 | AF7: 0 | AG7: 324.5614 | AH7: 1408.9474
A8: CONSUMO (L) Hidróxido de Sodio (NaOH) | B8: 0 | C8: 0 | D8: 0 | E8: 0 | F8: 0 | G8: 0 | H8: 0 | I8: 0 | J8: 0 | K8: 0 | L8: 0 | M8: 0 | N8: 0 | O8: 0 | P8: 0 | Q8: 0 | R8: 0 | S8: 0 | T8: 0 | U8: 0 | V8: 0 | W8: 0 | X8: 0 | Y8: 0 | Z8: 0 | AA8: 0 | AB8: 0 | AC8: 0 | AD8: 0 | AE8: 0 | AF8: 0 | AG8: 0 | AH8: 0
A9: CONSUMO (L) Bisulfito de sodio | B9: 0 | C9: 0 | D9: 0 | E9: 0 | F9: 0 | G9: 0 | H9: 0 | I9: 0 | J9: 0 | K9: 0 | L9: 0 | M9: 0 | N9: 0 | O9: 0 | P9: 0 | Q9: 0 | R9: 0 | S9: 0 | T9: 0 | U9: 0 | V9: 0 | W9: 0 | X9: 0 | Y9: 0 | Z9: 0 | AA9: 0 | AB9: 0 | AC9: 0 | AD9: 0 | AE9: 0 | AF9: 0 | AG9: 0 | AH9: 0
A11: CONSOLIDADO CONSUMO DIARIO QUÍMICA (Kg)
B12: DIA
A13: PRODUCTO QUÍMICO | B13: 1 | C13: 2 | D13: 3 | E13: 4 | F13: 5 | G13: 6 | H13: 7 | I13: 8 | J13: 9 | K13: 10 | L13: 11 | M13: 12 | N13: 13 | O13: 14 | P13: 15 | Q13: 16 | R13: 17 | S13: 18 | T13: 19 | U13: 20 | V13: 21 | W13: 22 | X13: 23 | Y13: 24 | Z13: 25 | AA13: 26 | AB13: 27 | AC13: 28 | AD13: 29 | AE13: 30 | AF13: 31 | AG13: 0 | AH13: Total general
A14: CONSUMO (Kg) HCL (10%)22 | B14: 0 | C14: 0 | D14: 0 | E14: 0 | F14: 0 | G14: 0 | H14: 0 | I14: 0 | J14: 0 | K14: 0 | L14: 0 | M14: 0 | N14: 0 | O14: 0 | P14: 0 | Q14: 0 | R14: 0 | S14: 0 | T14: 0 | U14: 0 | V14: 0 | W14: 0 | X14: 0 | Y14: 0 | Z14: 0 | AA14: 0 | AB14: 0 | AC14: 0 | AD14: 0 | AE14: 0 | AF14: 0 | AG14: 0 | AH14: 0
A15: CONSUMO (Kg) KURIVERTER IK-220 (Biocida) | B15: 0 | C15: 0 | D15: 0 | E15: 0 | F15: 0 | G15: 22.45614 | H15: 89.824561 | I15: 22.45614 | J15: 392.98246 | K15: 0 | L15: 0 | M15: 25.6 | N15: 89.824561 | O15: 136.30877 | P15: 123.50877 | Q15: 67.368421 | R15: 44.912281 | S15: 0 | T15: 0 | U15: 0 | V15: 33.684211 | W15: 0 | X15: 0 | Y15: 0 | Z15: 0 | AA15: 0 | AB15: 0 | AC15: 0 | AD15: 0 | AE15: 0 | AF15: 0 | AG15: 0 | AH15: 1048.9263
A16: CONSUMO (Kg) VITEC 7000 (Antiincrustante) | B16: 0 | C16: 0 | D16: 0 | E16: 0 | F16: 0 | G16: 0 | H16: 86.315789 | I16: 42.105263 | J16: 21.052632 | K16: 42.105263 | L16: 452.63158 | M16: 36 | N16: 84.210526 | O16: 242.10526 | P16: 168.42105 | Q16: 84.210526 | R16: 21.052632 | S16: 21.052632 | T16: 0 | U16: 0 | V16: 0 | W16: 0 | X16: 0 | Y16: 0 | Z16: 0 | AA16: 0 | AB16: 0 | AC16: 0 | AD16: 0 | AE16: 0 | AF16: 0 | AG16: 0 | AH16: 1301.2632
A17: CONSUMO (Kg) Hidróxido de Sodio (NaOH) | B17: 0 | C17: 0 | D17: 0 | E17: 0 | F17: 0 | G17: 0 | H17: 0 | I17: 0 | J17: 0 | K17: 0 | L17: 0 | M17: 0 | N17: 0 | O17: 0 | P17: 0 | Q17: 0 | R17: 0 | S17: 0 | T17: 0 | U17: 0 | V17: 0 | W17: 0 | X17: 0 | Y17: 0 | Z17: 0 | AA17: 0 | AB17: 0 | AC17: 0 | AD17: 0 | AE17: 0 | AF17: 0 | AG17: 0 | AH17: 0
A18: CONSUMO (Kg) Bisulfito de sodio6 | B18: 0 | C18: 0 | D18: 0 | E18: 0 | F18: 0 | G18: 0 | H18: 0 | I18: 0 | J18: 0 | K18: 0 | L18: 0 | M18: 0 | N18: 0 | O18: 0 | P18: 0 | Q18: 0 | R18: 0 | S18: 0 | T18: 0 | U18: 0 | V18: 0 | W18: 0 | X18: 0 | Y18: 0 | Z18: 0 | AA18: 0 | AB18: 0 | AC18: 0 | AD18: 0 | AE18: 0 | AF18: 0 | AG18: 0 | AH18: 0
A21: CONSOLIDADO CONSUMO DIARIO QUÍMICA (PPM)
B22: DIA
A23: PRODUCTO QUÍMICO | B23: 1 | C23: 2 | D23: 3 | E23: 4 | F23: 5 | G23: 6 | H23: 7 | I23: 8 | J23: 9 | K23: 10 | L23: 11 | M23: 12 | N23: 13 | O23: 14 | P23: 15 | Q23: 16 | R23: 17 | S23: 18 | T23: 19 | U23: 20 | V23: 21 | W23: 22 | X23: 23 | Y23: 24 | Z23: 25 | AA23: 26 | AB23: 27 | AC23: 28 | AD23: 29 | AE23: 30 | AF23: 31 | AG23: 0 | AH23: Total general
A24: Suma de PPM HCL | B24: #DIV/0! | C24: 0 | D24: #DIV/0! | E24: #DIV/0! | F24: 0 | G24: 0 | H24: 0 | I24: 0 | J24: 0 | K24: 0 | L24: #DIV/0! | M24: #DIV/0! | N24: 0 | O24: 0 | P24: 0 | Q24: 0 | R24: 0 | S24: #DIV/0! | T24: 0 | U24: 0 | V24: 0 | W24: 0 | X24: 0 | Y24: #DIV/0! | Z24: #DIV/0! | AA24: 0 | AB24: 0 | AC24: 0 | AD24: 0 | AE24: 0 | AF24: 0 | AG24: #DIV/0! | AH24: 0
