Workbook
Name _2_02_2024: #REF!
Name Actual_T2_PROMEDIO: #REF!
Name Actual_T3_PROMEDIO: #REF!
Name Alcalinidad: #REF!
Name Cloruros: #REF!
Name Color: #REF!
Name Color_real_436_nm__Absorbancia: #REF!
Name Color_real_525_nm__Absorbancia: #REF!
Name Color_real_620_nm__Absorbancia: #REF!
Name Conductividad: #REF!
Name Demanda_Bioquímica_de_oxígeno: #REF!
Name Demanda_química_de_oxígeno: #REF!
Name Dureza_Cálcica: #REF!
Name Dureza_Total: #REF!
Name Filtros_Intercambio_Iónico__Entrada__MAX: #REF!
Name Filtros_Intercambio_Iónico__Entrada__MIN: #REF!
Name Filtros_Intercambio_Iónico__Entrada__PROMEDIO: #REF!
Name Filtros_Intercambio_Iónico__Salida__MAX: #REF!
Name Filtros_Intercambio_Iónico__Salida__MIN: #REF!
Name Filtros_Intercambio_Iónico__Salida__PROMEDIO: #REF!
Name Fósforo_Total: #REF!
Name GEM__Salida__MAX: #REF!
Name GEM__Salida__MIN: #REF!
Name GEM__Salida__PROMEDIO: #REF!
Name Grasas___Aceites: #REF!
Name MAXIMOT2: '[1]Tabla datos 1'!#REF!
Name MAXIMOT3: '[1]Tabla datos 1'!#REF!
Name MINIMOT2: '[1]Tabla datos 1'!#REF!
Name MINIMOT3: '[1]Tabla datos 1'!#REF!
Name Nitrógeno_Amoniacal: #REF!
Name Nitrógeno_Total: #REF!
Name Oxígeno_Disuelto: #REF!
Name PARAMETRO: #REF!
Name pH: #REF!
Name pH__Unidades_de_pH: #REF!
Name Reactor_Anóxico__Interna__MAX: #REF!
Name Reactor_Anóxico__Interna__MIN: #REF!
Name Reactor_Anóxico__Interna__PROMEDIO: #REF!
Name Reactor_MBBR__Interno__MAX: #REF!
Name Reactor_MBBR__Interno__MIN: #REF!
Name Reactor_MBBR__Interno__PROMEDIO: #REF!
Name Reactor_MBR_1__Interno__MAX: #REF!
Name Reactor_MBR_1__Interno__MIN: #REF!
Name Reactor_MBR_1__Interno__PROMEDIO: #REF!
Name Reactor_MBR_1__Permeado__MAX: #REF!
Name Reactor_MBR_1__Permeado__MIN: #REF!
Name Reactor_MBR_1__Permeado__PROMEDIO: #REF!
Name Reactor_MBR_2__Interno___MAX: #REF!
Name Reactor_MBR_2__Interno___MIN: #REF!
Name Reactor_MBR_2__Interno___PROMEDIO: #REF!
Name Reactor_MBR_2__Permeado__MAX: #REF!
Name Reactor_MBR_2__Permeado__MIN: #REF!
Name Reactor_MBR_2__Permeado__PROMEDIO: #REF!
Name Sólidos_Disueltos_Totales: #REF!
Name Sólidos_Sedimentables: #REF!
Name Sólidos_Suspendidos_Totales: #REF!
Name Sulfatos: #REF!
Name Tanque_Homogeneizador__Entrada_GEM__MAX: #REF!
Name Tanque_Homogeneizador__Entrada_GEM__MIN: #REF!
Name Tanque_Homogeneizador__Entrada_GEM__PROMEDIO: #REF!

Sheet Balance
A1: FECHA | B1: DIA | C1: ANALISIS TURNO | D1: # TURNO | E1: DILIGENCIAR BITACORA | F1: FINAL COAGULANTE (L) | G1: HORAS DE OPERACIÓN | H1: VOLUMEN TOTAL TRATADO PTAP | I1: VOLUMEN ENVIADO A TK RECIRCULACIÓN | J1: CONSUMO LITROS COAGULANTE (L) | K1: CONSUMO LITROS PERÓXIDO (L) | L1: CONSUMO LITROS ACIDO SULFÚRICO (L) | M1: KG COAGULANTE | N1: KG POL ANIONICO | O1: KG POL CATIONICO | P1: PPM COAGULANTE | Q1: KG PERÓXIDO | R1: KG ÁCIDO | S1: DENSIDAD COAGULANTE | T1: DENSIDAD PERÓXIDO | U1: DENSIDAD ÁCIDO | V1: PRECIO (KG) COAGULANTE | W1: PRECIO (KG) PERÓXIDO | X1: PRECIO (KG) ácido sulfurico | Y1: COSTO OPERATIVO COAGULANTE | Z1: COSTO OPERATIVO PERÓXIDO | AA1: COSTO OPERATIVO ÁCIDO | AB1: COSTO QUIMICA | AC1: LIMITE INDICADOR M3 | AD1: $ m3 tratado | AE1: $ m3 enviado
A2: 45992 | B2: =DAY(A2) -> 1 | C2: 1 (NOCHE) | D2: 1 | E2: FINAL TURNO 3 | F2: 400 | G2: 0 | M2: =(J2*$S$2) -> 0 | N2: =(M2*$S$2)/1000000 -> 0 | O2: =(N2*$S$2)/1000000 -> 0 | P2: =(O2*$S$2)/1000000 -> 0 | Q2: =(K2*$T$2) -> 0 | R2: =(L2*$U$2) -> 0 | S2: 1.325 | T2: 1.2 | U2: 1.3 | V2: 2498 | W2: 2881 | X2: 2446 | Y2: =M2*V2 -> 0 | Z2: =Q2*W2 -> 0 | AA2: =R2*X2 -> 0 | AB2: =+Y2+Z2+AA2 -> 0 | AC2: 1500 | AD2: =AB2/H2 -> #DIV/0! | AE2: =+AB2/I2 -> #DIV/0!
A3: =A2 -> 45992 | B3: =DAY(A3) -> 1 | C3: 2 (MAÑANA) | D3: 2 | E3: FINAL TURNO 1 | F3: 210 | G3: 0 | M3: =(J3*$S$2) -> 0 | N3: =[2]!Tabla1[[#This Row],[CONSUMO POL ANIONICO (KG)]] -> #REF! | O3: =[2]!Tabla1[[#This Row],[CONSUMO POL CATIONICO (KG)]] -> #REF! | P3: =(M3*1000)/H3 -> #DIV/0! | Q3: =(K3*$T$2) -> 0 | R3: =(L3*$U$2) -> 0 | S3: 1.325 | T3: 1200 | U3: 1.3 | V3: 2498 | W3: 2881 | X3: 2446 | Y3: =M3*V3 -> 0 | Z3: =Q3*W3 -> 0 | AA3: =R3*X3 -> 0 | AB3: =+Y3+Z3+AA3 -> 0 | AC3: 1500 | AD3: =AB3/H3 -> #DIV/0! | AE3: =+AB3/I3 -> #DIV/0!
A4: =A3 -> 45992 | B4: =DAY(A4) -> 1 | C4: 3(TARDE) | D4: 3 | E4: FINAL TURNO 2 | F4: 0 | G4: 8 | M4: =(J4*$S$2) -> 0 | N4: =[2]!Tabla1[[#This Row],[CONSUMO POL ANIONICO (KG)]] -> #REF! | O4: =[2]!Tabla1[[#This Row],[CONSUMO POL CATIONICO (KG)]] -> #REF! | P4: =(M4*1000)/H4 -> #DIV/0! | Q4: =(K4*$T$2) -> 0 | R4: =(L4*$U$2) -> 0 | S4: 1.325 | T4: 1200 | U4: 1.3 | V4: 2498 | W4: 2881 | X4: 2446 | Y4: =M4*V4 -> 0 | Z4: =Q4*W4 -> 0 | AA4: =R4*X4 -> 0 | AB4: =+Y4+Z4+AA4 -> 0 | AC4: 1500 | AD4: =AB4/H4 -> #DIV/0! | AE4: =+AB4/I4 -> #DIV/0!
A5: =A4+1 -> 45993 | B5: =DAY(A5) -> 2 | C5: 1 (NOCHE) | D5: 1 | E5: FINAL TURNO 3 | F5: 7000 | G5: 6 | M5: =(J5*$S$2) -> 0 | N5: =[2]!Tabla1[[#This Row],[CONSUMO POL ANIONICO (KG)]] -> #REF! | O5: =[2]!Tabla1[[#This Row],[CONSUMO POL CATIONICO (KG)]] -> #REF! | P5: =(M5*1000)/H5 -> #DIV/0! | Q5: =(K5*$T$2) -> 0 | R5: =(L5*$U$2) -> 0 | S5: 1.325 | T5: 1200 | U5: 1.3 | V5: 2498 | W5: 2881 | X5: 2446 | Y5: =M5*V5 -> 0 | Z5: =Q5*W5 -> 0 | AA5: =R5*X5 -> 0 | AB5: =+Y5+Z5+AA5 -> 0 | AC5: 1500 | AD5: =AB5/H5 -> #DIV/0! | AE5: =+AB5/I5 -> #DIV/0!
A6: =A5 -> 45993 | B6: =DAY(A6) -> 2 | C6: 2 (MAÑANA) | D6: 2 | E6: FINAL TURNO 1 | F6: 6690 | G6: 7 | M6: =(J6*$S$2) -> 0 | N6: =[2]!Tabla1[[#This Row],[CONSUMO POL ANIONICO (KG)]] -> #REF! | O6: =[2]!Tabla1[[#This Row],[CONSUMO POL CATIONICO (KG)]] -> #REF! | P6: =(M6*1000)/H6 -> #DIV/0! | Q6: =(K6*$T$2) -> 0 | R6: =(L6*$U$2) -> 0 | S6: 1.325 | T6: 1200 | U6: 1.3 | V6: 2498 | W6: 2881 | X6: 2446 | Y6: =M6*V6 -> 0 | Z6: =Q6*W6 -> 0 | AA6: =R6*X6 -> 0 | AB6: =+Y6+Z6+AA6 -> 0 | AC6: 1500 | AD6: =AB6/H6 -> #DIV/0! | AE6: =+AB6/I6 -> #DIV/0!
A7: =A6 -> 45993 | B7: =DAY(A7) -> 2 | C7: 3(TARDE) | D7: 3 | E7: FINAL TURNO 2 | F7: 6600 | G7: 8 | M7: =(J7*$S$2) -> 0 | N7: =[2]!Tabla1[[#This Row],[CONSUMO POL ANIONICO (KG)]] -> #REF! | O7: =[2]!Tabla1[[#This Row],[CONSUMO POL CATIONICO (KG)]] -> #REF! | P7: =(M7*1000)/H7 -> #DIV/0! | Q7: =(K7*$T$2) -> 0 | R7: =(L7*$U$2) -> 0 | S7: 1.325 | T7: 1200 | U7: 1.3 | V7: 2498 | W7: 2881 | X7: 2446 | Y7: =M7*V7 -> 0 | Z7: =Q7*W7 -> 0 | AA7: =R7*X7 -> 0 | AB7: =+Y7+Z7+AA7 -> 0 | AC7: 1500 | AD7: =AB7/H7 -> #DIV/0! | AE7: =+AB7/I7 -> #DIV/0!
A8: =A7+1 -> 45994 | B8: =DAY(A8) -> 3 | C8: 1 (NOCHE) | D8: 1 | E8: FINAL TURNO 3 | F8: 6300 | G8: 8 | M8: =(J8*$S$2) -> 0 | N8: =[2]!Tabla1[[#This Row],[CONSUMO POL ANIONICO (KG)]] -> #REF! | O8: =[2]!Tabla1[[#This Row],[CONSUMO POL CATIONICO (KG)]] -> #REF! | P8: =(M8*1000)/H8 -> #DIV/0! | Q8: =(K8*$T$2) -> 0 | R8: =(L8*$U$2) -> 0 | S8: 1.325 | T8: 1200 | U8: 1.3 | V8: 2498 | W8: 2881 | X8: 2446 | Y8: =M8*V8 -> 0 | Z8: =Q8*W8 -> 0 | AA8: =R8*X8 -> 0 | AB8: =+Y8+Z8+AA8 -> 0 | AC8: 1500 | AD8: =AB8/H8 -> #DIV/0! | AE8: =+AB8/I8 -> #DIV/0!
A9: =A8 -> 45994 | B9: =DAY(A9) -> 3 | C9: 2 (MAÑANA) | D9: 2 | E9: FINAL TURNO 1 | F9: 6030 | G9: 6 | M9: =(J9*$S$2) -> 0 | N9: =[2]!Tabla1[[#This Row],[CONSUMO POL ANIONICO (KG)]] -> #REF! | O9: =[2]!Tabla1[[#This Row],[CONSUMO POL CATIONICO (KG)]] -> #REF! | P9: =(M9*1000)/H9 -> #DIV/0! | Q9: =(K9*$T$2) -> 0 | R9: =(L9*$U$2) -> 0 | S9: 1.325 | T9: 1200 | U9: 1.3 | V9: 2498 | W9: 2881 | X9: 2446 | Y9: =M9*V9 -> 0 | Z9: =Q9*W9 -> 0 | AA9: =R9*X9 -> 0 | AB9: =+Y9+Z9+AA9 -> 0 | AC9: 1500 | AD9: =AB9/H9 -> #DIV/0! | AE9: =+AB9/I9 -> #DIV/0!
A10: =A9 -> 45994 | B10: =DAY(A10) -> 3 | C10: 3(TARDE) | D10: 3 | E10: FINAL TURNO 2 | F10: 5750 | G10: 7 | M10: =(J10*$S$2) -> 0 | N10: =[2]!Tabla1[[#This Row],[CONSUMO POL ANIONICO (KG)]] -> #REF! | O10: =[2]!Tabla1[[#This Row],[CONSUMO POL CATIONICO (KG)]] -> #REF! | P10: =(M10*1000)/H10 -> #DIV/0! | Q10: =(K10*$T$2) -> 0 | R10: =(L10*$U$2) -> 0 | S10: 1.325 | T10: 1200 | U10: 1.3 | V10: 2498 | W10: 2881 | X10: 2446 | Y10: =M10*V10 -> 0 | Z10: =Q10*W10 -> 0 | AA10: =R10*X10 -> 0 | AB10: =+Y10+Z10+AA10 -> 0 | AC10: 1500 | AD10: =AB10/H10 -> #DIV/0! | AE10: =+AB10/I10 -> #DIV/0!
A11: =A10+1 -> 45995 | B11: =DAY(A11) -> 4 | C11: 1 (NOCHE) | D11: 1 | E11: FINAL TURNO 3 | F11: 5590 | G11: 8 | M11: =(J11*$S$2) -> 0 | N11: =[2]!Tabla1[[#This Row],[CONSUMO POL ANIONICO (KG)]] -> #REF! | O11: =[2]!Tabla1[[#This Row],[CONSUMO POL CATIONICO (KG)]] -> #REF! | P11: =(M11*1000)/H11 -> #DIV/0! | Q11: =(K11*$T$2) -> 0 | R11: =(L11*$U$2) -> 0 | S11: 1.325 | T11: 1200 | U11: 1.3 | V11: 2498 | W11: 2881 | X11: 2446 | Y11: =M11*V11 -> 0 | Z11: =Q11*W11 -> 0 | AA11: =R11*X11 -> 0 | AB11: =+Y11+Z11+AA11 -> 0 | AC11: 1500 | AD11: =AB11/H11 -> #DIV/0! | AE11: =+AB11/I11 -> #DIV/0!
A12: =A11 -> 45995 | B12: =DAY(A12) -> 4 | C12: 2 (MAÑANA) | D12: 2 | E12: FINAL TURNO 1 | F12: 5250 | G12: 7 | M12: =(J12*$S$2) -> 0 | N12: =[2]!Tabla1[[#This Row],[CONSUMO POL ANIONICO (KG)]] -> #REF! | O12: =[2]!Tabla1[[#This Row],[CONSUMO POL CATIONICO (KG)]] -> #REF! | P12: =(M12*1000)/H12 -> #DIV/0! | Q12: =(K12*$T$2) -> 0 | R12: =(L12*$U$2) -> 0 | S12: 1.325 | T12: 1200 | U12: 1.3 | V12: 2498 | W12: 2881 | X12: 2446 | Y12: =M12*V12 -> 0 | Z12: =Q12*W12 -> 0 | AA12: =R12*X12 -> 0 | AB12: =+Y12+Z12+AA12 -> 0 | AC12: 1500 | AD12: =AB12/H12 -> #DIV/0! | AE12: =+AB12/I12 -> #DIV/0!
A13: =A12 -> 45995 | B13: =DAY(A13) -> 4 | C13: 3(TARDE) | D13: 3 | E13: FINAL TURNO 2 | F13: 4590 | G13: 7 | M13: =(J13*$S$2) -> 0 | N13: =[2]!Tabla1[[#This Row],[CONSUMO POL ANIONICO (KG)]] -> #REF! | O13: =[2]!Tabla1[[#This Row],[CONSUMO POL CATIONICO (KG)]] -> #REF! | P13: =(M13*1000)/H13 -> #DIV/0! | Q13: =(K13*$T$2) -> 0 | R13: =(L13*$U$2) -> 0 | S13: 1.325 | T13: 1200 | U13: 1.3 | V13: 2498 | W13: 2881 | X13: 2446 | Y13: =M13*V13 -> 0 | Z13: =Q13*W13 -> 0 | AA13: =R13*X13 -> 0 | AB13: =+Y13+Z13+AA13 -> 0 | AC13: 1500 | AD13: =AB13/H13 -> #DIV/0! | AE13: =+AB13/I13 -> #DIV/0!
A14: =A13+1 -> 45996 | B14: =DAY(A14) -> 5 | C14: 1 (NOCHE) | D14: 1 | E14: FINAL TURNO 3 | F14: 4200 | G14: 8 | M14: =(J14*$S$2) -> 0 | N14: =[2]!Tabla1[[#This Row],[CONSUMO POL ANIONICO (KG)]] -> #REF! | O14: =[2]!Tabla1[[#This Row],[CONSUMO POL CATIONICO (KG)]] -> #REF! | P14: =(M14*1000)/H14 -> #DIV/0! | Q14: =(K14*$T$2) -> 0 | R14: =(L14*$U$2) -> 0 | S14: 1.325 | T14: 1200 | U14: 1.3 | V14: 2498 | W14: 2881 | X14: 2446 | Y14: =M14*V14 -> 0 | Z14: =Q14*W14 -> 0 | AA14: =R14*X14 -> 0 | AB14: =+Y14+Z14+AA14 -> 0 | AC14: 1500 | AD14: =AB14/H14 -> #DIV/0! | AE14: =+AB14/I14 -> #DIV/0!
A15: =A14 -> 45996 | B15: =DAY(A15) -> 5 | C15: 2 (MAÑANA) | D15: 2 | E15: FINAL TURNO 1 | F15: 3910 | G15: 8 | M15: =(J15*$S$2) -> 0 | N15: =[2]!Tabla1[[#This Row],[CONSUMO POL ANIONICO (KG)]] -> #REF! | O15: =[2]!Tabla1[[#This Row],[CONSUMO POL CATIONICO (KG)]] -> #REF! | P15: =(M15*1000)/H15 -> #DIV/0! | Q15: =(K15*$T$2) -> 0 | R15: =(L15*$U$2) -> 0 | S15: 1.325 | T15: 1200 | U15: 1.3 | V15: 2498 | W15: 2881 | X15: 2446 | Y15: =M15*V15 -> 0 | Z15: =Q15*W15 -> 0 | AA15: =R15*X15 -> 0 | AB15: =+Y15+Z15+AA15 -> 0 | AC15: 1500 | AD15: =AB15/H15 -> #DIV/0! | AE15: =+AB15/I15 -> #DIV/0!
A16: =A15 -> 45996 | B16: =DAY(A16) -> 5 | C16: 3(TARDE) | D16: 3 | E16: FINAL TURNO 2 | F16: 3650 | G16: 4 | M16: =(J16*$S$2) -> 0 | N16: =[2]!Tabla1[[#This Row],[CONSUMO POL ANIONICO (KG)]] -> #REF! | O16: =[2]!Tabla1[[#This Row],[CONSUMO POL CATIONICO (KG)]] -> #REF! | P16: =(M16*1000)/H16 -> #DIV/0! | Q16: =(K16*$T$2) -> 0 | R16: =(L16*$U$2) -> 0 | S16: 1.325 | T16: 1200 | U16: 1.3 | V16: 2498 | W16: 2881 | X16: 2446 | Y16: =M16*V16 -> 0 | Z16: =Q16*W16 -> 0 | AA16: =R16*X16 -> 0 | AB16: =+Y16+Z16+AA16 -> 0 | AC16: 1500 | AD16: =AB16/H16 -> #DIV/0! | AE16: =+AB16/I16 -> #DIV/0!
A17: =A16+1 -> 45997 | B17: =DAY(A17) -> 6 | C17: 1 (NOCHE) | D17: 1 | E17: FINAL TURNO 3 | F17: 3350 | G17: 5 | M17: =(J17*$S$2) -> 0 | N17: =[2]!Tabla1[[#This Row],[CONSUMO POL ANIONICO (KG)]] -> #REF! | O17: =[2]!Tabla1[[#This Row],[CONSUMO POL CATIONICO (KG)]] -> #REF! | P17: =(M17*1000)/H17 -> #DIV/0! | Q17: =(K17*$T$2) -> 0 | R17: =(L17*$U$2) -> 0 | S17: 1.325 | T17: 1200 | U17: 1.3 | V17: 2498 | W17: 2881 | X17: 2446 | Y17: =M17*V17 -> 0 | Z17: =Q17*W17 -> 0 | AA17: =R17*X17 -> 0 | AB17: =+Y17+Z17+AA17 -> 0 | AC17: 1500 | AD17: =AB17/H17 -> #DIV/0! | AE17: =+AB17/I17 -> #DIV/0!
A18: =A17 -> 45997 | B18: =DAY(A18) -> 6 | C18: 2 (MAÑANA) | D18: 2 | E18: FINAL TURNO 1 | F18: 3205 | G18: 3 | M18: =(J18*$S$2) -> 0 | N18: =[2]!Tabla1[[#This Row],[CONSUMO POL ANIONICO (KG)]] -> #REF! | O18: =[2]!Tabla1[[#This Row],[CONSUMO POL CATIONICO (KG)]] -> #REF! | P18: =(M18*1000)/H18 -> #DIV/0! | Q18: =(K18*$T$2) -> 0 | R18: =(L18*$U$2) -> 0 | S18: 1.325 | T18: 1200 | U18: 1.3 | V18: 2498 | W18: 2881 | X18: 2446 | Y18: =M18*V18 -> 0 | Z18: =Q18*W18 -> 0 | AA18: =R18*X18 -> 0 | AB18: =+Y18+Z18+AA18 -> 0 | AC18: 1500 | AD18: =AB18/H18 -> #DIV/0! | AE18: =+AB18/I18 -> #DIV/0!
A19: =A18 -> 45997 | B19: =DAY(A19) -> 6 | C19: 3(TARDE) | D19: 3 | E19: FINAL TURNO 2 | F19: =+AVERAGE(F18,F20) -> 2982.5 | G19: 8 | M19: =(J19*$S$2) -> 0 | N19: =[2]!Tabla1[[#This Row],[CONSUMO POL ANIONICO (KG)]] -> #REF! | O19: =[2]!Tabla1[[#This Row],[CONSUMO POL CATIONICO (KG)]] -> #REF! | P19: =(M19*1000)/H19 -> #DIV/0! | Q19: =(K19*$T$2) -> 0 | R19: =(L19*$U$2) -> 0 | S19: 1.325 | T19: 1200 | U19: 1.3 | V19: 2498 | W19: 2881 | X19: 2446 | Y19: =M19*V19 -> 0 | Z19: =Q19*W19 -> 0 | AA19: =R19*X19 -> 0 | AB19: =+Y19+Z19+AA19 -> 0 | AC19: 1500 | AD19: =AB19/H19 -> #DIV/0! | AE19: =+AB19/I19 -> #DIV/0!
A20: =A19+1 -> 45998 | B20: =DAY(A20) -> 7 | C20: 1 (NOCHE) | D20: 1 | E20: FINAL TURNO 3 | F20: 2760 | G20: 8 | M20: =(J20*$S$2) -> 0 | N20: =[2]!Tabla1[[#This Row],[CONSUMO POL ANIONICO (KG)]] -> #REF! | O20: =[2]!Tabla1[[#This Row],[CONSUMO POL CATIONICO (KG)]] -> #REF! | P20: =(M20*1000)/H20 -> #DIV/0! | Q20: =(K20*$T$2) -> 0 | R20: =(L20*$U$2) -> 0 | S20: 1.325 | T20: 1200 | U20: 1.3 | V20: 2498 | W20: 2881 | X20: 2446 | Y20: =M20*V20 -> 0 | Z20: =Q20*W20 -> 0 | AA20: =R20*X20 -> 0 | AB20: =+Y20+Z20+AA20 -> 0 | AC20: 1500 | AD20: =AB20/H20 -> #DIV/0! | AE20: =+AB20/I20 -> #DIV/0!
A21: =A20 -> 45998 | B21: =DAY(A21) -> 7 | C21: 2 (MAÑANA) | D21: 2 | E21: FINAL TURNO 1 | F21: 2530 | G21: 6 | M21: =(J21*$S$2) -> 0 | N21: =[2]!Tabla1[[#This Row],[CONSUMO POL ANIONICO (KG)]] -> #REF! | O21: =[2]!Tabla1[[#This Row],[CONSUMO POL CATIONICO (KG)]] -> #REF! | P21: =(M21*1000)/H21 -> #DIV/0! | Q21: =(K21*$T$2) -> 0 | R21: =(L21*$U$2) -> 0 | S21: 1.325 | T21: 1200 | U21: 1.3 | V21: 2498 | W21: 2881 | X21: 2446 | Y21: =M21*V21 -> 0 | Z21: =Q21*W21 -> 0 | AA21: =R21*X21 -> 0 | AB21: =+Y21+Z21+AA21 -> 0 | AC21: 1500 | AD21: =AB21/H21 -> #DIV/0! | AE21: =+AB21/I21 -> #DIV/0!
A22: =A21 -> 45998 | B22: =DAY(A22) -> 7 | C22: 3(TARDE) | D22: 3 | E22: FINAL TURNO 2 | F22: 2200 | G22: 7 | M22: =(J22*$S$2) -> 0 | N22: =[2]!Tabla1[[#This Row],[CONSUMO POL ANIONICO (KG)]] -> #REF! | O22: =[2]!Tabla1[[#This Row],[CONSUMO POL CATIONICO (KG)]] -> #REF! | P22: =(M22*1000)/H22 -> #DIV/0! | Q22: =(K22*$T$2) -> 0 | R22: =(L22*$U$2) -> 0 | S22: 1.325 | T22: 1200 | U22: 1.3 | V22: 2498 | W22: 2881 | X22: 2446 | Y22: =M22*V22 -> 0 | Z22: =Q22*W22 -> 0 | AA22: =R22*X22 -> 0 | AB22: =+Y22+Z22+AA22 -> 0 | AC22: 1500 | AD22: =AB22/H22 -> #DIV/0! | AE22: =+AB22/I22 -> #DIV/0!
A23: =A22+1 -> 45999 | B23: =DAY(A23) -> 8 | C23: 1 (NOCHE) | D23: 1 | E23: FINAL TURNO 3 | F23: 5900 | G23: 8 | M23: =(J23*$S$2) -> 0 | N23: =[2]!Tabla1[[#This Row],[CONSUMO POL ANIONICO (KG)]] -> #REF! | O23: =[2]!Tabla1[[#This Row],[CONSUMO POL CATIONICO (KG)]] -> #REF! | P23: =(M23*1000)/H23 -> #DIV/0! | Q23: =(K23*$T$2) -> 0 | R23: =(L23*$U$2) -> 0 | S23: 1.325 | T23: 1200 | U23: 1.3 | V23: 2498 | W23: 2881 | X23: 2446 | Y23: =M23*V23 -> 0 | Z23: =Q23*W23 -> 0 | AA23: =R23*X23 -> 0 | AB23: =+Y23+Z23+AA23 -> 0 | AC23: 1500 | AD23: =AB23/H23 -> #DIV/0! | AE23: =+AB23/I23 -> #DIV/0!
A24: =A23 -> 45999 | B24: =DAY(A24) -> 8 | C24: 2 (MAÑANA) | D24: 2 | E24: FINAL TURNO 1 | F24: 5590 | G24: 6 | M24: =(J24*$S$2) -> 0 | N24: =[2]!Tabla1[[#This Row],[CONSUMO POL ANIONICO (KG)]] -> #REF! | O24: =[2]!Tabla1[[#This Row],[CONSUMO POL CATIONICO (KG)]] -> #REF! | P24: =(M24*1000)/H24 -> #DIV/0! | Q24: =(K24*$T$2) -> 0 | R24: =(L24*$U$2) -> 0 | S24: 1.325 | T24: 1200 | U24: 1.3 | V24: 2498 | W24: 2881 | X24: 2446 | Y24: =M24*V24 -> 0 | Z24: =Q24*W24 -> 0 | AA24: =R24*X24 -> 0 | AB24: =+Y24+Z24+AA24 -> 0 | AC24: 1500 | AD24: =AB24/H24 -> #DIV/0! | AE24: =+AB24/I24 -> #DIV/0!
A25: =A24 -> 45999 | B25: =DAY(A25) -> 8 | C25: 3(TARDE) | D25: 3 | E25: FINAL TURNO 2 | F25: 5150 | G25: 7 | M25: =(J25*$S$2) -> 0 | N25: =[2]!Tabla1[[#This Row],[CONSUMO POL ANIONICO (KG)]] -> #REF! | O25: =[2]!Tabla1[[#This Row],[CONSUMO POL CATIONICO (KG)]] -> #REF! | P25: =(M25*1000)/H25 -> #DIV/0! | Q25: =(K25*$T$2) -> 0 | R25: =(L25*$U$2) -> 0 | S25: 1.325 | T25: 1200 | U25: 1.3 | V25: 2498 | W25: 2881 | X25: 2446 | Y25: =M25*V25 -> 0 | Z25: =Q25*W25 -> 0 | AA25: =R25*X25 -> 0 | AB25: =+Y25+Z25+AA25 -> 0 | AC25: 1500 | AD25: =AB25/H25 -> #DIV/0! | AE25: =+AB25/I25 -> #DIV/0!
A26: =A25+1 -> 46000 | B26: =DAY(A26) -> 9 | C26: 1 (NOCHE) | D26: 1 | E26: FINAL TURNO 3 | F26: 4980 | G26: 3 | M26: =(J26*$S$2) -> 0 | N26: =[2]!Tabla1[[#This Row],[CONSUMO POL ANIONICO (KG)]] -> #REF! | O26: =[2]!Tabla1[[#This Row],[CONSUMO POL CATIONICO (KG)]] -> #REF! | P26: =(M26*1000)/H26 -> #DIV/0! | Q26: =(K26*$T$2) -> 0 | R26: =(L26*$U$2) -> 0 | S26: 1.325 | T26: 1200 | U26: 1.3 | V26: 2498 | W26: 2881 | X26: 2446 | Y26: =M26*V26 -> 0 | Z26: =Q26*W26 -> 0 | AA26: =R26*X26 -> 0 | AB26: =+Y26+Z26+AA26 -> 0 | AC26: 1500 | AD26: =AB26/H26 -> #DIV/0! | AE26: =+AB26/I26 -> #DIV/0!
A27: =A26 -> 46000 | B27: =DAY(A27) -> 9 | C27: 2 (MAÑANA) | D27: 2 | E27: FINAL TURNO 1 | F27: 4980 | G27: 0 | M27: =(J27*$S$2) -> 0 | N27: =[2]!Tabla1[[#This Row],[CONSUMO POL ANIONICO (KG)]] -> #REF! | O27: =[2]!Tabla1[[#This Row],[CONSUMO POL CATIONICO (KG)]] -> #REF! | P27: =(M27*1000)/H27 -> #DIV/0! | Q27: =(K27*$T$2) -> 0 | R27: =(L27*$U$2) -> 0 | S27: 1.325 | T27: 1200 | U27: 1.3 | V27: 2498 | W27: 2881 | X27: 2446 | Y27: =M27*V27 -> 0 | Z27: =Q27*W27 -> 0 | AA27: =R27*X27 -> 0 | AB27: =+Y27+Z27+AA27 -> 0 | AC27: 1500 | AD27: =AB27/H27 -> #DIV/0! | AE27: =+AB27/I27 -> #DIV/0!
A28: =A27 -> 46000 | B28: =DAY(A28) -> 9 | C28: 3(TARDE) | D28: 3 | E28: FINAL TURNO 2 | F28: 4980 | G28: 0 | M28: =(J28*$S$2) -> 0 | N28: 0 | O28: =[2]!Tabla1[[#This Row],[CONSUMO POL CATIONICO (KG)]] -> #REF! | P28: =(M28*1000)/H28 -> #DIV/0! | Q28: =(K28*$T$2) -> 0 | R28: =(L28*$U$2) -> 0 | S28: 1.325 | T28: 1200 | U28: 1.3 | V28: 2498 | W28: 2881 | X28: 2446 | Y28: =M28*V28 -> 0 | Z28: =Q28*W28 -> 0 | AA28: =R28*X28 -> 0 | AB28: =+Y28+Z28+AA28 -> 0 | AC28: 1500 | AD28: =AB28/H28 -> #DIV/0! | AE28: =+AB28/I28 -> #DIV/0!
A29: =A28+1 -> 46001 | B29: =DAY(A29) -> 10 | C29: 1 (NOCHE) | D29: 1 | E29: FINAL TURNO 3 | F29: 4980 | G29: 3 | M29: =(J29*$S$2) -> 0 | N29: =[2]!Tabla1[[#This Row],[CONSUMO POL ANIONICO (KG)]] -> #REF! | O29: =[2]!Tabla1[[#This Row],[CONSUMO POL CATIONICO (KG)]] -> #REF! | P29: =(M29*1000)/H29 -> #DIV/0! | Q29: =(K29*$T$2) -> 0 | R29: =(L29*$U$2) -> 0 | S29: 1.325 | T29: 1200 | U29: 1.3 | V29: 2498 | W29: 2881 | X29: 2446 | Y29: =M29*V29 -> 0 | Z29: =Q29*W29 -> 0 | AA29: =R29*X29 -> 0 | AB29: =+Y29+Z29+AA29 -> 0 | AC29: 1500 | AD29: =AB29/H29 -> #DIV/0! | AE29: =+AB29/I29 -> #DIV/0!
A30: =A29 -> 46001 | B30: =DAY(A30) -> 10 | C30: 2 (MAÑANA) | D30: 2 | E30: FINAL TURNO 1 | F30: 4750 | G30: 8 | M30: =(J30*$S$2) -> 0 | N30: =[2]!Tabla1[[#This Row],[CONSUMO POL ANIONICO (KG)]] -> #REF! | O30: =[2]!Tabla1[[#This Row],[CONSUMO POL CATIONICO (KG)]] -> #REF! | P30: =(M30*1000)/H30 -> #DIV/0! | Q30: =(K30*$T$2) -> 0 | R30: =(L30*$U$2) -> 0 | S30: 1.325 | T30: 1200 | U30: 1.3 | V30: 2498 | W30: 2881 | X30: 2446 | Y30: =M30*V30 -> 0 | Z30: =Q30*W30 -> 0 | AA30: =R30*X30 -> 0 | AB30: =+Y30+Z30+AA30 -> 0 | AC30: 1500 | AD30: =AB30/H30 -> #DIV/0! | AE30: =+AB30/I30 -> #DIV/0!
A31: =A30 -> 46001 | B31: =DAY(A31) -> 10 | C31: 3(TARDE) | D31: 3 | E31: FINAL TURNO 2 | F31: 4330 | G31: 6 | M31: =(J31*$S$2) -> 0 | N31: =[2]!Tabla1[[#This Row],[CONSUMO POL ANIONICO (KG)]] -> #REF! | O31: =[2]!Tabla1[[#This Row],[CONSUMO POL CATIONICO (KG)]] -> #REF! | P31: =(M31*1000)/H31 -> #DIV/0! | Q31: =(K31*$T$2) -> 0 | R31: =(L31*$U$2) -> 0 | S31: 1.325 | T31: 1200 | U31: 1.3 | V31: 2498 | W31: 2881 | X31: 2446 | Y31: =M31*V31 -> 0 | Z31: =Q31*W31 -> 0 | AA31: =R31*X31 -> 0 | AB31: =+Y31+Z31+AA31 -> 0 | AC31: 1500 | AD31: =AB31/H31 -> #DIV/0! | AE31: =+AB31/I31 -> #DIV/0!
A32: =A31+1 -> 46002 | B32: =DAY(A32) -> 11 | C32: 1 (NOCHE) | D32: 1 | E32: FINAL TURNO 3 | F32: 4100 | G32: 6 | M32: =(J32*$S$2) -> 0 | N32: =[2]!Tabla1[[#This Row],[CONSUMO POL ANIONICO (KG)]] -> #REF! | O32: =[2]!Tabla1[[#This Row],[CONSUMO POL CATIONICO (KG)]] -> #REF! | P32: =(M32*1000)/H32 -> #DIV/0! | Q32: =(K32*$T$2) -> 0 | R32: =(L32*$U$2) -> 0 | S32: 1.325 | T32: 1200 | U32: 1.3 | V32: 2498 | W32: 2881 | X32: 2446 | Y32: =M32*V32 -> 0 | Z32: =Q32*W32 -> 0 | AA32: =R32*X32 -> 0 | AB32: =+Y32+Z32+AA32 -> 0 | AC32: 1500 | AD32: =AB32/H32 -> #DIV/0! | AE32: =+AB32/I32 -> #DIV/0!
A33: =A32 -> 46002 | B33: =DAY(A33) -> 11 | C33: 2 (MAÑANA) | D33: 2 | E33: FINAL TURNO 1 | F33: 3840 | G33: 8 | M33: =(J33*$S$2) -> 0 | N33: =[2]!Tabla1[[#This Row],[CONSUMO POL ANIONICO (KG)]] -> #REF! | O33: =[2]!Tabla1[[#This Row],[CONSUMO POL CATIONICO (KG)]] -> #REF! | P33: =(M33*1000)/H33 -> #DIV/0! | Q33: =(K33*$T$2) -> 0 | R33: =(L33*$U$2) -> 0 | S33: 1.325 | T33: 1200 | U33: 1.3 | V33: 2498 | W33: 2881 | X33: 2446 | Y33: =M33*V33 -> 0 | Z33: =Q33*W33 -> 0 | AA33: =R33*X33 -> 0 | AB33: =+Y33+Z33+AA33 -> 0 | AC33: 1500 | AD33: =AB33/H33 -> #DIV/0! | AE33: =+AB33/I33 -> #DIV/0!
A34: =A33 -> 46002 | B34: =DAY(A34) -> 11 | C34: 3(TARDE) | D34: 3 | E34: FINAL TURNO 2 | F34: 3110 | G34: 6 | M34: =(J34*$S$2) -> 0 | N34: =[2]!Tabla1[[#This Row],[CONSUMO POL ANIONICO (KG)]] -> #REF! | O34: =[2]!Tabla1[[#This Row],[CONSUMO POL CATIONICO (KG)]] -> #REF! | P34: =(M34*1000)/H34 -> #DIV/0! | Q34: =(K34*$T$2) -> 0 | R34: =(L34*$U$2) -> 0 | S34: 1.325 | T34: 1200 | U34: 1.3 | V34: 2498 | W34: 2881 | X34: 2446 | Y34: =M34*V34 -> 0 | Z34: =Q34*W34 -> 0 | AA34: =R34*X34 -> 0 | AB34: =+Y34+Z34+AA34 -> 0 | AC34: 1500 | AD34: =AB34/H34 -> #DIV/0! | AE34: =+AB34/I34 -> #DIV/0!
A35: =A34+1 -> 46003 | B35: =DAY(A35) -> 12 | C35: 1 (NOCHE) | D35: 1 | E35: FINAL TURNO 3 | F35: 3110 | G35: 6 | M35: =(J35*$S$2) -> 0 | N35: =[2]!Tabla1[[#This Row],[CONSUMO POL ANIONICO (KG)]] -> #REF! | O35: =[2]!Tabla1[[#This Row],[CONSUMO POL CATIONICO (KG)]] -> #REF! | P35: =(M35*1000)/H35 -> #DIV/0! | Q35: =(K35*$T$2) -> 0 | R35: =(L35*$U$2) -> 0 | S35: 1.325 | T35: 1200 | U35: 1.3 | V35: 2498 | W35: 2881 | X35: 2446 | Y35: =M35*V35 -> 0 | Z35: =Q35*W35 -> 0 | AA35: =R35*X35 -> 0 | AB35: =+Y35+Z35+AA35 -> 0 | AC35: 1500 | AD35: =AB35/H35 -> #DIV/0! | AE35: =+AB35/I35 -> #DIV/0!
A36: =A35 -> 46003 | B36: =DAY(A36) -> 12 | C36: 2 (MAÑANA) | D36: 2 | E36: FINAL TURNO 1 | F36: 2730 | G36: 6 | M36: =(J36*$S$2) -> 0 | N36: =[2]!Tabla1[[#This Row],[CONSUMO POL ANIONICO (KG)]] -> #REF! | O36: =[2]!Tabla1[[#This Row],[CONSUMO POL CATIONICO (KG)]] -> #REF! | P36: =(M36*1000)/H36 -> #DIV/0! | Q36: =(K36*$T$2) -> 0 | R36: =(L36*$U$2) -> 0 | S36: 1.325 | T36: 1200 | U36: 1.3 | V36: 2498 | W36: 2881 | X36: 2446 | Y36: =M36*V36 -> 0 | Z36: =Q36*W36 -> 0 | AA36: =R36*X36 -> 0 | AB36: =+Y36+Z36+AA36 -> 0 | AC36: 1500 | AD36: =AB36/H36 -> #DIV/0! | AE36: =+AB36/I36 -> #DIV/0!
A37: =A36 -> 46003 | B37: =DAY(A37) -> 12 | C37: 3(TARDE) | D37: 3 | E37: FINAL TURNO 2 | F37: 2400 | G37: 4 | M37: =(J37*$S$2) -> 0 | N37: =[2]!Tabla1[[#This Row],[CONSUMO POL ANIONICO (KG)]] -> #REF! | O37: =[2]!Tabla1[[#This Row],[CONSUMO POL CATIONICO (KG)]] -> #REF! | P37: =(M37*1000)/H37 -> #DIV/0! | Q37: =(K37*$T$2) -> 0 | R37: =(L37*$U$2) -> 0 | S37: 1.325 | T37: 1200 | U37: 1.3 | V37: 2498 | W37: 2881 | X37: 2446 | Y37: =M37*V37 -> 0 | Z37: =Q37*W37 -> 0 | AA37: =R37*X37 -> 0 | AB37: =+Y37+Z37+AA37 -> 0 | AC37: 1500 | AD37: =AB37/H37 -> #DIV/0! | AE37: =+AB37/I37 -> #DIV/0!
A38: =A37+1 -> 46004 | B38: =DAY(A38) -> 13 | C38: 1 (NOCHE) | D38: 1 | E38: FINAL TURNO 3 | F38: 1860 | G38: 4 | M38: =(J38*$S$2) -> 0 | N38: =[2]!Tabla1[[#This Row],[CONSUMO POL ANIONICO (KG)]] -> #REF! | O38: =[2]!Tabla1[[#This Row],[CONSUMO POL CATIONICO (KG)]] -> #REF! | P38: =(M38*1000)/H38 -> #DIV/0! | Q38: =(K38*$T$2) -> 0 | R38: =(L38*$U$2) -> 0 | S38: 1.325 | T38: 1200 | U38: 1.3 | V38: 2498 | W38: 2881 | X38: 2446 | Y38: =M38*V38 -> 0 | Z38: =Q38*W38 -> 0 | AA38: =R38*X38 -> 0 | AB38: =+Y38+Z38+AA38 -> 0 | AC38: 1500 | AD38: =AB38/H38 -> #DIV/0! | AE38: =+AB38/I38 -> #DIV/0!
A39: =A38 -> 46004 | B39: =DAY(A39) -> 13 | C39: 2 (MAÑANA) | D39: 2 | E39: FINAL TURNO 1 | F39: 1540 | G39: 8 | M39: =(J39*$S$2) -> 0 | N39: =[2]!Tabla1[[#This Row],[CONSUMO POL ANIONICO (KG)]] -> #REF! | O39: =[2]!Tabla1[[#This Row],[CONSUMO POL CATIONICO (KG)]] -> #REF! | P39: =(M39*1000)/H39 -> #DIV/0! | Q39: =(K39*$T$2) -> 0 | R39: =(L39*$U$2) -> 0 | S39: 1.325 | T39: 1200 | U39: 1.3 | V39: 2498 | W39: 2881 | X39: 2446 | Y39: =M39*V39 -> 0 | Z39: =Q39*W39 -> 0 | AA39: =R39*X39 -> 0 | AB39: =+Y39+Z39+AA39 -> 0 | AC39: 1500 | AD39: =AB39/H39 -> #DIV/0! | AE39: =+AB39/I39 -> #DIV/0!
A40: =A39 -> 46004 | B40: =DAY(A40) -> 13 | C40: 3(TARDE) | D40: 3 | E40: FINAL TURNO 2 | F40: 1300 | G40: 7 | M40: =(J40*$S$2) -> 0 | N40: =[2]!Tabla1[[#This Row],[CONSUMO POL ANIONICO (KG)]] -> #REF! | O40: =[2]!Tabla1[[#This Row],[CONSUMO POL CATIONICO (KG)]] -> #REF! | P40: =(M40*1000)/H40 -> #DIV/0! | Q40: =(K40*$T$2) -> 0 | R40: =(L40*$U$2) -> 0 | S40: 1.325 | T40: 1200 | U40: 1.3 | V40: 2498 | W40: 2881 | X40: 2446 | Y40: =M40*V40 -> 0 | Z40: =Q40*W40 -> 0 | AA40: =R40*X40 -> 0 | AB40: =+Y40+Z40+AA40 -> 0 | AC40: 1500 | AD40: =AB40/H40 -> #DIV/0! | AE40: =+AB40/I40 -> #DIV/0!
A41: =A40+1 -> 46005 | B41: =DAY(A41) -> 14 | C41: 1 (NOCHE) | D41: 1 | E41: FINAL TURNO 3 | F41: 1100 | G41: 8 | M41: =(J41*$S$2) -> 0 | N41: =[2]!Tabla1[[#This Row],[CONSUMO POL ANIONICO (KG)]] -> #REF! | O41: =[2]!Tabla1[[#This Row],[CONSUMO POL CATIONICO (KG)]] -> #REF! | P41: =(M41*1000)/H41 -> #DIV/0! | Q41: =(K41*$T$2) -> 0 | R41: =(L41*$U$2) -> 0 | S41: 1.325 | T41: 1200 | U41: 1.3 | V41: 2498 | W41: 2881 | X41: 2446 | Y41: =M41*V41 -> 0 | Z41: =Q41*W41 -> 0 | AA41: =R41*X41 -> 0 | AB41: =+Y41+Z41+AA41 -> 0 | AC41: 1500 | AD41: =AB41/H41 -> #DIV/0! | AE41: =+AB41/I41 -> #DIV/0!
A42: =A41 -> 46005 | B42: =DAY(A42) -> 14 | C42: 2 (MAÑANA) | D42: 2 | E42: FINAL TURNO 1 | F42: 960 | G42: 8 | M42: =(J42*$S$2) -> 0 | N42: =[2]!Tabla1[[#This Row],[CONSUMO POL ANIONICO (KG)]] -> #REF! | O42: =[2]!Tabla1[[#This Row],[CONSUMO POL CATIONICO (KG)]] -> #REF! | P42: =(M42*1000)/H42 -> #DIV/0! | Q42: =(K42*$T$2) -> 0 | R42: =(L42*$U$2) -> 0 | S42: 1.325 | T42: 1200 | U42: 1.3 | V42: 2498 | W42: 2881 | X42: 2446 | Y42: =M42*V42 -> 0 | Z42: =Q42*W42 -> 0 | AA42: =R42*X42 -> 0 | AB42: =+Y42+Z42+AA42 -> 0 | AC42: 1500 | AD42: =AB42/H42 -> #DIV/0! | AE42: =+AB42/I42 -> #DIV/0!
A43: =A42 -> 46005 | B43: =DAY(A43) -> 14 | C43: 3(TARDE) | D43: 3 | E43: FINAL TURNO 2 | F43: 665 | G43: 7 | M43: =(J43*$S$2) -> 0 | N43: =[2]!Tabla1[[#This Row],[CONSUMO POL ANIONICO (KG)]] -> #REF! | O43: =[2]!Tabla1[[#This Row],[CONSUMO POL CATIONICO (KG)]] -> #REF! | P43: =(M43*1000)/H43 -> #DIV/0! | Q43: =(K43*$T$2) -> 0 | R43: =(L43*$U$2) -> 0 | S43: 1.325 | T43: 1200 | U43: 1.3 | V43: 2498 | W43: 2881 | X43: 2446 | Y43: =M43*V43 -> 0 | Z43: =Q43*W43 -> 0 | AA43: =R43*X43 -> 0 | AB43: =+Y43+Z43+AA43 -> 0 | AC43: 1500 | AD43: =AB43/H43 -> #DIV/0! | AE43: =+AB43/I43 -> #DIV/0!
A44: =A43+1 -> 46006 | B44: =DAY(A44) -> 15 | C44: 1 (NOCHE) | D44: 1 | E44: FINAL TURNO 3 | F44: 7000 | G44: 7 | M44: =(J44*$S$2) -> 0 | N44: =[2]!Tabla1[[#This Row],[CONSUMO POL ANIONICO (KG)]] -> #REF! | O44: =[2]!Tabla1[[#This Row],[CONSUMO POL CATIONICO (KG)]] -> #REF! | P44: =(M44*1000)/H44 -> #DIV/0! | Q44: =(K44*$T$2) -> 0 | R44: =(L44*$U$2) -> 0 | S44: 1.325 | T44: 1200 | U44: 1.3 | V44: 2498 | W44: 2881 | X44: 2446 | Y44: =M44*V44 -> 0 | Z44: =Q44*W44 -> 0 | AA44: =R44*X44 -> 0 | AB44: =+Y44+Z44+AA44 -> 0 | AC44: 1500 | AD44: =AB44/H44 -> #DIV/0! | AE44: =+AB44/I44 -> #DIV/0!
A45: =A44 -> 46006 | B45: =DAY(A45) -> 15 | C45: 2 (MAÑANA) | D45: 2 | E45: FINAL TURNO 1 | F45: 6450 | G45: 7 | M45: =(J45*$S$2) -> 0 | N45: =[2]!Tabla1[[#This Row],[CONSUMO POL ANIONICO (KG)]] -> #REF! | O45: =[2]!Tabla1[[#This Row],[CONSUMO POL CATIONICO (KG)]] -> #REF! | P45: =(M45*1000)/H45 -> #DIV/0! | Q45: =(K45*$T$2) -> 0 | R45: =(L45*$U$2) -> 0 | S45: 1.325 | T45: 1200 | U45: 1.3 | V45: 2498 | W45: 2881 | X45: 2446 | Y45: =M45*V45 -> 0 | Z45: =Q45*W45 -> 0 | AA45: =R45*X45 -> 0 | AB45: =+Y45+Z45+AA45 -> 0 | AC45: 1500 | AD45: =AB45/H45 -> #DIV/0! | AE45: =+AB45/I45 -> #DIV/0!
A46: =A45 -> 46006 | B46: =DAY(A46) -> 15 | C46: 3(TARDE) | D46: 3 | E46: FINAL TURNO 2 | F46: =+AVERAGE(F45,F47) -> 6080 | G46: 5 | M46: =(J46*$S$2) -> 0 | N46: =[2]!Tabla1[[#This Row],[CONSUMO POL ANIONICO (KG)]] -> #REF! | O46: =[2]!Tabla1[[#This Row],[CONSUMO POL CATIONICO (KG)]] -> #REF! | P46: =(M46*1000)/H46 -> #DIV/0! | Q46: =(K46*$T$2) -> 0 | R46: =(L46*$U$2) -> 0 | S46: 1.325 | T46: 1200 | U46: 1.3 | V46: 2498 | W46: 2881 | X46: 2446 | Y46: =M46*V46 -> 0 | Z46: =Q46*W46 -> 0 | AA46: =R46*X46 -> 0 | AB46: =+Y46+Z46+AA46 -> 0 | AC46: 1500 | AD46: =AB46/H46 -> #DIV/0! | AE46: =+AB46/I46 -> #DIV/0!
A47: =A46+1 -> 46007 | B47: =DAY(A47) -> 16 | C47: 1 (NOCHE) | D47: 1 | E47: FINAL TURNO 3 | F47: 5710 | G47: 6 | M47: =(J47*$S$2) -> 0 | N47: =[2]!Tabla1[[#This Row],[CONSUMO POL ANIONICO (KG)]] -> #REF! | O47: =[2]!Tabla1[[#This Row],[CONSUMO POL CATIONICO (KG)]] -> #REF! | P47: =(M47*1000)/H47 -> #DIV/0! | Q47: =(K47*$T$2) -> 0 | R47: =(L47*$U$2) -> 0 | S47: 1.325 | T47: 1200 | U47: 1.3 | V47: 2498 | W47: 2881 | X47: 2446 | Y47: =M47*V47 -> 0 | Z47: =Q47*W47 -> 0 | AA47: =R47*X47 -> 0 | AB47: =+Y47+Z47+AA47 -> 0 | AC47: 1500 | AD47: =AB47/H47 -> #DIV/0! | AE47: =+AB47/I47 -> #DIV/0!
A48: =A47 -> 46007 | B48: =DAY(A48) -> 16 | C48: 2 (MAÑANA) | D48: 2 | E48: FINAL TURNO 1 | F48: 5590 | G48: 2 | M48: =(J48*$S$2) -> 0 | N48: =[2]!Tabla1[[#This Row],[CONSUMO POL ANIONICO (KG)]] -> #REF! | O48: =[2]!Tabla1[[#This Row],[CONSUMO POL CATIONICO (KG)]] -> #REF! | P48: =(M48*1000)/H48 -> #DIV/0! | Q48: =(K48*$T$2) -> 0 | R48: =(L48*$U$2) -> 0 | S48: 1.325 | T48: 1200 | U48: 1.3 | V48: 2498 | W48: 2881 | X48: 2446 | Y48: =M48*V48 -> 0 | Z48: =Q48*W48 -> 0 | AA48: =R48*X48 -> 0 | AB48: =+Y48+Z48+AA48 -> 0 | AC48: 1500 | AD48: =AB48/H48 -> #DIV/0! | AE48: =+AB48/I48 -> #DIV/0!
A49: =A48 -> 46007 | B49: =DAY(A49) -> 16 | C49: 3(TARDE) | D49: 3 | E49: FINAL TURNO 2 | F49: 5360 | G49: 0 | M49: =(J49*$S$2) -> 0 | N49: =[2]!Tabla1[[#This Row],[CONSUMO POL ANIONICO (KG)]] -> #REF! | O49: =[2]!Tabla1[[#This Row],[CONSUMO POL CATIONICO (KG)]] -> #REF! | P49: =(M49*1000)/H49 -> #DIV/0! | Q49: =(K49*$T$2) -> 0 | R49: =(L49*$U$2) -> 0 | S49: 1.325 | T49: 1200 | U49: 1.3 | V49: 2498 | W49: 2881 | X49: 2446 | Y49: =M49*V49 -> 0 | Z49: =Q49*W49 -> 0 | AA49: =R49*X49 -> 0 | AB49: =+Y49+Z49+AA49 -> 0 | AC49: 1500 | AD49: =AB49/H49 -> #DIV/0! | AE49: =+AB49/I49 -> #DIV/0!
A50: =A49+1 -> 46008 | B50: =DAY(A50) -> 17 | C50: 1 (NOCHE) | D50: 1 | E50: FINAL TURNO 3 | F50: 5360 | G50: 0 | M50: =(J50*$S$2) -> 0 | N50: =[2]!Tabla1[[#This Row],[CONSUMO POL ANIONICO (KG)]] -> #REF! | O50: =[2]!Tabla1[[#This Row],[CONSUMO POL CATIONICO (KG)]] -> #REF! | P50: =(M50*1000)/H50 -> #DIV/0! | Q50: =(K50*$T$2) -> 0 | R50: =(L50*$U$2) -> 0 | S50: 1.325 | T50: 1200 | U50: 1.3 | V50: 2498 | W50: 2881 | X50: 2446 | Y50: =M50*V50 -> 0 | Z50: =Q50*W50 -> 0 | AA50: =R50*X50 -> 0 | AB50: =+Y50+Z50+AA50 -> 0 | AC50: 1500 | AD50: =AB50/H50 -> #DIV/0! | AE50: =+AB50/I50 -> #DIV/0!
A51: =A50 -> 46008 | B51: =DAY(A51) -> 17 | C51: 2 (MAÑANA) | D51: 2 | E51: FINAL TURNO 1 | F51: 5050 | G51: 8 | M51: =(J51*$S$2) -> 0 | N51: =[2]!Tabla1[[#This Row],[CONSUMO POL ANIONICO (KG)]] -> #REF! | O51: =[2]!Tabla1[[#This Row],[CONSUMO POL CATIONICO (KG)]] -> #REF! | P51: =(M51*1000)/H51 -> #DIV/0! | Q51: =(K51*$T$2) -> 0 | R51: =(L51*$U$2) -> 0 | S51: 1.325 | T51: 1200 | U51: 1.3 | V51: 2498 | W51: 2881 | X51: 2446 | Y51: =M51*V51 -> 0 | Z51: =Q51*W51 -> 0 | AA51: =R51*X51 -> 0 | AB51: =+Y51+Z51+AA51 -> 0 | AC51: 1500 | AD51: =AB51/H51 -> #DIV/0! | AE51: =+AB51/I51 -> #DIV/0!
A52: =A51 -> 46008 | B52: =DAY(A52) -> 17 | C52: 3(TARDE) | D52: 3 | E52: FINAL TURNO 2 | F52: 4710 | G52: 8 | M52: =(J52*$S$2) -> 0 | N52: =[2]!Tabla1[[#This Row],[CONSUMO POL ANIONICO (KG)]] -> #REF! | O52: =[2]!Tabla1[[#This Row],[CONSUMO POL CATIONICO (KG)]] -> #REF! | P52: =(M52*1000)/H52 -> #DIV/0! | Q52: =(K52*$T$2) -> 0 | R52: =(L52*$U$2) -> 0 | S52: 1.325 | T52: 1200 | U52: 1.3 | V52: 2498 | W52: 2881 | X52: 2446 | Y52: =M52*V52 -> 0 | Z52: =Q52*W52 -> 0 | AA52: =R52*X52 -> 0 | AB52: =+Y52+Z52+AA52 -> 0 | AC52: 1500 | AD52: =AB52/H52 -> #DIV/0! | AE52: =+AB52/I52 -> #DIV/0!
A53: =A52+1 -> 46009 | B53: =DAY(A53) -> 18 | C53: 1 (NOCHE) | D53: 1 | E53: FINAL TURNO 3 | F53: 4350 | G53: 0 | M53: =(J53*$S$2) -> 0 | N53: =[2]!Tabla1[[#This Row],[CONSUMO POL ANIONICO (KG)]] -> #REF! | O53: =[2]!Tabla1[[#This Row],[CONSUMO POL CATIONICO (KG)]] -> #REF! | P53: =(M53*1000)/H53 -> #DIV/0! | Q53: =(K53*$T$2) -> 0 | R53: =(L53*$U$2) -> 0 | S53: 1.325 | T53: 1200 | U53: 1.3 | V53: 2498 | W53: 2881 | X53: 2446 | Y53: =M53*V53 -> 0 | Z53: =Q53*W53 -> 0 | AA53: =R53*X53 -> 0 | AB53: =+Y53+Z53+AA53 -> 0 | AC53: 1500 | AD53: =AB53/H53 -> #DIV/0! | AE53: =+AB53/I53 -> #DIV/0!
A54: =A53 -> 46009 | B54: =DAY(A54) -> 18 | C54: 2 (MAÑANA) | D54: 2 | E54: FINAL TURNO 1 | F54: 3980 | G54: 8 | M54: =(J54*$S$2) -> 0 | N54: =[2]!Tabla1[[#This Row],[CONSUMO POL ANIONICO (KG)]] -> #REF! | O54: =[2]!Tabla1[[#This Row],[CONSUMO POL CATIONICO (KG)]] -> #REF! | P54: =(M54*1000)/H54 -> #DIV/0! | Q54: =(K54*$T$2) -> 0 | R54: =(L54*$U$2) -> 0 | S54: 1.325 | T54: 1200 | U54: 1.3 | V54: 2498 | W54: 2881 | X54: 2446 | Y54: =M54*V54 -> 0 | Z54: =Q54*W54 -> 0 | AA54: =R54*X54 -> 0 | AB54: =+Y54+Z54+AA54 -> 0 | AC54: 1500 | AD54: =AB54/H54 -> #DIV/0! | AE54: =+AB54/I54 -> #DIV/0!
A55: =A54 -> 46009 | B55: =DAY(A55) -> 18 | C55: 3(TARDE) | D55: 3 | E55: FINAL TURNO 2 | F55: 3820 | G55: 8 | M55: =(J55*$S$2) -> 0 | N55: =[2]!Tabla1[[#This Row],[CONSUMO POL ANIONICO (KG)]] -> #REF! | O55: =[2]!Tabla1[[#This Row],[CONSUMO POL CATIONICO (KG)]] -> #REF! | P55: =(M55*1000)/H55 -> #DIV/0! | Q55: =(K55*$T$2) -> 0 | R55: =(L55*$U$2) -> 0 | S55: 1.325 | T55: 1200 | U55: 1.3 | V55: 2498 | W55: 2881 | X55: 2446 | Y55: =M55*V55 -> 0 | Z55: =Q55*W55 -> 0 | AA55: =R55*X55 -> 0 | AB55: =+Y55+Z55+AA55 -> 0 | AC55: 1500 | AD55: =AB55/H55 -> #DIV/0! | AE55: =+AB55/I55 -> #DIV/0!
A56: =A55+1 -> 46010 | B56: =DAY(A56) -> 19 | C56: 1 (NOCHE) | D56: 1 | E56: FINAL TURNO 3 | F56: 3490 | G56: 0 | M56: =(J56*$S$2) -> 0 | N56: =[2]!Tabla1[[#This Row],[CONSUMO POL ANIONICO (KG)]] -> #REF! | O56: =[2]!Tabla1[[#This Row],[CONSUMO POL CATIONICO (KG)]] -> #REF! | P56: =(M56*1000)/H56 -> #DIV/0! | Q56: =(K56*$T$2) -> 0 | R56: =(L56*$U$2) -> 0 | S56: 1.325 | T56: 1200 | U56: 1.3 | V56: 2498 | W56: 2881 | X56: 2446 | Y56: =M56*V56 -> 0 | Z56: =Q56*W56 -> 0 | AA56: =R56*X56 -> 0 | AB56: =+Y56+Z56+AA56 -> 0 | AC56: 1500 | AD56: =AB56/H56 -> #DIV/0! | AE56: =+AB56/I56 -> #DIV/0!
A57: =A56 -> 46010 | B57: =DAY(A57) -> 19 | C57: 2 (MAÑANA) | D57: 2 | E57: FINAL TURNO 1 | F57: 3200 | G57: 8 | M57: =(J57*$S$2) -> 0 | N57: =[2]!Tabla1[[#This Row],[CONSUMO POL ANIONICO (KG)]] -> #REF! | O57: =[2]!Tabla1[[#This Row],[CONSUMO POL CATIONICO (KG)]] -> #REF! | P57: =(M57*1000)/H57 -> #DIV/0! | Q57: =(K57*$T$2) -> 0 | R57: =(L57*$U$2) -> 0 | S57: 1.325 | T57: 1200 | U57: 1.3 | V57: 2498 | W57: 2881 | X57: 2446 | Y57: =M57*V57 -> 0 | Z57: =Q57*W57 -> 0 | AA57: =R57*X57 -> 0 | AB57: =+Y57+Z57+AA57 -> 0 | AC57: 1500 | AD57: =AB57/H57 -> #DIV/0! | AE57: =+AB57/I57 -> #DIV/0!
A58: =A57 -> 46010 | B58: =DAY(A58) -> 19 | C58: 3(TARDE) | D58: 3 | E58: FINAL TURNO 2 | F58: 2960 | G58: 8 | M58: =(J58*$S$2) -> 0 | N58: =[2]!Tabla1[[#This Row],[CONSUMO POL ANIONICO (KG)]] -> #REF! | O58: =[2]!Tabla1[[#This Row],[CONSUMO POL CATIONICO (KG)]] -> #REF! | P58: =(M58*1000)/H58 -> #DIV/0! | Q58: =(K58*$T$2) -> 0 | R58: =(L58*$U$2) -> 0 | S58: 1.325 | T58: 1200 | U58: 1.3 | V58: 2498 | W58: 2881 | X58: 2446 | Y58: =M58*V58 -> 0 | Z58: =Q58*W58 -> 0 | AA58: =R58*X58 -> 0 | AB58: =+Y58+Z58+AA58 -> 0 | AC58: 1500 | AD58: =AB58/H58 -> #DIV/0! | AE58: =+AB58/I58 -> #DIV/0!
A59: =A58+1 -> 46011 | B59: =DAY(A59) -> 20 | C59: 1 (NOCHE) | D59: 1 | E59: FINAL TURNO 3 | F59: 2620 | G59: 6 | M59: =(J59*$S$2) -> 0 | N59: =[2]!Tabla1[[#This Row],[CONSUMO POL ANIONICO (KG)]] -> #REF! | O59: =[2]!Tabla1[[#This Row],[CONSUMO POL CATIONICO (KG)]] -> #REF! | P59: =(M59*1000)/H59 -> #DIV/0! | Q59: =(K59*$T$2) -> 0 | R59: =(L59*$U$2) -> 0 | S59: 1.325 | T59: 1200 | U59: 1.3 | V59: 2498 | W59: 2881 | X59: 2446 | Y59: =M59*V59 -> 0 | Z59: =Q59*W59 -> 0 | AA59: =R59*X59 -> 0 | AB59: =+Y59+Z59+AA59 -> 0 | AC59: 1500 | AD59: =AB59/H59 -> #DIV/0! | AE59: =+AB59/I59 -> #DIV/0!
A60: =A59 -> 46011 | B60: =DAY(A60) -> 20 | C60: 2 (MAÑANA) | D60: 2 | E60: FINAL TURNO 1 | F60: 2260 | G60: 8 | M60: =(J60*$S$2) -> 0 | N60: =[2]!Tabla1[[#This Row],[CONSUMO POL ANIONICO (KG)]] -> #REF! | O60: =[2]!Tabla1[[#This Row],[CONSUMO POL CATIONICO (KG)]] -> #REF! | P60: =(M60*1000)/H60 -> #DIV/0! | Q60: =(K60*$T$2) -> 0 | R60: =(L60*$U$2) -> 0 | S60: 1.325 | T60: 1200 | U60: 1.3 | V60: 2498 | W60: 2881 | X60: 2446 | Y60: =M60*V60 -> 0 | Z60: =Q60*W60 -> 0 | AA60: =R60*X60 -> 0 | AB60: =+Y60+Z60+AA60 -> 0 | AC60: 1500 | AD60: =AB60/H60 -> #DIV/0! | AE60: =+AB60/I60 -> #DIV/0!
A61: =A60 -> 46011 | B61: =DAY(A61) -> 20 | C61: 3(TARDE) | D61: 3 | E61: FINAL TURNO 2 | F61: 1910 | G61: 8 | M61: =(J61*$S$2) -> 0 | N61: =[2]!Tabla1[[#This Row],[CONSUMO POL ANIONICO (KG)]] -> #REF! | O61: =[2]!Tabla1[[#This Row],[CONSUMO POL CATIONICO (KG)]] -> #REF! | P61: =(M61*1000)/H61 -> #DIV/0! | Q61: =(K61*$T$2) -> 0 | R61: =(L61*$U$2) -> 0 | S61: 1.325 | T61: 1200 | U61: 1.3 | V61: 2498 | W61: 2881 | X61: 2446 | Y61: =M61*V61 -> 0 | Z61: =Q61*W61 -> 0 | AA61: =R61*X61 -> 0 | AB61: =+Y61+Z61+AA61 -> 0 | AC61: 1500 | AD61: =AB61/H61 -> #DIV/0! | AE61: =+AB61/I61 -> #DIV/0!
A62: =A61+1 -> 46012 | B62: =DAY(A62) -> 21 | C62: 1 (NOCHE) | D62: 1 | E62: FINAL TURNO 3 | F62: 1400 | G62: 6 | M62: =(J62*$S$2) -> 0 | N62: =[2]!Tabla1[[#This Row],[CONSUMO POL ANIONICO (KG)]] -> #REF! | O62: =[2]!Tabla1[[#This Row],[CONSUMO POL CATIONICO (KG)]] -> #REF! | P62: =(M62*1000)/H62 -> #DIV/0! | Q62: =(K62*$T$2) -> 0 | R62: =(L62*$U$2) -> 0 | S62: 1.325 | T62: 1200 | U62: 1.3 | V62: 2498 | W62: 2881 | X62: 2446 | Y62: =M62*V62 -> 0 | Z62: =Q62*W62 -> 0 | AA62: =R62*X62 -> 0 | AB62: =+Y62+Z62+AA62 -> 0 | AC62: 1500 | AD62: =AB62/H62 -> #DIV/0! | AE62: =+AB62/I62 -> #DIV/0!
A63: =A62 -> 46012 | B63: =DAY(A63) -> 21 | C63: 2 (MAÑANA) | D63: 2 | E63: FINAL TURNO 1 | F63: 1020 | G63: 8 | M63: =(J63*$S$2) -> 0 | N63: =[2]!Tabla1[[#This Row],[CONSUMO POL ANIONICO (KG)]] -> #REF! | O63: =[2]!Tabla1[[#This Row],[CONSUMO POL CATIONICO (KG)]] -> #REF! | P63: =(M63*1000)/H63 -> #DIV/0! | Q63: =(K63*$T$2) -> 0 | R63: =(L63*$U$2) -> 0 | S63: 1.325 | T63: 1200 | U63: 1.3 | V63: 2498 | W63: 2881 | X63: 2446 | Y63: =M63*V63 -> 0 | Z63: =Q63*W63 -> 0 | AA63: =R63*X63 -> 0 | AB63: =+Y63+Z63+AA63 -> 0 | AC63: 1500 | AD63: =AB63/H63 -> #DIV/0! | AE63: =+AB63/I63 -> #DIV/0!
A64: =A63 -> 46012 | B64: =DAY(A64) -> 21 | C64: 3(TARDE) | D64: 3 | E64: FINAL TURNO 2 | G64: 8 | M64: =(J64*$S$2) -> 0 | N64: =[2]!Tabla1[[#This Row],[CONSUMO POL ANIONICO (KG)]] -> #REF! | O64: =[2]!Tabla1[[#This Row],[CONSUMO POL CATIONICO (KG)]] -> #REF! | P64: =(M64*1000)/H64 -> #DIV/0! | Q64: =(K64*$T$2) -> 0 | R64: =(L64*$U$2) -> 0 | S64: 1.325 | T64: 1200 | U64: 1.3 | V64: 2498 | W64: 2881 | X64: 2446 | Y64: =M64*V64 -> 0 | Z64: =Q64*W64 -> 0 | AA64: =R64*X64 -> 0 | AB64: =+Y64+Z64+AA64 -> 0 | AC64: 1500 | AD64: =AB64/H64 -> #DIV/0! | AE64: =+AB64/I64 -> #DIV/0!
A65: =A64+1 -> 46013 | B65: =DAY(A65) -> 22 | C65: 1 (NOCHE) | D65: 1 | E65: FINAL TURNO 3 | G65: 0 | M65: =(J65*$S$2) -> 0 | N65: =[2]!Tabla1[[#This Row],[CONSUMO POL ANIONICO (KG)]] -> #REF! | O65: =[2]!Tabla1[[#This Row],[CONSUMO POL CATIONICO (KG)]] -> #REF! | P65: =(M65*1000)/H65 -> #DIV/0! | Q65: =(K65*$T$2) -> 0 | R65: =(L65*$U$2) -> 0 | S65: 1.325 | T65: 1200 | U65: 1.3 | V65: 2498 | W65: 2881 | X65: 2446 | Y65: =M65*V65 -> 0 | Z65: =Q65*W65 -> 0 | AA65: =R65*X65 -> 0 | AB65: =+Y65+Z65+AA65 -> 0 | AC65: 1500 | AD65: =AB65/H65 -> #DIV/0! | AE65: =+AB65/I65 -> #DIV/0!
A66: =A65 -> 46013 | B66: =DAY(A66) -> 22 | C66: 2 (MAÑANA) | D66: 2 | E66: FINAL TURNO 1 | G66: 8 | M66: =(J66*$S$2) -> 0 | N66: =[2]!Tabla1[[#This Row],[CONSUMO POL ANIONICO (KG)]] -> #REF! | O66: =[2]!Tabla1[[#This Row],[CONSUMO POL CATIONICO (KG)]] -> #REF! | P66: =(M66*1000)/H66 -> #DIV/0! | Q66: =(K66*$T$2) -> 0 | R66: =(L66*$U$2) -> 0 | S66: 1.325 | T66: 1200 | U66: 1.3 | V66: 2498 | W66: 2881 | X66: 2446 | Y66: =M66*V66 -> 0 | Z66: =Q66*W66 -> 0 | AA66: =R66*X66 -> 0 | AB66: =+Y66+Z66+AA66 -> 0 | AC66: 1500 | AD66: =AB66/H66 -> #DIV/0! | AE66: =+AB66/I66 -> #DIV/0! | AG66: =+K66*1.1 -> 0
A67: =A66 -> 46013 | B67: =DAY(A67) -> 22 | C67: 3(TARDE) | D67: 3 | E67: FINAL TURNO 2 | G67: 8 | M67: =(J67*$S$2) -> 0 | N67: =[2]!Tabla1[[#This Row],[CONSUMO POL ANIONICO (KG)]] -> #REF! | O67: =[2]!Tabla1[[#This Row],[CONSUMO POL CATIONICO (KG)]] -> #REF! | P67: =(M67*1000)/H67 -> #DIV/0! | Q67: =(K67*$T$2) -> 0 | R67: =(L67*$U$2) -> 0 | S67: 1.325 | T67: 1200 | U67: 1.3 | V67: 2498 | W67: 2881 | X67: 2446 | Y67: =M67*V67 -> 0 | Z67: =Q67*W67 -> 0 | AA67: =R67*X67 -> 0 | AB67: =+Y67+Z67+AA67 -> 0 | AC67: 1500 | AD67: =AB67/H67 -> #DIV/0! | AE67: =+AB67/I67 -> #DIV/0!
A68: =A67+1 -> 46014 | B68: =DAY(A68) -> 23 | C68: 1 (NOCHE) | D68: 1 | E68: FINAL TURNO 3 | G68: 0 | M68: =(J68*$S$2) -> 0 | N68: =[2]!Tabla1[[#This Row],[CONSUMO POL ANIONICO (KG)]] -> #REF! | O68: =[2]!Tabla1[[#This Row],[CONSUMO POL CATIONICO (KG)]] -> #REF! | P68: =(M68*1000)/H68 -> #DIV/0! | Q68: =(K68*$T$2) -> 0 | R68: =(L68*$U$2) -> 0 | S68: 1.325 | T68: 1200 | U68: 1.3 | V68: 2498 | W68: 2881 | X68: 2446 | Y68: =M68*V68 -> 0 | Z68: =Q68*W68 -> 0 | AA68: =R68*X68 -> 0 | AB68: =+Y68+Z68+AA68 -> 0 | AC68: 1500 | AD68: =AB68/H68 -> #DIV/0! | AE68: =+AB68/I68 -> #DIV/0!
A69: =A68 -> 46014 | B69: =DAY(A69) -> 23 | C69: 2 (MAÑANA) | D69: 2 | E69: FINAL TURNO 1 | G69: 0 | M69: =(J69*$S$2) -> 0 | N69: =[2]!Tabla1[[#This Row],[CONSUMO POL ANIONICO (KG)]] -> #REF! | O69: =[2]!Tabla1[[#This Row],[CONSUMO POL CATIONICO (KG)]] -> #REF! | P69: =(M69*1000)/H69 -> #DIV/0! | Q69: =(K69*$T$2) -> 0 | R69: =(L69*$U$2) -> 0 | S69: 1.325 | T69: 1200 | U69: 1.3 | V69: 2498 | W69: 2881 | X69: 2446 | Y69: =M69*V69 -> 0 | Z69: =Q69*W69 -> 0 | AA69: =R69*X69 -> 0 | AB69: =+Y69+Z69+AA69 -> 0 | AC69: 1500 | AD69: =AB69/H69 -> #DIV/0! | AE69: =+AB69/I69 -> #DIV/0!
A70: =A69 -> 46014 | B70: =DAY(A70) -> 23 | C70: 3(TARDE) | D70: 3 | E70: FINAL TURNO 2 | G70: 0 | M70: =(J70*$S$2) -> 0 | N70: =[2]!Tabla1[[#This Row],[CONSUMO POL ANIONICO (KG)]] -> #REF! | O70: 0 | P70: =(M70*1000)/H70 -> #DIV/0! | Q70: =(K70*$T$2) -> 0 | R70: =(L70*$U$2) -> 0 | S70: 1.325 | T70: 1200 | U70: 1.3 | V70: 2498 | W70: 2881 | X70: 2446 | Y70: =M70*V70 -> 0 | Z70: =Q70*W70 -> 0 | AA70: =R70*X70 -> 0 | AB70: =+Y70+Z70+AA70 -> 0 | AC70: 1500 | AD70: =AB70/H70 -> #DIV/0! | AE70: =+AB70/I70 -> #DIV/0!
A71: =A70+1 -> 46015 | B71: =DAY(A71) -> 24 | C71: 1 (NOCHE) | D71: 1 | E71: FINAL TURNO 3 | G71: 0 | M71: =(J71*$S$2) -> 0 | N71: =[2]!Tabla1[[#This Row],[CONSUMO POL ANIONICO (KG)]] -> #REF! | O71: =[2]!Tabla1[[#This Row],[CONSUMO POL CATIONICO (KG)]] -> #REF! | P71: =(M71*1000)/H71 -> #DIV/0! | Q71: =(K71*$T$2) -> 0 | R71: =(L71*$U$2) -> 0 | S71: 1.325 | T71: 1200 | U71: 1.3 | V71: 2498 | W71: 2881 | X71: 2446 | Y71: =M71*V71 -> 0 | Z71: =Q71*W71 -> 0 | AA71: =R71*X71 -> 0 | AB71: =+Y71+Z71+AA71 -> 0 | AC71: 1500 | AD71: =AB71/H71 -> #DIV/0! | AE71: =+AB71/I71 -> #DIV/0!
A72: =A71 -> 46015 | B72: =DAY(A72) -> 24 | C72: 2 (MAÑANA) | D72: 2 | E72: FINAL TURNO 1 | G72: 0 | M72: =(J72*$S$2) -> 0 | N72: =[2]!Tabla1[[#This Row],[CONSUMO POL ANIONICO (KG)]] -> #REF! | O72: =[2]!Tabla1[[#This Row],[CONSUMO POL CATIONICO (KG)]] -> #REF! | P72: =(M72*1000)/H72 -> #DIV/0! | Q72: =(K72*$T$2) -> 0 | R72: =(L72*$U$2) -> 0 | S72: 1.325 | T72: 1200 | U72: 1.3 | V72: 2498 | W72: 2881 | X72: 2446 | Y72: =M72*V72 -> 0 | Z72: =Q72*W72 -> 0 | AA72: =R72*X72 -> 0 | AB72: =+Y72+Z72+AA72 -> 0 | AC72: 1500 | AD72: =AB72/H72 -> #DIV/0! | AE72: =+AB72/I72 -> #DIV/0!
A73: =A72 -> 46015 | B73: =DAY(A73) -> 24 | C73: 3(TARDE) | D73: 3 | E73: FINAL TURNO 2 | G73: 0 | M73: =(J73*$S$2) -> 0 | N73: =[2]!Tabla1[[#This Row],[CONSUMO POL ANIONICO (KG)]] -> #REF! | O73: =[2]!Tabla1[[#This Row],[CONSUMO POL CATIONICO (KG)]] -> #REF! | P73: =(M73*1000)/H73 -> #DIV/0! | Q73: =(K73*$T$2) -> 0 | R73: =(L73*$U$2) -> 0 | S73: 1.325 | T73: 1200 | U73: 1.3 | V73: 2498 | W73: 2881 | X73: 2446 | Y73: =M73*V73 -> 0 | Z73: =Q73*W73 -> 0 | AA73: =R73*X73 -> 0 | AB73: =+Y73+Z73+AA73 -> 0 | AC73: 1500 | AD73: =AB73/H73 -> #DIV/0! | AE73: =+AB73/I73 -> #DIV/0!
A74: =A73+1 -> 46016 | B74: =DAY(A74) -> 25 | C74: 1 (NOCHE) | D74: 1 | E74: FINAL TURNO 3 | G74: 6 | M74: =(J74*$S$2) -> 0 | N74: =[2]!Tabla1[[#This Row],[CONSUMO POL ANIONICO (KG)]] -> #REF! | O74: =[2]!Tabla1[[#This Row],[CONSUMO POL CATIONICO (KG)]] -> #REF! | P74: =(M74*1000)/H74 -> #DIV/0! | Q74: =(K74*$T$2) -> 0 | R74: =(L74*$U$2) -> 0 | S74: 1.325 | T74: 1200 | U74: 1.3 | V74: 2498 | W74: 2881 | X74: 2446 | Y74: =M74*V74 -> 0 | Z74: =Q74*W74 -> 0 | AA74: =R74*X74 -> 0 | AB74: =+Y74+Z74+AA74 -> 0 | AC74: 1500 | AD74: =AB74/H74 -> #DIV/0! | AE74: =+AB74/I74 -> #DIV/0!
A75: =A74 -> 46016 | B75: =DAY(A75) -> 25 | C75: 2 (MAÑANA) | D75: 2 | E75: FINAL TURNO 1 | G75: 4 | M75: =(J75*$S$2) -> 0 | N75: =[2]!Tabla1[[#This Row],[CONSUMO POL ANIONICO (KG)]] -> #REF! | O75: =[2]!Tabla1[[#This Row],[CONSUMO POL CATIONICO (KG)]] -> #REF! | P75: =(M75*1000)/H75 -> #DIV/0! | Q75: =(K75*$T$2) -> 0 | R75: =(L75*$U$2) -> 0 | S75: 1.325 | T75: 1200 | U75: 1.3 | V75: 2498 | W75: 2881 | X75: 2446 | Y75: =M75*V75 -> 0 | Z75: =Q75*W75 -> 0 | AA75: =R75*X75 -> 0 | AB75: =+Y75+Z75+AA75 -> 0 | AC75: 1500 | AD75: =AB75/H75 -> #DIV/0! | AE75: =+AB75/I75 -> #DIV/0!
A76: =A75 -> 46016 | B76: =DAY(A76) -> 25 | C76: 3(TARDE) | D76: 3 | E76: FINAL TURNO 2 | G76: 8 | M76: =(J76*$S$2) -> 0 | N76: =[2]!Tabla1[[#This Row],[CONSUMO POL ANIONICO (KG)]] -> #REF! | O76: =[2]!Tabla1[[#This Row],[CONSUMO POL CATIONICO (KG)]] -> #REF! | P76: =(M76*1000)/H76 -> #DIV/0! | Q76: =(K76*$T$2) -> 0 | R76: =(L76*$U$2) -> 0 | S76: 1.325 | T76: 1200 | U76: 1.3 | V76: 2498 | W76: 2881 | X76: 2446 | Y76: =M76*V76 -> 0 | Z76: =Q76*W76 -> 0 | AA76: =R76*X76 -> 0 | AB76: =+Y76+Z76+AA76 -> 0 | AC76: 1500 | AD76: =AB76/H76 -> #DIV/0! | AE76: =+AB76/I76 -> #DIV/0!
A77: =A76+1 -> 46017 | B77: =DAY(A77) -> 26 | C77: 1 (NOCHE) | D77: 1 | E77: FINAL TURNO 3 | G77: 8 | M77: =(J77*$S$2) -> 0 | N77: =[2]!Tabla1[[#This Row],[CONSUMO POL ANIONICO (KG)]] -> #REF! | O77: =[2]!Tabla1[[#This Row],[CONSUMO POL CATIONICO (KG)]] -> #REF! | P77: =(M77*1000)/H77 -> #DIV/0! | Q77: =(K77*$T$2) -> 0 | R77: =(L77*$U$2) -> 0 | S77: 1.325 | T77: 1200 | U77: 1.3 | V77: 2498 | W77: 2881 | X77: 2446 | Y77: =M77*V77 -> 0 | Z77: =Q77*W77 -> 0 | AA77: =R77*X77 -> 0 | AB77: =+Y77+Z77+AA77 -> 0 | AC77: 1500 | AD77: =AB77/H77 -> #DIV/0! | AE77: =+AB77/I77 -> #DIV/0!
A78: =A77 -> 46017 | B78: =DAY(A78) -> 26 | C78: 2 (MAÑANA) | D78: 2 | E78: FINAL TURNO 1 | G78: 6 | M78: =(J78*$S$2) -> 0 | N78: =[2]!Tabla1[[#This Row],[CONSUMO POL ANIONICO (KG)]] -> #REF! | O78: =[2]!Tabla1[[#This Row],[CONSUMO POL CATIONICO (KG)]] -> #REF! | P78: =(M78*1000)/H78 -> #DIV/0! | Q78: =(K78*$T$2) -> 0 | R78: =(L78*$U$2) -> 0 | S78: 1.325 | T78: 1200 | U78: 1.3 | V78: 2498 | W78: 2881 | X78: 2446 | Y78: =M78*V78 -> 0 | Z78: =Q78*W78 -> 0 | AA78: =R78*X78 -> 0 | AB78: =+Y78+Z78+AA78 -> 0 | AC78: 1500 | AD78: =AB78/H78 -> #DIV/0! | AE78: =+AB78/I78 -> #DIV/0!
A79: =A78 -> 46017 | B79: =DAY(A79) -> 26 | C79: 3(TARDE) | D79: 3 | E79: FINAL TURNO 2 | G79: 8 | M79: =(J79*$S$2) -> 0 | N79: =[2]!Tabla1[[#This Row],[CONSUMO POL ANIONICO (KG)]] -> #REF! | O79: =[2]!Tabla1[[#This Row],[CONSUMO POL CATIONICO (KG)]] -> #REF! | P79: =(M79*1000)/H79 -> #DIV/0! | Q79: =(K79*$T$2) -> 0 | R79: =(L79*$U$2) -> 0 | S79: 1.325 | T79: 1200 | U79: 1.3 | V79: 2498 | W79: 2881 | X79: 2446 | Y79: =M79*V79 -> 0 | Z79: =Q79*W79 -> 0 | AA79: =R79*X79 -> 0 | AB79: =+Y79+Z79+AA79 -> 0 | AC79: 1500 | AD79: =AB79/H79 -> #DIV/0! | AE79: =+AB79/I79 -> #DIV/0!
A80: =A79+1 -> 46018 | B80: =DAY(A80) -> 27 | C80: 1 (NOCHE) | D80: 1 | E80: FINAL TURNO 3 | G80: 4 | M80: =(J80*$S$2) -> 0 | N80: =[2]!Tabla1[[#This Row],[CONSUMO POL ANIONICO (KG)]] -> #REF! | O80: =[2]!Tabla1[[#This Row],[CONSUMO POL CATIONICO (KG)]] -> #REF! | P80: =(M80*1000)/H80 -> #DIV/0! | Q80: =(K80*$T$2) -> 0 | R80: =(L80*$U$2) -> 0 | S80: 1.325 | T80: 1200 | U80: 1.3 | V80: 2498 | W80: 2881 | X80: 2446 | Y80: =M80*V80 -> 0 | Z80: =Q80*W80 -> 0 | AA80: =R80*X80 -> 0 | AB80: =+Y80+Z80+AA80 -> 0 | AC80: 1500 | AD80: =AB80/H80 -> #DIV/0! | AE80: =+AB80/I80 -> #DIV/0!
A81: =A80 -> 46018 | B81: =DAY(A81) -> 27 | C81: 2 (MAÑANA) | D81: 2 | E81: FINAL TURNO 1 | G81: 6 | M81: =(J81*$S$2) -> 0 | N81: =[2]!Tabla1[[#This Row],[CONSUMO POL ANIONICO (KG)]] -> #REF! | O81: =[2]!Tabla1[[#This Row],[CONSUMO POL CATIONICO (KG)]] -> #REF! | P81: =(M81*1000)/H81 -> #DIV/0! | Q81: =(K81*$T$2) -> 0 | R81: =(L81*$U$2) -> 0 | S81: 1.325 | T81: 1200 | U81: 1.3 | V81: 2498 | W81: 2881 | X81: 2446 | Y81: =M81*V81 -> 0 | Z81: =Q81*W81 -> 0 | AA81: =R81*X81 -> 0 | AB81: =+Y81+Z81+AA81 -> 0 | AC81: 1500 | AD81: =AB81/H81 -> #DIV/0! | AE81: =+AB81/I81 -> #DIV/0!
A82: =A81 -> 46018 | B82: =DAY(A82) -> 27 | C82: 3(TARDE) | D82: 3 | E82: FINAL TURNO 2 | G82: 6 | M82: =(J82*$S$2) -> 0 | N82: =[2]!Tabla1[[#This Row],[CONSUMO POL ANIONICO (KG)]] -> #REF! | O82: =[2]!Tabla1[[#This Row],[CONSUMO POL CATIONICO (KG)]] -> #REF! | P82: =(M82*1000)/H82 -> #DIV/0! | Q82: =(K82*$T$2) -> 0 | R82: =(L82*$U$2) -> 0 | S82: 1.325 | T82: 1200 | U82: 1.3 | V82: 2498 | W82: 2881 | X82: 2446 | Y82: =M82*V82 -> 0 | Z82: =Q82*W82 -> 0 | AA82: =R82*X82 -> 0 | AB82: =+Y82+Z82+AA82 -> 0 | AC82: 1500 | AD82: =AB82/H82 -> #DIV/0! | AE82: =+AB82/I82 -> #DIV/0!
A83: =A82+1 -> 46019 | B83: =DAY(A83) -> 28 | C83: 1 (NOCHE) | D83: 1 | E83: FINAL TURNO 3 | G83: 8 | M83: =(J83*$S$2) -> 0 | N83: =[2]!Tabla1[[#This Row],[CONSUMO POL ANIONICO (KG)]] -> #REF! | O83: =[2]!Tabla1[[#This Row],[CONSUMO POL CATIONICO (KG)]] -> #REF! | P83: =(M83*1000)/H83 -> #DIV/0! | Q83: =(K83*$T$2) -> 0 | R83: =(L83*$U$2) -> 0 | S83: 1.325 | T83: 1200 | U83: 1.3 | V83: 2498 | W83: 2881 | X83: 2446 | Y83: =M83*V83 -> 0 | Z83: =Q83*W83 -> 0 | AA83: =R83*X83 -> 0 | AB83: =+Y83+Z83+AA83 -> 0 | AC83: 1500 | AD83: =AB83/H83 -> #DIV/0! | AE83: =+AB83/I83 -> #DIV/0!
A84: =A83 -> 46019 | B84: =DAY(A84) -> 28 | C84: 2 (MAÑANA) | D84: 2 | E84: FINAL TURNO 1 | G84: 8 | M84: =(J84*$S$2) -> 0 | N84: =[2]!Tabla1[[#This Row],[CONSUMO POL ANIONICO (KG)]] -> #REF! | O84: =[2]!Tabla1[[#This Row],[CONSUMO POL CATIONICO (KG)]] -> #REF! | P84: =(M84*1000)/H84 -> #DIV/0! | Q84: =(K84*$T$2) -> 0 | R84: =(L84*$U$2) -> 0 | S84: 1.325 | T84: 1200 | U84: 1.3 | V84: 2498 | W84: 2881 | X84: 2446 | Y84: =M84*V84 -> 0 | Z84: =Q84*W84 -> 0 | AA84: =R84*X84 -> 0 | AB84: =+Y84+Z84+AA84 -> 0 | AC84: 1500 | AD84: =AB84/H84 -> #DIV/0! | AE84: =+AB84/I84 -> #DIV/0!
A85: =A84 -> 46019 | B85: =DAY(A85) -> 28 | C85: 3(TARDE) | D85: 3 | E85: FINAL TURNO 2 | G85: 6 | M85: =(J85*$S$2) -> 0 | N85: =[2]!Tabla1[[#This Row],[CONSUMO POL ANIONICO (KG)]] -> #REF! | O85: =[2]!Tabla1[[#This Row],[CONSUMO POL CATIONICO (KG)]] -> #REF! | P85: =(M85*1000)/H85 -> #DIV/0! | Q85: =(K85*$T$2) -> 0 | R85: =(L85*$U$2) -> 0 | S85: 1.325 | T85: 1200 | U85: 1.3 | V85: 2498 | W85: 2881 | X85: 2446 | Y85: =M85*V85 -> 0 | Z85: =Q85*W85 -> 0 | AA85: =R85*X85 -> 0 | AB85: =+Y85+Z85+AA85 -> 0 | AC85: 1500 | AD85: =AB85/H85 -> #DIV/0! | AE85: =+AB85/I85 -> #DIV/0!
A86: =A85+1 -> 46020 | B86: =DAY(A86) -> 29 | C86: 1 (NOCHE) | D86: 1 | E86: FINAL TURNO 3 | G86: 8 | M86: =(J86*$S$2) -> 0 | N86: =[2]!Tabla1[[#This Row],[CONSUMO POL ANIONICO (KG)]] -> #REF! | O86: =[2]!Tabla1[[#This Row],[CONSUMO POL CATIONICO (KG)]] -> #REF! | P86: =(M86*1000)/H86 -> #DIV/0! | Q86: =(K86*$T$2) -> 0 | R86: =(L86*$U$2) -> 0 | S86: 1.325 | T86: 1200 | U86: 1.3 | V86: 2498 | W86: 2881 | X86: 2446 | Y86: =M86*V86 -> 0 | Z86: =Q86*W86 -> 0 | AA86: =R86*X86 -> 0 | AB86: =+Y86+Z86+AA86 -> 0 | AC86: 1500 | AD86: =AB86/H86 -> #DIV/0! | AE86: =+AB86/I86 -> #DIV/0!
A87: =A86 -> 46020 | B87: =DAY(A87) -> 29 | C87: 2 (MAÑANA) | D87: 2 | E87: FINAL TURNO 1 | G87: 8 | M87: =(J87*$S$2) -> 0 | N87: =[2]!Tabla1[[#This Row],[CONSUMO POL ANIONICO (KG)]] -> #REF! | O87: =[2]!Tabla1[[#This Row],[CONSUMO POL CATIONICO (KG)]] -> #REF! | P87: =(M87*1000)/H87 -> #DIV/0! | Q87: =(K87*$T$2) -> 0 | R87: =(L87*$U$2) -> 0 | S87: 1.325 | T87: 1200 | U87: 1.3 | V87: 2498 | W87: 2881 | X87: 2446 | Y87: =M87*V87 -> 0 | Z87: =Q87*W87 -> 0 | AA87: =R87*X87 -> 0 | AB87: =+Y87+Z87+AA87 -> 0 | AC87: 1500 | AD87: =AB87/H87 -> #DIV/0! | AE87: =+AB87/I87 -> #DIV/0!
A88: =A87 -> 46020 | B88: =DAY(A88) -> 29 | C88: 3(TARDE) | D88: 3 | E88: FINAL TURNO 2 | G88: 6 | M88: =(J88*$S$2) -> 0 | N88: =[2]!Tabla1[[#This Row],[CONSUMO POL ANIONICO (KG)]] -> #REF! | O88: =[2]!Tabla1[[#This Row],[CONSUMO POL CATIONICO (KG)]] -> #REF! | P88: =(M88*1000)/H88 -> #DIV/0! | Q88: =(K88*$T$2) -> 0 | R88: =(L88*$U$2) -> 0 | S88: 1.325 | T88: 1200 | U88: 1.3 | V88: 2498 | W88: 2881 | X88: 2446 | Y88: =M88*V88 -> 0 | Z88: =Q88*W88 -> 0 | AA88: =R88*X88 -> 0 | AB88: =+Y88+Z88+AA88 -> 0 | AC88: 1500 | AD88: =AB88/H88 -> #DIV/0! | AE88: =+AB88/I88 -> #DIV/0!
A89: =A88+1 -> 46021 | B89: =DAY(A89) -> 30 | C89: 1 (NOCHE) | D89: 1 | E89: FINAL TURNO 3 | G89: 7 | M89: =(J89*$S$2) -> 0 | N89: =[2]!Tabla1[[#This Row],[CONSUMO POL ANIONICO (KG)]] -> #REF! | O89: =[2]!Tabla1[[#This Row],[CONSUMO POL CATIONICO (KG)]] -> #REF! | P89: =(M89*1000)/H89 -> #DIV/0! | Q89: =(K89*$T$2) -> 0 | R89: =(L89*$U$2) -> 0 | S89: 1.325 | T89: 1200 | U89: 1.3 | V89: 2498 | W89: 2881 | X89: 2446 | Y89: =M89*V89 -> 0 | Z89: =Q89*W89 -> 0 | AA89: =R89*X89 -> 0 | AB89: =+Y89+Z89+AA89 -> 0 | AC89: 1500 | AD89: =AB89/H89 -> #DIV/0! | AE89: =+AB89/I89 -> #DIV/0!
A90: =A89 -> 46021 | B90: =DAY(A90) -> 30 | C90: 2 (MAÑANA) | D90: 2 | E90: FINAL TURNO 1 | G90: 0 | M90: =(J90*$S$2) -> 0 | N90: =[2]!Tabla1[[#This Row],[CONSUMO POL ANIONICO (KG)]] -> #REF! | O90: =[2]!Tabla1[[#This Row],[CONSUMO POL CATIONICO (KG)]] -> #REF! | P90: =(M90*1000)/H90 -> #DIV/0! | Q90: =(K90*$T$2) -> 0 | R90: =(L90*$U$2) -> 0 | S90: 1.325 | T90: 1200 | U90: 1.3 | V90: 2498 | W90: 2881 | X90: 2446 | Y90: =M90*V90 -> 0 | Z90: =Q90*W90 -> 0 | AA90: =R90*X90 -> 0 | AB90: =+Y90+Z90+AA90 -> 0 | AC90: 1500 | AD90: =AB90/H90 -> #DIV/0! | AE90: =+AB90/I90 -> #DIV/0!
A91: =A90 -> 46021 | B91: =DAY(A91) -> 30 | C91: 3(TARDE) | D91: 3 | E91: FINAL TURNO 2 | G91: 0 | M91: =(J91*$S$2) -> 0 | N91: =[2]!Tabla1[[#This Row],[CONSUMO POL ANIONICO (KG)]] -> #REF! | O91: =[2]!Tabla1[[#This Row],[CONSUMO POL CATIONICO (KG)]] -> #REF! | P91: =(M91*1000)/H91 -> #DIV/0! | Q91: =(K91*$T$2) -> 0 | R91: =(L91*$U$2) -> 0 | S91: 1.325 | T91: 1200 | U91: 1.3 | V91: 2498 | W91: 2881 | X91: 2446 | Y91: =M91*V91 -> 0 | Z91: =Q91*W91 -> 0 | AA91: =R91*X91 -> 0 | AB91: =+Y91+Z91+AA91 -> 0 | AC91: 1500 | AD91: =AB91/H91 -> #DIV/0! | AE91: =+AB91/I91 -> #DIV/0!
A92: =A91+1 -> 46022 | B92: =DAY(A92) -> 31 | C92: 1 (NOCHE) | D92: 1 | E92: FINAL TURNO 3 | G92: 5 | M92: =(J92*$S$2) -> 0 | N92: =[2]!Tabla1[[#This Row],[CONSUMO POL ANIONICO (KG)]] -> #REF! | O92: =[2]!Tabla1[[#This Row],[CONSUMO POL CATIONICO (KG)]] -> #REF! | P92: =(M92*1000)/H92 -> #DIV/0! | Q92: =(K92*$T$2) -> 0 | R92: =(L92*$U$2) -> 0 | S92: 1.325 | T92: 1200 | U92: 1.3 | V92: 2498 | W92: 2881 | X92: 2446 | Y92: =M92*V92 -> 0 | Z92: =Q92*W92 -> 0 | AA92: =R92*X92 -> 0 | AB92: =+Y92+Z92+AA92 -> 0 | AC92: 1500 | AD92: =AB92/H92 -> #DIV/0! | AE92: =+AB92/I92 -> #DIV/0!
A93: =A92 -> 46022 | B93: =DAY(A93) -> 31 | C93: 2 (MAÑANA) | D93: 2 | E93: FINAL TURNO 1 | G93: 8 | M93: =(J93*$S$2) -> 0 | N93: =[2]!Tabla1[[#This Row],[CONSUMO POL ANIONICO (KG)]] -> #REF! | O93: =[2]!Tabla1[[#This Row],[CONSUMO POL CATIONICO (KG)]] -> #REF! | P93: =(M93*1000)/H93 -> #DIV/0! | Q93: =(K93*$T$2) -> 0 | R93: =(L93*$U$2) -> 0 | S93: 1.325 | T93: 1200 | U93: 1.3 | V93: 2498 | W93: 2881 | X93: 2446 | Y93: =M93*V93 -> 0 | Z93: =Q93*W93 -> 0 | AA93: =R93*X93 -> 0 | AB93: =+Y93+Z93+AA93 -> 0 | AC93: 1500 | AD93: =AB93/H93 -> #DIV/0! | AE93: =+AB93/I93 -> #DIV/0!
A94: =A93 -> 46022 | B94: =DAY(A94) -> 31 | C94: 3(TARDE) | D94: 3 | E94: FINAL TURNO 2 | M94: =(J94*$S$2)/1000000 -> 0 | N94: =[2]!Tabla1[[#This Row],[CONSUMO POL ANIONICO (KG)]] -> #REF! | O94: =[2]!Tabla1[[#This Row],[CONSUMO POL CATIONICO (KG)]] -> #REF! | P94: =(M94*1000)/H94 -> #DIV/0! | Q94: =(K94*$T$2) -> 0 | R94: =(L94*$U$2) -> 0 | S94: 1.325 | T94: 1200 | U94: 1.3 | V94: 2498 | W94: 2881 | X94: 2446 | Y94: =M94*V94 -> 0 | Z94: =Q94*W94 -> 0 | AA94: =R94*X94 -> 0 | AB94: =+Y94+Z94+AA94 -> 0 | AC94: 1500 | AD94: =AB94/H94 -> #DIV/0! | AE94: =+AB94/I94 -> #DIV/0!

Sheet Gráfica
A1: DÍA | B1: VOLUMEN TOTAL TRATADO PTAP | C1: LIMITE INDICADOR M3 | D1: $ M3 PTAP | E1: VOLUMEN ENVIADO A TK RECIRCULACIÓN | F1: AGUA DE RETROLAVADOS
A2: 1 | B2: 275 | C2: 1500 | D2: 6524.8259 | E2: 195 | F2: =+B2-E2 -> 80
A3: 2 | B3: 367 | C3: 1500 | D3: 6805.1884 | E3: 272 | F3: =+B3-E3 -> 95
A4: 3 | B4: 393 | C4: 1500 | D4: 4541.3606 | E4: 291 | F4: =+B4-E4 -> 102
A5: 4 | B5: 376 | C5: 1500 | D5: 4031.5544 | E5: 276 | F5: =+B5-E5 -> 100
A6: 5 | B6: 361 | C6: 1500 | D6: 794.56178 | E6: 259 | F6: =+B6-E6 -> 102
A7: 6 | B7: 374 | C7: 1500 | D7: 4748.5087 | E7: 276 | F7: =+B7-E7 -> 98
A8: 7 | B8: 68 | C8: 1500 | D8: #DIV/0! | E8: 51 | F8: =+B8-E8 -> 17
A9: 8 | B9: 0 | C9: 1500 | D9: #DIV/0! | E9: 0 | F9: =+B9-E9 -> 0
A10: 9 | B10: 307 | C10: 1500 | D10: 4894.615 | E10: 220 | F10: =+B10-E10 -> 87
A11: 10 | B11: 366 | C11: 1500 | D11: 0 | E11: 254 | F11: =+B11-E11 -> 112
A12: 11 | B12: 270 | C12: 1500 | D12: 0 | E12: 192 | F12: =+B12-E12 -> 78
A13: 12 | B13: 301 | C13: 1500 | D13: 0 | E13: 208 | F13: =+B13-E13 -> 93
A14: 13 | B14: 336 | C14: 1500 | D14: 5440.8943 | E14: 239 | F14: =+B14-E14 -> 97
A15: 14 | B15: 398 | C15: 1500 | D15: 4468.541 | E15: 273 | F15: =+B15-E15 -> 125
A16: 15 | B16: 347 | C16: 1500 | D16: #DIV/0! | E16: 236 | F16: =+B16-E16 -> 111
A17: 16 | B17: 262 | C17: 1500 | D17: 6289.8931 | E17: 168 | F17: =+B17-E17 -> 94
A18: 17 | B18: 354 | C18: 1500 | D18: 5032.4161 | E18: 226 | F18: =+B18-E18 -> 128
A19: 18 | B19: 304 | C19: 1500 | D19: 5842.4041 | E19: 210 | F19: =+B19-E19 -> 94
A20: 19 | B20: 346 | C20: 1500 | D20: 0 | E20: 248 | F20: =+B20-E20 -> 98
A21: 20 | B21: 348 | C21: 1500 | D21: 0 | E21: 246 | F21: =+B21-E21 -> 102
A22: 21 | B22: 97 | C22: 1500 | D22: #DIV/0! | E22: 71 | F22: =+B22-E22 -> 26
A23: 22 | B23: 254 | C23: 1500 | D23: #DIV/0! | E23: 184 | F23: =+B23-E23 -> 70
A24: 23 | B24: 382 | C24: 1500 | D24: 3905.9548 | E24: 280 | F24: =+B24-E24 -> 102
A25: 24 | B25: 223 | C25: 1500 | D25: #DIV/0! | E25: 160 | F25: =+B25-E25 -> 63
A26: 25 | B26: 0 | C26: 1500 | D26: #DIV/0! | E26: 0 | F26: =+B26-E26 -> 0
A27: 26 | B27: 154 | C27: 1500 | D27: #DIV/0! | E27: 115 | F27: =+B27-E27 -> 39
A28: 27 | B28: 301 | C28: 1500 | D28: 5931.3364 | E28: 223 | F28: =+B28-E28 -> 78
A29: 28 | B29: 224 | C29: 1500 | D29: #DIV/0! | E29: 167 | F29: =+B29-E29 -> 57
A30: 29 | B30: 249 | C30: 1500 | D30: #DIV/0! | E30: 186 | F30: =+B30-E30 -> 63
A31: 30 | B31: 267.5 | C31: 1500 | D31: 0 | E31: 198.5 | F31: =+B31-E31 -> 69
A32: 31 | B32: 58.5 | C32: 1500 | D32: #DIV/0! | E32: 43.5 | F32: =+B32-E32 -> 15
B33: =+SUM(B2:B32) -> 8363 | C33: =+SUM(C2:C32) -> 46500 | D33: =+SUM(D2:D32) -> #DIV/0! | E33: =+SUM(E2:E32) -> 5968 | F33: =+SUM(F2:F32) -> 2395
B36: BALANCE PTAP | L36: =+Balance!AB95 -> 0
B37: Volumen Total tratado (m3) | C37: Volumen enviado a Tanque de Reciculación (m3) | D37: $/m3 tratado | E37: $/m3 enviado | F37: Mín. enviado a tk de recirculación (m3) | G37: Máx. enviado a tk de recirculación (m3) | H37: Promedio tratado (m3) | I37: Promedio enviado a tk de recirculación (m3) | J37: Eficiencia UF % | K37: Caudal puntual mensual L/s
B38: =+B33 -> 8363 | C38: =+E33 -> 5968 | D38: =+L36/B38 -> 0 | E38: =+L36/C38 -> 0 | F38: =+MIN(E2:E5,E7:E12,E14:E19,E21:E32) -> 0 | G38: =+MAX(E2:E5,E7:E12,E14:E19,E21:E32) -> 291 | H38: =+AVERAGE(B2:B5,B7:B12,B14:B19,B21:B32) -> 262.67857 | I38: =+AVERAGE(E2:E5,E7:E12,E14:E19,E21:E32) -> 187.60714 | J38: =+I38/H38*100 -> 71.420802 | K38: =+I38/3.6/24 -> 2.171379

Sheet Base de datos
A1: Día | B1: VOL. ENVIADO A TK RECIRCULACIÓN (m3) | C1: VOL. TOTAL TRATADO PTAP (m3) | D1: Promedio de LIMITE INDICADOR M3 | E1: Suma de $ m3 tratado
A2: 1 | B2: 195 | C2: 275 | D2: 1500 | E2: 6524.8259
A3: 2 | B3: 272 | C3: 367 | D3: 1500 | E3: 6805.1884 | G3: =+MIN(B2:B5,B7) -> 195
A4: 3 | B4: 291 | C4: 393 | D4: 1500 | E4: 4541.3606 | G4: =+MAX(B2:B5,B7) -> 291
A5: 4 | B5: 276 | C5: 376 | D5: 1500 | E5: 4031.5544 | G5: =+AVERAGE(B2:B5,B7) -> 262
A6: 5 | B6: 259 | C6: 361 | D6: 1500 | E6: 794.56178
A7: 6 | B7: 276 | C7: 374 | D7: 1500 | E7: 4748.5087
A8: 7 | B8: 51 | C8: 68 | D8: 1500 | E8: #DIV/0!
A9: 8 | B9: 0 | C9: 0 | D9: 1500 | E9: #DIV/0!
A10: 9 | B10: 220 | C10: 307 | D10: 1500 | E10: 4894.615
A11: 10 | B11: 254 | C11: 366 | D11: 1500 | E11: 0
A12: 11 | B12: 192 | C12: 270 | D12: 1500 | E12: 0
A13: 12 | B13: 208 | C13: 301 | D13: 1500 | E13: 0
A14: 13 | B14: 239 | C14: 336 | D14: 1500 | E14: 5440.8943
A15: 14 | B15: 273 | C15: 398 | D15: 1500 | E15: 4468.541
A16: 15 | B16: 236 | C16: 347 | D16: 1500 | E16: #DIV/0!
A17: 16 | B17: 168 | C17: 262 | D17: 1500 | E17: 6289.8931
A18: 17 | B18: 226 | C18: 354 | D18: 1500 | E18: 5032.4161
A19: 18 | B19: 210 | C19: 304 | D19: 1500 | E19: 5842.4041
A20: 19 | B20: 248 | C20: 346 | D20: 1500 | E20: 0
A21: 20 | B21: 246 | C21: 348 | D21: 1500 | E21: 0
A22: 21 | B22: 71 | C22: 97 | D22: 1500 | E22: #DIV/0!
A23: 22 | B23: 184 | C23: 254 | D23: 1500 | E23: #DIV/0!
A24: 23 | B24: 280 | C24: 382 | D24: 1500 | E24: 3905.9548
A25: 24 | B25: 160 | C25: 223 | D25: 1500 | E25: #DIV/0!
A26: 25 | B26: 0 | C26: 0 | D26: 1500 | E26: #DIV/0!
A27: 26 | B27: 115 | C27: 154 | D27: 1500 | E27: #DIV/0!
A28: 27 | B28: 223 | C28: 301 | D28: 1500 | E28: 5931.3364
A29: 28 | B29: 167 | C29: 224 | D29: 1500 | E29: #DIV/0!
A30: 29 | B30: 186 | C30: 249 | D30: 1500 | E30: #DIV/0!
A31: 30 | B31: 198.5 | C31: 267.5 | D31: 1500 | E31: 0
A32: 31 | B32: 43.5 | C32: 58.5 | D32: 1500 | E32: #DIV/0!
A33: Total general | B33: 5968 | C33: 8363 | D33: 1500 | E33: #DIV/0!
B34: =+MIN(B2:B5,B7:B12,B14:B19,B21:B32) -> 0 | C34: =+MIN(C2:C5,C7:C12,C14:C19,C21:C32) -> 0 | D34: =+MIN(D2:D5,D7:D12,D14:D19,D21:D32) -> 1500 | E34: =+MIN(E2:E5,E7:E12,E14:E19,E21:E32) -> #DIV/0!
B35: =+MAX(B2:B5,B7:B12,B14:B19,B21:B32) -> 291 | C35: =+MAX(C2:C5,C7:C12,C14:C19,C21:C32) -> 398 | D35: =+MAX(D2:D5,D7:D12,D14:D19,D21:D32) -> 1500 | E35: =+MAX(E2:E5,E7:E12,E14:E19,E21:E32) -> #DIV/0!
B36: =+AVERAGE(B2:B5,B7:B12,B14:B19,B21:B32) -> 187.60714 | C36: =+AVERAGE(C2:C5,C7:C12,C14:C19,C21:C32) -> 262.67857 | D36: =+AVERAGE(D2:D5,D7:D12,D14:D19,D21:D32) -> 1500 | E36: =+AVERAGE(E2:E5,E7:E12,E14:E19,E21:E32) -> #DIV/0!

Sheet Desglose químico
A1: PRODUCTO QUÍMICO | B1: KG CONSUMIDOS MES | C1: KG PROMEDIO DIÁRIO | D1: COSTO MES | E1: $ PROMEDIO DIÁRIO
A2: ÁCIDO | B2: =+Balance!R95 -> 0 | C2: =+B2/24 -> 0 | D2: =+Balance!AA95 -> 0 | E2: =+D2/28 -> 0
A3: COAGULANTE | B3: =+Balance!M95 -> 0 | C3: =+B3/24 -> 0 | D3: =+Balance!Y95 -> 0 | E3: =+D3/28 -> 0
A4: PERÓXIDO | B4: =+Balance!Q95 -> 0 | C4: =+B4/24 -> 0 | D4: =+Balance!Z95 -> 0 | E4: =+D4/28 -> 0
A5: SODA | C5: =+B5/24 -> 0 | E5: =+D5/24 -> 0
A6: FILTROS BOLSA | B6: 16 | C6: =+B6/24 -> 0.66666667 | D6: =29000*B6 -> 464000 | E6: =+D6/28 -> 16571.429
A7: TOTAL | D7: =+SUM(D2:D6) -> 464000
A8: Volumen tratado m3 | D8: =+GETPIVOTDATA("VOL. TOTAL TRATADO PTAP (m3)",'Base de datos'!$A$1) -> 8363
A9: Volumen enviado a tanque de recirculación m3 | D9: =+GETPIVOTDATA("VOL. ENVIADO A TK RECIRCULACIÓN (m3)",'Base de datos'!$A$1) -> 5968
A10: Indicador agua tratada | D10: =+D7/D8 -> 55.482482
A11: Indicador agua enviada a tanque de recirculación | D11: =+D7/D9 -> 77.747989

Sheet Pedido Química
A1: OC | B1: Kg COF 235 | C1: Kg 280
A2: PED00370579 REQ00110574 SI25R4(NR-10981) | B2: 11925 | C2: 2600
A5: Fecha de solicitud | B5: 45968
A6: Kg COF 235 | B6: 5300
A7: Kg COF 280

Sheet CHARACTERIZATION
A1: FECHA | B1: TURNO | C1: PH IN | D1: TEMP IN | E1: TURBIDEZ IN | F1: COLOR IN | G1: TDS IN | H1: CONDU IN | I1: SST IN | J1: DUREZA IN | K1: HIERRO IN | L1: PH OUT | M1: TEMP OUT | N1: TURBIDEZ OUT | O1: COLOR OUT | P1: TDS OUT | Q1: CONDU OUT | R1: SST OUT | S1: DUREZA OUT | T1: HIERRO OUT
A2: 45558 | B2: Turno 1
A3: 45558 | B3: Turno 2
A4: 45558 | B4: Turno 3
A5: 45559 | B5: Turno 1
A6: 45559 | B6: Turno 2
A7: 45559 | B7: Turno 3
A8: 45560
A9: 45560
A10: 45560
A11: 45561
A12: 45561
A13: 45561
A14: 45562
A15: 45562
A16: 45562
A17: 45563
A18: 45563
A19: 45563
... A25: 45565

Sheet INVENTARIO
A3: COAG | B3: =+#REF!-#REF! -> #REF!
A4: FLOC | B4: =+#REF!-#REF! -> #REF!
A5: PEROX | B5: =+#REF!-#REF! -> #REF!
A8: Coagulante COF-235 | B8: 2498 | C8: 1.32
A9: Floculante COFN-440 | B9: 23.8 | C9: 2.5
A10: Peroxido de hidrogeno | B10: 2800
