Workbook
Name SegmentaciónDeDatos_DIA: #N/A
Name SegmentaciónDeDatos_DIA1: #N/A
Name SegmentaciónDeDatos_FECHA: #N/A

Sheet DASH BH
M1: Meses (FECHA) | N1: (Todas) | AS1: Meses (FECHA) | AT1: (Todas) | AY1: Meses (FECHA) | AZ1: (Todas)
M2: Días (FECHA) | N2: (Todas) | AS2: Días (FECHA) | AT2: (Todas) | AY2: Días (FECHA) | AZ2: (Todas)
M3: FECHA | N3: (Todas) | U3: FECHA | V3: INDICADOR DIA PRODUCCIÓN | W3: VOLUMEN REAL ENVIADO A PRODUCCIÓN | X3: Mín. de PROMEDIO MIN INDICADOR | AA3: FECHA | AB3: TOTAL KG TEÑIDOS MS | AC3: INDICADOR CONSUMO DIA (L/Kg) | AD3: Promedio de PROMEDIO MIN INDICADOR | AF3: DIA | AG3: VOLUMEN ENVIO MULAS RESIDUAL | AH3: VOLUMEN EXTRAIDO PTAP | AI3: Numero de Viajes | AN3: Etiquetas de fila | AO3: TOTAL KG PROCESADOS | AP3: TOTAL KG + ERBATECH | AQ3: KG ERBATECH
U4: 1 | V4: 0 | W4: 1 | X4: 23 | AA4: 1 | AB4: 0 | AC4: 0 | AD4: 23 | AF4: 1 | AG4: 0 | AH4: 0 | AI4: 0 | AN4: 1 | AO4: 0 | AQ4: 0 | AS4: DIA | AT4: VOLUMEN INGRESO RO | AU4: VOLUMEN PERMEADO RO | AV4: VOLUMEN RECHAZO RO | AW4: EFICIENCIA RO | AY4: DIA | AZ4: VOLUMEN INGRESO A PTAR | BA4: VOLUMEN INGRESO RO | BB4: VOLUMEN PERMEADO RO | BC4: VOLUMEN RECHAZO RO
M5: FECHA | N5: VOLUMEN REPORTE CONSUMIDO PRODUCCIÓN | O5: VOLUMEN DE PTAP ENVIADO A PLANTA DE PRODUCCIÓN | P5: VOLUMEN POTABLE CARROTANQUES | Q5: VOLUMEN PERMEADO RO | R5: VOLUMEN REAL ENVIADO A PRODUCCIÓN | U5: 2 | V5: 0 | W5: 3 | X5: 23 | AA5: 2 | AB5: 0 | AC5: 0 | AD5: 23 | AF5: 2 | AG5: 0 | AH5: 46 | AI5: 0 | AN5: 2 | AO5: 0 | AQ5: 0 | AS5: 1 | AT5: 0 | AU5: 0 | AV5: 0 | AW5: 0 | AY5: 1 | AZ5: 0 | BA5: 0 | BB5: 0 | BC5: 0
M6: 1 | N6: 0 | O6: 1 | P6: 0 | Q6: 0 | R6: 1 | U6: 3 | V6: 0 | W6: 1 | X6: 23 | AA6: 3 | AB6: 0 | AC6: 0 | AD6: 23 | AF6: 3 | AG6: 0 | AH6: 99 | AI6: 0 | AN6: 3 | AO6: 0 | AQ6: 0 | AS6: 2 | AT6: 0 | AU6: 0 | AV6: 0 | AW6: 0 | AY6: 2 | AZ6: 0 | BA6: 0 | BB6: 0 | BC6: 0
M7: 2 | N7: 0 | O7: 3 | P7: 0 | Q7: 0 | R7: 3 | U7: 4 | V7: 0 | W7: 0 | X7: 23 | AA7: 4 | AB7: 0 | AC7: 0 | AD7: 23 | AF7: 4 | AG7: 0 | AH7: 53 | AI7: 0 | AN7: 4 | AO7: 0 | AQ7: 0 | AS7: 3 | AT7: 0 | AU7: 0 | AV7: 0 | AW7: 0 | AY7: 3 | AZ7: 0 | BA7: 0 | BB7: 0 | BC7: 0
M8: 3 | N8: 0 | O8: 1 | P8: 0 | Q8: 0 | R8: 1 | U8: 5 | V8: 0 | W8: 2 | X8: 23 | AA8: 5 | AB8: 0 | AC8: 0 | AD8: 23 | AF8: 5 | AG8: 0 | AH8: 50 | AI8: 0 | AN8: 5 | AO8: 0 | AQ8: 0 | AS8: 4 | AT8: 0 | AU8: 0 | AV8: 0 | AW8: 0 | AY8: 4 | AZ8: 0 | BA8: 0 | BB8: 0 | BC8: 0
M9: 4 | N9: 0 | O9: 0 | P9: 0 | Q9: 0 | R9: 0 | U9: 6 | V9: 0 | W9: 2 | X9: 23 | AA9: 6 | AB9: 0 | AC9: 0 | AD9: 23 | AF9: 6 | AG9: 0 | AH9: 0 | AI9: 0 | AN9: 6 | AO9: 0 | AQ9: 0 | AS9: 5 | AT9: 0 | AU9: 0 | AV9: 0 | AW9: 0 | AY9: 5 | AZ9: 0 | BA9: 0 | BB9: 0 | BC9: 0
M10: 5 | N10: 0 | O10: 2 | P10: 0 | Q10: 0 | R10: 2 | U10: 7 | V10: 0 | W10: 1 | X10: 23 | AA10: 7 | AB10: 0 | AC10: 0 | AD10: 23 | AF10: 7 | AG10: 0 | AH10: 20 | AI10: 0 | AN10: 7 | AO10: 0 | AQ10: 0 | AS10: 6 | AT10: 0 | AU10: 0 | AV10: 0 | AW10: 0 | AY10: 6 | AZ10: 0 | BA10: 0 | BB10: 0 | BC10: 0
M11: 6 | N11: 0 | O11: 2 | P11: 0 | Q11: 0 | R11: 2 | U11: 8 | V11: 0 | W11: 0 | X11: 23 | AA11: 8 | AB11: 0 | AC11: 0 | AD11: 23 | AF11: 8 | AG11: 0 | AH11: 0 | AI11: 0 | AN11: 8 | AO11: 0 | AQ11: 0 | AS11: 7 | AT11: 0 | AU11: 0 | AV11: 0 | AW11: 0 | AY11: 7 | AZ11: 0 | BA11: 0 | BB11: 0 | BC11: 0
M12: 7 | N12: 0 | O12: 1 | P12: 0 | Q12: 0 | R12: 1 | U12: 9 | V12: 0 | W12: 0 | X12: 23 | AA12: 9 | AB12: 0 | AC12: 0 | AD12: 23 | AF12: 9 | AG12: 0 | AH12: 41 | AI12: 0 | AN12: 9 | AO12: 0 | AQ12: 0 | AS12: 8 | AT12: 0 | AU12: 0 | AV12: 0 | AW12: 0 | AY12: 8 | AZ12: 0 | BA12: 0 | BB12: 0 | BC12: 0
M13: 8 | N13: 0 | O13: 0 | P13: 0 | Q13: 0 | R13: 0 | U13: 10 | V13: 0 | W13: 1 | X13: 23 | AA13: 10 | AB13: 0 | AC13: 0 | AD13: 23 | AF13: 10 | AG13: 0 | AH13: 53 | AI13: 0 | AN13: 10 | AO13: 0 | AQ13: 0 | AS13: 9 | AT13: 0 | AU13: 0 | AV13: 0 | AW13: 0 | AY13: 9 | AZ13: 0 | BA13: 0 | BB13: 0 | BC13: 0
M14: 9 | N14: 0 | O14: 0 | P14: 0 | Q14: 0 | R14: 0 | U14: 11 | V14: 0 | W14: 1 | X14: 23 | AA14: 11 | AB14: 0 | AC14: 0 | AD14: 23 | AF14: 11 | AG14: 10 | AH14: 62 | AI14: 1 | AN14: 11 | AO14: 0 | AQ14: 0 | AS14: 10 | AT14: 0 | AU14: 0 | AV14: 0 | AW14: 0 | AY14: 10 | AZ14: 0 | BA14: 0 | BB14: 0 | BC14: 0
M15: 10 | N15: 0 | O15: 1 | P15: 0 | Q15: 0 | R15: 1 | U15: 12 | V15: 0 | W15: 4 | X15: 23 | AA15: 12 | AB15: 0 | AC15: 0 | AD15: 23 | AF15: 12 | AG15: 0 | AH15: 39 | AI15: 0 | AN15: 12 | AO15: 0 | AQ15: 0 | AS15: 11 | AT15: 0 | AU15: 0 | AV15: 0 | AW15: 0 | AY15: 11 | AZ15: 0 | BA15: 0 | BB15: 0 | BC15: 0
M16: 11 | N16: 0 | O16: 1 | P16: 0 | Q16: 0 | R16: 1 | U16: 13 | V16: 0 | W16: 1 | X16: 23 | AA16: 13 | AB16: 0 | AC16: 0 | AD16: 23 | AF16: 13 | AG16: 0 | AH16: 54 | AI16: 0 | AN16: 13 | AO16: 0 | AQ16: 0 | AS16: 12 | AT16: 0 | AU16: 0 | AV16: 0 | AW16: 0 | AY16: 12 | AZ16: 0 | BA16: 0 | BB16: 0 | BC16: 0
M17: 12 | N17: 0 | O17: 4 | P17: 0 | Q17: 0 | R17: 4 | U17: 14 | V17: 0 | W17: 1 | X17: 23 | AA17: 14 | AB17: 0 | AC17: 0 | AD17: 23 | AF17: 14 | AG17: 0 | AH17: 42 | AI17: 0 | AN17: 14 | AO17: 0 | AQ17: 0 | AS17: 13 | AT17: 0 | AU17: 0 | AV17: 0 | AW17: 0 | AY17: 13 | AZ17: 0 | BA17: 0 | BB17: 0 | BC17: 0
... M34: 29 | N34: 0 | O34: 0 | P34: 0 | Q34: 0 | R34: 0 | U34: 31 | V34: 0 | W34: 3 | X34: 23 | AA34: 31 | AB34: 0 | AC34: 0 | AD34: 23 | AF34: 31 | AG34: 0 | AH34: 42 | AI34: 0 | AN34: 31 | AO34: 0 | AQ34: 0 | AS34: 30 | AT34: 0 | AU34: 0 | AV34: 0 | AW34: 0 | AY34: 30 | AZ34: 0 | BA34: 0 | BB34: 0 | BC34: 0
M35: 30 | N35: 0 | O35: 1 | P35: 0 | Q35: 0 | R35: 1 | U35: Total general | V35: 244.18605 | W35: 42 | X35: 23 | AA35: Total general | AB35: 172 | AC35: 244.18605 | AD35: 23 | AF35: Total general | AG35: 30 | AH35: 1008 | AI35: 3 | AN35: Total general | AO35: 172 | AQ35: -172 | AS35: 31 | AT35: 0 | AU35: 0 | AV35: 0 | AW35: 0 | AY35: 31 | AZ35: 0 | BA35: 0 | BB35: 0 | BC35: 0
M36: 31 | N36: 0 | O36: 3 | P36: 0 | Q36: 0 | R36: 3 | AS36: Total general | AT36: 0 | AU36: 0 | AV36: 0 | AW36: 0 | AY36: Total general | AZ36: -33560 | BA36: 0 | BB36: 0 | BC36: 0
M37: Total general | N37: 0 | O37: 42 | P37: 0 | Q37: 0 | R37: 42
K54: CONSOLIDADO INDICADOR
K55: CONSUMO (m3) | L55: =+GETPIVOTDATA(" VOLUMEN REAL ENVIADO A PRODUCCIÓN ",$U$3) -> 42
K56: Kg TELA | L56: =+GETPIVOTDATA(" TOTAL KG TEÑIDOS MS",$AA$3) -> 172
K57: INDICADOR L/Kg | L57: =(L55*1000)/L56 -> 244.18605
K58: DIAS EFECTIVOS | L58: 13
K59: KG/DIA | L59: =L56/L58 -> 13.230769
K60: M3/DIA | L60: =+L55/L58 -> 3.2307692
K64: MES | L64: INDICADOR L/Kg
K65: ENERO | L65: 41.2
K66: FEBRERO | L66: 39.1
K67: MARZO | L67: 48
K68: PROYECCIÓN ABRIL | L68: =AVERAGE(L65:L67) -> 42.766667 | M68: 7416 | N68: =(M68*L68)/1000 -> 317.1576
K71: INDICADOR L/Kg
K72: REPORTADO SCLAVOS | L72: REPORTADO BELLINI | M72: REPORTADO GLOBAL | N72: REAL GLOBAL
K73: 21.46 | L73: 26.16 | M73: 21.69 | N73: =L57 -> 244.18605
K88: CONSOLIDADO KG REPORTADOS
K89: KG (SCLAVOS + BELLINI + ERBATECH) | L89: KG PROCESADOS | M89: KG DIFERENCIA | N89: % DE DIFERENCIA
K90: =GETPIVOTDATA(" TOTAL KG + ERBATECH",$AN$3) -> 0 | L90: =GETPIVOTDATA(" TOTAL KG PROCESADOS",$AN$3) -> 172 | M90: =+K90-L90 -> -172 | N90: =+M90/L90 -> -1
B104: ABASTECIMIENTO | H104: CONSOLIDADO TRATABILIDAD | O104: CONSOLIDADO AGUA RESIDUAL | R104: BALANCE RO
B105: VOLUMEN ENVIADO A PRODUCCIÓN | C105: VOLUMEN EXTRAIDO PTAP | D105: VOLUMEN PURGAS, RETROLAVADOS, LIMPIEZAS PTAR Y PTAP | E105: VOLUMEN ENVIADO PTAP | F105: VOLUMEN ENVIADO A PILOTES | G105: VOLUMEN TRATADO | H105: VOLUMEN ENVIADO A PRODUCCIÓN | I105: PORCENTAJE PERDIDA AGUA EN EL PROCESO | J105: VOLUMEN PERDIDA AGUA EN EL PROCESO | K105: VOLUMEN AGUA RESIDUAL ENVIADA A PTAR | L105: VOLUMEN ALMACENADO PTAR | M105: VOLUMEN AGUA RESIDUAL RECUPERADA RO | N105: % DE RECUPERACIÓN | O105: VOLUMEN TEORICO RESIDUAL GENERADO | P105: VOLUMEN MULAS RESIDUAL | Q105: DIFERENCIA ENVIO VS CONSUMO | R105: VOLUMEN INGRESO RO | S105: VOLUMEN PERMEADO RO | T105: VOLUMEN RECHAZO RO | U105: EFICIENCIA
B106: (m3) | C106: (m3) | D106: (m3) | E106: (m3) | F106: (m3) | G106: (m3) | H106: (m3) | I106: % | J106: (m3) | K106: (m3) | L106: (m3) | M106: (m3) | N106: (m3) | O106: (m3) | P106: (m3) | Q106: (m3) | R106: (m3) | S106: (m3) | T106: (m3) | U106: %
B107: =+C117 -> 42 | C107: =C142 -> 1008 | D107: =+C107-F107-G107 -> 25 | E107: =+C114 -> 42 | F107: 835 | G107: 148 | H107: =+B107 -> 42 | I107: 0.01 | J107: =+H107*I107 -> 0.42 | K107: =+H107-J107 -> 41.58 | L107: 130 | M107: =+G107 -> 148 | N107: =+M107/K107 -> 3.5594036 | O107: =+K107-M107-L107 -> -236.42 | P107: =+C139 -> 30 | Q107: =O107-P107 -> -266.42 | R107: =GETPIVOTDATA("VOLUMEN INGRESO RO ",$AS$4) -> 0 | S107: =+G107 -> 148 | T107: =+R107-S107 -> -148 | U107: =+S107/R107 -> #DIV/0!
D108: =+D107/C107 -> 0.024801587
R109: =+R107/11 -> 0 | S109: =+S107/11 -> 13.454545
R110: =+R109/24 -> 0
B113: VOLUMEN | C113: (m3) | D113: %
B114: VOLUMEN PTAP ENVIADO A PRODUCCIÓN | C114: =+GETPIVOTDATA(" VOLUMEN DE PTAP ENVIADO A PLANTA DE PRODUCCIÓN",$M$3) -> 42 | D114: =+C114/$C$117 -> 1
B115: VOLUMEN POTABLE CARROTANQUES | C115: =+GETPIVOTDATA(" VOLUMEN POTABLE CARROTANQUES",$M$3) -> 0 | D115: =+C115/$C$117 -> 0
B116: VOLUMEN PERMEADO RO | C116: =+GETPIVOTDATA(" VOLUMEN PERMEADO RO",$M$3) -> 0 | D116: =+C116/$C$117 -> 0
B117: VOLUMEN REAL ENVIADO A PRODUCCIÓN | C117: =+GETPIVOTDATA(" VOLUMEN REAL ENVIADO A PRODUCCIÓN ",$M$3) -> 42 | D117: =+C117/$C$117 -> 1
B119: VOLUMEN | C119: (m3) | D119: % POR ENCIMA DE LO REPORTADO
B120: VOLUMEN REPORTE CONSUMIDO PRODUCCIÓN | C120: =+GETPIVOTDATA(" VOLUMEN REPORTE CONSUMIDO PRODUCCIÓN",$M$3) -> 0 | D120: =ABS(1-(C121/C120)) -> #DIV/0!
B121: VOLUMEN REAL ENVIADO A PRODUCCIÓN | C121: =+C117 -> 42
B122: VOLUMEN DIFERENCIA REPORTADO Vs CONSUMO | C122: =+C121-C120 -> 42
D123: =+C121/C120 -> #DIV/0!
B135: VOLUMEN | C135: (m3) | D135: %
B136: VOLUMEN REAL ENVIADO A PRODUCCIÓN | C136: =+C121 -> 42 | D136: =+C136/$C$136 -> 1
B137: VOLUMEN PERMEADO RO (RECUPERADO) | C137: =C116 -> 0 | D137: =+C137/$C$136 -> 0
B138: VOLUMEN RESIDUAL GENERADO | C138: =+C136-C137 -> 42 | D138: =+C138/$C$136 -> 1
B139: VOLUMEN ENVIO MULAS RESIDUAL | C139: =+GETPIVOTDATA(" VOLUMEN ENVIO MULAS RESIDUAL",$AF$3) -> 30 | D139: =+C139/$C$136 -> 0.71428571
B141: VOLUMEN | C141: (m3) | D141: % POR ENCIMA DE LO REPORTADO EN MULAS
B142: VOLUMEN REAL EXTRAIDO DEL POZO | C142: =GETPIVOTDATA("VOLUMEN EXTRAIDO PTAP ",$AF$3) -> 1008 | D142: =+C139/C136 -> 0.71428571
B143: VOLUMEN ENVIO MULAS RESIDUAL | C143: =+C139 -> 30
B144: VOLUMEN ENVIADO A PILOTES | C144: 835
B145: VOLUMEN DIFERENCIA RESIDUAL GENERADO - ENVIO MULAS | C145: =+C142-C144-C136 -> 131
B146: TOTAL NUMERO DE VIAJES | C146: =GETPIVOTDATA("Numero de Viajes ",$AF$3) -> 3
B147: DIAS | C147: 19
C151: (m3) | D151: %
B152: VOLUMEN TRATADO EN PTAR | C152: =GETPIVOTDATA("VOLUMEN INGRESO A PTAR ",$AY$4) -> -33560 | D152: 1
B153: VOLUMEN INGRESO RO | C153: =R107 -> 0 | D153: =C153/C152 -> 0 | E153: 1
B154: VOLUMEN PERMEADO RO | C154: =S107 -> 148 | D154: =C154/C152 -> -0.0044100119 | E154: =C154/C153 -> #DIV/0!
B155: VOLUMEN RECHAZO RO | C155: =T107 -> -148 | D155: =C155/C152 -> 0.0044100119 | E155: =C155/C153 -> #DIV/0!

Sheet BALANCE
A1: FECHA | B1: DIA | C1: TURNO | D1: VOLUMEN EXTRAIDO PTAP | E1: VOLUMEN ENVIADO PTAP | F1: VOLUMEN PERDIDAS!! | G1: VOLUMEN ENVIO MULAS | H1: VOLUMEN CONSUMIDO PRODUCCIÓN | I1: VOLUMEN POTABLE CARROTANQUES | J1: VOLUMEN INGRESO RO | K1: VOLUMEN PERMEADO RO | L1: VOLUMEN RECHAZO RO | M1: EFICIENCIA RO | N1: VOLUMEN REAL ENVIADO A PRODUCCIÓN | O1: VOLUMEN INGRESO A PTAR | P1: VOL m3 SCLAVOS | Q1: VOL m3 BELLINIS | R1: VOL m3 ERBATECH | S1: TOTAL KG TEÑIDOS | T1: Kg teñidos SCLAVOS | U1: Kg teñidos BELLINI | V1: Kg teñidos ERBATECH | W1: TOTAL KG TEÑIDOS MS | X1: INDICADOR PRODUCCIÓN | Y1: Numero de Viajes | Z1: PROMEDIO MIN INDICADOR
A2: 45870 | B2: =DAY(A2) -> 1 | C2: 1 | D2: ='REGISTRO DE DATOS'!T3 -> 0 | E2: =+N2-K2-I2 -> 0 | F2: =+D2-E2 -> 0 | G2: ='REGISTRO DE DATOS'!R3 -> 0 | H2: =P2+Q2+R2 -> 0 | I2: ='REGISTRO DE DATOS'!O3 -> 0 | J2: ='REGISTRO DE DATOS'!G3 -> 0 | K2: ='REGISTRO DE DATOS'!I3 -> 0 | L2: =+J2-K2 -> 0 | M2: =IF(ISERROR(K2/J2),"%",(K2/J2)) -> % | N2: ='REGISTRO DE DATOS'!D3 -> 0 | O2: ='REGISTRO DE DATOS'!X3 -> 0 | W2: =+T2+U2 -> 0 | X2: 23 | Y2: ='REGISTRO DE DATOS'!P3 -> 0 | Z2: 23
A3: 45870 | B3: =DAY(A3) -> 1 | C3: 2 | D3: ='REGISTRO DE DATOS'!T4 -> 0 | E3: =+N3-K3-I3 -> 1 | F3: =+D3-E3 -> -1 | G3: ='REGISTRO DE DATOS'!R4 -> 0 | H3: =P3+Q3+R3 -> 0 | I3: ='REGISTRO DE DATOS'!O4 -> 0 | J3: ='REGISTRO DE DATOS'!G4 -> 0 | K3: ='REGISTRO DE DATOS'!I4 -> 0 | L3: =+J3-K3 -> 0 | M3: =IF(ISERROR(K3/J3),"%",(K3/J3)) -> % | N3: ='REGISTRO DE DATOS'!D4 -> 1 | O3: ='[1]REGISTRO DE DATOS'!W4 -> 0 | W3: =+T3+U3 -> 0 | X3: 23 | Y3: ='REGISTRO DE DATOS'!P4 -> 0 | Z3: 23
A4: 45870 | B4: =DAY(A4) -> 1 | C4: 3 | D4: ='REGISTRO DE DATOS'!T5 -> 0 | E4: =+N4-K4-I4 -> 0 | F4: =+D4-E4 -> 0 | G4: ='REGISTRO DE DATOS'!R5 -> 0 | H4: =P4+Q4+R4 -> 0 | I4: ='REGISTRO DE DATOS'!O5 -> 0 | J4: ='REGISTRO DE DATOS'!G5 -> 0 | K4: ='REGISTRO DE DATOS'!I5 -> 0 | L4: =+J4-K4 -> 0 | M4: =IF(ISERROR(K4/J4),"%",(K4/J4)) -> % | N4: ='REGISTRO DE DATOS'!D5 -> 0 | O4: ='[1]REGISTRO DE DATOS'!W5 -> 0 | W4: =+T4+U4 -> 0 | X4: 23 | Y4: ='REGISTRO DE DATOS'!P5 -> 0 | Z4: 23
A5: 45871 | B5: =DAY(A5) -> 2 | C5: 1 | D5: ='REGISTRO DE DATOS'!T6 -> 0 | E5: =+N5-K5-I5 -> 0 | F5: =+D5-E5 -> 0 | G5: ='REGISTRO DE DATOS'!R6 -> 0 | H5: =P5+Q5+R5 -> 0 | I5: ='REGISTRO DE DATOS'!O6 -> 0 | J5: ='REGISTRO DE DATOS'!G6 -> 0 | K5: ='REGISTRO DE DATOS'!I6 -> 0 | L5: =+J5-K5 -> 0 | M5: =IF(ISERROR(K5/J5),"%",(K5/J5)) -> % | N5: ='REGISTRO DE DATOS'!D6 -> 0 | O5: ='[1]REGISTRO DE DATOS'!W6 -> 0 | W5: =+T5+U5 -> 0 | X5: 23 | Y5: ='REGISTRO DE DATOS'!P6 -> 0 | Z5: 23
A6: 45871 | B6: =DAY(A6) -> 2 | C6: 2 | D6: ='REGISTRO DE DATOS'!T7 -> 46 | E6: =+N6-K6-I6 -> 2 | F6: =+D6-E6 -> 44 | G6: ='REGISTRO DE DATOS'!R7 -> 0 | H6: =P6+Q6+R6 -> 0 | I6: ='REGISTRO DE DATOS'!O7 -> 0 | J6: ='REGISTRO DE DATOS'!G7 -> 0 | K6: ='REGISTRO DE DATOS'!I7 -> 0 | L6: =+J6-K6 -> 0 | M6: =IF(ISERROR(K6/J6),"%",(K6/J6)) -> % | N6: ='REGISTRO DE DATOS'!D7 -> 2 | O6: ='[1]REGISTRO DE DATOS'!W7 -> 0 | W6: =+T6+U6 -> 0 | X6: 23 | Y6: ='REGISTRO DE DATOS'!P7 -> 0 | Z6: 23
A7: 45871 | B7: =DAY(A7) -> 2 | C7: 3 | D7: ='REGISTRO DE DATOS'!T8 -> 0 | E7: =+N7-K7-I7 -> 1 | F7: =+D7-E7 -> -1 | G7: ='REGISTRO DE DATOS'!R8 -> 0 | H7: =P7+Q7+R7 -> 0 | I7: ='REGISTRO DE DATOS'!O8 -> 0 | J7: ='REGISTRO DE DATOS'!G8 -> 0 | K7: ='REGISTRO DE DATOS'!I8 -> 0 | L7: =+J7-K7 -> 0 | M7: =IF(ISERROR(K7/J7),"%",(K7/J7)) -> % | N7: ='REGISTRO DE DATOS'!D8 -> 1 | O7: ='[1]REGISTRO DE DATOS'!W8 -> 0 | W7: =+T7+U7 -> 0 | X7: 23 | Y7: ='REGISTRO DE DATOS'!P8 -> 0 | Z7: 23
A8: 45872 | B8: =DAY(A8) -> 3 | C8: 1 | D8: ='REGISTRO DE DATOS'!T9 -> 0 | E8: =+N8-K8-I8 -> 0 | F8: =+D8-E8 -> 0 | G8: ='REGISTRO DE DATOS'!R9 -> 0 | H8: =P8+Q8+R8 -> 0 | I8: ='REGISTRO DE DATOS'!O9 -> 0 | J8: ='REGISTRO DE DATOS'!G9 -> 0 | K8: ='REGISTRO DE DATOS'!I9 -> 0 | L8: =+J8-K8 -> 0 | M8: =IF(ISERROR(K8/J8),"%",(K8/J8)) -> % | N8: ='REGISTRO DE DATOS'!D9 -> 0 | O8: ='[1]REGISTRO DE DATOS'!W9 -> 0 | W8: =+T8+U8 -> 0 | X8: 23 | Y8: ='REGISTRO DE DATOS'!P9 -> 0 | Z8: 23
A9: 45872 | B9: =DAY(A9) -> 3 | C9: 2 | D9: ='REGISTRO DE DATOS'!T10 -> 64 | E9: =+N9-K9-I9 -> 1 | F9: =+D9-E9 -> 63 | G9: ='REGISTRO DE DATOS'!R10 -> 0 | H9: =P9+Q9+R9 -> 0 | I9: ='REGISTRO DE DATOS'!O10 -> 0 | J9: ='REGISTRO DE DATOS'!G10 -> 0 | K9: ='REGISTRO DE DATOS'!I10 -> 0 | L9: =+J9-K9 -> 0 | M9: =IF(ISERROR(K9/J9),"%",(K9/J9)) -> % | N9: ='REGISTRO DE DATOS'!D10 -> 1 | O9: ='[1]REGISTRO DE DATOS'!W10 -> 0 | W9: =+T9+U9 -> 0 | X9: 23 | Y9: ='REGISTRO DE DATOS'!P10 -> 0 | Z9: 23
A10: 45872 | B10: =DAY(A10) -> 3 | C10: 3 | D10: ='REGISTRO DE DATOS'!T11 -> 35 | E10: =+N10-K10-I10 -> 0 | F10: =+D10-E10 -> 35 | G10: ='REGISTRO DE DATOS'!R11 -> 0 | H10: =P10+Q10+R10 -> 0 | I10: ='REGISTRO DE DATOS'!O11 -> 0 | J10: ='REGISTRO DE DATOS'!G11 -> 0 | K10: ='REGISTRO DE DATOS'!I11 -> 0 | L10: =+J10-K10 -> 0 | M10: =IF(ISERROR(K10/J10),"%",(K10/J10)) -> % | N10: ='REGISTRO DE DATOS'!D11 -> 0 | O10: ='[1]REGISTRO DE DATOS'!W11 -> 0 | W10: =+T10+U10 -> 0 | X10: 23 | Y10: ='REGISTRO DE DATOS'!P11 -> 0 | Z10: 23
A11: 45873 | B11: =DAY(A11) -> 4 | C11: 1 | D11: ='REGISTRO DE DATOS'!T12 -> 0 | E11: =+N11-K11-I11 -> 0 | F11: =+D11-E11 -> 0 | G11: ='REGISTRO DE DATOS'!R12 -> 0 | H11: =P11+Q11+R11 -> 0 | I11: ='REGISTRO DE DATOS'!O12 -> 0 | J11: ='REGISTRO DE DATOS'!G12 -> 0 | K11: ='REGISTRO DE DATOS'!I12 -> 0 | L11: =+J11-K11 -> 0 | M11: =IF(ISERROR(K11/J11),"%",(K11/J11)) -> % | N11: ='REGISTRO DE DATOS'!D12 -> 0 | O11: ='[1]REGISTRO DE DATOS'!W12 -> 0 | W11: =+T11+U11 -> 0 | X11: 23 | Y11: ='REGISTRO DE DATOS'!P12 -> 0 | Z11: 23
A12: 45873 | B12: =DAY(A12) -> 4 | C12: 2 | D12: ='REGISTRO DE DATOS'!T13 -> 29 | E12: =+N12-K12-I12 -> 0 | F12: =+D12-E12 -> 29 | G12: ='REGISTRO DE DATOS'!R13 -> 0 | H12: =P12+Q12+R12 -> 0 | I12: ='REGISTRO DE DATOS'!O13 -> 0 | J12: ='REGISTRO DE DATOS'!G13 -> 0 | K12: ='REGISTRO DE DATOS'!I13 -> 0 | L12: =+J12-K12 -> 0 | M12: =IF(ISERROR(K12/J12),"%",(K12/J12)) -> % | N12: ='REGISTRO DE DATOS'!D13 -> 0 | O12: ='[1]REGISTRO DE DATOS'!W13 -> 0 | W12: =+T12+U12 -> 0 | X12: 23 | Y12: ='REGISTRO DE DATOS'!P13 -> 0 | Z12: 23
A13: 45873 | B13: =DAY(A13) -> 4 | C13: 3 | D13: ='REGISTRO DE DATOS'!T14 -> 24 | E13: =+N13-K13-I13 -> 0 | F13: =+D13-E13 -> 24 | G13: ='REGISTRO DE DATOS'!R14 -> 0 | H13: =P13+Q13+R13 -> 0 | I13: ='REGISTRO DE DATOS'!O14 -> 0 | J13: ='REGISTRO DE DATOS'!G14 -> 0 | K13: ='REGISTRO DE DATOS'!I14 -> 0 | L13: =+J13-K13 -> 0 | M13: =IF(ISERROR(K13/J13),"%",(K13/J13)) -> % | N13: ='REGISTRO DE DATOS'!D14 -> 0 | O13: ='[1]REGISTRO DE DATOS'!W14 -> 0 | W13: =+T13+U13 -> 0 | X13: 23 | Y13: ='REGISTRO DE DATOS'!P14 -> 0 | Z13: 23
A14: 45874 | B14: =DAY(A14) -> 5 | C14: 1 | D14: ='REGISTRO DE DATOS'!T15 -> 0 | E14: =+N14-K14-I14 -> 0 | F14: =+D14-E14 -> 0 | G14: ='REGISTRO DE DATOS'!R15 -> 0 | H14: =P14+Q14+R14 -> 0 | I14: ='REGISTRO DE DATOS'!O15 -> 0 | J14: ='REGISTRO DE DATOS'!G15 -> 0 | K14: ='REGISTRO DE DATOS'!I15 -> 0 | L14: =+J14-K14 -> 0 | M14: =IF(ISERROR(K14/J14),"%",(K14/J14)) -> % | N14: ='REGISTRO DE DATOS'!D15 -> 0 | O14: ='[1]REGISTRO DE DATOS'!W15 -> 0 | W14: =+T14+U14 -> 0 | X14: 23 | Y14: ='REGISTRO DE DATOS'!P15 -> 0 | Z14: 23
... A41: 45883 | B41: =DAY(A41) -> 14 | C41: 1 | D41: ='REGISTRO DE DATOS'!T42 -> 0 | E41: =+N41-K41-I41 -> 0 | F41: =+D41-E41 -> 0 | G41: ='REGISTRO DE DATOS'!R42 -> 0 | H41: =P41+Q41+R41 -> 0 | I41: ='REGISTRO DE DATOS'!O42 -> 0 | J41: ='REGISTRO DE DATOS'!G42 -> 0 | K41: ='REGISTRO DE DATOS'!I42 -> 0 | L41: =+J41-K41 -> 0 | M41: =IF(ISERROR(K41/J41),"%",(K41/J41)) -> % | N41: ='REGISTRO DE DATOS'!D42 -> 0 | O41: ='[1]REGISTRO DE DATOS'!W42 -> 0 | W41: =+T41+U41 -> 0 | X41: 23 | Y41: ='REGISTRO DE DATOS'!P42 -> 0 | Z41: 23
A42: 45883 | B42: =DAY(A42) -> 14 | C42: 2 | D42: ='REGISTRO DE DATOS'!T43 -> 18 | E42: =+N42-K42-I42 -> 1 | F42: 0 | G42: ='REGISTRO DE DATOS'!R43 -> 0 | H42: =P42+Q42+R42 -> 0 | I42: ='REGISTRO DE DATOS'!O43 -> 0 | J42: ='REGISTRO DE DATOS'!G43 -> 0 | K42: ='REGISTRO DE DATOS'!I43 -> 0 | L42: =+J42-K42 -> 0 | M42: =IF(ISERROR(K42/J42),"%",(K42/J42)) -> % | N42: ='REGISTRO DE DATOS'!D43 -> 1 | O42: ='[1]REGISTRO DE DATOS'!W43 -> 0 | W42: =+T42+U42 -> 0 | X42: 23 | Y42: ='REGISTRO DE DATOS'!P43 -> 0 | Z42: 23
A43: 45883 | B43: =DAY(A43) -> 14 | C43: 3 | D43: ='REGISTRO DE DATOS'!T44 -> 24 | E43: =+N43-K43-I43 -> 0 | F43: =+D43-E43 -> 24 | G43: ='REGISTRO DE DATOS'!R44 -> 0 | H43: =P43+Q43+R43 -> 0 | I43: ='REGISTRO DE DATOS'!O44 -> 0 | J43: ='REGISTRO DE DATOS'!G44 -> 0 | K43: ='REGISTRO DE DATOS'!I44 -> 0 | L43: =+J43-K43 -> 0 | M43: =IF(ISERROR(K43/J43),"%",(K43/J43)) -> % | N43: ='REGISTRO DE DATOS'!D44 -> 0 | O43: ='[1]REGISTRO DE DATOS'!W44 -> 0 | W43: =+T43+U43 -> 0 | X43: 23 | Y43: ='REGISTRO DE DATOS'!P44 -> 0 | Z43: 23
A44: 45884 | B44: =DAY(A44) -> 15 | C44: 1 | D44: ='REGISTRO DE DATOS'!T45 -> 0 | E44: =+N44-K44-I44 -> 0 | F44: =+D44-E44 -> 0 | G44: ='REGISTRO DE DATOS'!R45 -> 0 | H44: =P44+Q44+R44 -> 0 | I44: ='REGISTRO DE DATOS'!O45 -> 0 | J44: ='REGISTRO DE DATOS'!G45 -> 0 | K44: ='REGISTRO DE DATOS'!I45 -> 0 | L44: =+J44-K44 -> 0 | M44: =IF(ISERROR(K44/J44),"%",(K44/J44)) -> % | N44: ='REGISTRO DE DATOS'!D45 -> 0 | O44: ='[1]REGISTRO DE DATOS'!W45 -> 0 | W44: =+T44+U44 -> 0 | X44: 23 | Y44: ='REGISTRO DE DATOS'!P45 -> 0 | Z44: 23
A45: 45884 | B45: =DAY(A45) -> 15 | C45: 2 | D45: ='REGISTRO DE DATOS'!T46 -> 0 | E45: =+N45-K45-I45 -> 0 | F45: =+D45-E45 -> 0 | G45: ='REGISTRO DE DATOS'!R46 -> 0 | H45: =P45+Q45+R45 -> 0 | I45: ='REGISTRO DE DATOS'!O46 -> 0 | J45: ='REGISTRO DE DATOS'!G46 -> 0 | K45: ='REGISTRO DE DATOS'!I46 -> 0 | L45: =+J45-K45 -> 0 | M45: =IF(ISERROR(K45/J45),"%",(K45/J45)) -> % | N45: ='REGISTRO DE DATOS'!D46 -> 0 | O45: ='[1]REGISTRO DE DATOS'!W46 -> 0 | W45: =+T45+U45 -> 0 | X45: 23 | Y45: ='REGISTRO DE DATOS'!P46 -> 0 | Z45: 23
A46: 45884 | B46: =DAY(A46) -> 15 | C46: 3 | D46: ='REGISTRO DE DATOS'!T47 -> 0 | E46: =+N46-K46-I46 -> 0 | F46: =+D46-E46 -> 0 | G46: ='REGISTRO DE DATOS'!R47 -> 0 | H46: =P46+Q46+R46 -> 0 | I46: ='REGISTRO DE DATOS'!O47 -> 0 | J46: ='REGISTRO DE DATOS'!G47 -> 0 | K46: ='REGISTRO DE DATOS'!I47 -> 0 | L46: =+J46-K46 -> 0 | M46: =IF(ISERROR(K46/J46),"%",(K46/J46)) -> % | N46: ='REGISTRO DE DATOS'!D47 -> 0 | O46: ='[1]REGISTRO DE DATOS'!W47 -> 0 | W46: =+T46+U46 -> 0 | X46: 23 | Y46: ='REGISTRO DE DATOS'!P47 -> 0 | Z46: 23
A47: 45885 | B47: =DAY(A47) -> 16 | C47: 1 | D47: ='REGISTRO DE DATOS'!T48 -> 0 | E47: =+N47-K47-I47 -> 0 | F47: =+D47-E47 -> 0 | G47: ='REGISTRO DE DATOS'!R48 -> 0 | H47: =P47+Q47+R47 -> 0 | I47: ='REGISTRO DE DATOS'!O48 -> 0 | J47: ='REGISTRO DE DATOS'!G48 -> 0 | K47: ='REGISTRO DE DATOS'!I48 -> 0 | L47: =+J47-K47 -> 0 | M47: =IF(ISERROR(K47/J47),"%",(K47/J47)) -> % | N47: ='REGISTRO DE DATOS'!D48 -> 0 | O47: ='[1]REGISTRO DE DATOS'!W48 -> 0 | W47: =+T47+U47 -> 0 | X47: 23 | Y47: ='REGISTRO DE DATOS'!P48 -> 0 | Z47: 23
A48: 45885 | B48: =DAY(A48) -> 16 | C48: 2 | D48: ='REGISTRO DE DATOS'!T49 -> 48 | E48: =+N48-K48-I48 -> 2 | F48: =+D48-E48 -> 46 | G48: ='REGISTRO DE DATOS'!R49 -> 0 | H48: =P48+Q48+R48 -> 0 | I48: ='REGISTRO DE DATOS'!O49 -> 0 | J48: ='REGISTRO DE DATOS'!G49 -> 0 | K48: ='REGISTRO DE DATOS'!I49 -> 0 | L48: =+J48-K48 -> 0 | M48: =IF(ISERROR(K48/J48),"%",(K48/J48)) -> % | N48: ='REGISTRO DE DATOS'!D49 -> 2 | O48: ='[1]REGISTRO DE DATOS'!W49 -> 0 | W48: =+T48+U48 -> 0 | X48: 23 | Y48: ='REGISTRO DE DATOS'!P49 -> 0 | Z48: 23
A49: 45885 | B49: =DAY(A49) -> 16 | C49: 3 | D49: ='REGISTRO DE DATOS'!T50 -> 0 | E49: =+N49-K49-I49 -> 0 | F49: =+D49-E49 -> 0 | G49: ='REGISTRO DE DATOS'!R50 -> 0 | H49: =P49+Q49+R49 -> 0 | I49: ='REGISTRO DE DATOS'!O50 -> 0 | J49: ='REGISTRO DE DATOS'!G50 -> 0 | K49: ='REGISTRO DE DATOS'!I50 -> 0 | L49: =+J49-K49 -> 0 | M49: =IF(ISERROR(K49/J49),"%",(K49/J49)) -> % | N49: ='REGISTRO DE DATOS'!D50 -> 0 | O49: ='[1]REGISTRO DE DATOS'!W50 -> 0 | W49: =+T49+U49 -> 0 | X49: 23 | Y49: ='REGISTRO DE DATOS'!P50 -> 0 | Z49: 23
A50: 45886 | B50: =DAY(A50) -> 17 | C50: 1 | D50: ='REGISTRO DE DATOS'!T51 -> 0 | E50: =+N50-K50-I50 -> 0 | F50: =+D50-E50 -> 0 | G50: ='REGISTRO DE DATOS'!R51 -> 0 | H50: =P50+Q50+R50 -> 0 | I50: ='REGISTRO DE DATOS'!O51 -> 0 | J50: ='REGISTRO DE DATOS'!G51 -> 0 | K50: ='REGISTRO DE DATOS'!I51 -> 0 | L50: =+J50-K50 -> 0 | M50: =IF(ISERROR(K50/J50),"%",(K50/J50)) -> % | N50: ='REGISTRO DE DATOS'!D51 -> 0 | O50: ='[1]REGISTRO DE DATOS'!W51 -> 0 | W50: =+T50+U50 -> 0 | X50: 23 | Y50: ='REGISTRO DE DATOS'!P51 -> 0 | Z50: 23
A51: 45886 | B51: =DAY(A51) -> 17 | C51: 2 | D51: ='REGISTRO DE DATOS'!T52 -> 16 | E51: =+N51-K51-I51 -> 1 | F51: =+D51-E51 -> 15 | G51: ='REGISTRO DE DATOS'!R52 -> 0 | H51: =P51+Q51+R51 -> 0 | I51: ='REGISTRO DE DATOS'!O52 -> 0 | J51: ='REGISTRO DE DATOS'!G52 -> 0 | K51: ='REGISTRO DE DATOS'!I52 -> 0 | L51: =+J51-K51 -> 0 | M51: =IF(ISERROR(K51/J51),"%",(K51/J51)) -> % | N51: ='REGISTRO DE DATOS'!D52 -> 1 | O51: ='[1]REGISTRO DE DATOS'!W52 -> 0 | W51: 20 | X51: 23 | Y51: ='REGISTRO DE DATOS'!P52 -> 0 | Z51: 23
A52: 45886 | B52: =DAY(A52) -> 17 | C52: 3 | D52: ='REGISTRO DE DATOS'!T53 -> 52 | E52: =+N52-K52-I52 -> 1 | F52: =+D52-E52 -> 51 | G52: ='REGISTRO DE DATOS'!R53 -> 0 | H52: =P52+Q52+R52 -> 0 | I52: ='REGISTRO DE DATOS'!O53 -> 0 | J52: ='REGISTRO DE DATOS'!G53 -> 0 | K52: ='REGISTRO DE DATOS'!I53 -> 0 | L52: =+J52-K52 -> 0 | M52: =IF(ISERROR(K52/J52),"%",(K52/J52)) -> % | N52: ='REGISTRO DE DATOS'!D53 -> 1 | O52: ='[1]REGISTRO DE DATOS'!W53 -> 0 | W52: =+T52+U52 -> 0 | X52: 23 | Y52: ='REGISTRO DE DATOS'!P53 -> 0 | Z52: 23
A53: 45887 | B53: =DAY(A53) -> 18 | C53: 1 | D53: ='REGISTRO DE DATOS'!T54 -> 0 | E53: =+N53-K53-I53 -> 0 | F53: =+D53-E53 -> 0 | G53: ='REGISTRO DE DATOS'!R54 -> 0 | H53: =P53+Q53+R53 -> 0 | I53: ='REGISTRO DE DATOS'!O54 -> 0 | J53: ='REGISTRO DE DATOS'!G54 -> 0 | K53: ='REGISTRO DE DATOS'!I54 -> 0 | L53: =+J53-K53 -> 0 | M53: =IF(ISERROR(K53/J53),"%",(K53/J53)) -> % | N53: ='REGISTRO DE DATOS'!D54 -> 0 | O53: ='[1]REGISTRO DE DATOS'!W54 -> 0 | W53: =+T53+U53 -> 0 | X53: 23 | Y53: ='REGISTRO DE DATOS'!P54 -> 0 | Z53: 23
A54: 45887 | B54: =DAY(A54) -> 18 | C54: 2 | D54: ='REGISTRO DE DATOS'!T55 -> 0 | E54: =+N54-K54-I54 -> 1 | F54: =+D54-E54 -> -1 | G54: ='REGISTRO DE DATOS'!R55 -> 0 | H54: =P54+Q54+R54 -> 0 | I54: ='REGISTRO DE DATOS'!O55 -> 0 | J54: ='REGISTRO DE DATOS'!G55 -> 0 | K54: ='REGISTRO DE DATOS'!I55 -> 0 | L54: =+J54-K54 -> 0 | M54: =IF(ISERROR(K54/J54),"%",(K54/J54)) -> % | N54: ='REGISTRO DE DATOS'!D55 -> 1 | O54: ='[1]REGISTRO DE DATOS'!W55 -> 0 | W54: =+T54+U54 -> 0 | X54: 23 | Y54: ='REGISTRO DE DATOS'!P55 -> 0 | Z54: 23
A55: 45887 | B55: =DAY(A55) -> 18 | C55: 3 | D55: ='REGISTRO DE DATOS'!T56 -> 54 | E55: =+N55-K55-I55 -> 1 | F55: =+D55-E55 -> 53 | G55: ='REGISTRO DE DATOS'!R56 -> 0 | H55: =P55+Q55+R55 -> 0 | I55: ='REGISTRO DE DATOS'!O56 -> 0 | J55: ='REGISTRO DE DATOS'!G56 -> 0 | K55: ='REGISTRO DE DATOS'!I56 -> 0 | L55: =+J55-K55 -> 0 | M55: =IF(ISERROR(K55/J55),"%",(K55/J55)) -> % | N55: ='REGISTRO DE DATOS'!D56 -> 1 | O55: ='[1]REGISTRO DE DATOS'!W56 -> 0 | W55: =+T55+U55 -> 0 | X55: 23 | Y55: ='REGISTRO DE DATOS'!P56 -> 0 | Z55: 23
A56: 45888 | B56: =DAY(A56) -> 19 | C56: 1 | D56: ='REGISTRO DE DATOS'!T57 -> 0 | E56: =+N56-K56-I56 -> 0 | F56: =+D56-E56 -> 0 | G56: ='REGISTRO DE DATOS'!R57 -> 0 | H56: =P56+Q56+R56 -> 0 | I56: ='REGISTRO DE DATOS'!O57 -> 0 | J56: ='REGISTRO DE DATOS'!G57 -> 0 | K56: ='REGISTRO DE DATOS'!I57 -> 0 | L56: =+J56-K56 -> 0 | M56: =IF(ISERROR(K56/J56),"%",(K56/J56)) -> % | N56: ='REGISTRO DE DATOS'!D57 -> 0 | O56: ='[1]REGISTRO DE DATOS'!W57 -> 0 | W56: =+T56+U56 -> 0 | X56: 23 | Y56: ='REGISTRO DE DATOS'!P57 -> 0 | Z56: 23
A57: 45888 | B57: =DAY(A57) -> 19 | C57: 2 | D57: ='REGISTRO DE DATOS'!T58 -> 0 | E57: =+N57-K57-I57 -> 2 | F57: =+D57-E57 -> -2 | G57: ='REGISTRO DE DATOS'!R58 -> 0 | H57: =P57+Q57+R57 -> 0 | I57: ='REGISTRO DE DATOS'!O58 -> 0 | J57: ='REGISTRO DE DATOS'!G58 -> 0 | K57: ='REGISTRO DE DATOS'!I58 -> 0 | L57: =+J57-K57 -> 0 | M57: =IF(ISERROR(K57/J57),"%",(K57/J57)) -> % | N57: ='REGISTRO DE DATOS'!D58 -> 2 | O57: ='[1]REGISTRO DE DATOS'!W58 -> 0 | W57: 18 | X57: 23 | Y57: ='REGISTRO DE DATOS'!P58 -> 0 | Z57: 23
A58: 45888 | B58: =DAY(A58) -> 19 | C58: 3 | D58: ='REGISTRO DE DATOS'!T59 -> 94 | E58: =+N58-K58-I58 -> 0 | F58: =+D58-E58 -> 94 | G58: ='REGISTRO DE DATOS'!R59 -> 0 | H58: =P58+Q58+R58 -> 0 | I58: ='REGISTRO DE DATOS'!O59 -> 0 | J58: ='REGISTRO DE DATOS'!G59 -> 0 | K58: ='REGISTRO DE DATOS'!I59 -> 0 | L58: =+J58-K58 -> 0 | M58: =IF(ISERROR(K58/J58),"%",(K58/J58)) -> % | N58: ='REGISTRO DE DATOS'!D59 -> 0 | O58: ='[1]REGISTRO DE DATOS'!W59 -> 0 | W58: =+T58+U58 -> 0 | X58: 23 | Y58: ='REGISTRO DE DATOS'!P59 -> 0 | Z58: 23
A59: 45889 | B59: =DAY(A59) -> 20 | C59: 1 | D59: ='REGISTRO DE DATOS'!T60 -> 0 | E59: =+N59-K59-I59 -> 0 | F59: =+D59-E59 -> 0 | G59: ='REGISTRO DE DATOS'!R60 -> 0 | H59: =P59+Q59+R59 -> 0 | I59: ='REGISTRO DE DATOS'!O60 -> 0 | J59: ='REGISTRO DE DATOS'!G60 -> 0 | K59: ='REGISTRO DE DATOS'!I60 -> 0 | L59: =+J59-K59 -> 0 | M59: =IF(ISERROR(K59/J59),"%",(K59/J59)) -> % | N59: ='REGISTRO DE DATOS'!D60 -> 0 | O59: ='[1]REGISTRO DE DATOS'!W60 -> -33560 | W59: =+T59+U59 -> 0 | X59: 23 | Y59: ='REGISTRO DE DATOS'!P60 -> 0 | Z59: 23
A60: 45889 | B60: =DAY(A60) -> 20 | C60: 2 | D60: ='REGISTRO DE DATOS'!T61 -> 43 | E60: =+N60-K60-I60 -> 2 | F60: =+D60-E60 -> 41 | G60: ='REGISTRO DE DATOS'!R61 -> 0 | H60: =P60+Q60+R60 -> 0 | I60: ='REGISTRO DE DATOS'!O61 -> 0 | J60: ='REGISTRO DE DATOS'!G61 -> 0 | K60: ='REGISTRO DE DATOS'!I61 -> 0 | L60: =+J60-K60 -> 0 | M60: =IF(ISERROR(K60/J60),"%",(K60/J60)) -> % | N60: ='REGISTRO DE DATOS'!D61 -> 2 | O60: ='[1]REGISTRO DE DATOS'!W61 -> 0 | W60: 36 | X60: 23 | Y60: ='REGISTRO DE DATOS'!P61 -> 0 | Z60: 23
A61: 45889 | B61: =DAY(A61) -> 20 | C61: 3 | D61: ='REGISTRO DE DATOS'!T62 -> 27 | E61: =+N61-K61-I61 -> 1 | F61: =+D61-E61 -> 26 | G61: ='REGISTRO DE DATOS'!R62 -> 0 | H61: =P61+Q61+R61 -> 0 | I61: ='REGISTRO DE DATOS'!O62 -> 0 | J61: ='REGISTRO DE DATOS'!G62 -> 0 | K61: ='REGISTRO DE DATOS'!I62 -> 0 | L61: =+J61-K61 -> 0 | M61: =IF(ISERROR(K61/J61),"%",(K61/J61)) -> % | N61: ='REGISTRO DE DATOS'!D62 -> 1 | O61: ='[1]REGISTRO DE DATOS'!W62 -> 0 | W61: =+T61+U61 -> 0 | X61: 23 | Y61: ='REGISTRO DE DATOS'!P62 -> 0 | Z61: 23
A62: 45890 | B62: =DAY(A62) -> 21 | C62: 1 | D62: ='REGISTRO DE DATOS'!T63 -> 0 | E62: =+N62-K62-I62 -> 0 | F62: =+D62-E62 -> 0 | G62: ='REGISTRO DE DATOS'!R63 -> 0 | H62: =P62+Q62+R62 -> 0 | I62: ='REGISTRO DE DATOS'!O63 -> 0 | J62: ='REGISTRO DE DATOS'!G63 -> 0 | K62: ='REGISTRO DE DATOS'!I63 -> 0 | L62: =+J62-K62 -> 0 | M62: =IF(ISERROR(K62/J62),"%",(K62/J62)) -> % | N62: ='REGISTRO DE DATOS'!D63 -> 0 | O62: ='[1]REGISTRO DE DATOS'!W63 -> 0 | W62: =+T62+U62 -> 0 | X62: 23 | Y62: ='REGISTRO DE DATOS'!P63 -> 0 | Z62: 23
A63: 45890 | B63: =DAY(A63) -> 21 | C63: 2 | D63: ='REGISTRO DE DATOS'!T64 -> 16 | E63: =+N63-K63-I63 -> 0 | F63: =+D63-E63 -> 16 | G63: ='REGISTRO DE DATOS'!R64 -> 0 | H63: =P63+Q63+R63 -> 0 | I63: ='REGISTRO DE DATOS'!O64 -> 0 | J63: ='REGISTRO DE DATOS'!G64 -> 0 | K63: ='REGISTRO DE DATOS'!I64 -> 0 | L63: =+J63-K63 -> 0 | M63: =IF(ISERROR(K63/J63),"%",(K63/J63)) -> % | N63: ='REGISTRO DE DATOS'!D64 -> 0 | O63: ='[1]REGISTRO DE DATOS'!W64 -> 0 | W63: 24 | X63: 23 | Y63: ='REGISTRO DE DATOS'!P64 -> 0 | Z63: 23
A64: 45890 | B64: =DAY(A64) -> 21 | C64: 3 | D64: ='REGISTRO DE DATOS'!T65 -> 4 | E64: =+N64-K64-I64 -> 1 | F64: =+D64-E64 -> 3 | G64: ='REGISTRO DE DATOS'!R65 -> 10 | H64: =P64+Q64+R64 -> 0 | I64: ='REGISTRO DE DATOS'!O65 -> 0 | J64: ='REGISTRO DE DATOS'!G65 -> 0 | K64: ='REGISTRO DE DATOS'!I65 -> 0 | L64: =+J64-K64 -> 0 | M64: =IF(ISERROR(K64/J64),"%",(K64/J64)) -> % | N64: ='REGISTRO DE DATOS'!D65 -> 1 | O64: ='[1]REGISTRO DE DATOS'!W65 -> 0 | W64: =+T64+U64 -> 0 | X64: 23 | Y64: ='REGISTRO DE DATOS'!P65 -> 1 | Z64: 23
A65: 45891 | B65: =DAY(A65) -> 22 | C65: 1 | D65: ='REGISTRO DE DATOS'!T66 -> 0 | E65: =+N65-K65-I65 -> 0 | F65: =+D65-E65 -> 0 | G65: ='REGISTRO DE DATOS'!R66 -> 0 | H65: =P65+Q65+R65 -> 0 | I65: ='REGISTRO DE DATOS'!O66 -> 0 | J65: ='REGISTRO DE DATOS'!G66 -> 0 | K65: ='REGISTRO DE DATOS'!I66 -> 0 | L65: =+J65-K65 -> 0 | M65: =IF(ISERROR(K65/J65),"%",(K65/J65)) -> % | N65: ='REGISTRO DE DATOS'!D66 -> 0 | O65: ='[1]REGISTRO DE DATOS'!W66 -> 0 | W65: =+T65+U65 -> 0 | X65: 23 | Y65: ='REGISTRO DE DATOS'!P66 -> 0 | Z65: 23
A66: 45891 | B66: =DAY(A66) -> 22 | C66: 2 | D66: ='REGISTRO DE DATOS'!T67 -> 0 | E66: =+N66-K66-I66 -> 0 | F66: =+D66-E66 -> 0 | G66: ='REGISTRO DE DATOS'!R67 -> 0 | H66: =P66+Q66+R66 -> 0 | I66: ='REGISTRO DE DATOS'!O67 -> 0 | J66: ='REGISTRO DE DATOS'!G67 -> 0 | K66: ='REGISTRO DE DATOS'!I67 -> 0 | L66: =+J66-K66 -> 0 | M66: =IF(ISERROR(K66/J66),"%",(K66/J66)) -> % | N66: ='REGISTRO DE DATOS'!D67 -> 0 | O66: ='[1]REGISTRO DE DATOS'!W67 -> 0 | W66: =+T66+U66 -> 0 | X66: 23 | Y66: ='REGISTRO DE DATOS'!P67 -> 0 | Z66: 23
A67: 45891 | B67: =DAY(A67) -> 22 | C67: 3 | D67: ='REGISTRO DE DATOS'!T68 -> 0 | E67: =+N67-K67-I67 -> 0 | F67: =+D67-E67 -> 0 | G67: ='REGISTRO DE DATOS'!R68 -> 0 | H67: =P67+Q67+R67 -> 0 | I67: ='REGISTRO DE DATOS'!O68 -> 0 | J67: ='REGISTRO DE DATOS'!G68 -> 0 | K67: ='REGISTRO DE DATOS'!I68 -> 0 | L67: =+J67-K67 -> 0 | M67: =IF(ISERROR(K67/J67),"%",(K67/J67)) -> % | N67: ='REGISTRO DE DATOS'!D68 -> 0 | O67: ='[1]REGISTRO DE DATOS'!W68 -> 0 | W67: =+T67+U67 -> 0 | X67: 23 | Y67: ='REGISTRO DE DATOS'!P68 -> 0 | Z67: 23
A68: 45892 | B68: =DAY(A68) -> 23 | C68: 1 | D68: ='REGISTRO DE DATOS'!T69 -> 0 | E68: =+N68-K68-I68 -> 0 | F68: =+D68-E68 -> 0 | G68: ='REGISTRO DE DATOS'!R69 -> 0 | H68: =P68+Q68+R68 -> 0 | I68: ='REGISTRO DE DATOS'!O69 -> 0 | J68: ='REGISTRO DE DATOS'!G69 -> 0 | K68: ='REGISTRO DE DATOS'!I69 -> 0 | L68: =+J68-K68 -> 0 | M68: =IF(ISERROR(K68/J68),"%",(K68/J68)) -> % | N68: ='REGISTRO DE DATOS'!D69 -> 0 | O68: ='[1]REGISTRO DE DATOS'!W69 -> 0 | W68: =+T68+U68 -> 0 | X68: 23 | Y68: ='REGISTRO DE DATOS'!P69 -> 0 | Z68: 23
A69: 45892 | B69: =DAY(A69) -> 23 | C69: 2 | D69: ='REGISTRO DE DATOS'!T70 -> 0 | E69: =+N69-K69-I69 -> 0 | F69: =+D69-E69 -> 0 | G69: ='REGISTRO DE DATOS'!R70 -> 0 | H69: =P69+Q69+R69 -> 0 | I69: ='REGISTRO DE DATOS'!O70 -> 0 | J69: ='REGISTRO DE DATOS'!G70 -> 0 | K69: ='REGISTRO DE DATOS'!I70 -> 0 | L69: =+J69-K69 -> 0 | M69: =IF(ISERROR(K69/J69),"%",(K69/J69)) -> % | N69: ='REGISTRO DE DATOS'!D70 -> 0 | O69: ='[1]REGISTRO DE DATOS'!W70 -> 0 | W69: =+T69+U69 -> 0 | X69: 23 | Y69: ='REGISTRO DE DATOS'!P70 -> 0 | Z69: 23
A70: 45892 | B70: =DAY(A70) -> 23 | C70: 3 | D70: ='REGISTRO DE DATOS'!T71 -> 0 | E70: =+N70-K70-I70 -> 0 | F70: =+D70-E70 -> 0 | G70: ='REGISTRO DE DATOS'!R71 -> 0 | H70: =P70+Q70+R70 -> 0 | I70: ='REGISTRO DE DATOS'!O71 -> 0 | J70: ='REGISTRO DE DATOS'!G71 -> 0 | K70: ='REGISTRO DE DATOS'!I71 -> 0 | L70: =+J70-K70 -> 0 | M70: =IF(ISERROR(K70/J70),"%",(K70/J70)) -> % | N70: ='REGISTRO DE DATOS'!D71 -> 0 | O70: ='[1]REGISTRO DE DATOS'!W71 -> 0 | W70: =+T70+U70 -> 0 | X70: 23 | Y70: ='REGISTRO DE DATOS'!P71 -> 0 | Z70: 23
A71: 45893 | B71: =DAY(A71) -> 24 | C71: 1 | D71: ='REGISTRO DE DATOS'!T72 -> 0 | E71: =+N71-K71-I71 -> 0 | F71: =+D71-E71 -> 0 | G71: ='REGISTRO DE DATOS'!R72 -> 0 | H71: =P71+Q71+R71 -> 0 | I71: ='REGISTRO DE DATOS'!O72 -> 0 | J71: ='REGISTRO DE DATOS'!G72 -> 0 | K71: ='REGISTRO DE DATOS'!I72 -> 0 | L71: =+J71-K71 -> 0 | M71: =IF(ISERROR(K71/J71),"%",(K71/J71)) -> % | N71: ='REGISTRO DE DATOS'!D72 -> 0 | O71: ='[1]REGISTRO DE DATOS'!W72 -> 0 | W71: =+T71+U71 -> 0 | X71: 23 | Y71: ='REGISTRO DE DATOS'!P72 -> 0 | Z71: 23
A72: 45893 | B72: =DAY(A72) -> 24 | C72: 2 | D72: ='REGISTRO DE DATOS'!T73 -> 0 | E72: =+N72-K72-I72 -> 1 | F72: =+D72-E72 -> -1 | G72: ='REGISTRO DE DATOS'!R73 -> 0 | H72: =P72+Q72+R72 -> 0 | I72: ='REGISTRO DE DATOS'!O73 -> 0 | J72: ='REGISTRO DE DATOS'!G73 -> 0 | K72: ='REGISTRO DE DATOS'!I73 -> 0 | L72: =+J72-K72 -> 0 | M72: =IF(ISERROR(K72/J72),"%",(K72/J72)) -> % | N72: ='REGISTRO DE DATOS'!D73 -> 1 | O72: ='[1]REGISTRO DE DATOS'!W73 -> 0 | W72: =+T72+U72 -> 0 | X72: 23 | Y72: ='REGISTRO DE DATOS'!P73 -> 0 | Z72: 23
A73: 45893 | B73: =DAY(A73) -> 24 | C73: 3 | D73: ='REGISTRO DE DATOS'!T74 -> 0 | E73: =+N73-K73-I73 -> 0 | F73: =+D73-E73 -> 0 | G73: ='REGISTRO DE DATOS'!R74 -> 0 | H73: =P73+Q73+R73 -> 0 | I73: ='REGISTRO DE DATOS'!O74 -> 0 | J73: ='REGISTRO DE DATOS'!G74 -> 0 | K73: ='REGISTRO DE DATOS'!I74 -> 0 | L73: =+J73-K73 -> 0 | M73: =IF(ISERROR(K73/J73),"%",(K73/J73)) -> % | N73: ='REGISTRO DE DATOS'!D74 -> 0 | O73: ='[1]REGISTRO DE DATOS'!W74 -> 0 | W73: =+T73+U73 -> 0 | X73: 23 | Y73: ='REGISTRO DE DATOS'!P74 -> 0 | Z73: 23
A74: 45894 | B74: =DAY(A74) -> 25 | C74: 1 | D74: ='REGISTRO DE DATOS'!T75 -> 0 | E74: =+N74-K74-I74 -> 0 | F74: =+D74-E74 -> 0 | G74: ='REGISTRO DE DATOS'!R75 -> 0 | H74: =P74+Q74+R74 -> 0 | I74: ='REGISTRO DE DATOS'!O75 -> 0 | J74: ='REGISTRO DE DATOS'!G75 -> 0 | K74: ='REGISTRO DE DATOS'!I75 -> 0 | L74: =+J74-K74 -> 0 | M74: =IF(ISERROR(K74/J74),"%",(K74/J74)) -> % | N74: ='REGISTRO DE DATOS'!D75 -> 0 | O74: ='[1]REGISTRO DE DATOS'!W75 -> 0 | W74: =+T74+U74 -> 0 | X74: 23 | Y74: ='REGISTRO DE DATOS'!P75 -> 0 | Z74: 23
A75: 45894 | B75: =DAY(A75) -> 25 | C75: 2 | D75: ='REGISTRO DE DATOS'!T76 -> 0 | E75: =+N75-K75-I75 -> 2 | F75: =+D75-E75 -> -2 | G75: ='REGISTRO DE DATOS'!R76 -> 0 | H75: =P75+Q75+R75 -> 0 | I75: ='REGISTRO DE DATOS'!O76 -> 0 | J75: ='REGISTRO DE DATOS'!G76 -> 0 | K75: ='REGISTRO DE DATOS'!I76 -> 0 | L75: =+J75-K75 -> 0 | M75: =IF(ISERROR(K75/J75),"%",(K75/J75)) -> % | N75: ='REGISTRO DE DATOS'!D76 -> 2 | O75: ='[1]REGISTRO DE DATOS'!W76 -> 0 | W75: 36 | X75: 23 | Y75: ='REGISTRO DE DATOS'!P76 -> 0 | Z75: 23
A76: 45894 | B76: =DAY(A76) -> 25 | C76: 3 | D76: ='REGISTRO DE DATOS'!T77 -> 0 | E76: =+N76-K76-I76 -> 0 | F76: =+D76-E76 -> 0 | G76: ='REGISTRO DE DATOS'!R77 -> 0 | H76: =P76+Q76+R76 -> 0 | I76: ='REGISTRO DE DATOS'!O77 -> 0 | J76: ='REGISTRO DE DATOS'!G77 -> 0 | K76: ='REGISTRO DE DATOS'!I77 -> 0 | L76: =+J76-K76 -> 0 | M76: =IF(ISERROR(K76/J76),"%",(K76/J76)) -> % | N76: ='REGISTRO DE DATOS'!D77 -> 0 | O76: ='[1]REGISTRO DE DATOS'!W77 -> 0 | W76: =+T76+U76 -> 0 | X76: 23 | Y76: ='REGISTRO DE DATOS'!P77 -> 0 | Z76: 23
A77: 45895 | B77: =DAY(A77) -> 26 | C77: 1 | D77: ='REGISTRO DE DATOS'!T78 -> 0 | E77: =+N77-K77-I77 -> 0 | F77: =+D77-E77 -> 0 | G77: ='REGISTRO DE DATOS'!R78 -> 0 | H77: =P77+Q77+R77 -> 0 | I77: ='REGISTRO DE DATOS'!O78 -> 0 | J77: ='REGISTRO DE DATOS'!G78 -> 0 | K77: ='REGISTRO DE DATOS'!I78 -> 0 | L77: =+J77-K77 -> 0 | M77: =IF(ISERROR(K77/J77),"%",(K77/J77)) -> % | N77: ='REGISTRO DE DATOS'!D78 -> 0 | O77: ='[1]REGISTRO DE DATOS'!W78 -> 0 | W77: =+T77+U77 -> 0 | X77: 23 | Y77: ='REGISTRO DE DATOS'!P78 -> 0 | Z77: 23
A78: 45895 | B78: =DAY(A78) -> 26 | C78: 2 | D78: ='REGISTRO DE DATOS'!T79 -> 0 | E78: =+N78-K78-I78 -> 2 | F78: =+D78-E78 -> -2 | G78: ='REGISTRO DE DATOS'!R79 -> 10 | H78: =P78+Q78+R78 -> 0 | I78: ='REGISTRO DE DATOS'!O79 -> 0 | J78: ='REGISTRO DE DATOS'!G79 -> 0 | K78: ='REGISTRO DE DATOS'!I79 -> 0 | L78: =+J78-K78 -> 0 | M78: =IF(ISERROR(K78/J78),"%",(K78/J78)) -> % | N78: ='REGISTRO DE DATOS'!D79 -> 2 | O78: ='[1]REGISTRO DE DATOS'!W79 -> 0 | W78: 38 | X78: 23 | Y78: ='REGISTRO DE DATOS'!P79 -> 1 | Z78: 23
A79: 45895 | B79: =DAY(A79) -> 26 | C79: 3 | D79: ='REGISTRO DE DATOS'!T80 -> 0 | E79: =+N79-K79-I79 -> 1 | F79: =+D79-E79 -> -1 | G79: ='REGISTRO DE DATOS'!R80 -> 0 | H79: =P79+Q79+R79 -> 0 | I79: ='REGISTRO DE DATOS'!O80 -> 0 | J79: ='REGISTRO DE DATOS'!G80 -> 0 | K79: ='REGISTRO DE DATOS'!I80 -> 0 | L79: =+J79-K79 -> 0 | M79: =IF(ISERROR(K79/J79),"%",(K79/J79)) -> % | N79: ='REGISTRO DE DATOS'!D80 -> 1 | O79: ='[1]REGISTRO DE DATOS'!W80 -> 0 | W79: =+T79+U79 -> 0 | X79: 23 | Y79: ='REGISTRO DE DATOS'!P80 -> 0 | Z79: 23
A80: 45896 | B80: =DAY(A80) -> 27 | C80: 1 | D80: ='REGISTRO DE DATOS'!T81 -> 0 | E80: =+N80-K80-I80 -> 0 | F80: =+D80-E80 -> 0 | G80: ='REGISTRO DE DATOS'!R81 -> 0 | H80: =P80+Q80+R80 -> 0 | I80: ='REGISTRO DE DATOS'!O81 -> 0 | J80: ='REGISTRO DE DATOS'!G81 -> 0 | K80: ='REGISTRO DE DATOS'!I81 -> 0 | L80: =+J80-K80 -> 0 | M80: =IF(ISERROR(K80/J80),"%",(K80/J80)) -> % | N80: ='REGISTRO DE DATOS'!D81 -> 0 | O80: ='[1]REGISTRO DE DATOS'!W81 -> 0 | W80: =+T80+U80 -> 0 | X80: 23 | Y80: ='REGISTRO DE DATOS'!P81 -> 0 | Z80: 23
A81: 45896 | B81: =DAY(A81) -> 27 | C81: 2 | D81: ='REGISTRO DE DATOS'!T82 -> 0 | E81: =+N81-K81-I81 -> 2 | F81: =+D81-E81 -> -2 | G81: ='REGISTRO DE DATOS'!R82 -> 0 | H81: =P81+Q81+R81 -> 0 | I81: ='REGISTRO DE DATOS'!O82 -> 0 | J81: ='REGISTRO DE DATOS'!G82 -> 0 | K81: ='REGISTRO DE DATOS'!I82 -> 0 | L81: =+J81-K81 -> 0 | M81: =IF(ISERROR(K81/J81),"%",(K81/J81)) -> % | N81: ='REGISTRO DE DATOS'!D82 -> 2 | O81: ='[1]REGISTRO DE DATOS'!W82 -> 0 | W81: =+T81+U81 -> 0 | X81: 23 | Y81: ='REGISTRO DE DATOS'!P82 -> 0 | Z81: 23
A82: 45896 | B82: =DAY(A82) -> 27 | C82: 3 | D82: ='REGISTRO DE DATOS'!T83 -> 0 | E82: =+N82-K82-I82 -> 0 | F82: =+D82-E82 -> 0 | G82: ='REGISTRO DE DATOS'!R83 -> 0 | H82: =P82+Q82+R82 -> 0 | I82: ='REGISTRO DE DATOS'!O83 -> 0 | J82: ='REGISTRO DE DATOS'!G83 -> 0 | K82: ='REGISTRO DE DATOS'!I83 -> 0 | L82: =+J82-K82 -> 0 | M82: =IF(ISERROR(K82/J82),"%",(K82/J82)) -> % | N82: ='REGISTRO DE DATOS'!D83 -> 0 | O82: ='[1]REGISTRO DE DATOS'!W83 -> 0 | W82: =+T82+U82 -> 0 | X82: 23 | Y82: ='REGISTRO DE DATOS'!P83 -> 0 | Z82: 23
A83: 45897 | B83: =DAY(A83) -> 28 | C83: 1 | D83: ='REGISTRO DE DATOS'!T84 -> 0 | E83: =+N83-K83-I83 -> 0 | F83: =+D83-E83 -> 0 | G83: ='REGISTRO DE DATOS'!R84 -> 0 | H83: =P83+Q83+R83 -> 0 | I83: ='REGISTRO DE DATOS'!O84 -> 0 | J83: ='REGISTRO DE DATOS'!G84 -> 0 | K83: ='REGISTRO DE DATOS'!I84 -> 0 | L83: =+J83-K83 -> 0 | M83: =IF(ISERROR(K83/J83),"%",(K83/J83)) -> % | N83: ='REGISTRO DE DATOS'!D84 -> 0 | O83: ='[1]REGISTRO DE DATOS'!W84 -> 0 | W83: =+T83+U83 -> 0 | X83: 23 | Y83: ='REGISTRO DE DATOS'!P84 -> 0 | Z83: 23
A84: 45897 | B84: =DAY(A84) -> 28 | C84: 2 | D84: ='REGISTRO DE DATOS'!T85 -> 0 | E84: =+N84-K84-I84 -> 0 | F84: =+D84-E84 -> 0 | G84: ='REGISTRO DE DATOS'!R85 -> 0 | H84: =P84+Q84+R84 -> 0 | I84: ='REGISTRO DE DATOS'!O85 -> 0 | J84: ='REGISTRO DE DATOS'!G85 -> 0 | K84: ='REGISTRO DE DATOS'!I85 -> 0 | L84: =+J84-K84 -> 0 | M84: =IF(ISERROR(K84/J84),"%",(K84/J84)) -> % | N84: ='REGISTRO DE DATOS'!D85 -> 0 | O84: ='[1]REGISTRO DE DATOS'!W85 -> 0 | W84: =+T84+U84 -> 0 | X84: 23 | Y84: ='REGISTRO DE DATOS'!P85 -> 0 | Z84: 23
A85: 45897 | B85: =DAY(A85) -> 28 | C85: 3 | D85: ='REGISTRO DE DATOS'!T86 -> 0 | E85: =+N85-K85-I85 -> 0 | F85: =+D85-E85 -> 0 | G85: ='REGISTRO DE DATOS'!R86 -> 0 | H85: =P85+Q85+R85 -> 0 | I85: ='REGISTRO DE DATOS'!O86 -> 0 | J85: ='REGISTRO DE DATOS'!G86 -> 0 | K85: ='REGISTRO DE DATOS'!I86 -> 0 | L85: =+J85-K85 -> 0 | M85: =IF(ISERROR(K85/J85),"%",(K85/J85)) -> % | N85: ='REGISTRO DE DATOS'!D86 -> 0 | O85: ='[1]REGISTRO DE DATOS'!W86 -> 0 | W85: =+T85+U85 -> 0 | X85: 23 | Y85: ='REGISTRO DE DATOS'!P86 -> 0 | Z85: 23
A86: 45898 | B86: =DAY(A86) -> 29 | C86: 1 | D86: ='REGISTRO DE DATOS'!T87 -> 0 | E86: =+N86-K86-I86 -> 0 | F86: =+D86-E86 -> 0 | G86: ='REGISTRO DE DATOS'!R87 -> 0 | H86: =P86+Q86+R86 -> 0 | I86: ='REGISTRO DE DATOS'!O87 -> 0 | J86: ='REGISTRO DE DATOS'!G87 -> 0 | K86: ='REGISTRO DE DATOS'!I87 -> 0 | L86: =+J86-K86 -> 0 | M86: =IF(ISERROR(K86/J86),"%",(K86/J86)) -> % | N86: ='REGISTRO DE DATOS'!D87 -> 0 | O86: ='[1]REGISTRO DE DATOS'!W87 -> 0 | W86: =+T86+U86 -> 0 | X86: 23 | Y86: ='REGISTRO DE DATOS'!P87 -> 0 | Z86: 23
A87: 45898 | B87: =DAY(A87) -> 29 | C87: 2 | D87: ='REGISTRO DE DATOS'!T88 -> 0 | E87: =+N87-K87-I87 -> 0 | F87: =+D87-E87 -> 0 | G87: ='REGISTRO DE DATOS'!R88 -> 0 | H87: =P87+Q87+R87 -> 0 | I87: ='REGISTRO DE DATOS'!O88 -> 0 | J87: ='REGISTRO DE DATOS'!G88 -> 0 | K87: ='REGISTRO DE DATOS'!I88 -> 0 | L87: =+J87-K87 -> 0 | M87: =IF(ISERROR(K87/J87),"%",(K87/J87)) -> % | N87: ='REGISTRO DE DATOS'!D88 -> 0 | O87: ='[1]REGISTRO DE DATOS'!W88 -> 0 | W87: =+T87+U87 -> 0 | X87: 23 | Y87: ='REGISTRO DE DATOS'!P88 -> 0 | Z87: 23
A88: 45898 | B88: =DAY(A88) -> 29 | C88: 3 | D88: ='REGISTRO DE DATOS'!T89 -> 0 | E88: =+N88-K88-I88 -> 0 | F88: =+D88-E88 -> 0 | G88: ='REGISTRO DE DATOS'!R89 -> 0 | H88: =P88+Q88+R88 -> 0 | I88: ='REGISTRO DE DATOS'!O89 -> 0 | J88: ='REGISTRO DE DATOS'!G89 -> 0 | K88: ='REGISTRO DE DATOS'!I89 -> 0 | L88: =+J88-K88 -> 0 | M88: =IF(ISERROR(K88/J88),"%",(K88/J88)) -> % | N88: ='REGISTRO DE DATOS'!D89 -> 0 | O88: ='[1]REGISTRO DE DATOS'!W89 -> 0 | W88: =+T88+U88 -> 0 | X88: 23 | Y88: ='REGISTRO DE DATOS'!P89 -> 0 | Z88: 23
A89: 45899 | B89: =DAY(A89) -> 30 | C89: 1 | D89: ='REGISTRO DE DATOS'!T90 -> 0 | E89: =+N89-K89-I89 -> 0 | F89: =+D89-E89 -> 0 | G89: ='REGISTRO DE DATOS'!R90 -> 0 | H89: =P89+Q89+R89 -> 0 | I89: ='REGISTRO DE DATOS'!O90 -> 0 | J89: ='REGISTRO DE DATOS'!G90 -> 0 | K89: ='REGISTRO DE DATOS'!I90 -> 0 | L89: =+J89-K89 -> 0 | M89: =IF(ISERROR(K89/J89),"%",(K89/J89)) -> % | N89: ='REGISTRO DE DATOS'!D90 -> 0 | O89: ='[1]REGISTRO DE DATOS'!W90 -> 0 | W89: =+T89+U89 -> 0 | X89: 23 | Y89: ='REGISTRO DE DATOS'!P90 -> 0 | Z89: 23
A90: 45899 | B90: =DAY(A90) -> 30 | C90: 2 | D90: ='REGISTRO DE DATOS'!T91 -> 53 | E90: =+N90-K90-I90 -> 1 | F90: =+D90-E90 -> 52 | G90: ='REGISTRO DE DATOS'!R91 -> 0 | H90: =P90+Q90+R90 -> 0 | I90: ='REGISTRO DE DATOS'!O91 -> 0 | J90: ='REGISTRO DE DATOS'!G91 -> 0 | K90: ='REGISTRO DE DATOS'!I91 -> 0 | L90: =+J90-K90 -> 0 | M90: =IF(ISERROR(K90/J90),"%",(K90/J90)) -> % | N90: ='REGISTRO DE DATOS'!D91 -> 1 | O90: ='[1]REGISTRO DE DATOS'!W91 -> 0 | W90: =+T90+U90 -> 0 | X90: 23 | Y90: ='REGISTRO DE DATOS'!P91 -> 0 | Z90: 23
... A94: 45900 | B94: =DAY(A94) -> 31 | C94: 3 | D94: ='REGISTRO DE DATOS'!T95 -> 19 | E94: =+N94-K94-I94 -> 0 | F94: =+D94-E94 -> 19 | G94: ='REGISTRO DE DATOS'!R95 -> 0 | H94: =P94+Q94+R94 -> 0 | I94: ='REGISTRO DE DATOS'!O95 -> 0 | J94: ='REGISTRO DE DATOS'!G95 -> 0 | K94: ='REGISTRO DE DATOS'!I95 -> 0 | L94: =+J94-K94 -> 0 | M94: =IF(ISERROR(K94/J94),"%",(K94/J94)) -> % | N94: ='REGISTRO DE DATOS'!D95 -> 0 | O94: ='[1]REGISTRO DE DATOS'!W95 -> 0 | W94: =+T94+U94 -> 0 | X94: 23 | Y94: ='REGISTRO DE DATOS'!P95 -> 0 | Z94: 23
A95: 45901 | D95: ='REGISTRO DE DATOS'!T96 -> 0 | E95: =+N95-K95-I95 -> 0 | F95: =+D95-E95 -> 0 | G95: ='REGISTRO DE DATOS'!R96 -> 0 | H95: =P95+Q95+R95 -> 0 | I95: ='REGISTRO DE DATOS'!O96 -> 0 | J95: ='REGISTRO DE DATOS'!G96 -> 0 | K95: ='REGISTRO DE DATOS'!I96 -> 0 | L95: =+J95-K95 -> 0 | M95: =IF(ISERROR(K95/J95),"%",(K95/J95)) -> % | N95: ='REGISTRO DE DATOS'!D96 -> 0 | O95: ='[1]REGISTRO DE DATOS'!W96 -> 0 | W95: =+T95+U95 -> 0 | X95: 23 | Y95: ='REGISTRO DE DATOS'!P96 -> 0 | Z95: 23
E96: =+N96-K96-I96 -> 0 | G96: ='REGISTRO DE DATOS'!R97 -> 0 | H96: =P96+Q96+R96 -> 0 | O96: ='[1]REGISTRO DE DATOS'!W97 -> 0 | W96: =+T96+U96 -> 0
Q98: =+Q97+P97 -> 0 | T98: =+T95+U95 -> 0
T99: =+Q98/T98 -> #DIV/0!

Sheet REGISTRO DE DATOS
C1: ENVIADO A PRODUCCIÓN | E1: INGRESO DE DATOS RO | K1: CARROTANQUES POTABLE | P1: MULAS RESIDUAL | S1: PTAP
A2: FECHA | B2: TURNO | C2: CONTADOR ENVIO A PRODUCCIÓN | D2: VOLUMEN ENVIADO A PRODUCCIÓN (m3) | E2: ROTAMETRO INGRESO RO (M3/H) | F2: TIEMPO DE TRABAJO (HORAS) | G2: VOLUMEN INGRESO A RO (M3) | H2: ROTAMETRO PERMEADO RO (M3/H) | I2: VOLUMEN PERMEO RO (M3) | J2: VOLUMEN RECHAZO RO (M3) | K2: CONTADOR CARROTANQUES FINAL DE TURNO | L2: VOLUMEN INGRESO CARROTANQUES (m3) | M2: VOLUMEN (40M3) | N2: NUMERO DE VIAJES (40M3) | O2: VOLUMEN INGRESO CARROTANQUES | P2: NUMERO DE MULAS 40 M3 | Q2: VOLUMEN REMISIÓN | R2: VOLUMEN SEGÚN TIPO DE VEHICULO | S2: CONTADOR (VOLUMEN EXTRAIDO POZO) | T2: VOLUMEN EXTRAIDO POZO | U2: ENVIO PILOTEADORA | V2: TRATADO | W2: CONTADOR ENTRADA PTAR | X2: CONTADOR ENTRADA PTAR | Y2: CONTADOR SALIDA PTAR | Z2: CONTADOR SALIDA PTAR | AA2: AGUA TRATADA | AB2: PERDIDAS TRATAMIENTO | AC2: OBSERVACIONES
A3: 46082 | B3: =DAY(A3) -> 1 | C3: 351712 | D3: 0 | E3: 0 | F3: 0 | G3: =+F3*E3 -> 0 | H3: 0 | I3: =+H3*F3 -> 0 | J3: =+G3-I3 -> 0 | K3: 888 | L3: 0 | M3: 40 | N3: 0 | O3: =+K3*J3 -> 0 | P3: 0 | Q3: 10 | R3: =(P3*Q3) -> 0 | S3: 93304 | T3: 0 | U3: 0 | V3: =T3-U3 -> 0 | X3: 0 | Z3: 0 | AA3: =X3-AB3 -> 0 | AB3: =X3-Z3 -> 0
A4: =A3 -> 46082 | B4: 2 | C4: 351713 | D4: =C4-C3 -> 1 | E4: 0 | F4: 0 | G4: =+F4*E4 -> 0 | H4: 0 | I4: =+H4*F4 -> 0 | J4: =+G4-I4 -> 0 | K4: 888 | L4: =+K4-K3 -> 0 | M4: 40 | N4: 0 | O4: =+K4*J4 -> 0 | P4: 0 | Q4: 10 | R4: =(P4*Q4) -> 0 | S4: 93304 | T4: =+S4-S3 -> 0 | U4: 0 | V4: =T4-U4 -> 0 | X4: =+W4-W3 -> 0 | Z4: =+Y4-Y3 -> 0 | AA4: =X4-AB4 -> 0 | AB4: =X4-Z4 -> 0
A5: =A4 -> 46082 | B5: 3 | C5: 351713 | D5: =C5-C4 -> 0 | E5: 0 | F5: 0 | G5: =+F5*E5 -> 0 | H5: 0 | I5: =+H5*F5 -> 0 | J5: =+G5-I5 -> 0 | K5: 888 | L5: =+K5-K4 -> 0 | M5: 40 | N5: 0 | O5: =+K5*J5 -> 0 | P5: 0 | Q5: 10 | R5: =(P5*Q5) -> 0 | S5: 93304 | T5: =+S5-S4 -> 0 | U5: 0 | V5: =T5-U5 -> 0 | X5: =+W5-W4 -> 0 | Z5: =+Y5-Y4 -> 0 | AA5: =X5-AB5 -> 0 | AB5: =X5-Z5 -> 0
A6: =A5+1 -> 46083 | B6: 1 | C6: 351713 | D6: =+C6-C5 -> 0 | E6: 0 | F6: 0 | G6: =+F6*E6 -> 0 | H6: 0 | I6: =+H6*F6 -> 0 | J6: =+G6-I6 -> 0 | K6: 888 | L6: =+K6-K5 -> 0 | M6: 40 | N6: 0 | O6: =+K6*J6 -> 0 | P6: 0 | Q6: 10 | R6: =(P6*Q6) -> 0 | S6: 93304 | T6: =+S6-S5 -> 0 | U6: 0 | V6: =T6-U6 -> 0 | X6: =+W6-W5 -> 0 | Z6: =+Y6-Y5 -> 0 | AA6: =X6-AB6 -> 0 | AB6: =X6-Z6 -> 0
A7: =A6 -> 46083 | B7: 2 | C7: 351715 | D7: =+C7-C6 -> 2 | E7: 0 | F7: 0 | G7: =+F7*E7 -> 0 | H7: 0 | I7: =+H7*F7 -> 0 | J7: =+G7-I7 -> 0 | K7: 888 | L7: =+K7-K6 -> 0 | M7: 40 | N7: =+K7/M7 -> 22.2 | O7: =+K7*J7 -> 0 | P7: 0 | Q7: 10 | R7: =(P7*Q7) -> 0 | S7: 93350 | T7: =+S7-S6 -> 46 | U7: 46 | V7: =T7-U7 -> 0 | X7: =+W7-W6 -> 0 | Z7: =+Y7-Y6 -> 0 | AA7: =X7-AB7 -> 0 | AB7: =X7-Z7 -> 0
A8: =A7 -> 46083 | B8: 3 | C8: 351716 | D8: =+C8-C7 -> 1 | E8: 0 | F8: 0 | G8: =+F8*E8 -> 0 | H8: 0 | I8: =+H8*F8 -> 0 | J8: =+G8-I8 -> 0 | K8: 888 | L8: =+K8-K7 -> 0 | M8: 40 | N8: =+K8/M8 -> 22.2 | O8: =+K8*J8 -> 0 | P8: 0 | Q8: 10 | R8: =(P8*Q8) -> 0 | S8: 93350 | T8: =+S8-S7 -> 0 | U8: 0 | V8: =T8-U8 -> 0 | X8: =+W8-W7 -> 0 | Z8: =+Y8-Y7 -> 0 | AA8: =X8-AB8 -> 0 | AB8: =X8-Z8 -> 0
A9: =A8+1 -> 46084 | B9: 1 | C9: 351716 | D9: =+C9-C8 -> 0 | E9: 0 | F9: 0 | G9: =+F9*E9 -> 0 | H9: 0 | I9: =+H9*F9 -> 0 | J9: =+G9-I9 -> 0 | K9: 888 | L9: =+K9-K8 -> 0 | M9: 40 | N9: =+K9/M9 -> 22.2 | O9: =+K9*J9 -> 0 | P9: 0 | Q9: 10 | R9: =(P9*Q9) -> 0 | S9: 93350 | T9: =+S9-S8 -> 0 | U9: 0 | V9: =T9-U9 -> 0 | X9: =+W9-W8 -> 0 | Z9: =+Y9-Y8 -> 0 | AA9: =X9-AB9 -> 0 | AB9: =X9-Z9 -> 0
A10: =A9 -> 46084 | B10: 2 | C10: 351717 | D10: =+C10-C9 -> 1 | E10: 0 | F10: 0 | G10: =+F10*E10 -> 0 | H10: 0 | I10: =+H10*F10 -> 0 | J10: =+G10-I10 -> 0 | K10: 888 | L10: =+K10-K9 -> 0 | M10: 40 | N10: =+K10/M10 -> 22.2 | O10: =+K10*J10 -> 0 | P10: 0 | Q10: 10 | R10: =(P10*Q10) -> 0 | S10: 93414 | T10: =+S10-S9 -> 64 | U10: 64 | V10: =T10-U10 -> 0 | X10: =+W10-W9 -> 0 | Z10: =+Y10-Y9 -> 0 | AA10: =X10-AB10 -> 0 | AB10: =X10-Z10 -> 0
A11: =A10 -> 46084 | B11: 3 | C11: 351717 | D11: =+C11-C10 -> 0 | E11: 0 | F11: 0 | G11: =+F11*E11 -> 0 | H11: 0 | I11: =+H11*F11 -> 0 | J11: =+G11-I11 -> 0 | K11: 888 | L11: =+K11-K10 -> 0 | M11: 40 | N11: =+K11/M11 -> 22.2 | O11: =+K11*J11 -> 0 | P11: 0 | Q11: 10 | R11: =(P11*Q11) -> 0 | S11: 93449 | T11: =+S11-S10 -> 35 | U11: 18 | V11: =T11-U11 -> 17 | X11: =+W11-W10 -> 0 | Z11: =+Y11-Y10 -> 0 | AA11: =X11-AB11 -> 0 | AB11: =X11-Z11 -> 0
A12: =A11+1 -> 46085 | B12: 1 | C12: 351717 | D12: =+C12-C11 -> 0 | E12: 0 | F12: 0 | G12: =+F12*E12 -> 0 | H12: 0 | I12: =+H12*F12 -> 0 | J12: =+G12-I12 -> 0 | K12: 888 | L12: =+K12-K11 -> 0 | M12: 40 | N12: =+K12/M12 -> 22.2 | O12: =+K12*J12 -> 0 | P12: 0 | Q12: 10 | R12: =(P12*Q12) -> 0 | S12: 93449 | T12: =+S12-S11 -> 0 | U12: 0 | V12: =T12-U12 -> 0 | X12: =+W12-W11 -> 0 | Z12: =+Y12-Y11 -> 0 | AA12: =X12-AB12 -> 0 | AB12: =X12-Z12 -> 0
A13: =A12 -> 46085 | B13: 2 | C13: 351717 | D13: =+C13-C12 -> 0 | E13: 0 | F13: 0 | G13: =+F13*E13 -> 0 | H13: 0 | I13: =+H13*F13 -> 0 | J13: =+G13-I13 -> 0 | K13: 888 | L13: =+K13-K12 -> 0 | M13: 40 | N13: =+K13/M13 -> 22.2 | O13: =+K13*J13 -> 0 | P13: 0 | Q13: 10 | R13: =(P13*Q13) -> 0 | S13: 93478 | T13: =+S13-S12 -> 29 | U13: 29 | V13: =T13-U13 -> 0 | X13: =+W13-W12 -> 0 | Z13: =+Y13-Y12 -> 0 | AA13: =X13-AB13 -> 0 | AB13: =X13-Z13 -> 0
A14: =A13 -> 46085 | B14: 3 | C14: 351717 | D14: =+C14-C13 -> 0 | E14: 0 | F14: 0 | G14: =+F14*E14 -> 0 | H14: 0 | I14: =+H14*F14 -> 0 | J14: =+G14-I14 -> 0 | K14: 888 | L14: =+K14-K13 -> 0 | M14: 40 | N14: 0 | O14: =+K14*J14 -> 0 | P14: 0 | Q14: 10 | R14: =(P14*Q14) -> 0 | S14: 93502 | T14: =+S14-S13 -> 24 | U14: 24 | V14: =T14-U14 -> 0 | X14: =+W14-W13 -> 0 | Z14: =+Y14-Y13 -> 0 | AA14: =X14-AB14 -> 0 | AB14: =X14-Z14 -> 0
A15: =A14+1 -> 46086 | B15: 1 | C15: 351717 | D15: =+C15-C14 -> 0 | E15: 0 | F15: 0 | G15: =+F15*E15 -> 0 | H15: 0 | I15: =+H15*F15 -> 0 | J15: =+G15-I15 -> 0 | K15: 888 | L15: =+K15-K14 -> 0 | M15: 40 | N15: =+K15/M15 -> 22.2 | O15: =+K15*J15 -> 0 | P15: 0 | Q15: 10 | R15: =(P15*Q15) -> 0 | S15: 93502 | T15: =+S15-S14 -> 0 | U15: 0 | V15: =T15-U15 -> 0 | X15: =+W15-W14 -> 0 | Z15: =+Y15-Y14 -> 0 | AA15: =X15-AB15 -> 0 | AB15: =X15-Z15 -> 0
A16: =A15 -> 46086 | B16: 2 | C16: 351717 | D16: =+C16-C15 -> 0 | E16: 0 | F16: 0 | G16: =+F16*E16 -> 0 | H16: 0 | I16: =+H16*F16 -> 0 | J16: =+G16-I16 -> 0 | K16: 888 | L16: =+K16-K15 -> 0 | M16: 40 | N16: =+K16/M16 -> 22.2 | O16: =+K16*J16 -> 0 | P16: 0 | Q16: 10 | R16: =(P16*Q16) -> 0 | S16: 93524 | T16: =+S16-S15 -> 22 | U16: 22 | V16: =T16-U16 -> 0 | X16: =+W16-W15 -> 0 | Z16: =+Y16-Y15 -> 0 | AA16: =X16-AB16 -> 0 | AB16: =X16-Z16 -> 0
A17: =A16 -> 46086 | B17: 3 | C17: 351719 | D17: =+C17-C16 -> 2 | E17: 0 | F17: 0 | G17: =+F17*E17 -> 0 | H17: 0 | I17: =+H17*F17 -> 0 | J17: =+G17-I17 -> 0 | K17: 888 | L17: =+K17-K16 -> 0 | M17: 40 | N17: =+K17/M17 -> 22.2 | O17: =+K17*J17 -> 0 | P17: 0 | Q17: 10 | R17: =(P17*Q17) -> 0 | S17: 93552 | T17: =+S17-S16 -> 28 | U17: 28 | V17: =T17-U17 -> 0 | X17: =+W17-W16 -> 0 | Z17: =+Y17-Y16 -> 0 | AA17: =X17-AB17 -> 0 | AB17: =X17-Z17 -> 0
A18: =A17+1 -> 46087 | B18: 1 | C18: 351719 | D18: =+C18-C17 -> 0 | E18: 0 | F18: 0 | G18: =+F18*E18 -> 0 | H18: 0 | I18: =+H18*F18 -> 0 | J18: =+G18-I18 -> 0 | K18: 888 | L18: =+K18-K17 -> 0 | M18: 40 | N18: =+K18/M18 -> 22.2 | O18: =+K18*J18 -> 0 | P18: 0 | Q18: 10 | R18: =(P18*Q18) -> 0 | S18: 93552 | T18: =+S18-S17 -> 0 | U18: 0 | V18: =T18-U18 -> 0 | X18: =+W18-W17 -> 0 | Z18: =+Y18-Y17 -> 0 | AA18: =X18-AB18 -> 0 | AB18: =X18-Z18 -> 0
A19: =A18 -> 46087 | B19: 2 | C19: 351721 | D19: =+C19-C18 -> 2 | E19: 0 | F19: 0 | G19: =+F19*E19 -> 0 | H19: 0 | I19: =+H19*F19 -> 0 | J19: =+G19-I19 -> 0 | K19: 888 | L19: =+K19-K18 -> 0 | M19: 40 | N19: =+K19/M19 -> 22.2 | O19: =+K19*J19 -> 0 | P19: 0 | Q19: 10 | R19: =(P19*Q19) -> 0 | S19: 93552 | T19: =+S19-S18 -> 0 | U19: 0 | V19: =T19-U19 -> 0 | X19: =+W19-W18 -> 0 | Z19: =+Y19-Y18 -> 0 | AA19: =X19-AB19 -> 0 | AB19: =X19-Z19 -> 0
A20: =A19 -> 46087 | B20: 3 | C20: 351721 | D20: =+C20-C19 -> 0 | E20: 0 | F20: 0 | G20: =+F20*E20 -> 0 | H20: 0 | I20: =+H20*F20 -> 0 | J20: =+G20-I20 -> 0 | K20: 888 | L20: =+K20-K19 -> 0 | M20: 40 | N20: =+K20/M20 -> 22.2 | O20: =+K20*J20 -> 0 | P20: 0 | Q20: 10 | R20: =(P20*Q20) -> 0 | S20: 93552 | T20: =+S20-S19 -> 0 | U20: 0 | V20: =T20-U20 -> 0 | X20: =+W20-W19 -> 0 | Z20: =+Y20-Y19 -> 0 | AA20: =X20-AB20 -> 0 | AB20: =X20-Z20 -> 0
A21: =A20+1 -> 46088 | B21: 1 | C21: 351721 | D21: =+C21-C20 -> 0 | E21: 0 | F21: 0 | G21: =+F21*E21 -> 0 | H21: 0 | I21: =+H21*F21 -> 0 | J21: =+G21-I21 -> 0 | K21: 888 | L21: =+K21-K20 -> 0 | M21: 40 | N21: =+K21/M21 -> 22.2 | O21: =+K21*J21 -> 0 | P21: 0 | Q21: 10 | R21: =(P21*Q21) -> 0 | S21: 93552 | T21: =+S21-S20 -> 0 | U21: 0 | V21: =T21-U21 -> 0 | X21: =+W21-W20 -> 0 | Z21: =+Y21-Y20 -> 0 | AA21: =X21-AB21 -> 0 | AB21: =X21-Z21 -> 0
A22: =A21 -> 46088 | B22: 2 | C22: 351722 | D22: =+C22-C21 -> 1 | E22: 0 | F22: 0 | G22: =+F22*E22 -> 0 | H22: 0 | I22: =+H22*F22 -> 0 | J22: =+G22-I22 -> 0 | K22: 888 | L22: =+K22-K21 -> 0 | M22: 40 | N22: =+K22/M22 -> 22.2 | O22: =+K22*J22 -> 0 | P22: 0 | Q22: 10 | R22: =(P22*Q22) -> 0 | S22: 93552 | T22: =+S22-S21 -> 0 | U22: 0 | V22: =T22-U22 -> 0 | X22: =+W22-W21 -> 0 | Z22: =+Y22-Y21 -> 0 | AA22: =X22-AB22 -> 0 | AB22: =X22-Z22 -> 0
A23: =A22 -> 46088 | B23: 3 | C23: 351722 | D23: =+C23-C22 -> 0 | E23: 0 | F23: 0 | G23: =+F23*E23 -> 0 | H23: 0 | I23: =+H23*F23 -> 0 | J23: =+G23-I23 -> 0 | K23: 888 | L23: =+K23-K22 -> 0 | M23: 40 | N23: =+K23/M23 -> 22.2 | O23: =+K23*J23 -> 0 | P23: 0 | Q23: 10 | R23: =(P23*Q23) -> 0 | S23: 93572 | T23: =+S23-S22 -> 20 | U23: 20 | V23: =T23-U23 -> 0 | X23: =+W23-W22 -> 0 | Z23: =+Y23-Y22 -> 0 | AA23: =X23-AB23 -> 0 | AB23: =X23-Z23 -> 0
A24: =A23+1 -> 46089 | B24: 1 | C24: 351722 | D24: =+C24-C23 -> 0 | E24: 0 | F24: 0 | G24: =+F24*E24 -> 0 | H24: 0 | I24: =+H24*F24 -> 0 | J24: =+G24-I24 -> 0 | K24: 888 | L24: =+K24-K23 -> 0 | M24: 40 | N24: =+K24/M24 -> 22.2 | O24: =+K24*J24 -> 0 | P24: 0 | Q24: 10 | R24: =(P24*Q24) -> 0 | S24: 93572 | T24: =+S24-S23 -> 0 | U24: 0 | V24: =T24-U24 -> 0 | X24: =+W24-W23 -> 0 | Z24: =+Y24-Y23 -> 0 | AA24: =X24-AB24 -> 0 | AB24: =X24-Z24 -> 0
A25: =A24 -> 46089 | B25: 2 | C25: 351722 | D25: =+C25-C24 -> 0 | E25: 0 | F25: 0 | G25: =+F25*E25 -> 0 | H25: 0 | I25: =+H25*F25 -> 0 | J25: =+G25-I25 -> 0 | K25: 888 | L25: =+K25-K24 -> 0 | M25: 40 | N25: =+K25/M25 -> 22.2 | O25: =+K25*J25 -> 0 | P25: 0 | Q25: 10 | R25: =(P25*Q25) -> 0 | S25: 93572 | T25: =+S25-S24 -> 0 | U25: 0 | V25: =T25-U25 -> 0 | X25: =+W25-W24 -> 0 | Z25: =+Y25-Y24 -> 0 | AA25: =X25-AB25 -> 0 | AB25: =X25-Z25 -> 0
A26: =A25 -> 46089 | B26: 3 | C26: 351722 | D26: =+C26-C25 -> 0 | E26: 0 | F26: 0 | G26: =+F26*E26 -> 0 | H26: 0 | I26: =+H26*F26 -> 0 | J26: =+G26-I26 -> 0 | K26: 888 | L26: =+K26-K25 -> 0 | M26: 40 | N26: =+K26/M26 -> 22.2 | O26: =+K26*J26 -> 0 | P26: 0 | Q26: 10 | R26: =(P26*Q26) -> 0 | S26: 93572 | T26: =+S26-S25 -> 0 | U26: 0 | V26: =T26-U26 -> 0 | X26: =+W26-W25 -> 0 | Z26: =+Y26-Y25 -> 0 | AA26: =X26-AB26 -> 0 | AB26: =X26-Z26 -> 0
A27: =A26+1 -> 46090 | B27: 1 | C27: 351722 | D27: =+C27-C26 -> 0 | E27: 0 | F27: 0 | G27: =+F27*E27 -> 0 | H27: 0 | I27: =+H27*F27 -> 0 | J27: =+G27-I27 -> 0 | K27: 888 | L27: =+K27-K26 -> 0 | M27: 40 | N27: =+K27/M27 -> 22.2 | O27: =+K27*J27 -> 0 | P27: 0 | Q27: 10 | R27: =(P27*Q27) -> 0 | S27: 93572 | T27: =+S27-S26 -> 0 | U27: 0 | V27: =T27-U27 -> 0 | X27: =+W27-W26 -> 0 | Z27: =+Y27-Y26 -> 0 | AA27: =X27-AB27 -> 0 | AB27: =X27-Z27 -> 0
A28: =A27 -> 46090 | B28: 2 | C28: 351722 | D28: =+C28-C27 -> 0 | E28: 0 | F28: 0 | G28: =+F28*E28 -> 0 | H28: 0 | I28: =+H28*F28 -> 0 | J28: =+G28-I28 -> 0 | K28: 888 | L28: =+K28-K27 -> 0 | M28: 40 | N28: =+K28/M28 -> 22.2 | O28: =+K28*J28 -> 0 | P28: 0 | Q28: 10 | R28: =(P28*Q28) -> 0 | S28: 93590 | T28: =+S28-S27 -> 18 | U28: 18 | V28: =T28-U28 -> 0 | X28: =+W28-W27 -> 0 | Z28: =+Y28-Y27 -> 0 | AA28: =X28-AB28 -> 0 | AB28: =X28-Z28 -> 0
A29: =A28 -> 46090 | B29: 3 | C29: 351722 | D29: =+C29-C28 -> 0 | E29: 0 | F29: 0 | G29: =+F29*E29 -> 0 | H29: 0 | I29: =+H29*F29 -> 0 | J29: =+G29-I29 -> 0 | K29: 888 | L29: =+K29-K28 -> 0 | M29: 40 | N29: =+K29/M29 -> 22.2 | O29: =+K29*J29 -> 0 | P29: 0 | Q29: 10 | R29: =(P29*Q29) -> 0 | S29: 93613 | T29: =+S29-S28 -> 23 | U29: 23 | V29: =T29-U29 -> 0 | X29: =+W29-W28 -> 0 | Z29: =+Y29-Y28 -> 0 | AA29: =X29-AB29 -> 0 | AB29: =X29-Z29 -> 0
A30: =A29+1 -> 46091 | B30: 1 | C30: 351722 | D30: =+C30-C29 -> 0 | E30: 0 | F30: 0 | G30: =+F30*E30 -> 0 | H30: 0 | I30: =+H30*F30 -> 0 | J30: =+G30-I30 -> 0 | K30: 888 | L30: =+K30-K29 -> 0 | M30: 40 | N30: =+K30/M30 -> 22.2 | O30: =+K30*J30 -> 0 | P30: 0 | Q30: 10 | R30: =(P30*Q30) -> 0 | S30: 93613 | T30: =+S30-S29 -> 0 | U30: 0 | V30: =T30-U30 -> 0 | X30: =+W30-W29 -> 0 | Z30: =+Y30-Y29 -> 0 | AA30: =X30-AB30 -> 0 | AB30: =X30-Z30 -> 0
A31: =A30 -> 46091 | B31: 2 | C31: 351723 | D31: =+C31-C30 -> 1 | E31: 0 | F31: 0 | G31: =+F31*E31 -> 0 | H31: 0 | I31: =+H31*F31 -> 0 | J31: =+G31-I31 -> 0 | K31: 888 | L31: =+K31-K30 -> 0 | M31: 40 | N31: =+K31/M31 -> 22.2 | O31: =+K31*J31 -> 0 | P31: 0 | Q31: 10 | R31: =(P31*Q31) -> 0 | S31: 93666 | T31: =+S31-S30 -> 53 | U31: 53 | V31: =T31-U31 -> 0 | X31: =+W31-W30 -> 0 | Z31: =+Y31-Y30 -> 0 | AA31: =X31-AB31 -> 0 | AB31: =X31-Z31 -> 0
A32: =A31 -> 46091 | B32: 3 | C32: 351723 | D32: =+C32-C31 -> 0 | E32: 0 | F32: 0 | G32: =+F32*E32 -> 0 | H32: 0 | I32: =+H32*F32 -> 0 | J32: =+G32-I32 -> 0 | K32: 888 | L32: =+K32-K31 -> 0 | M32: 40 | N32: =+K32/M32 -> 22.2 | O32: =+K32*J32 -> 0 | P32: 0 | Q32: 10 | R32: =(P32*Q32) -> 0 | S32: 93666 | T32: =+S32-S31 -> 0 | U32: 0 | V32: =T32-U32 -> 0 | X32: =+W32-W31 -> 0 | Z32: =+Y32-Y31 -> 0 | AA32: =X32-AB32 -> 0 | AB32: =X32-Z32 -> 0
A33: =A32+1 -> 46092 | B33: 1 | C33: 351723 | D33: =+C33-C32 -> 0 | E33: 0 | F33: 0 | G33: =+F33*E33 -> 0 | H33: 0 | I33: =+H33*F33 -> 0 | J33: =+G33-I33 -> 0 | K33: 888 | L33: =+K33-K32 -> 0 | M33: 40 | N33: =+K33/M33 -> 22.2 | O33: =+K33*J33 -> 0 | P33: 0 | Q33: 10 | R33: =(P33*Q33) -> 0 | S33: 93666 | T33: =+S33-S32 -> 0 | U33: 0 | V33: =T33-U33 -> 0 | X33: =+W33-W32 -> 0 | Z33: =+Y33-Y32 -> 0 | AA33: =X33-AB33 -> 0 | AB33: =X33-Z33 -> 0
A34: =A33 -> 46092 | B34: 2 | C34: 351724 | D34: =+C34-C33 -> 1 | E34: 0 | F34: 0 | G34: =+F34*E34 -> 0 | H34: 0 | I34: =+H34*F34 -> 0 | J34: =+G34-I34 -> 0 | K34: 888 | L34: =+K34-K33 -> 0 | M34: 40 | N34: =+K34/M34 -> 22.2 | O34: =+K34*J34 -> 0 | P34: 0 | Q34: 10 | R34: =(P34*Q34) -> 0 | S34: 93690 | T34: =+S34-S33 -> 24 | U34: 24 | V34: =T34-U34 -> 0 | X34: =+W34-W33 -> 0 | Z34: =+Y34-Y33 -> 0 | AA34: =X34-AB34 -> 0 | AB34: =X34-Z34 -> 0
A35: =A33 -> 46092 | B35: 3 | C35: 351724 | D35: =+C35-C34 -> 0 | E35: 0 | F35: 0 | G35: =+F35*E35 -> 0 | H35: 0 | I35: =+H35*F35 -> 0 | J35: =+G35-I35 -> 0 | K35: 888 | L35: =+K35-K34 -> 0 | M35: 40 | N35: =+K35/M35 -> 22.2 | O35: =+K35*J35 -> 0 | P35: 1 | Q35: 10 | R35: =(P35*Q35) -> 10 | S35: 93728 | T35: =+S35-S34 -> 38 | U35: 38 | V35: =T35-U35 -> 0 | X35: =+W35-W34 -> 0 | Z35: =+Y35-Y34 -> 0 | AA35: =X35-AB35 -> 0 | AB35: =X35-Z35 -> 0
A36: =A33+1 -> 46093 | B36: 1 | C36: 351724 | D36: =+C36-C35 -> 0 | E36: 0 | F36: 0 | G36: =+F36*E36 -> 0 | H36: 0 | I36: =+H36*F36 -> 0 | J36: =+G36-I36 -> 0 | K36: 888 | L36: =+K36-K35 -> 0 | M36: 40 | N36: =+K36/M36 -> 22.2 | O36: =+K36*J36 -> 0 | P36: 0 | Q36: 10 | R36: =(P36*Q36) -> 0 | S36: 93728 | T36: =+S36-S35 -> 0 | U36: 0 | V36: =T36-U36 -> 0 | X36: =+W36-W35 -> 0 | Z36: =+Y36-Y35 -> 0 | AA36: =X36-AB36 -> 0 | AB36: =X36-Z36 -> 0
A37: =A36 -> 46093 | B37: 2 | C37: 351728 | D37: =+C37-C36 -> 4 | E37: 0 | F37: 0 | G37: =+F37*E37 -> 0 | H37: 0 | I37: =+H37*F37 -> 0 | J37: =+G37-I37 -> 0 | K37: 888 | L37: =+K37-K36 -> 0 | M37: 40 | N37: =+K37/M37 -> 22.2 | O37: =+K37*J37 -> 0 | P37: 0 | Q37: 10 | R37: =(P37*Q37) -> 0 | S37: 93728 | T37: =+S37-S36 -> 0 | U37: 0 | V37: =T37-U37 -> 0 | X37: =+W37-W36 -> 0 | Z37: =+Y37-Y36 -> 0 | AA37: =X37-AB37 -> 0 | AB37: =X37-Z37 -> 0
A38: =A36 -> 46093 | B38: 3 | C38: 351728 | D38: =+C38-C37 -> 0 | E38: 0 | F38: 0 | G38: =+F38*E38 -> 0 | H38: 0 | I38: =+H38*F38 -> 0 | J38: =+G38-I38 -> 0 | K38: 888 | L38: =+K38-K37 -> 0 | M38: 40 | N38: =+K38/M38 -> 22.2 | O38: =+K38*J38 -> 0 | P38: 0 | Q38: 10 | R38: =(P38*Q38) -> 0 | S38: 93767 | T38: =+S38-S37 -> 39 | U38: 39 | V38: =T38-U38 -> 0 | X38: =+W38-W37 -> 0 | Z38: =+Y38-Y37 -> 0 | AA38: =X38-AB38 -> 0 | AB38: =X38-Z38 -> 0
A39: =A38+1 -> 46094 | B39: 1 | C39: 351728 | D39: =+C39-C38 -> 0 | E39: 0 | F39: 0 | G39: =+F39*E39 -> 0 | H39: 0 | I39: =+H39*F39 -> 0 | J39: =+G39-I39 -> 0 | K39: 888 | L39: =+K39-K38 -> 0 | M39: 40 | N39: =+K39/M39 -> 22.2 | O39: =(N40-N39)*M39 -> 0 | P39: 0 | Q39: 10 | R39: =(P39*Q39) -> 0 | S39: 93767 | T39: =+S39-S38 -> 0 | U39: 0 | V39: =T39-U39 -> 0 | X39: =+W39-W38 -> 0 | Z39: =+Y39-Y38 -> 0 | AA39: =X39-AB39 -> 0 | AB39: =X39-Z39 -> 0
A40: =A39 -> 46094 | B40: 2 | C40: 351728 | D40: =+C40-C39 -> 0 | E40: 0 | F40: 0 | G40: =+F40*E40 -> 0 | H40: 0 | I40: =+H40*F40 -> 0 | J40: =+G40-I40 -> 0 | K40: 888 | L40: =+K40-K39 -> 0 | M40: 40 | N40: =+K40/M40 -> 22.2 | O40: =(N41-N40)*M40 -> 0 | P40: 0 | Q40: 10 | R40: =(P40*Q40) -> 0 | S40: 93797 | T40: =+S40-S39 -> 30 | U40: 30 | V40: =T40-U40 -> 0 | X40: =+W40-W39 -> 0 | Z40: =+Y40-Y39 -> 0 | AA40: =X40-AB40 -> 0 | AB40: =X40-Z40 -> 0
A41: =A40 -> 46094 | B41: 3 | C41: 351729 | D41: =+C41-C40 -> 1 | E41: 0 | F41: 0 | G41: =+F41*E41 -> 0 | H41: 0 | I41: =+H41*F41 -> 0 | J41: =+G41-I41 -> 0 | K41: 888 | L41: =+K41-K40 -> 0 | M41: 40 | N41: =+K41/M41 -> 22.2 | O41: =(N42-N41)*M41 -> 0 | P41: 0 | Q41: 10 | R41: =(P41*Q41) -> 0 | S41: 93821 | T41: =+S41-S40 -> 24 | U41: 24 | V41: =T41-U41 -> 0 | X41: =+W41-W40 -> 0 | Z41: =+Y41-Y40 -> 0 | AA41: =X41-AB41 -> 0 | AB41: =X41-Z41 -> 0
A42: =A41+1 -> 46095 | B42: 1 | C42: 351729 | D42: =+C42-C41 -> 0 | E42: 0 | F42: 0 | G42: =+F42*E42 -> 0 | H42: 0 | I42: =+H42*F42 -> 0 | J42: =+G42-I42 -> 0 | K42: 888 | L42: =+K42-K41 -> 0 | M42: 40 | N42: =+K42/M42 -> 22.2 | O42: =(N43-N42)*M42 -> 0 | P42: 0 | Q42: 10 | R42: =(P42*Q42) -> 0 | S42: 93821 | T42: =+S42-S41 -> 0 | U42: 0 | V42: =T42-U42 -> 0 | X42: =+W42-W41 -> 0 | Z42: =+Y42-Y41 -> 0 | AA42: =X42-AB42 -> 0 | AB42: =X42-Z42 -> 0
A43: =A42 -> 46095 | B43: 2 | C43: 351730 | D43: =+C43-C42 -> 1 | E43: 0 | F43: 0 | G43: =+F43*E43 -> 0 | H43: 0 | I43: =+H43*F43 -> 0 | J43: =+G43-I43 -> 0 | K43: 888 | L43: =+K43-K42 -> 0 | M43: 40 | N43: =+K43/M43 -> 22.2 | O43: =(N44-N43)*M43 -> 0 | P43: 0 | Q43: 10 | R43: =(P43*Q43) -> 0 | S43: 93839 | T43: =+S43-S42 -> 18 | U43: 18 | V43: =T43-U43 -> 0 | X43: =+W43-W42 -> 0 | Z43: =+Y43-Y42 -> 0 | AA43: =X43-AB43 -> 0 | AB43: =X43-Z43 -> 0
A44: =A43 -> 46095 | B44: 3 | C44: 351730 | D44: =+C44-C43 -> 0 | E44: 0 | F44: 0 | G44: =+F44*E44 -> 0 | H44: 0 | I44: =+H44*F44 -> 0 | J44: =+G44-I44 -> 0 | K44: 888 | L44: =+K44-K43 -> 0 | M44: 40 | N44: =+K44/M44 -> 22.2 | O44: =(N45-N44)*M44 -> 0 | P44: 0 | Q44: 10 | R44: =(P44*Q44) -> 0 | S44: 93863 | T44: =+S44-S43 -> 24 | U44: 24 | V44: =T44-U44 -> 0 | X44: =+W44-W43 -> 0 | Z44: =+Y44-Y43 -> 0 | AA44: =X44-AB44 -> 0 | AB44: =X44-Z44 -> 0
A45: =A44+1 -> 46096 | B45: 1 | C45: 351730 | D45: =+C45-C44 -> 0 | E45: 0 | F45: 0 | G45: =+F45*E45 -> 0 | H45: 0 | I45: =+H45*F45 -> 0 | J45: =+G45-I45 -> 0 | K45: 888 | L45: =+K45-K44 -> 0 | M45: 40 | N45: =+K45/M45 -> 22.2 | O45: =(N46-N45)*M45 -> 0 | P45: 0 | Q45: 10 | R45: =(P45*Q45) -> 0 | S45: 93863 | T45: =+S45-S44 -> 0 | U45: 0 | V45: =T45-U45 -> 0 | X45: =+W45-W44 -> 0 | Z45: =+Y45-Y44 -> 0 | AA45: =X45-AB45 -> 0 | AB45: =X45-Z45 -> 0
A46: =A45 -> 46096 | B46: 2 | C46: 351730 | D46: =+C46-C45 -> 0 | E46: 0 | F46: 0 | G46: =+F46*E46 -> 0 | H46: 0 | I46: =+H46*F46 -> 0 | J46: =+G46-I46 -> 0 | K46: 888 | L46: =+K46-K45 -> 0 | M46: 40 | N46: =+K46/M46 -> 22.2 | O46: =(N47-N46)*M46 -> 0 | P46: 0 | Q46: 10 | R46: =(P46*Q46) -> 0 | S46: 93863 | T46: =+S46-S45 -> 0 | U46: 0 | V46: =T46-U46 -> 0 | X46: =+W46-W45 -> 0 | Z46: =+Y46-Y45 -> 0 | AA46: =X46-AB46 -> 0 | AB46: =X46-Z46 -> 0 | AC46: g
A47: =A45 -> 46096 | B47: 3 | C47: 351730 | D47: =+C47-C46 -> 0 | E47: 0 | F47: 0 | G47: =+F47*E47 -> 0 | H47: 0 | I47: =+H47*F47 -> 0 | J47: =+G47-I47 -> 0 | K47: 888 | L47: =+K47-K46 -> 0 | M47: 40 | N47: =+K47/M47 -> 22.2 | O47: =(N48-N47)*M47 -> 0 | P47: 0 | Q47: 10 | R47: =(P47*Q47) -> 0 | S47: 93863 | T47: =+S47-S46 -> 0 | U47: 0 | V47: =T47-U47 -> 0 | X47: =+W47-W46 -> 0 | Z47: =+Y47-Y46 -> 0 | AA47: =X47-AB47 -> 0 | AB47: =X47-Z47 -> 0
A48: =A47+1 -> 46097 | B48: 1 | C48: 351730 | D48: =+C48-C47 -> 0 | E48: 0 | F48: 0 | G48: =+F48*E48 -> 0 | H48: 0 | I48: =+H48*F48 -> 0 | J48: =+G48-I48 -> 0 | K48: 888 | L48: =+K48-K47 -> 0 | M48: 40 | N48: =+K48/M48 -> 22.2 | O48: =(N49-N48)*M48 -> 0 | P48: 0 | Q48: 10 | R48: =(P48*Q48) -> 0 | S48: 93863 | T48: =+S48-S47 -> 0 | U48: 0 | V48: =T48-U48 -> 0 | X48: 0 | Z48: 0 | AA48: =X48-AB48 -> 0 | AB48: =X48-Z48 -> 0
A49: =A48 -> 46097 | B49: 2 | C49: 351732 | D49: =+C49-C48 -> 2 | E49: 0 | F49: 0 | G49: =+F49*E49 -> 0 | H49: 0 | I49: =+H49*F49 -> 0 | J49: =+G49-I49 -> 0 | K49: 888 | L49: =+K49-K48 -> 0 | M49: 40 | N49: =+K49/M49 -> 22.2 | O49: =(N50-N49)*M49 -> 0 | P49: 0 | Q49: 10 | R49: =(P49*Q49) -> 0 | S49: 93911 | T49: =+S49-S48 -> 48 | U49: 46 | V49: =T49-U49 -> 2 | X49: =+W49-W48 -> 0 | Z49: =+Y49-Y48 -> 0 | AA49: =X49-AB49 -> 0 | AB49: =X49-Z49 -> 0
A50: =A49 -> 46097 | B50: 3 | C50: 351732 | D50: =+C50-C49 -> 0 | E50: 0 | F50: 0 | G50: =+F50*E50 -> 0 | H50: 0 | I50: =+H50*F50 -> 0 | J50: =+G50-I50 -> 0 | K50: 888 | L50: =+K50-K49 -> 0 | M50: 40 | N50: =+K50/M50 -> 22.2 | O50: =(N51-N50)*M50 -> 0 | P50: 0 | Q50: 10 | R50: =(P50*Q50) -> 0 | S50: 93911 | T50: =+S50-S49 -> 0 | U50: 0 | V50: =T50-U50 -> 0 | X50: =+W50-W49 -> 0 | Z50: =+Y50-Y49 -> 0 | AA50: =X50-AB50 -> 0 | AB50: =X50-Z50 -> 0
A51: =A50+1 -> 46098 | B51: 1 | C51: 351732 | D51: =+C51-C50 -> 0 | E51: 0 | F51: 0 | G51: =+F51*E51 -> 0 | H51: 0 | I51: =+H51*F51 -> 0 | J51: =+G51-I51 -> 0 | K51: 888 | L51: =+K51-K50 -> 0 | M51: 40 | N51: =+K51/M51 -> 22.2 | O51: =(N52-N51)*M51 -> 0 | P51: 0 | Q51: 10 | R51: =(P51*Q51) -> 0 | S51: 93911 | T51: =+S51-S50 -> 0 | U51: 0 | V51: =T51-U51 -> 0 | X51: =+W51-W50 -> 0 | Z51: =+Y51-Y50 -> 0 | AA51: =X51-AB51 -> 0 | AB51: =X51-Z51 -> 0
A52: =A51 -> 46098 | B52: 2 | C52: 351733 | D52: =+C52-C51 -> 1 | E52: 0 | F52: 0 | G52: =+F52*E52 -> 0 | H52: 0 | I52: =+H52*F52 -> 0 | J52: =+G52-I52 -> 0 | K52: 888 | L52: =+K52-K51 -> 0 | M52: 40 | N52: =+K52/M52 -> 22.2 | O52: =(N53-N52)*M52 -> 0 | P52: 0 | Q52: 10 | R52: =(P52*Q52) -> 0 | S52: 93927 | T52: =+S52-S51 -> 16 | U52: 15 | V52: =T52-U52 -> 1 | X52: =+W52-W51 -> 0 | Z52: =+Y52-Y51 -> 0 | AA52: =X52-AB52 -> 0 | AB52: =X52-Z52 -> 0
A53: =A52 -> 46098 | B53: 3 | C53: 351734 | D53: =+C53-C52 -> 1 | E53: 0 | F53: 0 | G53: =+F53*E53 -> 0 | H53: 0 | I53: =+H53*F53 -> 0 | J53: =+G53-I53 -> 0 | K53: 888 | L53: =+K53-K52 -> 0 | M53: 40 | N53: =+K53/M53 -> 22.2 | O53: =(N54-N53)*M53 -> 0 | P53: 0 | Q53: 10 | R53: =(P53*Q53) -> 0 | S53: 93979 | T53: =+S53-S52 -> 52 | U53: 51 | V53: =T53-U53 -> 1 | X53: =+W53-W52 -> 0 | Z53: =+Y53-Y52 -> 0 | AA53: =X53-AB53 -> 0 | AB53: =X53-Z53 -> 0
A54: =A53+1 -> 46099 | B54: 1 | C54: 351734 | D54: =+C54-C53 -> 0 | E54: 0 | F54: 0 | G54: =+F54*E54 -> 0 | H54: 0 | I54: =+H54*F54 -> 0 | J54: =+G54-I54 -> 0 | K54: 888 | L54: =+K54-K53 -> 0 | M54: 40 | N54: =+K54/M54 -> 22.2 | O54: =(N55-N54)*M54 -> 0 | P54: 0 | Q54: 10 | R54: =(P54*Q54) -> 0 | S54: 93979 | T54: =+S54-S53 -> 0 | U54: 0 | V54: =T54-U54 -> 0 | X54: =+W54-W53 -> 0 | Z54: =+Y54-Y53 -> 0 | AA54: =X54-AB54 -> 0 | AB54: =X54-Z54 -> 0
A55: =A54 -> 46099 | B55: 2 | C55: 351735 | D55: =+C55-C54 -> 1 | E55: 0 | F55: 0 | G55: =+F55*E55 -> 0 | H55: 0 | I55: =+H55*F55 -> 0 | J55: =+G55-I55 -> 0 | K55: 888 | L55: =+K55-K54 -> 0 | M55: 40 | N55: =+K55/M55 -> 22.2 | O55: =(N56-N55)*M55 -> 0 | P55: 0 | Q55: 10 | R55: =(P55*Q55) -> 0 | S55: 93979 | T55: =+S55-S54 -> 0 | U55: 0 | V55: =T55-U55 -> 0 | X55: =+W55-W54 -> 0 | Z55: =+Y55-Y54 -> 0 | AA55: =X55-AB55 -> 0 | AB55: =X55-Z55 -> 0
A56: =A55 -> 46099 | B56: 3 | C56: 351736 | D56: =+C56-C55 -> 1 | E56: 0 | F56: 0 | G56: =+F56*E56 -> 0 | H56: 0 | I56: =+H56*F56 -> 0 | J56: =+G56-I56 -> 0 | K56: 888 | L56: =+K56-K55 -> 0 | M56: 40 | N56: =+K56/M56 -> 22.2 | O56: =(N57-N56)*M56 -> 0 | P56: 0 | Q56: 10 | R56: =(P56*Q56) -> 0 | S56: 94033 | T56: =+S56-S55 -> 54 | U56: 0 | V56: =T56-U56 -> 54 | X56: =+W56-W55 -> 0 | Z56: =+Y56-Y55 -> 0 | AA56: =X56-AB56 -> 0 | AB56: =X56-Z56 -> 0 | AC56: operación de la ptap por 1 hora
A57: =A56+1 -> 46100 | B57: 1 | C57: 351736 | D57: =+C57-C56 -> 0 | E57: 0 | F57: 0 | G57: =+F57*E57 -> 0 | H57: 0 | I57: =+H57*F57 -> 0 | J57: =+G57-I57 -> 0 | K57: 888 | L57: =+K57-K56 -> 0 | M57: 40 | N57: =+K57/M57 -> 22.2 | O57: =(N58-N57)*M57 -> 0 | P57: 0 | Q57: 10 | R57: =(P57*Q57) -> 0 | S57: 94033 | T57: =+S57-S56 -> 0 | U57: 0 | V57: =T57-U57 -> 0 | X57: =+W57-W56 -> 0 | Z57: =+Y57-Y56 -> 0 | AA57: =X57-AB57 -> 0 | AB57: =X57-Z57 -> 0
A58: =A57 -> 46100 | B58: 2 | C58: 351738 | D58: =+C58-C57 -> 2 | E58: 0 | F58: 0 | G58: =+F58*E58 -> 0 | H58: 0 | I58: =+H58*F58 -> 0 | J58: =+G58-I58 -> 0 | K58: 888 | L58: =+K58-K57 -> 0 | M58: 40 | N58: =+K58/M58 -> 22.2 | O58: =(N59-N58)*M58 -> 0 | P58: 0 | Q58: 10 | R58: =(P58*Q58) -> 0 | S58: 94033 | T58: =+S58-S57 -> 0 | U58: 0 | V58: =T58-U58 -> 0 | X58: =+W58-W57 -> 0 | Z58: =+Y58-Y57 -> 0 | AA58: =X58-AB58 -> 0 | AB58: =X58-Z58 -> 0
A59: =A58 -> 46100 | B59: 3 | C59: 351738 | D59: =+C59-C58 -> 0 | E59: 0 | F59: 0 | G59: =+F59*E59 -> 0 | H59: 0 | I59: =+H59*F59 -> 0 | J59: =+G59-I59 -> 0 | K59: 888 | L59: =+K59-K58 -> 0 | M59: 40 | N59: =+K59/M59 -> 22.2 | O59: =(N60-N59)*M59 -> 0 | P59: 0 | Q59: 10 | R59: =(P59*Q59) -> 0 | S59: 94127 | T59: =+S59-S58 -> 94 | U59: 0 | V59: =T59-U59 -> 94 | X59: =+W59-W58 -> 0 | Z59: =+Y59-Y58 -> 0 | AA59: =X59-AB59 -> 0 | AB59: =X59-Z59 -> 0 | AC59: operación de la ptap por 2 horas
A60: =A59+1 -> 46101 | B60: 1 | C60: 351738 | D60: =+C60-C59 -> 0 | E60: 0 | F60: 0 | G60: =+F60*E60 -> 0 | H60: 0 | I60: =+H60*F60 -> 0 | J60: =+G60-I60 -> 0 | K60: 888 | L60: =+K60-K59 -> 0 | M60: 40 | N60: =+K60/M60 -> 22.2 | O60: =(N61-N60)*M60 -> 0 | P60: 0 | Q60: 10 | R60: =(P60*Q60) -> 0 | S60: 94127 | T60: =+S60-S59 -> 0 | U60: 0 | V60: =T60-U60 -> 0 | X60: =+W60-W59 -> 0 | Z60: =+Y60-Y59 -> 0 | AA60: =X60-AB60 -> 0 | AB60: =X60-Z60 -> 0
A61: =A60 -> 46101 | B61: 2 | C61: 351740 | D61: =+C61-C60 -> 2 | E61: 0 | F61: 0 | G61: =+F61*E61 -> 0 | H61: 0 | I61: =+H61*F61 -> 0 | J61: =+G61-I61 -> 0 | K61: 888 | L61: =+K61-K60 -> 0 | M61: 40 | N61: =+K61/M61 -> 22.2 | O61: =(N62-N61)*M61 -> 0 | P61: 0 | Q61: 10 | R61: =(P61*Q61) -> 0 | S61: 94170 | T61: =+S61-S60 -> 43 | U61: 41 | V61: =T61-U61 -> 2 | X61: =+W61-W60 -> 0 | Z61: =+Y61-Y60 -> 0 | AA61: =X61-AB61 -> 0 | AB61: =X61-Z61 -> 0
A62: =A61 -> 46101 | B62: 3 | C62: 351741 | D62: =+C62-C61 -> 1 | E62: 0 | F62: 0 | G62: =+F62*E62 -> 0 | H62: 0 | I62: =+H62*F62 -> 0 | J62: =+G62-I62 -> 0 | K62: 888 | L62: =+K62-K61 -> 0 | M62: 40 | N62: =+K62/M62 -> 22.2 | O62: =(N63-N62)*M62 -> 0 | P62: 0 | Q62: 10 | R62: =(P62*Q62) -> 0 | S62: 94197 | T62: =+S62-S61 -> 27 | U62: 26 | V62: =T62-U62 -> 1 | X62: =+W62-W61 -> 0 | Z62: =+Y62-Y61 -> 0 | AA62: =X62-AB62 -> 0 | AB62: =X62-Z62 -> 0
A63: =A62+1 -> 46102 | B63: 1 | C63: 351741 | D63: =+C63-C62 -> 0 | E63: 0 | F63: 0 | G63: =+F63*E63 -> 0 | H63: 0 | I63: =+H63*F63 -> 0 | J63: =+G63-I63 -> 0 | K63: 888 | L63: =+K63-K62 -> 0 | M63: 40 | N63: =+K63/M63 -> 22.2 | O63: =(N64-N63)*M63 -> 0 | P63: 0 | Q63: 10 | R63: =(P63*Q63) -> 0 | S63: 94197 | T63: =+S63-S62 -> 0 | U63: 0 | V63: =T63-U63 -> 0 | X63: =+W63-W62 -> 0 | Z63: =+Y63-Y62 -> 0 | AA63: =X63-AB63 -> 0 | AB63: =X63-Z63 -> 0
A64: =A63 -> 46102 | B64: 2 | C64: 351741 | D64: =+C64-C63 -> 0 | E64: 0 | F64: 0 | G64: =+F64*E64 -> 0 | H64: 0 | I64: =+H64*F64 -> 0 | J64: =+G64-I64 -> 0 | K64: 888 | L64: =+K64-K63 -> 0 | M64: 40 | N64: =+K64/M64 -> 22.2 | O64: =(N65-N64)*M64 -> 0 | P64: 0 | Q64: 10 | R64: =(P64*Q64) -> 0 | S64: 94213 | T64: =+S64-S63 -> 16 | U64: 16 | V64: =T64-U64 -> 0 | X64: =+W64-W63 -> 0 | Z64: =+Y64-Y63 -> 0 | AA64: =X64-AB64 -> 0 | AB64: =X64-Z64 -> 0
A65: =A64 -> 46102 | B65: 3 | C65: 351742 | D65: =+C65-C64 -> 1 | E65: 0 | F65: 0 | G65: =+F65*E65 -> 0 | H65: 0 | I65: =+H65*F65 -> 0 | J65: =+G65-I65 -> 0 | K65: 888 | L65: =+K65-K64 -> 0 | M65: 40 | N65: =+K65/M65 -> 22.2 | O65: =(N66-N65)*M65 -> 0 | P65: 1 | Q65: 10 | R65: =(P65*Q65) -> 10 | S65: 94217 | T65: =+S65-S64 -> 4 | U65: 3 | V65: =T65-U65 -> 1 | X65: =+W65-W64 -> 0 | Z65: =+Y65-Y64 -> 0 | AA65: =X65-AB65 -> 0 | AB65: =X65-Z65 -> 0
A66: =A65+1 -> 46103 | B66: 1 | C66: 351742 | D66: =+C66-C65 -> 0 | E66: 0 | F66: 0 | G66: =+F66*E66 -> 0 | H66: 0 | I66: =+H66*F66 -> 0 | J66: =+G66-I66 -> 0 | K66: 888 | L66: =+K66-K65 -> 0 | M66: 40 | N66: =+K66/M66 -> 22.2 | O66: =(N67-N66)*M66 -> 0 | P66: 0 | Q66: 10 | R66: =(P66*Q66) -> 0 | S66: 94217 | T66: =+S66-S65 -> 0 | U66: 0 | V66: =T66-U66 -> 0 | X66: =+W66-W65 -> 0 | Z66: =+Y66-Y65 -> 0 | AA66: =X66-AB66 -> 0 | AB66: =X66-Z66 -> 0
A67: =A66 -> 46103 | B67: 2 | C67: 351742 | D67: =+C67-C66 -> 0 | E67: 0 | F67: 0 | G67: =+F67*E67 -> 0 | H67: 0 | I67: =+H67*F67 -> 0 | J67: =+G67-I67 -> 0 | K67: 888 | L67: =+K67-K66 -> 0 | M67: 40 | N67: =+K67/M67 -> 22.2 | O67: =(N68-N67)*M67 -> 0 | P67: 0 | Q67: 10 | R67: =(P67*Q67) -> 0 | S67: 94217 | T67: =+S67-S66 -> 0 | U67: 0 | V67: =T67-U67 -> 0 | X67: =+W67-W66 -> 0 | Z67: =+Y67-Y66 -> 0 | AA67: =X67-AB67 -> 0 | AB67: =X67-Z67 -> 0
A68: =A67 -> 46103 | B68: 3 | C68: 351742 | D68: =+C68-C67 -> 0 | E68: 0 | F68: 0 | G68: =+F68*E68 -> 0 | H68: 0 | I68: =+H68*F68 -> 0 | J68: =+G68-I68 -> 0 | K68: 888 | L68: =+K68-K67 -> 0 | M68: 40 | N68: =+K68/M68 -> 22.2 | O68: =(N69-N68)*M68 -> 0 | P68: 0 | Q68: 10 | R68: =(P68*Q68) -> 0 | S68: 94217 | T68: =+S68-S67 -> 0 | U68: 0 | V68: =T68-U68 -> 0 | X68: =+W68-W67 -> 0 | Z68: =+Y68-Y67 -> 0 | AA68: =X68-AB68 -> 0 | AB68: =X68-Z68 -> 0
A69: =A68+1 -> 46104 | B69: 1 | C69: 351742 | D69: =+C69-C68 -> 0 | E69: 0 | F69: 0 | G69: =+F69*E69 -> 0 | H69: 0 | I69: =+H69*F69 -> 0 | J69: =+G69-I69 -> 0 | K69: 888 | L69: =+K69-K68 -> 0 | M69: 40 | N69: =+K69/M69 -> 22.2 | O69: =(N70-N69)*M69 -> 0 | P69: 0 | Q69: 10 | R69: =(P69*Q69) -> 0 | S69: 94217 | T69: =+S69-S68 -> 0 | U69: 0 | V69: =T69-U69 -> 0 | X69: =+W69-W68 -> 0 | Z69: =+Y69-Y68 -> 0 | AA69: =X69-AB69 -> 0 | AB69: =X69-Z69 -> 0
A70: =A69 -> 46104 | B70: 2 | C70: 351742 | D70: =+C70-C69 -> 0 | E70: 0 | F70: 0 | G70: =+F70*E70 -> 0 | H70: 0 | I70: =+H70*F70 -> 0 | J70: =+G70-I70 -> 0 | K70: 888 | L70: =+K70-K69 -> 0 | M70: 40 | N70: =+K70/M70 -> 22.2 | O70: =(N71-N70)*M70 -> 0 | P70: 0 | Q70: 10 | R70: =(P70*Q70) -> 0 | S70: 94217 | T70: =+S70-S69 -> 0 | U70: 0 | V70: =T70-U70 -> 0 | X70: =+W70-W69 -> 0 | Z70: =+Y70-Y69 -> 0 | AA70: =X70-AB70 -> 0 | AB70: =X70-Z70 -> 0
A71: =A70 -> 46104 | B71: 3 | C71: 351742 | D71: =+C71-C70 -> 0 | E71: 0 | F71: 0 | G71: =+F71*E71 -> 0 | H71: 0 | I71: =+H71*F71 -> 0 | J71: =+G71-I71 -> 0 | K71: 888 | L71: =+K71-K70 -> 0 | M71: 40 | N71: =+K71/M71 -> 22.2 | O71: =(N72-N71)*M71 -> 0 | P71: 0 | Q71: 10 | R71: =(P71*Q71) -> 0 | S71: 94217 | T71: =+S71-S70 -> 0 | U71: 0 | V71: =T71-U71 -> 0 | X71: =+W71-W70 -> 0 | Z71: =+Y71-Y70 -> 0 | AA71: =X71-AB71 -> 0 | AB71: =X71-Z71 -> 0
A72: =A71+1 -> 46105 | B72: 1 | C72: 351742 | D72: =+C72-C71 -> 0 | E72: 0 | F72: 0 | G72: =+F72*E72 -> 0 | H72: 0 | I72: =+H72*F72 -> 0 | J72: =+G72-I72 -> 0 | K72: 888 | L72: =+K72-K71 -> 0 | M72: 40 | N72: =+K72/M72 -> 22.2 | O72: =(N73-N72)*M72 -> 0 | P72: 0 | Q72: 10 | R72: =(P72*Q72) -> 0 | S72: 94217 | T72: =+S72-S71 -> 0 | U72: 0 | V72: =T72-U72 -> 0 | X72: =+W72-W71 -> 0 | Z72: =+Y72-Y71 -> 0 | AA72: =X72-AB72 -> 0 | AB72: =X72-Z72 -> 0
A73: =A72 -> 46105 | B73: 2 | C73: 351743 | D73: =+C73-C72 -> 1 | E73: 0 | F73: 0 | G73: =+F73*E73 -> 0 | H73: 0 | I73: =+H73*F73 -> 0 | J73: =+G73-I73 -> 0 | K73: 888 | L73: =+K73-K72 -> 0 | M73: 40 | N73: =+K73/M73 -> 22.2 | O73: =(N74-N73)*M73 -> 0 | P73: 0 | Q73: 10 | R73: =(P73*Q73) -> 0 | S73: 94217 | T73: =+S73-S72 -> 0 | U73: 0 | V73: =T73-U73 -> 0 | X73: =+W73-W72 -> 0 | Z73: =+Y73-Y72 -> 0 | AA73: =X73-AB73 -> 0 | AB73: =X73-Z73 -> 0
A74: =A73 -> 46105 | B74: 3 | C74: 351743 | D74: =+C74-C73 -> 0 | E74: 0 | F74: 0 | G74: =+F74*E74 -> 0 | H74: 0 | I74: =+H74*F74 -> 0 | J74: =+G74-I74 -> 0 | K74: 888 | L74: =+K74-K73 -> 0 | M74: 40 | N74: =+K74/M74 -> 22.2 | O74: =(N75-N74)*M74 -> 0 | P74: 0 | Q74: 10 | R74: =(P74*Q74) -> 0 | S74: 94217 | T74: =+S74-S73 -> 0 | U74: 0 | V74: =T74-U74 -> 0 | X74: =+W74-W73 -> 0 | Z74: =+Y74-Y73 -> 0 | AA74: =X74-AB74 -> 0 | AB74: =X74-Z74 -> 0
A75: =A74+1 -> 46106 | B75: 1 | C75: 351743 | D75: =+C75-C74 -> 0 | E75: 0 | F75: 0 | G75: =+F75*E75 -> 0 | H75: 0 | I75: =+H75*F75 -> 0 | J75: =+G75-I75 -> 0 | K75: 888 | L75: =+K75-K74 -> 0 | M75: 40 | N75: =+K75/M75 -> 22.2 | O75: =(N76-N75)*M75 -> 0 | P75: 0 | Q75: 10 | R75: =(P75*Q75) -> 0 | S75: 94217 | T75: =+S75-S74 -> 0 | U75: 0 | V75: =T75-U75 -> 0 | X75: =+W75-W74 -> 0 | Z75: =+Y75-Y74 -> 0 | AA75: =X75-AB75 -> 0 | AB75: =X75-Z75 -> 0
A76: =A75 -> 46106 | B76: 2 | C76: 351745 | D76: =+C76-C75 -> 2 | E76: 0 | F76: 0 | G76: =+F76*E76 -> 0 | H76: 0 | I76: =+H76*F76 -> 0 | J76: =+G76-I76 -> 0 | K76: 888 | L76: =+K76-K75 -> 0 | M76: 40 | N76: =+K76/M76 -> 22.2 | O76: =(N77-N76)*M76 -> 0 | P76: 0 | Q76: 10 | R76: =(P76*Q76) -> 0 | S76: 94217 | T76: =+S76-S75 -> 0 | U76: 0 | V76: =T76-U76 -> 0 | X76: =+W76-W75 -> 0 | Z76: =+Y76-Y75 -> 0 | AA76: =X76-AB76 -> 0 | AB76: =X76-Z76 -> 0
A77: =A76 -> 46106 | B77: 3 | C77: 351745 | D77: =+C77-C76 -> 0 | E77: 0 | F77: 0 | G77: =+F77*E77 -> 0 | H77: 0 | I77: =+H77*F77 -> 0 | J77: =+G77-I77 -> 0 | K77: 888 | L77: =+K77-K76 -> 0 | M77: 40 | N77: =+K77/M77 -> 22.2 | O77: =(N78-N77)*M77 -> 0 | P77: 0 | Q77: 10 | R77: =(P77*Q77) -> 0 | S77: 94217 | T77: =+S77-S76 -> 0 | U77: 0 | V77: =T77-U77 -> 0 | X77: =+W77-W76 -> 0 | Z77: =+Y77-Y76 -> 0 | AA77: =X77-AB77 -> 0 | AB77: =X77-Z77 -> 0
A78: =A77+1 -> 46107 | B78: 1 | C78: 351745 | D78: =+C78-C77 -> 0 | E78: 0 | F78: 0 | G78: =+F78*E78 -> 0 | H78: 0 | I78: =+H78*F78 -> 0 | J78: =+G78-I78 -> 0 | K78: 888 | L78: =+K78-K77 -> 0 | M78: 40 | N78: =+K78/M78 -> 22.2 | O78: =(N79-N78)*M78 -> 0 | P78: 0 | Q78: 10 | R78: =(P78*Q78) -> 0 | S78: 94217 | T78: =+S78-S77 -> 0 | U78: 0 | V78: =T78-U78 -> 0 | X78: =+W78-W77 -> 0 | Z78: =+Y78-Y77 -> 0 | AA78: =X78-AB78 -> 0 | AB78: =X78-Z78 -> 0
A79: =A78 -> 46107 | B79: 2 | C79: 351747 | D79: =+C79-C78 -> 2 | E79: 0 | F79: 0 | G79: =+F79*E79 -> 0 | H79: 0 | I79: =+H79*F79 -> 0 | J79: =+G79-I79 -> 0 | K79: 888 | L79: =+K79-K78 -> 0 | M79: 40 | N79: =+K79/M79 -> 22.2 | O79: =(N80-N79)*M79 -> 0 | P79: 1 | Q79: 10 | R79: =(P79*Q79) -> 10 | S79: 94217 | T79: =+S79-S78 -> 0 | U79: 0 | V79: =T79-U79 -> 0 | X79: =+W79-W78 -> 0 | Z79: =+Y79-Y78 -> 0 | AA79: =X79-AB79 -> 0 | AB79: =X79-Z79 -> 0
A80: =A79 -> 46107 | B80: 3 | C80: 351748 | D80: =+C80-C79 -> 1 | E80: 0 | F80: 0 | G80: =+F80*E80 -> 0 | H80: 0 | I80: =+H80*F80 -> 0 | J80: =+G80-I80 -> 0 | K80: 888 | L80: =+K80-K79 -> 0 | M80: 40 | N80: =+K80/M80 -> 22.2 | O80: =(N81-N80)*M80 -> 0 | P80: 0 | Q80: 10 | R80: =(P80*Q80) -> 0 | S80: 94217 | T80: =+S80-S79 -> 0 | U80: 0 | V80: =T80-U80 -> 0 | X80: =+W80-W79 -> 0 | Z80: =+Y80-Y79 -> 0 | AA80: =X80-AB80 -> 0 | AB80: =X80-Z80 -> 0
A81: =A80+1 -> 46108 | B81: 1 | C81: 351748 | D81: =+C81-C80 -> 0 | E81: 0 | F81: 0 | G81: =+F81*E81 -> 0 | H81: 0 | I81: =+H81*F81 -> 0 | J81: =+G81-I81 -> 0 | K81: 888 | L81: =+K81-K80 -> 0 | M81: 40 | N81: =+K81/M81 -> 22.2 | O81: =(N82-N81)*M81 -> 0 | P81: 0 | Q81: 10 | R81: =(P81*Q81) -> 0 | S81: 94217 | T81: =+S81-S80 -> 0 | U81: 0 | V81: =T81-U81 -> 0 | X81: =+W81-W80 -> 0 | Z81: =+Y81-Y80 -> 0 | AA81: =X81-AB81 -> 0 | AB81: =X81-Z81 -> 0
A82: =A81 -> 46108 | B82: 2 | C82: 351750 | D82: =+C82-C81 -> 2 | E82: 0 | F82: 0 | G82: =+F82*E82 -> 0 | H82: 0 | I82: =+H82*F82 -> 0 | J82: =+G82-I82 -> 0 | K82: 888 | L82: =+K82-K81 -> 0 | M82: 40 | N82: =+K82/M82 -> 22.2 | O82: =(N83-N82)*M82 -> 0 | P82: 0 | Q82: 10 | R82: =(P82*Q82) -> 0 | S82: 94217 | T82: =+S82-S81 -> 0 | U82: 0 | V82: =T82-U82 -> 0 | X82: =+W82-W81 -> 0 | Z82: =+Y82-Y81 -> 0 | AA82: =X82-AB82 -> 0 | AB82: =X82-Z82 -> 0
A83: =A82 -> 46108 | B83: 3 | C83: 351750 | D83: =+C83-C82 -> 0 | E83: 0 | F83: 0 | G83: =+F83*E83 -> 0 | H83: 0 | I83: =+H83*F83 -> 0 | J83: =+G83-I83 -> 0 | K83: 888 | L83: =+K83-K82 -> 0 | M83: 40 | N83: =+K83/M83 -> 22.2 | O83: =(N84-N83)*M83 -> 0 | P83: 0 | Q83: 10 | R83: =(P83*Q83) -> 0 | S83: 94217 | T83: =+S83-S82 -> 0 | U83: 0 | V83: =T83-U83 -> 0 | X83: =+W83-W82 -> 0 | Z83: =+Y83-Y82 -> 0 | AA83: =X83-AB83 -> 0 | AB83: =X83-Z83 -> 0
A84: =A83+1 -> 46109 | B84: 1 | C84: 351750 | D84: =+C84-C83 -> 0 | E84: 0 | F84: 0 | G84: =+F84*E84 -> 0 | H84: 0 | I84: =+H84*F84 -> 0 | J84: =+G84-I84 -> 0 | K84: 888 | L84: =+K84-K83 -> 0 | M84: 40 | N84: =+K84/M84 -> 22.2 | O84: =(N85-N84)*M84 -> 0 | P84: 0 | Q84: 10 | R84: =(P84*Q84) -> 0 | S84: 94217 | T84: =+S84-S83 -> 0 | U84: 0 | V84: =T84-U84 -> 0 | X84: =+W84-W83 -> 0 | Z84: =+Y84-Y83 -> 0 | AA84: =X84-AB84 -> 0 | AB84: =X84-Z84 -> 0
A85: =A84 -> 46109 | B85: 2 | C85: 351750 | D85: =+C85-C84 -> 0 | E85: 0 | F85: 0 | G85: =+F85*E85 -> 0 | H85: 0 | I85: =+H85*F85 -> 0 | J85: =+G85-I85 -> 0 | K85: 888 | L85: =+K85-K84 -> 0 | M85: 40 | N85: =+K85/M85 -> 22.2 | O85: =(N86-N85)*M85 -> 0 | P85: 0 | Q85: 10 | R85: =(P85*Q85) -> 0 | S85: 94217 | T85: =+S85-S84 -> 0 | U85: 0 | V85: =T85-U85 -> 0 | X85: =+W85-W84 -> 0 | Z85: =+Y85-Y84 -> 0 | AA85: =X85-AB85 -> 0 | AB85: =X85-Z85 -> 0
A86: =A85 -> 46109 | B86: 3 | C86: 351750 | D86: =+C86-C85 -> 0 | E86: 0 | F86: 0 | G86: =+F86*E86 -> 0 | H86: 0 | I86: =+H86*F86 -> 0 | J86: =+G86-I86 -> 0 | K86: 888 | L86: =+K86-K85 -> 0 | M86: 40 | N86: =+K86/M86 -> 22.2 | O86: =(N87-N86)*M86 -> 0 | P86: 0 | Q86: 10 | R86: =(P86*Q86) -> 0 | S86: 94217 | T86: =+S86-S85 -> 0 | U86: 0 | V86: =T86-U86 -> 0 | X86: =+W86-W85 -> 0 | Z86: =+Y86-Y85 -> 0 | AA86: =X86-AB86 -> 0 | AB86: =X86-Z86 -> 0
A87: =A86+1 -> 46110 | B87: 1 | C87: 351750 | D87: =+C87-C86 -> 0 | E87: 0 | F87: 0 | G87: =+F87*E87 -> 0 | H87: 0 | I87: =+H87*F87 -> 0 | J87: =+G87-I87 -> 0 | K87: 888 | L87: =+K87-K86 -> 0 | M87: 40 | N87: =+K87/M87 -> 22.2 | O87: =(N88-N87)*M87 -> 0 | P87: 0 | Q87: 10 | R87: =(P87*Q87) -> 0 | S87: 94217 | T87: =+S87-S86 -> 0 | U87: 0 | V87: =T87-U87 -> 0 | X87: =+W87-W86 -> 0 | Z87: =+Y87-Y86 -> 0 | AA87: =X87-AB87 -> 0 | AB87: =X87-Z87 -> 0
A88: =A87 -> 46110 | B88: 2 | C88: 351750 | D88: =+C88-C87 -> 0 | E88: 0 | F88: 0 | G88: =+F88*E88 -> 0 | H88: 0 | I88: =+H88*F88 -> 0 | J88: =+G88-I88 -> 0 | K88: 888 | L88: =+K88-K87 -> 0 | M88: 40 | N88: =+K88/M88 -> 22.2 | O88: =(N89-N88)*M88 -> 0 | P88: 0 | Q88: 10 | R88: =(P88*Q88) -> 0 | S88: 94217 | T88: =+S88-S87 -> 0 | U88: 0 | V88: =T88-U88 -> 0 | X88: =+W88-W87 -> 0 | Z88: =+Y88-Y87 -> 0 | AA88: =X88-AB88 -> 0 | AB88: =X88-Z88 -> 0
A89: =A88 -> 46110 | B89: 3 | C89: 351750 | D89: =+C89-C88 -> 0 | E89: 0 | F89: 0 | G89: =+F89*E89 -> 0 | H89: 0 | I89: =+H89*F89 -> 0 | J89: =+G89-I89 -> 0 | K89: 888 | L89: =+K89-K88 -> 0 | M89: 40 | N89: =+K89/M89 -> 22.2 | O89: =(N90-N89)*M89 -> 0 | P89: 0 | Q89: 10 | R89: =(P89*Q89) -> 0 | S89: 94217 | T89: =+S89-S88 -> 0 | U89: 0 | V89: =T89-U89 -> 0 | X89: =+W89-W88 -> 0 | Z89: =+Y89-Y88 -> 0 | AA89: =X89-AB89 -> 0 | AB89: =X89-Z89 -> 0
A90: =A89+1 -> 46111 | B90: 1 | C90: 351750 | D90: =+C90-C89 -> 0 | E90: 0 | F90: 0 | G90: =+F90*E90 -> 0 | H90: 0 | I90: =+H90*F90 -> 0 | J90: =+G90-I90 -> 0 | K90: 888 | L90: =+K90-K89 -> 0 | M90: 40 | N90: =+K90/M90 -> 22.2 | O90: =(N91-N90)*M90 -> 0 | P90: 0 | Q90: 10 | R90: =(P90*Q90) -> 0 | S90: 94217 | T90: =+S90-S89 -> 0 | U90: 0 | V90: =T90-U90 -> 0 | X90: =+W90-W89 -> 0 | Z90: =+Y90-Y89 -> 0 | AA90: =X90-AB90 -> 0 | AB90: =X90-Z90 -> 0
A91: =A90 -> 46111 | B91: 2 | C91: 351751 | D91: =+C91-C90 -> 1 | E91: 0 | F91: 0 | G91: =+F91*E91 -> 0 | H91: 0 | I91: =+H91*F91 -> 0 | J91: =+G91-I91 -> 0 | K91: 888 | L91: =+K91-K90 -> 0 | M91: 40 | N91: =+K91/M91 -> 22.2 | O91: =(N92-N91)*M91 -> 0 | P91: 0 | Q91: 10 | R91: =(P91*Q91) -> 0 | S91: 94270 | T91: =+S91-S90 -> 53 | U91: 53 | V91: =T91-U91 -> 0 | X91: =+W91-W90 -> 0 | Z91: =+Y91-Y90 -> 0 | AA91: =X91-AB91 -> 0 | AB91: =X91-Z91 -> 0
A92: =A91 -> 46111 | B92: 3 | C92: 351751 | D92: =+C92-C91 -> 0 | E92: 0 | F92: 0 | G92: =+F92*E92 -> 0 | H92: 0 | I92: =+H92*F92 -> 0 | J92: =+G92-I92 -> 0 | K92: 888 | L92: =+K92-K91 -> 0 | M92: 40 | N92: =+K92/M92 -> 22.2 | O92: =(N93-N92)*M92 -> 0 | P92: 0 | Q92: 10 | R92: =(P92*Q92) -> 0 | S92: 94270 | T92: =+S92-S91 -> 0 | U92: 0 | V92: =T92-U92 -> 0 | X92: =+W92-W91 -> 0 | Z92: =+Y92-Y91 -> 0 | AA92: =X92-AB92 -> 0 | AB92: =X92-Z92 -> 0
A93: =A92+1 -> 46112 | B93: 1 | C93: 351751 | D93: =+C93-C92 -> 0 | E93: 0 | F93: 0 | G93: =+F93*E93 -> 0 | H93: 0 | I93: =+H93*F93 -> 0 | J93: =+G93-I93 -> 0 | K93: 888 | L93: =+K93-K92 -> 0 | M93: 40 | N93: =+K93/M93 -> 22.2 | O93: =(N94-N93)*M93 -> 0 | P93: 0 | Q93: 10 | R93: =(P93*Q93) -> 0 | S93: 94270 | T93: =+S93-S92 -> 0 | U93: 0 | V93: =T93-U93 -> 0 | X93: =+W93-W92 -> 0 | Z93: =+Y93-Y92 -> 0 | AA93: =X93-AB93 -> 0 | AB93: =X93-Z93 -> 0
A94: =A93 -> 46112 | B94: 2 | C94: 351754 | D94: =+C94-C93 -> 3 | E94: 0 | F94: 0 | G94: =+F94*E94 -> 0 | H94: 0 | I94: =+H94*F94 -> 0 | J94: =+G94-I94 -> 0 | K94: 888 | L94: =+K94-K93 -> 0 | M94: 40 | N94: =+K94/M94 -> 22.2 | O94: =(N95-N94)*M94 -> 0 | P94: 0 | Q94: 10 | R94: =(P94*Q94) -> 0 | S94: 94293 | T94: =+S94-S93 -> 23 | U94: 23 | V94: =T94-U94 -> 0 | X94: =+W94-W93 -> 0 | Z94: =+Y94-Y93 -> 0 | AA94: =X94-AB94 -> 0 | AB94: =X94-Z94 -> 0
A95: =A94 -> 46112 | B95: 3 | C95: 351754 | D95: =+C95-C94 -> 0 | E95: 0 | F95: 0 | G95: =+F95*E95 -> 0 | H95: 0 | I95: =+H95*F95 -> 0 | J95: =+G95-I95 -> 0 | K95: 888 | L95: =+K95-K94 -> 0 | M95: 40 | N95: =+K95/M95 -> 22.2 | O95: 0 | P95: 0 | Q95: 10 | R95: =(P95*Q95) -> 0 | S95: 94312 | T95: =+S95-S94 -> 19 | U95: 19 | V95: =T95-U95 -> 0 | X95: =+W95-W94 -> 0 | Z95: =+Y95-Y94 -> 0 | AA95: =X95-AB95 -> 0 | AB95: =X95-Z95 -> 0
V105: =173-25 -> 148
