Workbook
Name SegmentaciónDeDatos_FECHA: #N/A
Name SegmentaciónDeDatos_FECHA1: #N/A

Sheet PTAP INVENTARIO
A1: FECHA | B1: DIA | C1: ANALISIS TURNO | D1: # TURNO | E1: DILIGENCIAR BITACORA | F1: INV FINAL ACIDO (L) | G1: INV FINAL COAGULANTE (L) | H1: INV FINAL POL ANIONICO (KG) | I1: CONSUMO SOLUCIÓN OXIDANTE (L) | J1: Lectura Medidor de flujo pozo profundo | K1: CAUDAL TOTAL ENVIADO PTAP | L1: CONSUMO LITROS ACIDO (L) | M1: CONSUMO LITROS COAGULANTE (L) | N1: CONSUMO POL ANIONICO (KG) | O1: CONSUMO OXIDANTE SOLUCIÓN(L) | P1: KG ACIDO | Q1: KG COAGULANTE | R1: KG POL ANIONICO | S1: KG OXIDANTE | T1: PPM ACIDO | U1: PPM COAGULANTE | V1: PPM POL ANIONICO | W1: PPM POL OXIDANTE | X1: DENSIDAD ACIDO | Y1: DENSIDAD COAGULANTE | Z1: DENSIDAD ANIONICO | AA1: DENSIDAD OXIDANTE | AB1: PRECIO (KG) ACIDO | AC1: PRECIO (KG) COAGULANTE | AD1: PRECIO (KG) ANIONICO | AE1: PRECIO (KG) OXIDANTE | AF1: COSTO OPERATIVO ACIDO | AG1: COSTO OPERATIVO COAGULANTE | AH1: COSTO OPERATIVO ANIONICO | AI1: COSTO OPERATIVO OXIDANTE | AJ1: COSTO QUIMICA TOTAL CAUDAL TRATADO | AK1: LIMITE INDICADOR M3 | AL1: $ m3
A2: 46023 | B2: =DAY(Tabla1[[#This Row],[FECHA]]) -> 1 | C2: 1 (NOCHE) | D2: 1 | E2: FINAL TURNO 3 | F2: 1351 | G2: 1800 | H2: 93.539 | I2: 0 | J2: 92468 | K2: 0 | L2: 0 | M2: =G2-G3 -> 0 | N2: =H2-H3 -> 0 | O2: 0 | P2: =(L2*$X$2)/1000000 -> 0 | Q2: =(M2*$Y$2)/1000000 -> 0 | R2: =Tabla1[[#This Row],[CONSUMO POL ANIONICO (KG)]] -> 0 | S2: =Tabla1[[#This Row],[CONSUMO OXIDANTE SOLUCIÓN(L)]]*Tabla1[[#This Row],[DENSIDAD OXIDANTE]] -> 0 | T2: =(P2*1000)/K2 -> #DIV/0! | U2: =(Q2*1000)/K2 -> #DIV/0! | V2: =(R2*1000)/K2 -> #DIV/0! | W2: =(S2*1000)/K2 -> #DIV/0! | X2: 1240000 | Y2: 1325000 | Z2: 2500 | AA2: 0.042 | AB2: 2446 | AC2: 2498 | AD2: 23800 | AE2: 3010 | AF2: =P2*AB2 -> 0 | AG2: =Q2*AC2 -> 0 | AH2: =R2*AD2 -> 0 | AI2: =S2*AE2 -> 0 | AJ2: =SUM(Tabla1[[#This Row],[COSTO OPERATIVO ACIDO]:[COSTO OPERATIVO OXIDANTE]]) -> 0 | AK2: 2500 | AL2: =AJ2/K2 -> #DIV/0!
A3: =A2 -> 46023 | B3: =DAY(Tabla1[[#This Row],[FECHA]]) -> 1 | C3: 2 (MAÑANA) | D3: 2 | E3: FINAL TURNO 1 | F3: =F2 -> 1351 | G3: 1800 | H3: =H2 -> 93.539 | I3: 0 | J3: 92468 | K3: 0 | L3: 0 | M3: =G3-G4 -> 0 | N3: =H3-H4 -> 0 | O3: =Tabla1[[#This Row],[CONSUMO SOLUCIÓN OXIDANTE (L)]] -> 0 | P3: =(L3*$X$2)/1000000 -> 0 | Q3: =(M3*$Y$2)/1000000 -> 0 | R3: =Tabla1[[#This Row],[CONSUMO POL ANIONICO (KG)]] -> 0 | S3: =Tabla1[[#This Row],[CONSUMO OXIDANTE SOLUCIÓN(L)]]*Tabla1[[#This Row],[DENSIDAD OXIDANTE]] -> 0 | T3: =(P3*1000)/K3 -> #DIV/0! | U3: =(Q3*1000)/K3 -> #DIV/0! | V3: =(R3*1000)/K3 -> #DIV/0! | W3: =(S3*1000)/K3 -> #DIV/0! | X3: 1240000 | Y3: 1325000 | Z3: 2500 | AA3: 0.042 | AB3: 2446 | AC3: 2498 | AD3: 23800 | AE3: 3010 | AF3: =P3*AB3 -> 0 | AG3: =Q3*AC3 -> 0 | AH3: =R3*AD3 -> 0 | AI3: =S3*AE3 -> 0 | AJ3: =SUM(Tabla1[[#This Row],[COSTO OPERATIVO ACIDO]:[COSTO OPERATIVO OXIDANTE]]) -> 0 | AK3: 2500 | AL3: =AJ3/K3 -> #DIV/0!
A4: =A3 -> 46023 | B4: =DAY(Tabla1[[#This Row],[FECHA]]) -> 1 | C4: 3(TARDE) | D4: 3 | E4: FINAL TURNO 2 | F4: =F3 -> 1351 | G4: 1800 | H4: =H3 -> 93.539 | I4: 0 | J4: 92468 | K4: 0 | L4: =F4-F5 -> 0 | M4: =G4-G5 -> 0 | N4: =H4-H5 -> 0 | O4: =Tabla1[[#This Row],[CONSUMO SOLUCIÓN OXIDANTE (L)]] -> 0 | P4: =(L4*$X$2)/1000000 -> 0 | Q4: =(M4*$Y$2)/1000000 -> 0 | R4: =Tabla1[[#This Row],[CONSUMO POL ANIONICO (KG)]] -> 0 | S4: =Tabla1[[#This Row],[CONSUMO OXIDANTE SOLUCIÓN(L)]]*Tabla1[[#This Row],[DENSIDAD OXIDANTE]] -> 0 | T4: =(P4*1000)/K4 -> #DIV/0! | U4: =(Q4*1000)/K4 -> #DIV/0! | V4: =(R4*1000)/K4 -> #DIV/0! | W4: =(S4*1000)/K4 -> #DIV/0! | X4: 1240000 | Y4: 1325000 | Z4: 2500 | AA4: 0.042 | AB4: 2446 | AC4: 2498 | AD4: 23800 | AE4: 3010 | AF4: =P4*AB4 -> 0 | AG4: =Q4*AC4 -> 0 | AH4: =R4*AD4 -> 0 | AI4: =S4*AE4 -> 0 | AJ4: =SUM(Tabla1[[#This Row],[COSTO OPERATIVO ACIDO]:[COSTO OPERATIVO OXIDANTE]]) -> 0 | AK4: 2500 | AL4: =AJ4/K4 -> #DIV/0!
A5: =A4+1 -> 46024 | B5: =DAY(Tabla1[[#This Row],[FECHA]]) -> 2 | C5: 1 (NOCHE) | D5: 1 | E5: FINAL TURNO 3 | F5: =F4 -> 1351 | G5: =G4 -> 1800 | H5: =H4 -> 93.539 | I5: 6 | J5: 92468 | K5: 0 | L5: =F5-F6 -> 6 | M5: =G5-G6 -> 8 | N5: =H5-H6 -> 0.019 | O5: =Tabla1[[#This Row],[CONSUMO SOLUCIÓN OXIDANTE (L)]] -> 6 | P5: =(L5*$X$2)/1000000 -> 7.44 | Q5: =(M5*$Y$2)/1000000 -> 10.6 | R5: =Tabla1[[#This Row],[CONSUMO POL ANIONICO (KG)]] -> 0.019 | S5: =Tabla1[[#This Row],[CONSUMO OXIDANTE SOLUCIÓN(L)]]*Tabla1[[#This Row],[DENSIDAD OXIDANTE]] -> 0.252 | T5: =(P5*1000)/K5 -> #DIV/0! | U5: =(Q5*1000)/K5 -> #DIV/0! | V5: =(R5*1000)/K5 -> #DIV/0! | W5: =(S5*1000)/K5 -> #DIV/0! | X5: 1240000 | Y5: 1325000 | Z5: 2500 | AA5: 0.042 | AB5: 2446 | AC5: 2498 | AD5: 23800 | AE5: 3010 | AF5: =P5*AB5 -> 18198.24 | AG5: =Q5*AC5 -> 26478.8 | AH5: =R5*AD5 -> 452.2 | AI5: =S5*AE5 -> 758.52 | AJ5: =SUM(Tabla1[[#This Row],[COSTO OPERATIVO ACIDO]:[COSTO OPERATIVO OXIDANTE]]) -> 45887.76 | AK5: 2500 | AL5: =AJ5/K5 -> #DIV/0!
A6: =A5 -> 46024 | B6: =DAY(Tabla1[[#This Row],[FECHA]]) -> 2 | C6: 2 (MAÑANA) | D6: 2 | E6: FINAL TURNO 1 | F6: 1345 | G6: 1792 | H6: 93.52 | I6: 0 | J6: 92468 | K6: 0 | L6: =F6-F7 -> 0 | M6: =G6-G7 -> 0 | N6: =H6-H7 -> 0 | O6: =Tabla1[[#This Row],[CONSUMO SOLUCIÓN OXIDANTE (L)]] -> 0 | P6: =(L6*$X$2)/1000000 -> 0 | Q6: =(M6*$Y$2)/1000000 -> 0 | R6: =Tabla1[[#This Row],[CONSUMO POL ANIONICO (KG)]] -> 0 | S6: =Tabla1[[#This Row],[CONSUMO OXIDANTE SOLUCIÓN(L)]]*Tabla1[[#This Row],[DENSIDAD OXIDANTE]] -> 0 | T6: =(P6*1000)/K6 -> #DIV/0! | U6: =(Q6*1000)/K6 -> #DIV/0! | V6: =(R6*1000)/K6 -> #DIV/0! | W6: =(S6*1000)/K6 -> #DIV/0! | X6: 1240000 | Y6: 1325000 | Z6: 2500 | AA6: 0.042 | AB6: 2446 | AC6: 2498 | AD6: 23800 | AE6: 3010 | AF6: =P6*AB6 -> 0 | AG6: =Q6*AC6 -> 0 | AH6: =R6*AD6 -> 0 | AI6: =S6*AE6 -> 0 | AJ6: =SUM(Tabla1[[#This Row],[COSTO OPERATIVO ACIDO]:[COSTO OPERATIVO OXIDANTE]]) -> 0 | AK6: 2500 | AL6: =AJ6/K6 -> #DIV/0!
A7: =A6 -> 46024 | B7: =DAY(Tabla1[[#This Row],[FECHA]]) -> 2 | C7: 3(TARDE) | D7: 3 | E7: FINAL TURNO 2 | F7: 1345 | G7: 1792 | H7: 93.52 | I7: 0 | J7: 92468 | K7: 18 | L7: =F7-F8 -> 0 | M7: =G7-G8 -> 0 | N7: =H7-H8 -> 0 | O7: =Tabla1[[#This Row],[CONSUMO SOLUCIÓN OXIDANTE (L)]] -> 0 | P7: =(L7*$X$2)/1000000 -> 0 | Q7: =(M7*$Y$2)/1000000 -> 0 | R7: =Tabla1[[#This Row],[CONSUMO POL ANIONICO (KG)]] -> 0 | S7: =Tabla1[[#This Row],[CONSUMO OXIDANTE SOLUCIÓN(L)]]*Tabla1[[#This Row],[DENSIDAD OXIDANTE]] -> 0 | T7: =(P7*1000)/K7 -> 0 | U7: =(Q7*1000)/K7 -> 0 | V7: =(R7*1000)/K7 -> 0 | W7: =(S7*1000)/K7 -> 0 | X7: 1240000 | Y7: 1325000 | Z7: 2500 | AA7: 0.042 | AB7: 2446 | AC7: 2498 | AD7: 23800 | AE7: 3010 | AF7: =P7*AB7 -> 0 | AG7: =Q7*AC7 -> 0 | AH7: =R7*AD7 -> 0 | AI7: =S7*AE7 -> 0 | AJ7: =SUM(Tabla1[[#This Row],[COSTO OPERATIVO ACIDO]:[COSTO OPERATIVO OXIDANTE]]) -> 0 | AK7: 2500 | AL7: =AJ7/K7 -> 0
A8: =A7+1 -> 46025 | B8: =DAY(Tabla1[[#This Row],[FECHA]]) -> 3 | C8: 1 (NOCHE) | D8: 1 | E8: FINAL TURNO 3 | F8: 1345 | G8: 1792 | H8: 93.52 | I8: 9 | J8: 92486 | K8: 0 | L8: =F8-F9 -> 10 | M8: =G8-G9 -> 14 | N8: =H8-H9 -> 0.02 | O8: =Tabla1[[#This Row],[CONSUMO SOLUCIÓN OXIDANTE (L)]] -> 9 | P8: =(L8*$X$2)/1000000 -> 12.4 | Q8: =(M8*$Y$2)/1000000 -> 18.55 | R8: =Tabla1[[#This Row],[CONSUMO POL ANIONICO (KG)]] -> 0.02 | S8: =Tabla1[[#This Row],[CONSUMO OXIDANTE SOLUCIÓN(L)]]*Tabla1[[#This Row],[DENSIDAD OXIDANTE]] -> 0.378 | T8: =(P8*1000)/K8 -> #DIV/0! | U8: =(Q8*1000)/K8 -> #DIV/0! | V8: =(R8*1000)/K8 -> #DIV/0! | W8: =(S8*1000)/K8 -> #DIV/0! | X8: 1240000 | Y8: 1325000 | Z8: 2500 | AA8: 0.042 | AB8: 2446 | AC8: 2498 | AD8: 23800 | AE8: 3010 | AF8: =P8*AB8 -> 30330.4 | AG8: =Q8*AC8 -> 46337.9 | AH8: =R8*AD8 -> 476 | AI8: =S8*AE8 -> 1137.78 | AJ8: =SUM(Tabla1[[#This Row],[COSTO OPERATIVO ACIDO]:[COSTO OPERATIVO OXIDANTE]]) -> 78282.08 | AK8: 2500 | AL8: =AJ8/K8 -> #DIV/0!
A9: =A8 -> 46025 | B9: =DAY(Tabla1[[#This Row],[FECHA]]) -> 3 | C9: 2 (MAÑANA) | D9: 2 | E9: FINAL TURNO 1 | F9: 1335 | G9: 1778 | H9: 93.5 | I9: 0 | J9: 92486 | K9: 0 | L9: =F9-F10 -> 0 | M9: =G9-G10 -> 0 | N9: =H9-H10 -> 0 | O9: =Tabla1[[#This Row],[CONSUMO SOLUCIÓN OXIDANTE (L)]] -> 0 | P9: =(L9*$X$2)/1000000 -> 0 | Q9: =(M9*$Y$2)/1000000 -> 0 | R9: =Tabla1[[#This Row],[CONSUMO POL ANIONICO (KG)]] -> 0 | S9: =Tabla1[[#This Row],[CONSUMO OXIDANTE SOLUCIÓN(L)]]*Tabla1[[#This Row],[DENSIDAD OXIDANTE]] -> 0 | T9: =(P9*1000)/K9 -> #DIV/0! | U9: =(Q9*1000)/K9 -> #DIV/0! | V9: =(R9*1000)/K9 -> #DIV/0! | W9: =(S9*1000)/K9 -> #DIV/0! | X9: 1240000 | Y9: 1325000 | Z9: 2500 | AA9: 0.042 | AB9: 2446 | AC9: 2498 | AD9: 23800 | AE9: 3010 | AF9: =P9*AB9 -> 0 | AG9: =Q9*AC9 -> 0 | AH9: =R9*AD9 -> 0 | AI9: =S9*AE9 -> 0 | AJ9: =SUM(Tabla1[[#This Row],[COSTO OPERATIVO ACIDO]:[COSTO OPERATIVO OXIDANTE]]) -> 0 | AK9: 2500 | AL9: =AJ9/K9 -> #DIV/0!
A10: =A9 -> 46025 | B10: =DAY(Tabla1[[#This Row],[FECHA]]) -> 3 | C10: 3(TARDE) | D10: 3 | E10: FINAL TURNO 2 | F10: =F9 -> 1335 | G10: 1778 | H10: =H9 -> 93.5 | I10: 0 | J10: 92486 | K10: 30 | L10: =F10-F11 -> 0 | M10: =G10-G11 -> 0 | N10: =H10-H11 -> 0 | O10: =Tabla1[[#This Row],[CONSUMO SOLUCIÓN OXIDANTE (L)]] -> 0 | P10: =(L10*$X$2)/1000000 -> 0 | Q10: =(M10*$Y$2)/1000000 -> 0 | R10: =Tabla1[[#This Row],[CONSUMO POL ANIONICO (KG)]] -> 0 | S10: =Tabla1[[#This Row],[CONSUMO OXIDANTE SOLUCIÓN(L)]]*Tabla1[[#This Row],[DENSIDAD OXIDANTE]] -> 0 | T10: =(P10*1000)/K10 -> 0 | U10: =(Q10*1000)/K10 -> 0 | V10: =(R10*1000)/K10 -> 0 | W10: =(S10*1000)/K10 -> 0 | X10: 1240000 | Y10: 1325000 | Z10: 2500 | AA10: 0.042 | AB10: 2446 | AC10: 2498 | AD10: 23800 | AE10: 3010 | AF10: =P10*AB10 -> 0 | AG10: =Q10*AC10 -> 0 | AH10: =R10*AD10 -> 0 | AI10: =S10*AE10 -> 0 | AJ10: =SUM(Tabla1[[#This Row],[COSTO OPERATIVO ACIDO]:[COSTO OPERATIVO OXIDANTE]]) -> 0 | AK10: 2500 | AL10: =AJ10/K10 -> 0
A11: =A10+1 -> 46026 | B11: =DAY(Tabla1[[#This Row],[FECHA]]) -> 4 | C11: 1 (NOCHE) | D11: 1 | E11: FINAL TURNO 3 | F11: =F10 -> 1335 | G11: 1778 | H11: =H10 -> 93.5 | I11: 0 | J11: 92516 | K11: 0 | L11: =F11-F12 -> 0 | M11: =G11-G12 -> 0 | N11: =H11-H12 -> 0 | O11: =Tabla1[[#This Row],[CONSUMO SOLUCIÓN OXIDANTE (L)]] -> 0 | P11: =(L11*$X$2)/1000000 -> 0 | Q11: =(M11*$Y$2)/1000000 -> 0 | R11: =Tabla1[[#This Row],[CONSUMO POL ANIONICO (KG)]] -> 0 | S11: =Tabla1[[#This Row],[CONSUMO OXIDANTE SOLUCIÓN(L)]]*Tabla1[[#This Row],[DENSIDAD OXIDANTE]] -> 0 | T11: =(P11*1000)/K11 -> #DIV/0! | U11: =(Q11*1000)/K11 -> #DIV/0! | V11: =(R11*1000)/K11 -> #DIV/0! | W11: =(S11*1000)/K11 -> #DIV/0! | X11: 1240000 | Y11: 1325000 | Z11: 2500 | AA11: 0.042 | AB11: 2446 | AC11: 2498 | AD11: 23800 | AE11: 3010 | AF11: =P11*AB11 -> 0 | AG11: =Q11*AC11 -> 0 | AH11: =R11*AD11 -> 0 | AI11: =S11*AE11 -> 0 | AJ11: =SUM(Tabla1[[#This Row],[COSTO OPERATIVO ACIDO]:[COSTO OPERATIVO OXIDANTE]]) -> 0 | AK11: 2500 | AL11: =AJ11/K11 -> #DIV/0!
A12: =A11 -> 46026 | B12: =DAY(Tabla1[[#This Row],[FECHA]]) -> 4 | C12: 2 (MAÑANA) | D12: 2 | E12: FINAL TURNO 1 | F12: =F11 -> 1335 | G12: 1778 | H12: =H11 -> 93.5 | I12: 0 | J12: 92516 | K12: 0 | L12: =F12-F13 -> 0 | M12: =G12-G13 -> 0 | N12: =H12-H13 -> 0 | O12: =Tabla1[[#This Row],[CONSUMO SOLUCIÓN OXIDANTE (L)]] -> 0 | P12: =(L12*$X$2)/1000000 -> 0 | Q12: =(M12*$Y$2)/1000000 -> 0 | R12: =Tabla1[[#This Row],[CONSUMO POL ANIONICO (KG)]] -> 0 | S12: =Tabla1[[#This Row],[CONSUMO OXIDANTE SOLUCIÓN(L)]]*Tabla1[[#This Row],[DENSIDAD OXIDANTE]] -> 0 | T12: =(P12*1000)/K12 -> #DIV/0! | U12: =(Q12*1000)/K12 -> #DIV/0! | V12: =(R12*1000)/K12 -> #DIV/0! | W12: =(S12*1000)/K12 -> #DIV/0! | X12: 1240000 | Y12: 1325000 | Z12: 2500 | AA12: 0.042 | AB12: 2446 | AC12: 2498 | AD12: 23800 | AE12: 3010 | AF12: =P12*AB12 -> 0 | AG12: =Q12*AC12 -> 0 | AH12: =R12*AD12 -> 0 | AI12: =S12*AE12 -> 0 | AJ12: =SUM(Tabla1[[#This Row],[COSTO OPERATIVO ACIDO]:[COSTO OPERATIVO OXIDANTE]]) -> 0 | AK12: 2500 | AL12: =AJ12/K12 -> #DIV/0!
A13: =A12 -> 46026 | B13: =DAY(Tabla1[[#This Row],[FECHA]]) -> 4 | C13: 3(TARDE) | D13: 3 | E13: FINAL TURNO 2 | F13: =F12 -> 1335 | G13: 1778 | H13: =H12 -> 93.5 | I13: 0 | J13: 92516 | K13: 0 | L13: =F13-F14 -> 0 | M13: =G13-G14 -> 0 | N13: =H13-H14 -> 0 | O13: =Tabla1[[#This Row],[CONSUMO SOLUCIÓN OXIDANTE (L)]] -> 0 | P13: =(L13*$X$2)/1000000 -> 0 | Q13: =(M13*$Y$2)/1000000 -> 0 | R13: =Tabla1[[#This Row],[CONSUMO POL ANIONICO (KG)]] -> 0 | S13: =Tabla1[[#This Row],[CONSUMO OXIDANTE SOLUCIÓN(L)]]*Tabla1[[#This Row],[DENSIDAD OXIDANTE]] -> 0 | T13: =(P13*1000)/K13 -> #DIV/0! | U13: =(Q13*1000)/K13 -> #DIV/0! | V13: =(R13*1000)/K13 -> #DIV/0! | W13: =(S13*1000)/K13 -> #DIV/0! | X13: 1240000 | Y13: 1325000 | Z13: 2500 | AA13: 0.042 | AB13: 2446 | AC13: 2498 | AD13: 23800 | AE13: 3010 | AF13: =P13*AB13 -> 0 | AG13: =Q13*AC13 -> 0 | AH13: =R13*AD13 -> 0 | AI13: =S13*AE13 -> 0 | AJ13: =SUM(Tabla1[[#This Row],[COSTO OPERATIVO ACIDO]:[COSTO OPERATIVO OXIDANTE]]) -> 0 | AK13: 2500 | AL13: =AJ13/K13 -> #DIV/0!
A14: =A13+1 -> 46027 | B14: =DAY(Tabla1[[#This Row],[FECHA]]) -> 5 | C14: 1 (NOCHE) | D14: 1 | E14: FINAL TURNO 3 | F14: =F13 -> 1335 | G14: 1778 | H14: =H13 -> 93.5 | I14: 0 | J14: 92516 | K14: 0 | L14: =F14-F15 -> 0 | M14: =G14-G15 -> 0 | N14: =H14-H15 -> 0 | O14: =Tabla1[[#This Row],[CONSUMO SOLUCIÓN OXIDANTE (L)]] -> 0 | P14: =(L14*$X$2)/1000000 -> 0 | Q14: =(M14*$Y$2)/1000000 -> 0 | R14: =Tabla1[[#This Row],[CONSUMO POL ANIONICO (KG)]] -> 0 | S14: =Tabla1[[#This Row],[CONSUMO OXIDANTE SOLUCIÓN(L)]]*Tabla1[[#This Row],[DENSIDAD OXIDANTE]] -> 0 | T14: =(P14*1000)/K14 -> #DIV/0! | U14: =(Q14*1000)/K14 -> #DIV/0! | V14: =(R14*1000)/K14 -> #DIV/0! | W14: =(S14*1000)/K14 -> #DIV/0! | X14: 1240000 | Y14: 1325000 | Z14: 2500 | AA14: 0.042 | AB14: 2446 | AC14: 2498 | AD14: 23800 | AE14: 3010 | AF14: =P14*AB14 -> 0 | AG14: =Q14*AC14 -> 0 | AH14: =R14*AD14 -> 0 | AI14: =S14*AE14 -> 0 | AJ14: =SUM(Tabla1[[#This Row],[COSTO OPERATIVO ACIDO]:[COSTO OPERATIVO OXIDANTE]]) -> 0 | AK14: 2500 | AL14: =AJ14/K14 -> #DIV/0!
A15: =A14 -> 46027 | B15: =DAY(Tabla1[[#This Row],[FECHA]]) -> 5 | C15: 2 (MAÑANA) | D15: 2 | E15: FINAL TURNO 1 | F15: =F14 -> 1335 | G15: 1778 | H15: =H14 -> 93.5 | I15: 0 | J15: 92516 | K15: 0 | L15: =F15-F16 -> 0 | M15: =G15-G16 -> 0 | N15: =H15-H16 -> 0 | O15: =Tabla1[[#This Row],[CONSUMO SOLUCIÓN OXIDANTE (L)]] -> 0 | P15: =(L15*$X$2)/1000000 -> 0 | Q15: =(M15*$Y$2)/1000000 -> 0 | R15: =Tabla1[[#This Row],[CONSUMO POL ANIONICO (KG)]] -> 0 | S15: =Tabla1[[#This Row],[CONSUMO OXIDANTE SOLUCIÓN(L)]]*Tabla1[[#This Row],[DENSIDAD OXIDANTE]] -> 0 | T15: =(P15*1000)/K15 -> #DIV/0! | U15: =(Q15*1000)/K15 -> #DIV/0! | V15: =(R15*1000)/K15 -> #DIV/0! | W15: =(S15*1000)/K15 -> #DIV/0! | X15: 1240000 | Y15: 1325000 | Z15: 2500 | AA15: 0.042 | AB15: 2446 | AC15: 2498 | AD15: 23800 | AE15: 3010 | AF15: =P15*AB15 -> 0 | AG15: =Q15*AC15 -> 0 | AH15: =R15*AD15 -> 0 | AI15: =S15*AE15 -> 0 | AJ15: =SUM(Tabla1[[#This Row],[COSTO OPERATIVO ACIDO]:[COSTO OPERATIVO OXIDANTE]]) -> 0 | AK15: 2500 | AL15: =AJ15/K15 -> #DIV/0!
A16: =A15 -> 46027 | B16: =DAY(Tabla1[[#This Row],[FECHA]]) -> 5 | C16: 3(TARDE) | D16: 3 | E16: FINAL TURNO 2 | F16: =F15 -> 1335 | G16: 1778 | H16: =H15 -> 93.5 | I16: 0 | J16: 92516 | K16: 0 | L16: =F16-F17 -> 0 | M16: =G16-G17 -> 0 | N16: =H16-H17 -> 0 | O16: =Tabla1[[#This Row],[CONSUMO SOLUCIÓN OXIDANTE (L)]] -> 0 | P16: =(L16*$X$2)/1000000 -> 0 | Q16: =(M16*$Y$2)/1000000 -> 0 | R16: =Tabla1[[#This Row],[CONSUMO POL ANIONICO (KG)]] -> 0 | S16: =Tabla1[[#This Row],[CONSUMO OXIDANTE SOLUCIÓN(L)]]*Tabla1[[#This Row],[DENSIDAD OXIDANTE]] -> 0 | T16: =(P16*1000)/K16 -> #DIV/0! | U16: =(Q16*1000)/K16 -> #DIV/0! | V16: =(R16*1000)/K16 -> #DIV/0! | W16: =(S16*1000)/K16 -> #DIV/0! | X16: 1240000 | Y16: 1325000 | Z16: 2500 | AA16: 0.042 | AB16: 2446 | AC16: 2498 | AD16: 23800 | AE16: 3010 | AF16: =P16*AB16 -> 0 | AG16: =Q16*AC16 -> 0 | AH16: =R16*AD16 -> 0 | AI16: =S16*AE16 -> 0 | AJ16: =SUM(Tabla1[[#This Row],[COSTO OPERATIVO ACIDO]:[COSTO OPERATIVO OXIDANTE]]) -> 0 | AK16: 2500 | AL16: =AJ16/K16 -> #DIV/0!
A17: =A16+1 -> 46028 | B17: =DAY(Tabla1[[#This Row],[FECHA]]) -> 6 | C17: 1 (NOCHE) | D17: 1 | E17: FINAL TURNO 3 | F17: 1335 | G17: 1778 | H17: =H16 -> 93.5 | I17: 0 | J17: 92516 | K17: 0 | L17: =F17-F18 -> 0 | M17: =G17-G18 -> 0 | N17: =H17-H18 -> 0 | O17: =Tabla1[[#This Row],[CONSUMO SOLUCIÓN OXIDANTE (L)]] -> 0 | P17: =(L17*$X$2)/1000000 -> 0 | Q17: =(M17*$Y$2)/1000000 -> 0 | R17: =Tabla1[[#This Row],[CONSUMO POL ANIONICO (KG)]] -> 0 | S17: =Tabla1[[#This Row],[CONSUMO OXIDANTE SOLUCIÓN(L)]]*Tabla1[[#This Row],[DENSIDAD OXIDANTE]] -> 0 | T17: =(P17*1000)/K17 -> #DIV/0! | U17: =(Q17*1000)/K17 -> #DIV/0! | V17: =(R17*1000)/K17 -> #DIV/0! | W17: =(S17*1000)/K17 -> #DIV/0! | X17: 1240000 | Y17: 1325000 | Z17: 2500 | AA17: 0.042 | AB17: 2446 | AC17: 2498 | AD17: 23800 | AE17: 3010 | AF17: =P17*AB17 -> 0 | AG17: =Q17*AC17 -> 0 | AH17: =R17*AD17 -> 0 | AI17: =S17*AE17 -> 0 | AJ17: =SUM(Tabla1[[#This Row],[COSTO OPERATIVO ACIDO]:[COSTO OPERATIVO OXIDANTE]]) -> 0 | AK17: 2500 | AL17: =AJ17/K17 -> #DIV/0!
A18: =A17 -> 46028 | B18: =DAY(Tabla1[[#This Row],[FECHA]]) -> 6 | C18: 2 (MAÑANA) | D18: 2 | E18: FINAL TURNO 1 | F18: 1335 | G18: 1778 | H18: =H17 -> 93.5 | I18: 0 | J18: 92516 | K18: 0 | L18: =F18-F19 -> 0 | M18: =G18-G19 -> 0 | N18: =H18-H19 -> 0 | O18: =Tabla1[[#This Row],[CONSUMO SOLUCIÓN OXIDANTE (L)]] -> 0 | P18: =(L18*$X$2)/1000000 -> 0 | Q18: =(M18*$Y$2)/1000000 -> 0 | R18: =Tabla1[[#This Row],[CONSUMO POL ANIONICO (KG)]] -> 0 | S18: =Tabla1[[#This Row],[CONSUMO OXIDANTE SOLUCIÓN(L)]]*Tabla1[[#This Row],[DENSIDAD OXIDANTE]] -> 0 | T18: =(P18*1000)/K18 -> #DIV/0! | U18: =(Q18*1000)/K18 -> #DIV/0! | V18: =(R18*1000)/K18 -> #DIV/0! | W18: =(S18*1000)/K18 -> #DIV/0! | X18: 1240000 | Y18: 1325000 | Z18: 2500 | AA18: 0.042 | AB18: 2446 | AC18: 2498 | AD18: 23800 | AE18: 3010 | AF18: =P18*AB18 -> 0 | AG18: =Q18*AC18 -> 0 | AH18: =R18*AD18 -> 0 | AI18: =S18*AE18 -> 0 | AJ18: =SUM(Tabla1[[#This Row],[COSTO OPERATIVO ACIDO]:[COSTO OPERATIVO OXIDANTE]]) -> 0 | AK18: 2500 | AL18: =AJ18/K18 -> #DIV/0!
A19: =A18 -> 46028 | B19: =DAY(Tabla1[[#This Row],[FECHA]]) -> 6 | C19: 3(TARDE) | D19: 3 | E19: FINAL TURNO 2 | F19: 1335 | G19: 1778 | H19: =H18 -> 93.5 | I19: 0 | J19: 92516 | K19: 0 | L19: =F19-F20 -> 0 | M19: =G19-G20 -> 0 | N19: =H19-H20 -> 0 | O19: =Tabla1[[#This Row],[CONSUMO SOLUCIÓN OXIDANTE (L)]] -> 0 | P19: =(L19*$X$2)/1000000 -> 0 | Q19: =(M19*$Y$2)/1000000 -> 0 | R19: =Tabla1[[#This Row],[CONSUMO POL ANIONICO (KG)]] -> 0 | S19: =Tabla1[[#This Row],[CONSUMO OXIDANTE SOLUCIÓN(L)]]*Tabla1[[#This Row],[DENSIDAD OXIDANTE]] -> 0 | T19: =(P19*1000)/K19 -> #DIV/0! | U19: =(Q19*1000)/K19 -> #DIV/0! | V19: =(R19*1000)/K19 -> #DIV/0! | W19: =(S19*1000)/K19 -> #DIV/0! | X19: 1240000 | Y19: 1325000 | Z19: 2500 | AA19: 0.042 | AB19: 2446 | AC19: 2498 | AD19: 23800 | AE19: 3010 | AF19: =P19*AB19 -> 0 | AG19: =Q19*AC19 -> 0 | AH19: =R19*AD19 -> 0 | AI19: =S19*AE19 -> 0 | AJ19: =SUM(Tabla1[[#This Row],[COSTO OPERATIVO ACIDO]:[COSTO OPERATIVO OXIDANTE]]) -> 0 | AK19: 2500 | AL19: =AJ19/K19 -> #DIV/0!
A20: =A19+1 -> 46029 | B20: =DAY(Tabla1[[#This Row],[FECHA]]) -> 7 | C20: 1 (NOCHE) | D20: 1 | E20: FINAL TURNO 3 | F20: 1335 | G20: 1778 | H20: 93.5 | I20: 0 | J20: 92516 | K20: 0 | L20: =F20-F21 -> 0 | M20: =G20-G21 -> 0 | N20: =H20-H21 -> 0 | O20: =Tabla1[[#This Row],[CONSUMO SOLUCIÓN OXIDANTE (L)]] -> 0 | P20: =(L20*$X$2)/1000000 -> 0 | Q20: =(M20*$Y$2)/1000000 -> 0 | R20: =Tabla1[[#This Row],[CONSUMO POL ANIONICO (KG)]] -> 0 | S20: =Tabla1[[#This Row],[CONSUMO OXIDANTE SOLUCIÓN(L)]]*Tabla1[[#This Row],[DENSIDAD OXIDANTE]] -> 0 | T20: =(P20*1000)/K20 -> #DIV/0! | U20: =(Q20*1000)/K20 -> #DIV/0! | V20: =(R20*1000)/K20 -> #DIV/0! | W20: =(S20*1000)/K20 -> #DIV/0! | X20: 1240000 | Y20: 1325000 | Z20: 2500 | AA20: 0.042 | AB20: 2446 | AC20: 2498 | AD20: 23800 | AE20: 3010 | AF20: =P20*AB20 -> 0 | AG20: =Q20*AC20 -> 0 | AH20: =R20*AD20 -> 0 | AI20: =S20*AE20 -> 0 | AJ20: =SUM(Tabla1[[#This Row],[COSTO OPERATIVO ACIDO]:[COSTO OPERATIVO OXIDANTE]]) -> 0 | AK20: 2500 | AL20: =AJ20/K20 -> #DIV/0!
A21: =A20 -> 46029 | B21: =DAY(Tabla1[[#This Row],[FECHA]]) -> 7 | C21: 2 (MAÑANA) | D21: 2 | E21: FINAL TURNO 1 | F21: 1335 | G21: 1778 | H21: 93.5 | I21: 0 | J21: 92516 | K21: 0 | L21: =F21-F22 -> 0 | M21: =G21-G22 -> 0 | N21: =H21-H22 -> 0 | O21: =Tabla1[[#This Row],[CONSUMO SOLUCIÓN OXIDANTE (L)]] -> 0 | P21: =(L21*$X$2)/1000000 -> 0 | Q21: =(M21*$Y$2)/1000000 -> 0 | R21: =Tabla1[[#This Row],[CONSUMO POL ANIONICO (KG)]] -> 0 | S21: =Tabla1[[#This Row],[CONSUMO OXIDANTE SOLUCIÓN(L)]]*Tabla1[[#This Row],[DENSIDAD OXIDANTE]] -> 0 | T21: =(P21*1000)/K21 -> #DIV/0! | U21: =(Q21*1000)/K21 -> #DIV/0! | V21: =(R21*1000)/K21 -> #DIV/0! | W21: =(S21*1000)/K21 -> #DIV/0! | X21: 1240000 | Y21: 1325000 | Z21: 2500 | AA21: 0.042 | AB21: 2446 | AC21: 2498 | AD21: 23800 | AE21: 3010 | AF21: =P21*AB21 -> 0 | AG21: =Q21*AC21 -> 0 | AH21: =R21*AD21 -> 0 | AI21: =S21*AE21 -> 0 | AJ21: =SUM(Tabla1[[#This Row],[COSTO OPERATIVO ACIDO]:[COSTO OPERATIVO OXIDANTE]]) -> 0 | AK21: 2500 | AL21: =AJ21/K21 -> #DIV/0!
A22: =A21 -> 46029 | B22: =DAY(Tabla1[[#This Row],[FECHA]]) -> 7 | C22: 3(TARDE) | D22: 3 | E22: FINAL TURNO 2 | F22: 1335 | G22: 1778 | H22: 93.5 | I22: 0 | J22: 92516 | K22: 0 | L22: =F22-F23 -> 0 | M22: =G22-G23 -> 0 | N22: =H22-H23 -> 0 | O22: =Tabla1[[#This Row],[CONSUMO SOLUCIÓN OXIDANTE (L)]] -> 0 | P22: =(L22*$X$2)/1000000 -> 0 | Q22: =(M22*$Y$2)/1000000 -> 0 | R22: =Tabla1[[#This Row],[CONSUMO POL ANIONICO (KG)]] -> 0 | S22: =Tabla1[[#This Row],[CONSUMO OXIDANTE SOLUCIÓN(L)]]*Tabla1[[#This Row],[DENSIDAD OXIDANTE]] -> 0 | T22: =(P22*1000)/K22 -> #DIV/0! | U22: =(Q22*1000)/K22 -> #DIV/0! | V22: =(R22*1000)/K22 -> #DIV/0! | W22: =(S22*1000)/K22 -> #DIV/0! | X22: 1240000 | Y22: 1325000 | Z22: 2500 | AA22: 0.042 | AB22: 2446 | AC22: 2498 | AD22: 23800 | AE22: 3010 | AF22: =P22*AB22 -> 0 | AG22: =Q22*AC22 -> 0 | AH22: =R22*AD22 -> 0 | AI22: =S22*AE22 -> 0 | AJ22: =SUM(Tabla1[[#This Row],[COSTO OPERATIVO ACIDO]:[COSTO OPERATIVO OXIDANTE]]) -> 0 | AK22: 2500 | AL22: =AJ22/K22 -> #DIV/0!
A23: =A22+1 -> 46030 | B23: =DAY(Tabla1[[#This Row],[FECHA]]) -> 8 | C23: 1 (NOCHE) | D23: 1 | E23: FINAL TURNO 3 | F23: 1335 | G23: 1778 | H23: 93.5 | I23: 0 | J23: 92516 | K23: 0 | L23: =F23-F24 -> 0 | M23: =G23-G24 -> 0 | N23: =H23-H24 -> 0 | O23: =Tabla1[[#This Row],[CONSUMO SOLUCIÓN OXIDANTE (L)]] -> 0 | P23: =(L23*$X$2)/1000000 -> 0 | Q23: =(M23*$Y$2)/1000000 -> 0 | R23: =Tabla1[[#This Row],[CONSUMO POL ANIONICO (KG)]] -> 0 | S23: =Tabla1[[#This Row],[CONSUMO OXIDANTE SOLUCIÓN(L)]]*Tabla1[[#This Row],[DENSIDAD OXIDANTE]] -> 0 | T23: =(P23*1000)/K23 -> #DIV/0! | U23: =(Q23*1000)/K23 -> #DIV/0! | V23: =(R23*1000)/K23 -> #DIV/0! | W23: =(S23*1000)/K23 -> #DIV/0! | X23: 1240000 | Y23: 1325000 | Z23: 2500 | AA23: 0.042 | AB23: 2446 | AC23: 2498 | AD23: 23800 | AE23: 3010 | AF23: =P23*AB23 -> 0 | AG23: =Q23*AC23 -> 0 | AH23: =R23*AD23 -> 0 | AI23: =S23*AE23 -> 0 | AJ23: =SUM(Tabla1[[#This Row],[COSTO OPERATIVO ACIDO]:[COSTO OPERATIVO OXIDANTE]]) -> 0 | AK23: 2500 | AL23: =AJ23/K23 -> #DIV/0!
A24: =A23 -> 46030 | B24: =DAY(Tabla1[[#This Row],[FECHA]]) -> 8 | C24: 2 (MAÑANA) | D24: 2 | E24: FINAL TURNO 1 | F24: 1335 | G24: 1778 | H24: 93.5 | I24: 0 | J24: 92516 | K24: 0 | L24: =F24-F25 -> 0 | M24: =G24-G25 -> 0 | N24: =H24-H25 -> 0 | O24: =Tabla1[[#This Row],[CONSUMO SOLUCIÓN OXIDANTE (L)]] -> 0 | P24: =(L24*$X$2)/1000000 -> 0 | Q24: =(M24*$Y$2)/1000000 -> 0 | R24: =Tabla1[[#This Row],[CONSUMO POL ANIONICO (KG)]] -> 0 | S24: =Tabla1[[#This Row],[CONSUMO OXIDANTE SOLUCIÓN(L)]]*Tabla1[[#This Row],[DENSIDAD OXIDANTE]] -> 0 | T24: =(P24*1000)/K24 -> #DIV/0! | U24: =(Q24*1000)/K24 -> #DIV/0! | V24: =(R24*1000)/K24 -> #DIV/0! | W24: =(S24*1000)/K24 -> #DIV/0! | X24: 1240000 | Y24: 1325000 | Z24: 2500 | AA24: 0.042 | AB24: 2446 | AC24: 2498 | AD24: 23800 | AE24: 3010 | AF24: =P24*AB24 -> 0 | AG24: =Q24*AC24 -> 0 | AH24: =R24*AD24 -> 0 | AI24: =S24*AE24 -> 0 | AJ24: =SUM(Tabla1[[#This Row],[COSTO OPERATIVO ACIDO]:[COSTO OPERATIVO OXIDANTE]]) -> 0 | AK24: 2500 | AL24: =AJ24/K24 -> #DIV/0!
A25: =A24 -> 46030 | B25: =DAY(Tabla1[[#This Row],[FECHA]]) -> 8 | C25: 3(TARDE) | D25: 3 | E25: FINAL TURNO 2 | F25: 1335 | G25: 1778 | H25: 93.5 | I25: 0 | J25: 92516 | K25: 0 | L25: =F25-F26 -> 0 | M25: =G25-G26 -> 0 | N25: =H25-H26 -> 0 | O25: =Tabla1[[#This Row],[CONSUMO SOLUCIÓN OXIDANTE (L)]] -> 0 | P25: =(L25*$X$2)/1000000 -> 0 | Q25: =(M25*$Y$2)/1000000 -> 0 | R25: =Tabla1[[#This Row],[CONSUMO POL ANIONICO (KG)]] -> 0 | S25: =Tabla1[[#This Row],[CONSUMO OXIDANTE SOLUCIÓN(L)]]*Tabla1[[#This Row],[DENSIDAD OXIDANTE]] -> 0 | T25: =(P25*1000)/K25 -> #DIV/0! | U25: =(Q25*1000)/K25 -> #DIV/0! | V25: =(R25*1000)/K25 -> #DIV/0! | W25: =(S25*1000)/K25 -> #DIV/0! | X25: 1240000 | Y25: 1325000 | Z25: 2500 | AA25: 0.042 | AB25: 2446 | AC25: 2498 | AD25: 23800 | AE25: 3010 | AF25: =P25*AB25 -> 0 | AG25: =Q25*AC25 -> 0 | AH25: =R25*AD25 -> 0 | AI25: =S25*AE25 -> 0 | AJ25: =SUM(Tabla1[[#This Row],[COSTO OPERATIVO ACIDO]:[COSTO OPERATIVO OXIDANTE]]) -> 0 | AK25: 2500 | AL25: =AJ25/K25 -> #DIV/0!
A26: =A25+1 -> 46031 | B26: =DAY(Tabla1[[#This Row],[FECHA]]) -> 9 | C26: 1 (NOCHE) | D26: 1 | E26: FINAL TURNO 3 | F26: 1335 | G26: 1778 | H26: 93.5 | I26: 0 | J26: 92516 | K26: 0 | L26: =F26-F27 -> 0 | M26: =G26-G27 -> 0 | N26: =H26-H27 -> 0 | O26: =Tabla1[[#This Row],[CONSUMO SOLUCIÓN OXIDANTE (L)]] -> 0 | P26: =(L26*$X$2)/1000000 -> 0 | Q26: =(M26*$Y$2)/1000000 -> 0 | R26: =Tabla1[[#This Row],[CONSUMO POL ANIONICO (KG)]] -> 0 | S26: =Tabla1[[#This Row],[CONSUMO OXIDANTE SOLUCIÓN(L)]]*Tabla1[[#This Row],[DENSIDAD OXIDANTE]] -> 0 | T26: =(P26*1000)/K26 -> #DIV/0! | U26: =(Q26*1000)/K26 -> #DIV/0! | V26: =(R26*1000)/K26 -> #DIV/0! | W26: =(S26*1000)/K26 -> #DIV/0! | X26: 1240000 | Y26: 1325000 | Z26: 2500 | AA26: 0.042 | AB26: 2446 | AC26: 2498 | AD26: 23800 | AE26: 3010 | AF26: =P26*AB26 -> 0 | AG26: =Q26*AC26 -> 0 | AH26: =R26*AD26 -> 0 | AI26: =S26*AE26 -> 0 | AJ26: =SUM(Tabla1[[#This Row],[COSTO OPERATIVO ACIDO]:[COSTO OPERATIVO OXIDANTE]]) -> 0 | AK26: 2500 | AL26: =AJ26/K26 -> #DIV/0!
A27: =A26 -> 46031 | B27: =DAY(Tabla1[[#This Row],[FECHA]]) -> 9 | C27: 2 (MAÑANA) | D27: 2 | E27: FINAL TURNO 1 | F27: 1335 | G27: 1778 | H27: 93.5 | I27: 0 | J27: 92516 | K27: 0 | L27: =F27-F28 -> 0 | M27: =G27-G28 -> 0 | N27: =H27-H28 -> 0 | O27: =Tabla1[[#This Row],[CONSUMO SOLUCIÓN OXIDANTE (L)]] -> 0 | P27: =(L27*$X$2)/1000000 -> 0 | Q27: =(M27*$Y$2)/1000000 -> 0 | R27: =Tabla1[[#This Row],[CONSUMO POL ANIONICO (KG)]] -> 0 | S27: =Tabla1[[#This Row],[CONSUMO OXIDANTE SOLUCIÓN(L)]]*Tabla1[[#This Row],[DENSIDAD OXIDANTE]] -> 0 | T27: =(P27*1000)/K27 -> #DIV/0! | U27: =(Q27*1000)/K27 -> #DIV/0! | V27: =(R27*1000)/K27 -> #DIV/0! | W27: =(S27*1000)/K27 -> #DIV/0! | X27: 1240000 | Y27: 1325000 | Z27: 2500 | AA27: 0.042 | AB27: 2446 | AC27: 2498 | AD27: 23800 | AE27: 3010 | AF27: =P27*AB27 -> 0 | AG27: =Q27*AC27 -> 0 | AH27: =R27*AD27 -> 0 | AI27: =S27*AE27 -> 0 | AJ27: =SUM(Tabla1[[#This Row],[COSTO OPERATIVO ACIDO]:[COSTO OPERATIVO OXIDANTE]]) -> 0 | AK27: 2500 | AL27: =AJ27/K27 -> #DIV/0!
A28: =A27 -> 46031 | B28: =DAY(Tabla1[[#This Row],[FECHA]]) -> 9 | C28: 3(TARDE) | D28: 3 | E28: FINAL TURNO 2 | F28: 1335 | G28: 1778 | H28: 93.5 | I28: 0 | J28: 92516 | K28: 0 | L28: =F28-F29 -> 0 | M28: =G28-G29 -> 0 | N28: =H28-H29 -> 0 | O28: =Tabla1[[#This Row],[CONSUMO SOLUCIÓN OXIDANTE (L)]] -> 0 | P28: =(L28*$X$2)/1000000 -> 0 | Q28: =(M28*$Y$2)/1000000 -> 0 | R28: =Tabla1[[#This Row],[CONSUMO POL ANIONICO (KG)]] -> 0 | S28: =Tabla1[[#This Row],[CONSUMO OXIDANTE SOLUCIÓN(L)]]*Tabla1[[#This Row],[DENSIDAD OXIDANTE]] -> 0 | T28: =(P28*1000)/K28 -> #DIV/0! | U28: =(Q28*1000)/K28 -> #DIV/0! | V28: =(R28*1000)/K28 -> #DIV/0! | W28: =(S28*1000)/K28 -> #DIV/0! | X28: 1240000 | Y28: 1325000 | Z28: 2500 | AA28: 0.042 | AB28: 2446 | AC28: 2498 | AD28: 23800 | AE28: 3010 | AF28: =P28*AB28 -> 0 | AG28: =Q28*AC28 -> 0 | AH28: =R28*AD28 -> 0 | AI28: =S28*AE28 -> 0 | AJ28: =SUM(Tabla1[[#This Row],[COSTO OPERATIVO ACIDO]:[COSTO OPERATIVO OXIDANTE]]) -> 0 | AK28: 2500 | AL28: =AJ28/K28 -> #DIV/0!
A29: =A28+1 -> 46032 | B29: =DAY(Tabla1[[#This Row],[FECHA]]) -> 10 | C29: 1 (NOCHE) | D29: 1 | E29: FINAL TURNO 3 | F29: 1335 | G29: 1778 | H29: 93.5 | I29: 0 | J29: 92516 | K29: 0 | L29: =F29-F30 -> 0 | M29: =G29-G30 -> 0 | N29: =H29-H30 -> 0 | O29: =Tabla1[[#This Row],[CONSUMO SOLUCIÓN OXIDANTE (L)]] -> 0 | P29: =(L29*$X$2)/1000000 -> 0 | Q29: =(M29*$Y$2)/1000000 -> 0 | R29: =Tabla1[[#This Row],[CONSUMO POL ANIONICO (KG)]] -> 0 | S29: =Tabla1[[#This Row],[CONSUMO OXIDANTE SOLUCIÓN(L)]]*Tabla1[[#This Row],[DENSIDAD OXIDANTE]] -> 0 | T29: =(P29*1000)/K29 -> #DIV/0! | U29: =(Q29*1000)/K29 -> #DIV/0! | V29: =(R29*1000)/K29 -> #DIV/0! | W29: =(S29*1000)/K29 -> #DIV/0! | X29: 1240000 | Y29: 1325000 | Z29: 2500 | AA29: 0.042 | AB29: 2446 | AC29: 2498 | AD29: 23800 | AE29: 3010 | AF29: =P29*AB29 -> 0 | AG29: =Q29*AC29 -> 0 | AH29: =R29*AD29 -> 0 | AI29: =S29*AE29 -> 0 | AJ29: =SUM(Tabla1[[#This Row],[COSTO OPERATIVO ACIDO]:[COSTO OPERATIVO OXIDANTE]]) -> 0 | AK29: 2500 | AL29: =AJ29/K29 -> #DIV/0!
A30: =A29 -> 46032 | B30: =DAY(Tabla1[[#This Row],[FECHA]]) -> 10 | C30: 2 (MAÑANA) | D30: 2 | E30: FINAL TURNO 1 | F30: 1335 | G30: 1778 | H30: 93.5 | I30: 0 | J30: 92516 | K30: 0 | L30: =F30-F31 -> 0 | M30: =G30-G31 -> 0 | N30: =H30-H31 -> 0 | O30: =Tabla1[[#This Row],[CONSUMO SOLUCIÓN OXIDANTE (L)]] -> 0 | P30: =(L30*$X$2)/1000000 -> 0 | Q30: =(M30*$Y$2)/1000000 -> 0 | R30: =Tabla1[[#This Row],[CONSUMO POL ANIONICO (KG)]] -> 0 | S30: =Tabla1[[#This Row],[CONSUMO OXIDANTE SOLUCIÓN(L)]]*Tabla1[[#This Row],[DENSIDAD OXIDANTE]] -> 0 | T30: =(P30*1000)/K30 -> #DIV/0! | U30: =(Q30*1000)/K30 -> #DIV/0! | V30: =(R30*1000)/K30 -> #DIV/0! | W30: =(S30*1000)/K30 -> #DIV/0! | X30: 1240000 | Y30: 1325000 | Z30: 2500 | AA30: 0.042 | AB30: 2446 | AC30: 2498 | AD30: 23800 | AE30: 3010 | AF30: =P30*AB30 -> 0 | AG30: =Q30*AC30 -> 0 | AH30: =R30*AD30 -> 0 | AI30: =S30*AE30 -> 0 | AJ30: =SUM(Tabla1[[#This Row],[COSTO OPERATIVO ACIDO]:[COSTO OPERATIVO OXIDANTE]]) -> 0 | AK30: 2500 | AL30: =AJ30/K30 -> #DIV/0!
A31: =A30 -> 46032 | B31: =DAY(Tabla1[[#This Row],[FECHA]]) -> 10 | C31: 3(TARDE) | D31: 3 | E31: FINAL TURNO 2 | F31: 1335 | G31: 1778 | H31: 93.5 | I31: 0 | J31: 92516 | K31: 0 | L31: =F31-F32 -> 0 | M31: =G31-G32 -> 0 | N31: =H31-H32 -> 0 | O31: =Tabla1[[#This Row],[CONSUMO SOLUCIÓN OXIDANTE (L)]] -> 0 | P31: =(L31*$X$2)/1000000 -> 0 | Q31: =(M31*$Y$2)/1000000 -> 0 | R31: =Tabla1[[#This Row],[CONSUMO POL ANIONICO (KG)]] -> 0 | S31: =Tabla1[[#This Row],[CONSUMO OXIDANTE SOLUCIÓN(L)]]*Tabla1[[#This Row],[DENSIDAD OXIDANTE]] -> 0 | T31: =(P31*1000)/K31 -> #DIV/0! | U31: =(Q31*1000)/K31 -> #DIV/0! | V31: =(R31*1000)/K31 -> #DIV/0! | W31: =(S31*1000)/K31 -> #DIV/0! | X31: 1240000 | Y31: 1325000 | Z31: 2500 | AA31: 0.042 | AB31: 2446 | AC31: 2498 | AD31: 23800 | AE31: 3010 | AF31: =P31*AB31 -> 0 | AG31: =Q31*AC31 -> 0 | AH31: =R31*AD31 -> 0 | AI31: =S31*AE31 -> 0 | AJ31: =SUM(Tabla1[[#This Row],[COSTO OPERATIVO ACIDO]:[COSTO OPERATIVO OXIDANTE]]) -> 0 | AK31: 2500 | AL31: =AJ31/K31 -> #DIV/0!
A32: =A31+1 -> 46033 | B32: =DAY(Tabla1[[#This Row],[FECHA]]) -> 11 | C32: 1 (NOCHE) | D32: 1 | E32: FINAL TURNO 3 | F32: 1335 | G32: 1778 | H32: 93.5 | I32: 0 | J32: 92516 | K32: 0 | L32: =F32-F33 -> 0 | M32: =G32-G33 -> 0 | N32: =H32-H33 -> 0 | O32: =Tabla1[[#This Row],[CONSUMO SOLUCIÓN OXIDANTE (L)]] -> 0 | P32: =(L32*$X$2)/1000000 -> 0 | Q32: =(M32*$Y$2)/1000000 -> 0 | R32: =Tabla1[[#This Row],[CONSUMO POL ANIONICO (KG)]] -> 0 | S32: =Tabla1[[#This Row],[CONSUMO OXIDANTE SOLUCIÓN(L)]]*Tabla1[[#This Row],[DENSIDAD OXIDANTE]] -> 0 | T32: =(P32*1000)/K32 -> #DIV/0! | U32: =(Q32*1000)/K32 -> #DIV/0! | V32: =(R32*1000)/K32 -> #DIV/0! | W32: =(S32*1000)/K32 -> #DIV/0! | X32: 1240000 | Y32: 1325000 | Z32: 2500 | AA32: 0.042 | AB32: 2446 | AC32: 2498 | AD32: 23800 | AE32: 3010 | AF32: =P32*AB32 -> 0 | AG32: =Q32*AC32 -> 0 | AH32: =R32*AD32 -> 0 | AI32: =S32*AE32 -> 0 | AJ32: =SUM(Tabla1[[#This Row],[COSTO OPERATIVO ACIDO]:[COSTO OPERATIVO OXIDANTE]]) -> 0 | AK32: 2500 | AL32: =AJ32/K32 -> #DIV/0!
A33: =A32 -> 46033 | B33: =DAY(Tabla1[[#This Row],[FECHA]]) -> 11 | C33: 2 (MAÑANA) | D33: 2 | E33: FINAL TURNO 1 | F33: 1335 | G33: 1778 | H33: 93.5 | I33: 0 | J33: 92516 | K33: 0 | L33: =F33-F34 -> 0 | M33: =G33-G34 -> 0 | N33: =H33-H34 -> 0 | O33: =Tabla1[[#This Row],[CONSUMO SOLUCIÓN OXIDANTE (L)]] -> 0 | P33: =(L33*$X$2)/1000000 -> 0 | Q33: =(M33*$Y$2)/1000000 -> 0 | R33: =Tabla1[[#This Row],[CONSUMO POL ANIONICO (KG)]] -> 0 | S33: =Tabla1[[#This Row],[CONSUMO OXIDANTE SOLUCIÓN(L)]]*Tabla1[[#This Row],[DENSIDAD OXIDANTE]] -> 0 | T33: =(P33*1000)/K33 -> #DIV/0! | U33: =(Q33*1000)/K33 -> #DIV/0! | V33: =(R33*1000)/K33 -> #DIV/0! | W33: =(S33*1000)/K33 -> #DIV/0! | X33: 1240000 | Y33: 1325000 | Z33: 2500 | AA33: 0.042 | AB33: 2446 | AC33: 2498 | AD33: 23800 | AE33: 3010 | AF33: =P33*AB33 -> 0 | AG33: =Q33*AC33 -> 0 | AH33: =R33*AD33 -> 0 | AI33: =S33*AE33 -> 0 | AJ33: =SUM(Tabla1[[#This Row],[COSTO OPERATIVO ACIDO]:[COSTO OPERATIVO OXIDANTE]]) -> 0 | AK33: 2500 | AL33: =AJ33/K33 -> #DIV/0!
A34: =A33 -> 46033 | B34: =DAY(Tabla1[[#This Row],[FECHA]]) -> 11 | C34: 3(TARDE) | D34: 3 | E34: FINAL TURNO 2 | F34: 1335 | G34: 1778 | H34: 93.5 | I34: 0 | J34: 92516 | K34: 0 | L34: =F34-F35 -> 0 | M34: =G34-G35 -> 0 | N34: =H34-H35 -> 0 | O34: =Tabla1[[#This Row],[CONSUMO SOLUCIÓN OXIDANTE (L)]] -> 0 | P34: =(L34*$X$2)/1000000 -> 0 | Q34: =(M34*$Y$2)/1000000 -> 0 | R34: =Tabla1[[#This Row],[CONSUMO POL ANIONICO (KG)]] -> 0 | S34: =Tabla1[[#This Row],[CONSUMO OXIDANTE SOLUCIÓN(L)]]*Tabla1[[#This Row],[DENSIDAD OXIDANTE]] -> 0 | T34: =(P34*1000)/K34 -> #DIV/0! | U34: =(Q34*1000)/K34 -> #DIV/0! | V34: =(R34*1000)/K34 -> #DIV/0! | W34: =(S34*1000)/K34 -> #DIV/0! | X34: 1240000 | Y34: 1325000 | Z34: 2500 | AA34: 0.042 | AB34: 2446 | AC34: 2498 | AD34: 23800 | AE34: 3010 | AF34: =P34*AB34 -> 0 | AG34: =Q34*AC34 -> 0 | AH34: =R34*AD34 -> 0 | AI34: =S34*AE34 -> 0 | AJ34: =SUM(Tabla1[[#This Row],[COSTO OPERATIVO ACIDO]:[COSTO OPERATIVO OXIDANTE]]) -> 0 | AK34: 2500 | AL34: =AJ34/K34 -> #DIV/0!
A35: =A34+1 -> 46034 | B35: =DAY(Tabla1[[#This Row],[FECHA]]) -> 12 | C35: 1 (NOCHE) | D35: 1 | E35: FINAL TURNO 3 | F35: 1335 | G35: 1778 | H35: 93.5 | I35: 0 | J35: 92516 | K35: 0 | L35: =F35-F36 -> 0 | M35: =G35-G36 -> 0 | N35: =H35-H36 -> 0 | O35: =Tabla1[[#This Row],[CONSUMO SOLUCIÓN OXIDANTE (L)]] -> 0 | P35: =(L35*$X$2)/1000000 -> 0 | Q35: =(M35*$Y$2)/1000000 -> 0 | R35: =Tabla1[[#This Row],[CONSUMO POL ANIONICO (KG)]] -> 0 | S35: =Tabla1[[#This Row],[CONSUMO OXIDANTE SOLUCIÓN(L)]]*Tabla1[[#This Row],[DENSIDAD OXIDANTE]] -> 0 | T35: =(P35*1000)/K35 -> #DIV/0! | U35: =(Q35*1000)/K35 -> #DIV/0! | V35: =(R35*1000)/K35 -> #DIV/0! | W35: =(S35*1000)/K35 -> #DIV/0! | X35: 1240000 | Y35: 1325000 | Z35: 2500 | AA35: 0.042 | AB35: 2446 | AC35: 2498 | AD35: 23800 | AE35: 3010 | AF35: =P35*AB35 -> 0 | AG35: =Q35*AC35 -> 0 | AH35: =R35*AD35 -> 0 | AI35: =S35*AE35 -> 0 | AJ35: =SUM(Tabla1[[#This Row],[COSTO OPERATIVO ACIDO]:[COSTO OPERATIVO OXIDANTE]]) -> 0 | AK35: 2500 | AL35: =AJ35/K35 -> #DIV/0!
A36: =A35 -> 46034 | B36: =DAY(Tabla1[[#This Row],[FECHA]]) -> 12 | C36: 2 (MAÑANA) | D36: 2 | E36: FINAL TURNO 1 | F36: 1335 | G36: 1778 | H36: 93.5 | I36: 0 | J36: 92516 | K36: 0 | L36: =F36-F37 -> 0 | M36: =G36-G37 -> 0 | N36: =H36-H37 -> 0 | O36: =Tabla1[[#This Row],[CONSUMO SOLUCIÓN OXIDANTE (L)]] -> 0 | P36: =(L36*$X$2)/1000000 -> 0 | Q36: =(M36*$Y$2)/1000000 -> 0 | R36: =Tabla1[[#This Row],[CONSUMO POL ANIONICO (KG)]] -> 0 | S36: =Tabla1[[#This Row],[CONSUMO OXIDANTE SOLUCIÓN(L)]]*Tabla1[[#This Row],[DENSIDAD OXIDANTE]] -> 0 | T36: =(P36*1000)/K36 -> #DIV/0! | U36: =(Q36*1000)/K36 -> #DIV/0! | V36: =(R36*1000)/K36 -> #DIV/0! | W36: =(S36*1000)/K36 -> #DIV/0! | X36: 1240000 | Y36: 1325000 | Z36: 2500 | AA36: 0.042 | AB36: 2446 | AC36: 2498 | AD36: 23800 | AE36: 3010 | AF36: =P36*AB36 -> 0 | AG36: =Q36*AC36 -> 0 | AH36: =R36*AD36 -> 0 | AI36: =S36*AE36 -> 0 | AJ36: =SUM(Tabla1[[#This Row],[COSTO OPERATIVO ACIDO]:[COSTO OPERATIVO OXIDANTE]]) -> 0 | AK36: 2500 | AL36: =AJ36/K36 -> #DIV/0!
A37: =A36 -> 46034 | B37: =DAY(Tabla1[[#This Row],[FECHA]]) -> 12 | C37: 3(TARDE) | D37: 3 | E37: FINAL TURNO 2 | F37: 1335 | G37: 1778 | H37: 93.5 | I37: 0 | J37: 92516 | K37: 0 | L37: =F37-F38 -> 0 | M37: =G37-G38 -> 0 | N37: =H37-H38 -> 0 | O37: 10 | P37: =(L37*$X$2)/1000000 -> 0 | Q37: =(M37*$Y$2)/1000000 -> 0 | R37: =Tabla1[[#This Row],[CONSUMO POL ANIONICO (KG)]] -> 0 | S37: =Tabla1[[#This Row],[CONSUMO OXIDANTE SOLUCIÓN(L)]]*Tabla1[[#This Row],[DENSIDAD OXIDANTE]] -> 0.42 | T37: =(P37*1000)/K37 -> #DIV/0! | U37: =(Q37*1000)/K37 -> #DIV/0! | V37: =(R37*1000)/K37 -> #DIV/0! | W37: =(S37*1000)/K37 -> #DIV/0! | X37: 1240000 | Y37: 1325000 | Z37: 2500 | AA37: 0.042 | AB37: 2446 | AC37: 2498 | AD37: 23800 | AE37: 3010 | AF37: =P37*AB37 -> 0 | AG37: =Q37*AC37 -> 0 | AH37: =R37*AD37 -> 0 | AI37: =S37*AE37 -> 1264.2 | AJ37: =SUM(Tabla1[[#This Row],[COSTO OPERATIVO ACIDO]:[COSTO OPERATIVO OXIDANTE]]) -> 1264.2 | AK37: 2500 | AL37: =AJ37/K37 -> #DIV/0!
A38: =A37+1 -> 46035 | B38: =DAY(Tabla1[[#This Row],[FECHA]]) -> 13 | C38: 1 (NOCHE) | D38: 1 | E38: FINAL TURNO 3 | F38: 1335 | G38: 1778 | H38: 93.5 | I38: 0 | J38: 92516 | K38: 0 | L38: =F38-F39 -> 0 | M38: =G38-G39 -> 0 | N38: =H38-H39 -> 0 | O38: =Tabla1[[#This Row],[CONSUMO SOLUCIÓN OXIDANTE (L)]] -> 0 | P38: =(L38*$X$2)/1000000 -> 0 | Q38: =(M38*$Y$2)/1000000 -> 0 | R38: =Tabla1[[#This Row],[CONSUMO POL ANIONICO (KG)]] -> 0 | S38: =Tabla1[[#This Row],[CONSUMO OXIDANTE SOLUCIÓN(L)]]*Tabla1[[#This Row],[DENSIDAD OXIDANTE]] -> 0 | T38: =(P38*1000)/K38 -> #DIV/0! | U38: =(Q38*1000)/K38 -> #DIV/0! | V38: =(R38*1000)/K38 -> #DIV/0! | W38: =(S38*1000)/K38 -> #DIV/0! | X38: 1240000 | Y38: 1325000 | Z38: 2500 | AA38: 0.042 | AB38: 2446 | AC38: 2498 | AD38: 23800 | AE38: 3010 | AF38: =P38*AB38 -> 0 | AG38: =Q38*AC38 -> 0 | AH38: =R38*AD38 -> 0 | AI38: =S38*AE38 -> 0 | AJ38: =SUM(Tabla1[[#This Row],[COSTO OPERATIVO ACIDO]:[COSTO OPERATIVO OXIDANTE]]) -> 0 | AK38: 2500 | AL38: =AJ38/K38 -> #DIV/0!
A39: =A38 -> 46035 | B39: =DAY(Tabla1[[#This Row],[FECHA]]) -> 13 | C39: 2 (MAÑANA) | D39: 2 | E39: FINAL TURNO 1 | F39: 1335 | G39: 1778 | H39: 93.5 | I39: 0 | J39: 92516 | K39: 0 | L39: =F39-F40 -> 0 | M39: =G39-G40 -> 0 | N39: =H39-H40 -> 0 | O39: =Tabla1[[#This Row],[CONSUMO SOLUCIÓN OXIDANTE (L)]] -> 0 | P39: =(L39*$X$2)/1000000 -> 0 | Q39: =(M39*$Y$2)/1000000 -> 0 | R39: =Tabla1[[#This Row],[CONSUMO POL ANIONICO (KG)]] -> 0 | S39: =Tabla1[[#This Row],[CONSUMO OXIDANTE SOLUCIÓN(L)]]*Tabla1[[#This Row],[DENSIDAD OXIDANTE]] -> 0 | T39: =(P39*1000)/K39 -> #DIV/0! | U39: =(Q39*1000)/K39 -> #DIV/0! | V39: =(R39*1000)/K39 -> #DIV/0! | W39: =(S39*1000)/K39 -> #DIV/0! | X39: 1240000 | Y39: 1325000 | Z39: 2500 | AA39: 0.042 | AB39: 2446 | AC39: 2498 | AD39: 23800 | AE39: 3010 | AF39: =P39*AB39 -> 0 | AG39: =Q39*AC39 -> 0 | AH39: =R39*AD39 -> 0 | AI39: =S39*AE39 -> 0 | AJ39: =SUM(Tabla1[[#This Row],[COSTO OPERATIVO ACIDO]:[COSTO OPERATIVO OXIDANTE]]) -> 0 | AK39: 2500 | AL39: =AJ39/K39 -> #DIV/0!
A40: =A39 -> 46035 | B40: =DAY(Tabla1[[#This Row],[FECHA]]) -> 13 | C40: 3(TARDE) | D40: 3 | E40: FINAL TURNO 2 | F40: 1335 | G40: 1778 | H40: 93.5 | I40: 0 | J40: 92516 | K40: 0 | L40: =F40-F41 -> 0 | M40: =G40-G41 -> 0 | N40: =H40-H41 -> 0 | O40: =Tabla1[[#This Row],[CONSUMO SOLUCIÓN OXIDANTE (L)]] -> 0 | P40: =(L40*$X$2)/1000000 -> 0 | Q40: =(M40*$Y$2)/1000000 -> 0 | R40: =Tabla1[[#This Row],[CONSUMO POL ANIONICO (KG)]] -> 0 | S40: =Tabla1[[#This Row],[CONSUMO OXIDANTE SOLUCIÓN(L)]]*Tabla1[[#This Row],[DENSIDAD OXIDANTE]] -> 0 | T40: =(P40*1000)/K40 -> #DIV/0! | U40: =(Q40*1000)/K40 -> #DIV/0! | V40: =(R40*1000)/K40 -> #DIV/0! | W40: =(S40*1000)/K40 -> #DIV/0! | X40: 1240000 | Y40: 1325000 | Z40: 2500 | AA40: 0.042 | AB40: 2446 | AC40: 2498 | AD40: 23800 | AE40: 3010 | AF40: =P40*AB40 -> 0 | AG40: =Q40*AC40 -> 0 | AH40: =R40*AD40 -> 0 | AI40: =S40*AE40 -> 0 | AJ40: =SUM(Tabla1[[#This Row],[COSTO OPERATIVO ACIDO]:[COSTO OPERATIVO OXIDANTE]]) -> 0 | AK40: 2500 | AL40: =AJ40/K40 -> #DIV/0!
A41: =A40+1 -> 46036 | B41: =DAY(Tabla1[[#This Row],[FECHA]]) -> 14 | C41: 1 (NOCHE) | D41: 1 | E41: FINAL TURNO 3 | F41: 1335 | G41: 1778 | H41: 93.5 | I41: 0 | J41: 92516 | K41: 0 | L41: =F41-F42 -> 0 | M41: =G41-G42 -> 0 | N41: =H41-H42 -> 0 | O41: =Tabla1[[#This Row],[CONSUMO SOLUCIÓN OXIDANTE (L)]] -> 0 | P41: =(L41*$X$2)/1000000 -> 0 | Q41: =(M41*$Y$2)/1000000 -> 0 | R41: =Tabla1[[#This Row],[CONSUMO POL ANIONICO (KG)]] -> 0 | S41: =Tabla1[[#This Row],[CONSUMO OXIDANTE SOLUCIÓN(L)]]*Tabla1[[#This Row],[DENSIDAD OXIDANTE]] -> 0 | T41: =(P41*1000)/K41 -> #DIV/0! | U41: =(Q41*1000)/K41 -> #DIV/0! | V41: =(R41*1000)/K41 -> #DIV/0! | W41: =(S41*1000)/K41 -> #DIV/0! | X41: 1240000 | Y41: 1325000 | Z41: 2500 | AA41: 0.042 | AB41: 2446 | AC41: 2498 | AD41: 23800 | AE41: 3010 | AF41: =P41*AB41 -> 0 | AG41: =Q41*AC41 -> 0 | AH41: =R41*AD41 -> 0 | AI41: =S41*AE41 -> 0 | AJ41: =SUM(Tabla1[[#This Row],[COSTO OPERATIVO ACIDO]:[COSTO OPERATIVO OXIDANTE]]) -> 0 | AK41: 2500 | AL41: =AJ41/K41 -> #DIV/0!
A42: =A41 -> 46036 | B42: =DAY(Tabla1[[#This Row],[FECHA]]) -> 14 | C42: 2 (MAÑANA) | D42: 2 | E42: FINAL TURNO 1 | F42: 1335 | G42: 1778 | H42: 93.5 | I42: 0 | J42: 92516 | K42: 0 | L42: =F42-F43 -> 0 | M42: =G42-G43 -> 0 | N42: =H42-H43 -> 0 | O42: =Tabla1[[#This Row],[CONSUMO SOLUCIÓN OXIDANTE (L)]] -> 0 | P42: =(L42*$X$2)/1000000 -> 0 | Q42: =(M42*$Y$2)/1000000 -> 0 | R42: =Tabla1[[#This Row],[CONSUMO POL ANIONICO (KG)]] -> 0 | S42: =Tabla1[[#This Row],[CONSUMO OXIDANTE SOLUCIÓN(L)]]*Tabla1[[#This Row],[DENSIDAD OXIDANTE]] -> 0 | T42: =(P42*1000)/K42 -> #DIV/0! | U42: =(Q42*1000)/K42 -> #DIV/0! | V42: =(R42*1000)/K42 -> #DIV/0! | W42: =(S42*1000)/K42 -> #DIV/0! | X42: 1240000 | Y42: 1325000 | Z42: 2500 | AA42: 0.042 | AB42: 2446 | AC42: 2498 | AD42: 23800 | AE42: 3010 | AF42: =P42*AB42 -> 0 | AG42: =Q42*AC42 -> 0 | AH42: =R42*AD42 -> 0 | AI42: =S42*AE42 -> 0 | AJ42: =SUM(Tabla1[[#This Row],[COSTO OPERATIVO ACIDO]:[COSTO OPERATIVO OXIDANTE]]) -> 0 | AK42: 2500 | AL42: =AJ42/K42 -> #DIV/0!
A43: =A42 -> 46036 | B43: =DAY(Tabla1[[#This Row],[FECHA]]) -> 14 | C43: 3(TARDE) | D43: 3 | E43: FINAL TURNO 2 | F43: 1335 | G43: 1778 | H43: 93.5 | I43: 0 | J43: 92516 | K43: 0 | L43: =F43-F44 -> 0 | M43: =G43-G44 -> 0 | N43: =H43-H44 -> 0 | O43: =Tabla1[[#This Row],[CONSUMO SOLUCIÓN OXIDANTE (L)]] -> 0 | P43: =(L43*$X$2)/1000000 -> 0 | Q43: =(M43*$Y$2)/1000000 -> 0 | R43: =Tabla1[[#This Row],[CONSUMO POL ANIONICO (KG)]] -> 0 | S43: =Tabla1[[#This Row],[CONSUMO OXIDANTE SOLUCIÓN(L)]]*Tabla1[[#This Row],[DENSIDAD OXIDANTE]] -> 0 | T43: =(P43*1000)/K43 -> #DIV/0! | U43: =(Q43*1000)/K43 -> #DIV/0! | V43: =(R43*1000)/K43 -> #DIV/0! | W43: =(S43*1000)/K43 -> #DIV/0! | X43: 1240000 | Y43: 1325000 | Z43: 2500 | AA43: 0.042 | AB43: 2446 | AC43: 2498 | AD43: 23800 | AE43: 3010 | AF43: =P43*AB43 -> 0 | AG43: =Q43*AC43 -> 0 | AH43: =R43*AD43 -> 0 | AI43: =S43*AE43 -> 0 | AJ43: =SUM(Tabla1[[#This Row],[COSTO OPERATIVO ACIDO]:[COSTO OPERATIVO OXIDANTE]]) -> 0 | AK43: 2500 | AL43: =AJ43/K43 -> #DIV/0!
A44: =A43+1 -> 46037 | B44: =DAY(Tabla1[[#This Row],[FECHA]]) -> 15 | C44: 1 (NOCHE) | D44: 1 | E44: FINAL TURNO 3 | F44: 1335 | G44: 1778 | H44: 93.5 | I44: 0 | J44: 92516 | K44: 0 | L44: =F44-F45 -> 0 | M44: =G44-G45 -> 0 | N44: =H44-H45 -> 0 | O44: =Tabla1[[#This Row],[CONSUMO SOLUCIÓN OXIDANTE (L)]] -> 0 | P44: =(L44*$X$2)/1000000 -> 0 | Q44: =(M44*$Y$2)/1000000 -> 0 | R44: =Tabla1[[#This Row],[CONSUMO POL ANIONICO (KG)]] -> 0 | S44: =Tabla1[[#This Row],[CONSUMO OXIDANTE SOLUCIÓN(L)]]*Tabla1[[#This Row],[DENSIDAD OXIDANTE]] -> 0 | T44: =(P44*1000)/K44 -> #DIV/0! | U44: =(Q44*1000)/K44 -> #DIV/0! | V44: =(R44*1000)/K44 -> #DIV/0! | W44: =(S44*1000)/K44 -> #DIV/0! | X44: 1240000 | Y44: 1325000 | Z44: 2500 | AA44: 0.042 | AB44: 2446 | AC44: 2498 | AD44: 23800 | AE44: 3010 | AF44: =P44*AB44 -> 0 | AG44: =Q44*AC44 -> 0 | AH44: =R44*AD44 -> 0 | AI44: =S44*AE44 -> 0 | AJ44: =SUM(Tabla1[[#This Row],[COSTO OPERATIVO ACIDO]:[COSTO OPERATIVO OXIDANTE]]) -> 0 | AK44: 2500 | AL44: =AJ44/K44 -> #DIV/0!
A45: =A44 -> 46037 | B45: =DAY(Tabla1[[#This Row],[FECHA]]) -> 15 | C45: 2 (MAÑANA) | D45: 2 | E45: FINAL TURNO 1 | F45: 1335 | G45: 1778 | H45: 93.5 | I45: 0 | J45: 92516 | K45: 0 | L45: =F45-F46 -> 0 | M45: =G45-G46 -> 0 | N45: =H45-H46 -> 0 | O45: =Tabla1[[#This Row],[CONSUMO SOLUCIÓN OXIDANTE (L)]] -> 0 | P45: =(L45*$X$2)/1000000 -> 0 | Q45: =(M45*$Y$2)/1000000 -> 0 | R45: =Tabla1[[#This Row],[CONSUMO POL ANIONICO (KG)]] -> 0 | S45: =Tabla1[[#This Row],[CONSUMO OXIDANTE SOLUCIÓN(L)]]*Tabla1[[#This Row],[DENSIDAD OXIDANTE]] -> 0 | T45: =(P45*1000)/K45 -> #DIV/0! | U45: =(Q45*1000)/K45 -> #DIV/0! | V45: =(R45*1000)/K45 -> #DIV/0! | W45: =(S45*1000)/K45 -> #DIV/0! | X45: 1240000 | Y45: 1325000 | Z45: 2500 | AA45: 0.042 | AB45: 2446 | AC45: 2498 | AD45: 23800 | AE45: 3010 | AF45: =P45*AB45 -> 0 | AG45: =Q45*AC45 -> 0 | AH45: =R45*AD45 -> 0 | AI45: =S45*AE45 -> 0 | AJ45: =SUM(Tabla1[[#This Row],[COSTO OPERATIVO ACIDO]:[COSTO OPERATIVO OXIDANTE]]) -> 0 | AK45: 2500 | AL45: =AJ45/K45 -> #DIV/0!
A46: =A45 -> 46037 | B46: =DAY(Tabla1[[#This Row],[FECHA]]) -> 15 | C46: 3(TARDE) | D46: 3 | E46: FINAL TURNO 2 | F46: 1335 | G46: 1778 | H46: 93.5 | I46: 0 | J46: 92516 | K46: 0 | L46: =F46-F47 -> 0 | M46: =G46-G47 -> 0 | N46: =H46-H47 -> 0 | O46: =Tabla1[[#This Row],[CONSUMO SOLUCIÓN OXIDANTE (L)]] -> 0 | P46: =(L46*$X$2)/1000000 -> 0 | Q46: =(M46*$Y$2)/1000000 -> 0 | R46: =Tabla1[[#This Row],[CONSUMO POL ANIONICO (KG)]] -> 0 | S46: =Tabla1[[#This Row],[CONSUMO OXIDANTE SOLUCIÓN(L)]]*Tabla1[[#This Row],[DENSIDAD OXIDANTE]] -> 0 | T46: =(P46*1000)/K46 -> #DIV/0! | U46: =(Q46*1000)/K46 -> #DIV/0! | V46: =(R46*1000)/K46 -> #DIV/0! | W46: =(S46*1000)/K46 -> #DIV/0! | X46: 1240000 | Y46: 1325000 | Z46: 2500 | AA46: 0.042 | AB46: 2446 | AC46: 2498 | AD46: 23800 | AE46: 3010 | AF46: =P46*AB46 -> 0 | AG46: =Q46*AC46 -> 0 | AH46: =R46*AD46 -> 0 | AI46: =S46*AE46 -> 0 | AJ46: =SUM(Tabla1[[#This Row],[COSTO OPERATIVO ACIDO]:[COSTO OPERATIVO OXIDANTE]]) -> 0 | AK46: 2500 | AL46: =AJ46/K46 -> #DIV/0!
A47: =A46+1 -> 46038 | B47: =DAY(Tabla1[[#This Row],[FECHA]]) -> 16 | C47: 1 (NOCHE) | D47: 1 | E47: FINAL TURNO 3 | F47: 1335 | G47: 1778 | H47: 93.5 | I47: 0 | J47: 92516 | K47: 0 | L47: =F47-F48 -> 0 | M47: =G47-G48 -> 0 | N47: =H47-H48 -> 0 | O47: =Tabla1[[#This Row],[CONSUMO SOLUCIÓN OXIDANTE (L)]] -> 0 | P47: =(L47*$X$2)/1000000 -> 0 | Q47: =(M47*$Y$2)/1000000 -> 0 | R47: =Tabla1[[#This Row],[CONSUMO POL ANIONICO (KG)]] -> 0 | S47: =Tabla1[[#This Row],[CONSUMO OXIDANTE SOLUCIÓN(L)]]*Tabla1[[#This Row],[DENSIDAD OXIDANTE]] -> 0 | T47: =(P47*1000)/K47 -> #DIV/0! | U47: =(Q47*1000)/K47 -> #DIV/0! | V47: =(R47*1000)/K47 -> #DIV/0! | W47: =(S47*1000)/K47 -> #DIV/0! | X47: 1240000 | Y47: 1325000 | Z47: 2500 | AA47: 0.042 | AB47: 2446 | AC47: 2498 | AD47: 23800 | AE47: 3010 | AF47: =P47*AB47 -> 0 | AG47: =Q47*AC47 -> 0 | AH47: =R47*AD47 -> 0 | AI47: =S47*AE47 -> 0 | AJ47: =SUM(Tabla1[[#This Row],[COSTO OPERATIVO ACIDO]:[COSTO OPERATIVO OXIDANTE]]) -> 0 | AK47: 2500 | AL47: =AJ47/K47 -> #DIV/0!
A48: =A47 -> 46038 | B48: =DAY(Tabla1[[#This Row],[FECHA]]) -> 16 | C48: 2 (MAÑANA) | D48: 2 | E48: FINAL TURNO 1 | F48: 1335 | G48: 1778 | H48: 93.5 | I48: 8 | J48: 92548 | K48: 32 | L48: =F48-F49 -> 13 | M48: =G48-G49 -> 14 | N48: =H48-H49 -> 0.1 | O48: =Tabla1[[#This Row],[CONSUMO SOLUCIÓN OXIDANTE (L)]] -> 8 | P48: =(L48*$X$2)/1000000 -> 16.12 | Q48: =(M48*$Y$2)/1000000 -> 18.55 | R48: =Tabla1[[#This Row],[CONSUMO POL ANIONICO (KG)]] -> 0.1 | S48: =Tabla1[[#This Row],[CONSUMO OXIDANTE SOLUCIÓN(L)]]*Tabla1[[#This Row],[DENSIDAD OXIDANTE]] -> 0.336 | T48: =(P48*1000)/K48 -> 503.75 | U48: =(Q48*1000)/K48 -> 579.6875 | V48: =(R48*1000)/K48 -> 3.125 | W48: =(S48*1000)/K48 -> 10.5 | X48: 1240000 | Y48: 1325000 | Z48: 2500 | AA48: 0.042 | AB48: 2446 | AC48: 2498 | AD48: 23800 | AE48: 3010 | AF48: =P48*AB48 -> 39429.52 | AG48: =Q48*AC48 -> 46337.9 | AH48: =R48*AD48 -> 2380 | AI48: =S48*AE48 -> 1011.36 | AJ48: =SUM(Tabla1[[#This Row],[COSTO OPERATIVO ACIDO]:[COSTO OPERATIVO OXIDANTE]]) -> 89158.78 | AK48: 2500 | AL48: =AJ48/K48 -> 2786.2119
A49: =A48 -> 46038 | B49: =DAY(Tabla1[[#This Row],[FECHA]]) -> 16 | C49: 3(TARDE) | D49: 3 | E49: FINAL TURNO 2 | F49: 1322 | G49: 1764 | H49: 93.4 | I49: 9 | J49: 92581 | K49: 33 | L49: =F49-F50 -> 15 | M49: =G49-G50 -> 15 | N49: =H49-H50 -> 0.1 | O49: =Tabla1[[#This Row],[CONSUMO SOLUCIÓN OXIDANTE (L)]] -> 9 | P49: =(L49*$X$2)/1000000 -> 18.6 | Q49: =(M49*$Y$2)/1000000 -> 19.875 | R49: =Tabla1[[#This Row],[CONSUMO POL ANIONICO (KG)]] -> 0.1 | S49: =Tabla1[[#This Row],[CONSUMO OXIDANTE SOLUCIÓN(L)]]*Tabla1[[#This Row],[DENSIDAD OXIDANTE]] -> 0.378 | T49: =(P49*1000)/K49 -> 563.63636 | U49: =(Q49*1000)/K49 -> 602.27273 | V49: =(R49*1000)/K49 -> 3.030303 | W49: =(S49*1000)/K49 -> 11.454545 | X49: 1240000 | Y49: 1325000 | Z49: 2500 | AA49: 0.042 | AB49: 2446 | AC49: 2498 | AD49: 23800 | AE49: 3010 | AF49: =P49*AB49 -> 45495.6 | AG49: =Q49*AC49 -> 49647.75 | AH49: =R49*AD49 -> 2380 | AI49: =S49*AE49 -> 1137.78 | AJ49: =SUM(Tabla1[[#This Row],[COSTO OPERATIVO ACIDO]:[COSTO OPERATIVO OXIDANTE]]) -> 98661.13 | AK49: 2500 | AL49: =AJ49/K49 -> 2989.7312
A50: =A49+1 -> 46039 | B50: =DAY(Tabla1[[#This Row],[FECHA]]) -> 17 | C50: 1 (NOCHE) | D50: 1 | E50: FINAL TURNO 3 | F50: 1307 | G50: 1749 | H50: 93.3 | I50: 0 | J50: 92581 | K50: 0 | L50: =F50-F51 -> 0 | M50: =G50-G51 -> 0 | N50: =H50-H51 -> 0 | O50: =Tabla1[[#This Row],[CONSUMO SOLUCIÓN OXIDANTE (L)]] -> 0 | P50: =(L50*$X$2)/1000000 -> 0 | Q50: =(M50*$Y$2)/1000000 -> 0 | R50: =Tabla1[[#This Row],[CONSUMO POL ANIONICO (KG)]] -> 0 | S50: =Tabla1[[#This Row],[CONSUMO OXIDANTE SOLUCIÓN(L)]]*Tabla1[[#This Row],[DENSIDAD OXIDANTE]] -> 0 | T50: =(P50*1000)/K50 -> #DIV/0! | U50: =(Q50*1000)/K50 -> #DIV/0! | V50: =(R50*1000)/K50 -> #DIV/0! | W50: =(S50*1000)/K50 -> #DIV/0! | X50: 1240000 | Y50: 1325000 | Z50: 2500 | AA50: 0.042 | AB50: 2446 | AC50: 2498 | AD50: 23800 | AE50: 3010 | AF50: =P50*AB50 -> 0 | AG50: =Q50*AC50 -> 0 | AH50: =R50*AD50 -> 0 | AI50: =S50*AE50 -> 0 | AJ50: =SUM(Tabla1[[#This Row],[COSTO OPERATIVO ACIDO]:[COSTO OPERATIVO OXIDANTE]]) -> 0 | AK50: 2500 | AL50: =AJ50/K50 -> #DIV/0!
A51: =A50 -> 46039 | B51: =DAY(Tabla1[[#This Row],[FECHA]]) -> 17 | C51: 2 (MAÑANA) | D51: 2 | E51: FINAL TURNO 1 | F51: 1307 | G51: 1749 | H51: 93.3 | I51: 0 | J51: 92581 | K51: 0 | L51: =F51-F52 -> 0 | M51: =G51-G52 -> 0 | N51: =H51-H52 -> 0 | O51: =Tabla1[[#This Row],[CONSUMO SOLUCIÓN OXIDANTE (L)]] -> 0 | P51: =(L51*$X$2)/1000000 -> 0 | Q51: =(M51*$Y$2)/1000000 -> 0 | R51: =Tabla1[[#This Row],[CONSUMO POL ANIONICO (KG)]] -> 0 | S51: =Tabla1[[#This Row],[CONSUMO OXIDANTE SOLUCIÓN(L)]]*Tabla1[[#This Row],[DENSIDAD OXIDANTE]] -> 0 | T51: =(P51*1000)/K51 -> #DIV/0! | U51: =(Q51*1000)/K51 -> #DIV/0! | V51: =(R51*1000)/K51 -> #DIV/0! | W51: =(S51*1000)/K51 -> #DIV/0! | X51: 1240000 | Y51: 1325000 | Z51: 2500 | AA51: 0.042 | AB51: 2446 | AC51: 2498 | AD51: 23800 | AE51: 3010 | AF51: =P51*AB51 -> 0 | AG51: =Q51*AC51 -> 0 | AH51: =R51*AD51 -> 0 | AI51: =S51*AE51 -> 0 | AJ51: =SUM(Tabla1[[#This Row],[COSTO OPERATIVO ACIDO]:[COSTO OPERATIVO OXIDANTE]]) -> 0 | AK51: 2500 | AL51: =AJ51/K51 -> #DIV/0!
A52: =A51 -> 46039 | B52: =DAY(Tabla1[[#This Row],[FECHA]]) -> 17 | C52: 3(TARDE) | D52: 3 | E52: FINAL TURNO 2 | F52: 1307 | G52: 1749 | H52: 93.3 | I52: 0 | J52: 92581 | K52: 0 | L52: =F52-F53 -> 0 | M52: =G52-G53 -> 0 | N52: =H52-H53 -> 0 | O52: =Tabla1[[#This Row],[CONSUMO SOLUCIÓN OXIDANTE (L)]] -> 0 | P52: =(L52*$X$2)/1000000 -> 0 | Q52: =(M52*$Y$2)/1000000 -> 0 | R52: =Tabla1[[#This Row],[CONSUMO POL ANIONICO (KG)]] -> 0 | S52: =Tabla1[[#This Row],[CONSUMO OXIDANTE SOLUCIÓN(L)]]*Tabla1[[#This Row],[DENSIDAD OXIDANTE]] -> 0 | T52: =(P52*1000)/K52 -> #DIV/0! | U52: =(Q52*1000)/K52 -> #DIV/0! | V52: =(R52*1000)/K52 -> #DIV/0! | W52: =(S52*1000)/K52 -> #DIV/0! | X52: 1240000 | Y52: 1325000 | Z52: 2500 | AA52: 0.042 | AB52: 2446 | AC52: 2498 | AD52: 23800 | AE52: 3010 | AF52: =P52*AB52 -> 0 | AG52: =Q52*AC52 -> 0 | AH52: =R52*AD52 -> 0 | AI52: =S52*AE52 -> 0 | AJ52: =SUM(Tabla1[[#This Row],[COSTO OPERATIVO ACIDO]:[COSTO OPERATIVO OXIDANTE]]) -> 0 | AK52: 2500 | AL52: =AJ52/K52 -> #DIV/0!
A53: =A52+1 -> 46040 | B53: =DAY(Tabla1[[#This Row],[FECHA]]) -> 18 | C53: 1 (NOCHE) | D53: 1 | E53: FINAL TURNO 3 | F53: 1307 | G53: 1749 | H53: 93.3 | I53: 0 | J53: 92581 | K53: 0 | L53: =F53-F54 -> 0 | M53: =G53-G54 -> 0 | N53: =H53-H54 -> 0 | O53: =Tabla1[[#This Row],[CONSUMO SOLUCIÓN OXIDANTE (L)]] -> 0 | P53: =(L53*$X$2)/1000000 -> 0 | Q53: =(M53*$Y$2)/1000000 -> 0 | R53: =Tabla1[[#This Row],[CONSUMO POL ANIONICO (KG)]] -> 0 | S53: =Tabla1[[#This Row],[CONSUMO OXIDANTE SOLUCIÓN(L)]]*Tabla1[[#This Row],[DENSIDAD OXIDANTE]] -> 0 | T53: =(P53*1000)/K53 -> #DIV/0! | U53: =(Q53*1000)/K53 -> #DIV/0! | V53: =(R53*1000)/K53 -> #DIV/0! | W53: =(S53*1000)/K53 -> #DIV/0! | X53: 1240000 | Y53: 1325000 | Z53: 2500 | AA53: 0.042 | AB53: 2446 | AC53: 2498 | AD53: 23800 | AE53: 3010 | AF53: =P53*AB53 -> 0 | AG53: =Q53*AC53 -> 0 | AH53: =R53*AD53 -> 0 | AI53: =S53*AE53 -> 0 | AJ53: =SUM(Tabla1[[#This Row],[COSTO OPERATIVO ACIDO]:[COSTO OPERATIVO OXIDANTE]]) -> 0 | AK53: 2500 | AL53: =AJ53/K53 -> #DIV/0!
A54: =A53 -> 46040 | B54: =DAY(Tabla1[[#This Row],[FECHA]]) -> 18 | C54: 2 (MAÑANA) | D54: 2 | E54: FINAL TURNO 1 | F54: 1307 | G54: 1749 | H54: 93.3 | I54: 0 | J54: 92581 | K54: 0 | L54: =F54-F55 -> 0 | M54: =G54-G55 -> 0 | N54: =H54-H55 -> 0 | O54: =Tabla1[[#This Row],[CONSUMO SOLUCIÓN OXIDANTE (L)]] -> 0 | P54: =(L54*$X$2)/1000000 -> 0 | Q54: =(M54*$Y$2)/1000000 -> 0 | R54: =Tabla1[[#This Row],[CONSUMO POL ANIONICO (KG)]] -> 0 | S54: =Tabla1[[#This Row],[CONSUMO OXIDANTE SOLUCIÓN(L)]]*Tabla1[[#This Row],[DENSIDAD OXIDANTE]] -> 0 | T54: =(P54*1000)/K54 -> #DIV/0! | U54: =(Q54*1000)/K54 -> #DIV/0! | V54: =(R54*1000)/K54 -> #DIV/0! | W54: =(S54*1000)/K54 -> #DIV/0! | X54: 1240000 | Y54: 1325000 | Z54: 2500 | AA54: 0.042 | AB54: 2446 | AC54: 2498 | AD54: 23800 | AE54: 3010 | AF54: =P54*AB54 -> 0 | AG54: =Q54*AC54 -> 0 | AH54: =R54*AD54 -> 0 | AI54: =S54*AE54 -> 0 | AJ54: =SUM(Tabla1[[#This Row],[COSTO OPERATIVO ACIDO]:[COSTO OPERATIVO OXIDANTE]]) -> 0 | AK54: 2500 | AL54: =AJ54/K54 -> #DIV/0!
A55: =A54 -> 46040 | B55: =DAY(Tabla1[[#This Row],[FECHA]]) -> 18 | C55: 3(TARDE) | D55: 3 | E55: FINAL TURNO 2 | F55: 1307 | G55: 1749 | H55: 93.3 | I55: 0 | J55: 92581 | K55: 0 | L55: =F55-F56 -> 0 | M55: =G55-G56 -> 0 | N55: =H55-H56 -> 0 | O55: =Tabla1[[#This Row],[CONSUMO SOLUCIÓN OXIDANTE (L)]] -> 0 | P55: =(L55*$X$2)/1000000 -> 0 | Q55: =(M55*$Y$2)/1000000 -> 0 | R55: =Tabla1[[#This Row],[CONSUMO POL ANIONICO (KG)]] -> 0 | S55: =Tabla1[[#This Row],[CONSUMO OXIDANTE SOLUCIÓN(L)]]*Tabla1[[#This Row],[DENSIDAD OXIDANTE]] -> 0 | T55: =(P55*1000)/K55 -> #DIV/0! | U55: =(Q55*1000)/K55 -> #DIV/0! | V55: =(R55*1000)/K55 -> #DIV/0! | W55: =(S55*1000)/K55 -> #DIV/0! | X55: 1240000 | Y55: 1325000 | Z55: 2500 | AA55: 0.042 | AB55: 2446 | AC55: 2498 | AD55: 23800 | AE55: 3010 | AF55: =P55*AB55 -> 0 | AG55: =Q55*AC55 -> 0 | AH55: =R55*AD55 -> 0 | AI55: =S55*AE55 -> 0 | AJ55: =SUM(Tabla1[[#This Row],[COSTO OPERATIVO ACIDO]:[COSTO OPERATIVO OXIDANTE]]) -> 0 | AK55: 2500 | AL55: =AJ55/K55 -> #DIV/0!
A56: =A55+1 -> 46041 | B56: =DAY(Tabla1[[#This Row],[FECHA]]) -> 19 | C56: 1 (NOCHE) | D56: 1 | E56: FINAL TURNO 3 | F56: 1307 | G56: 1749 | H56: 93.3 | I56: 0 | J56: 92581 | K56: 0 | L56: =F56-F57 -> 0 | M56: =G56-G57 -> 0 | N56: =H56-H57 -> 0 | O56: =Tabla1[[#This Row],[CONSUMO SOLUCIÓN OXIDANTE (L)]] -> 0 | P56: =(L56*$X$2)/1000000 -> 0 | Q56: =(M56*$Y$2)/1000000 -> 0 | R56: =Tabla1[[#This Row],[CONSUMO POL ANIONICO (KG)]] -> 0 | S56: =Tabla1[[#This Row],[CONSUMO OXIDANTE SOLUCIÓN(L)]]*Tabla1[[#This Row],[DENSIDAD OXIDANTE]] -> 0 | T56: =(P56*1000)/K56 -> #DIV/0! | U56: =(Q56*1000)/K56 -> #DIV/0! | V56: =(R56*1000)/K56 -> #DIV/0! | W56: =(S56*1000)/K56 -> #DIV/0! | X56: 1240000 | Y56: 1325000 | Z56: 2500 | AA56: 0.042 | AB56: 2446 | AC56: 2498 | AD56: 23800 | AE56: 3010 | AF56: =P56*AB56 -> 0 | AG56: =Q56*AC56 -> 0 | AH56: =R56*AD56 -> 0 | AI56: =S56*AE56 -> 0 | AJ56: =SUM(Tabla1[[#This Row],[COSTO OPERATIVO ACIDO]:[COSTO OPERATIVO OXIDANTE]]) -> 0 | AK56: 2500 | AL56: =AJ56/K56 -> #DIV/0!
A57: =A56 -> 46041 | B57: =DAY(Tabla1[[#This Row],[FECHA]]) -> 19 | C57: 2 (MAÑANA) | D57: 2 | E57: FINAL TURNO 1 | F57: 1307 | G57: 1749 | H57: 93.3 | I57: 0 | J57: 92581 | K57: 0 | L57: =F57-F58 -> 0 | M57: =G57-G58 -> 0 | N57: =H57-H58 -> 0 | O57: =Tabla1[[#This Row],[CONSUMO SOLUCIÓN OXIDANTE (L)]] -> 0 | P57: =(L57*$X$2)/1000000 -> 0 | Q57: =(M57*$Y$2)/1000000 -> 0 | R57: =Tabla1[[#This Row],[CONSUMO POL ANIONICO (KG)]] -> 0 | S57: =Tabla1[[#This Row],[CONSUMO OXIDANTE SOLUCIÓN(L)]]*Tabla1[[#This Row],[DENSIDAD OXIDANTE]] -> 0 | T57: =(P57*1000)/K57 -> #DIV/0! | U57: =(Q57*1000)/K57 -> #DIV/0! | V57: =(R57*1000)/K57 -> #DIV/0! | W57: =(S57*1000)/K57 -> #DIV/0! | X57: 1240000 | Y57: 1325000 | Z57: 2500 | AA57: 0.042 | AB57: 2446 | AC57: 2498 | AD57: 23800 | AE57: 3010 | AF57: =P57*AB57 -> 0 | AG57: =Q57*AC57 -> 0 | AH57: =R57*AD57 -> 0 | AI57: =S57*AE57 -> 0 | AJ57: =SUM(Tabla1[[#This Row],[COSTO OPERATIVO ACIDO]:[COSTO OPERATIVO OXIDANTE]]) -> 0 | AK57: 2500 | AL57: =AJ57/K57 -> #DIV/0!
A58: =A57 -> 46041 | B58: =DAY(Tabla1[[#This Row],[FECHA]]) -> 19 | C58: 3(TARDE) | D58: 3 | E58: FINAL TURNO 2 | F58: 1307 | G58: 1749 | H58: 93.3 | I58: 0 | J58: 92581 | K58: 0 | L58: =F58-F59 -> 0 | M58: =G58-G59 -> 0 | N58: =H58-H59 -> 0 | O58: =Tabla1[[#This Row],[CONSUMO SOLUCIÓN OXIDANTE (L)]] -> 0 | P58: =(L58*$X$2)/1000000 -> 0 | Q58: =(M58*$Y$2)/1000000 -> 0 | R58: =Tabla1[[#This Row],[CONSUMO POL ANIONICO (KG)]] -> 0 | S58: =Tabla1[[#This Row],[CONSUMO OXIDANTE SOLUCIÓN(L)]]*Tabla1[[#This Row],[DENSIDAD OXIDANTE]] -> 0 | T58: =(P58*1000)/K58 -> #DIV/0! | U58: =(Q58*1000)/K58 -> #DIV/0! | V58: =(R58*1000)/K58 -> #DIV/0! | W58: =(S58*1000)/K58 -> #DIV/0! | X58: 1240000 | Y58: 1325000 | Z58: 2500 | AA58: 0.042 | AB58: 2446 | AC58: 2498 | AD58: 23800 | AE58: 3010 | AF58: =P58*AB58 -> 0 | AG58: =Q58*AC58 -> 0 | AH58: =R58*AD58 -> 0 | AI58: =S58*AE58 -> 0 | AJ58: =SUM(Tabla1[[#This Row],[COSTO OPERATIVO ACIDO]:[COSTO OPERATIVO OXIDANTE]]) -> 0 | AK58: 2500 | AL58: =AJ58/K58 -> #DIV/0!
A59: =A58+1 -> 46042 | B59: =DAY(Tabla1[[#This Row],[FECHA]]) -> 20 | C59: 1 (NOCHE) | D59: 1 | E59: FINAL TURNO 3 | F59: 1307 | G59: 1749 | H59: 93.3 | I59: 0 | J59: 92581 | K59: 0 | L59: =F59-F60 -> 0 | M59: =G59-G60 -> 0 | N59: =H59-H60 -> 0 | O59: =Tabla1[[#This Row],[CONSUMO SOLUCIÓN OXIDANTE (L)]] -> 0 | P59: =(L59*$X$2)/1000000 -> 0 | Q59: =(M59*$Y$2)/1000000 -> 0 | R59: =Tabla1[[#This Row],[CONSUMO POL ANIONICO (KG)]] -> 0 | S59: =Tabla1[[#This Row],[CONSUMO OXIDANTE SOLUCIÓN(L)]]*Tabla1[[#This Row],[DENSIDAD OXIDANTE]] -> 0 | T59: =(P59*1000)/K59 -> #DIV/0! | U59: =(Q59*1000)/K59 -> #DIV/0! | V59: =(R59*1000)/K59 -> #DIV/0! | W59: =(S59*1000)/K59 -> #DIV/0! | X59: 1240000 | Y59: 1325000 | Z59: 2500 | AA59: 0.042 | AB59: 2446 | AC59: 2498 | AD59: 23800 | AE59: 3010 | AF59: =P59*AB59 -> 0 | AG59: =Q59*AC59 -> 0 | AH59: =R59*AD59 -> 0 | AI59: =S59*AE59 -> 0 | AJ59: =SUM(Tabla1[[#This Row],[COSTO OPERATIVO ACIDO]:[COSTO OPERATIVO OXIDANTE]]) -> 0 | AK59: 2500 | AL59: =AJ59/K59 -> #DIV/0!
A60: =A59 -> 46042 | B60: =DAY(Tabla1[[#This Row],[FECHA]]) -> 20 | C60: 2 (MAÑANA) | D60: 2 | E60: FINAL TURNO 1 | F60: 1307 | G60: 1749 | H60: 93.3 | I60: 0 | J60: 92581 | K60: 0 | L60: =F60-F61 -> 0 | M60: =G60-G61 -> 0 | N60: =H60-H61 -> 0 | O60: =Tabla1[[#This Row],[CONSUMO SOLUCIÓN OXIDANTE (L)]] -> 0 | P60: =(L60*$X$2)/1000000 -> 0 | Q60: =(M60*$Y$2)/1000000 -> 0 | R60: =Tabla1[[#This Row],[CONSUMO POL ANIONICO (KG)]] -> 0 | S60: =Tabla1[[#This Row],[CONSUMO OXIDANTE SOLUCIÓN(L)]]*Tabla1[[#This Row],[DENSIDAD OXIDANTE]] -> 0 | T60: =(P60*1000)/K60 -> #DIV/0! | U60: =(Q60*1000)/K60 -> #DIV/0! | V60: =(R60*1000)/K60 -> #DIV/0! | W60: =(S60*1000)/K60 -> #DIV/0! | X60: 1240000 | Y60: 1325000 | Z60: 2500 | AA60: 0.042 | AB60: 2446 | AC60: 2498 | AD60: 23800 | AE60: 3010 | AF60: =P60*AB60 -> 0 | AG60: =Q60*AC60 -> 0 | AH60: =R60*AD60 -> 0 | AI60: =S60*AE60 -> 0 | AJ60: =SUM(Tabla1[[#This Row],[COSTO OPERATIVO ACIDO]:[COSTO OPERATIVO OXIDANTE]]) -> 0 | AK60: 2500 | AL60: =AJ60/K60 -> #DIV/0!
A61: =A60 -> 46042 | B61: =DAY(Tabla1[[#This Row],[FECHA]]) -> 20 | C61: 3(TARDE) | D61: 3 | E61: FINAL TURNO 2 | F61: 1307 | G61: 1749 | H61: 93.3 | I61: 0 | J61: 92581 | K61: 0 | L61: =F61-F62 -> 0 | M61: =G61-G62 -> 0 | N61: =H61-H62 -> 0 | O61: =Tabla1[[#This Row],[CONSUMO SOLUCIÓN OXIDANTE (L)]] -> 0 | P61: =(L61*$X$2)/1000000 -> 0 | Q61: =(M61*$Y$2)/1000000 -> 0 | R61: =Tabla1[[#This Row],[CONSUMO POL ANIONICO (KG)]] -> 0 | S61: =Tabla1[[#This Row],[CONSUMO OXIDANTE SOLUCIÓN(L)]]*Tabla1[[#This Row],[DENSIDAD OXIDANTE]] -> 0 | T61: =(P61*1000)/K61 -> #DIV/0! | U61: =(Q61*1000)/K61 -> #DIV/0! | V61: =(R61*1000)/K61 -> #DIV/0! | W61: =(S61*1000)/K61 -> #DIV/0! | X61: 1240000 | Y61: 1325000 | Z61: 2500 | AA61: 0.042 | AB61: 2446 | AC61: 2498 | AD61: 23800 | AE61: 3010 | AF61: =P61*AB61 -> 0 | AG61: =Q61*AC61 -> 0 | AH61: =R61*AD61 -> 0 | AI61: =S61*AE61 -> 0 | AJ61: =SUM(Tabla1[[#This Row],[COSTO OPERATIVO ACIDO]:[COSTO OPERATIVO OXIDANTE]]) -> 0 | AK61: 2500 | AL61: =AJ61/K61 -> #DIV/0!
A62: =A61+1 -> 46043 | B62: =DAY(Tabla1[[#This Row],[FECHA]]) -> 21 | C62: 1 (NOCHE) | D62: 1 | E62: FINAL TURNO 3 | F62: 1307 | G62: 1749 | H62: 93.3 | I62: 0 | J62: 92581 | K62: 0 | L62: =F62-F63 -> 0 | M62: =G62-G63 -> 0 | N62: =H62-H63 -> 0 | O62: =Tabla1[[#This Row],[CONSUMO SOLUCIÓN OXIDANTE (L)]] -> 0 | P62: =(L62*$X$2)/1000000 -> 0 | Q62: =(M62*$Y$2)/1000000 -> 0 | R62: =Tabla1[[#This Row],[CONSUMO POL ANIONICO (KG)]] -> 0 | S62: =Tabla1[[#This Row],[CONSUMO OXIDANTE SOLUCIÓN(L)]]*Tabla1[[#This Row],[DENSIDAD OXIDANTE]] -> 0 | T62: =(P62*1000)/K62 -> #DIV/0! | U62: =(Q62*1000)/K62 -> #DIV/0! | V62: =(R62*1000)/K62 -> #DIV/0! | W62: =(S62*1000)/K62 -> #DIV/0! | X62: 1240000 | Y62: 1325000 | Z62: 2500 | AA62: 0.042 | AB62: 2446 | AC62: 2498 | AD62: 23800 | AE62: 3010 | AF62: =P62*AB62 -> 0 | AG62: =Q62*AC62 -> 0 | AH62: =R62*AD62 -> 0 | AI62: =S62*AE62 -> 0 | AJ62: =SUM(Tabla1[[#This Row],[COSTO OPERATIVO ACIDO]:[COSTO OPERATIVO OXIDANTE]]) -> 0 | AK62: 2500 | AL62: =AJ62/K62 -> #DIV/0!
A63: =A62 -> 46043 | B63: =DAY(Tabla1[[#This Row],[FECHA]]) -> 21 | C63: 2 (MAÑANA) | D63: 2 | E63: FINAL TURNO 1 | F63: 1307 | G63: 1749 | H63: 93.3 | I63: 0 | J63: 92581 | K63: 0 | L63: =F63-F64 -> 0 | M63: =G63-G64 -> 0 | N63: =H63-H64 -> 0 | O63: =Tabla1[[#This Row],[CONSUMO SOLUCIÓN OXIDANTE (L)]] -> 0 | P63: =(L63*$X$2)/1000000 -> 0 | Q63: =(M63*$Y$2)/1000000 -> 0 | R63: =Tabla1[[#This Row],[CONSUMO POL ANIONICO (KG)]] -> 0 | S63: =Tabla1[[#This Row],[CONSUMO OXIDANTE SOLUCIÓN(L)]]*Tabla1[[#This Row],[DENSIDAD OXIDANTE]] -> 0 | T63: =(P63*1000)/K63 -> #DIV/0! | U63: =(Q63*1000)/K63 -> #DIV/0! | V63: =(R63*1000)/K63 -> #DIV/0! | W63: =(S63*1000)/K63 -> #DIV/0! | X63: 1240000 | Y63: 1325000 | Z63: 2500 | AA63: 0.042 | AB63: 2446 | AC63: 2498 | AD63: 23800 | AE63: 3010 | AF63: =P63*AB63 -> 0 | AG63: =Q63*AC63 -> 0 | AH63: =R63*AD63 -> 0 | AI63: =S63*AE63 -> 0 | AJ63: =SUM(Tabla1[[#This Row],[COSTO OPERATIVO ACIDO]:[COSTO OPERATIVO OXIDANTE]]) -> 0 | AK63: 2500 | AL63: =AJ63/K63 -> #DIV/0!
A64: =A63 -> 46043 | B64: =DAY(Tabla1[[#This Row],[FECHA]]) -> 21 | C64: 3(TARDE) | D64: 3 | E64: FINAL TURNO 2 | F64: 1307 | G64: 1749 | H64: 93.3 | I64: 24 | J64: 92666 | K64: 85 | L64: =F64-F65 -> 29 | M64: =G64-G65 -> 36 | N64: =H64-H65 -> 0.2 | O64: =Tabla1[[#This Row],[CONSUMO SOLUCIÓN OXIDANTE (L)]] -> 24 | P64: =(L64*$X$2)/1000000 -> 35.96 | Q64: =(M64*$Y$2)/1000000 -> 47.7 | R64: =Tabla1[[#This Row],[CONSUMO POL ANIONICO (KG)]] -> 0.2 | S64: =Tabla1[[#This Row],[CONSUMO OXIDANTE SOLUCIÓN(L)]]*Tabla1[[#This Row],[DENSIDAD OXIDANTE]] -> 1.008 | T64: =(P64*1000)/K64 -> 423.05882 | U64: =(Q64*1000)/K64 -> 561.17647 | V64: =(R64*1000)/K64 -> 2.3529412 | W64: =(S64*1000)/K64 -> 11.858824 | X64: 1240000 | Y64: 1325000 | Z64: 2500 | AA64: 0.042 | AB64: 2446 | AC64: 2498 | AD64: 23800 | AE64: 3010 | AF64: =P64*AB64 -> 87958.16 | AG64: =Q64*AC64 -> 119154.6 | AH64: =R64*AD64 -> 4760 | AI64: =S64*AE64 -> 3034.08 | AJ64: =SUM(Tabla1[[#This Row],[COSTO OPERATIVO ACIDO]:[COSTO OPERATIVO OXIDANTE]]) -> 214906.84 | AK64: 2500 | AL64: =AJ64/K64 -> 2528.3158
A65: =A64+1 -> 46044 | B65: =DAY(Tabla1[[#This Row],[FECHA]]) -> 22 | C65: 1 (NOCHE) | D65: 1 | E65: FINAL TURNO 3 | F65: 1278 | G65: 1713 | H65: 93.1 | I65: 0 | J65: 92666 | K65: 0 | L65: =F65-F66 -> 0 | M65: =G65-G66 -> 0 | N65: =H65-H66 -> 0.19 | O65: =Tabla1[[#This Row],[CONSUMO SOLUCIÓN OXIDANTE (L)]] -> 0 | P65: =(L65*$X$2)/1000000 -> 0 | Q65: =(M65*$Y$2)/1000000 -> 0 | R65: =Tabla1[[#This Row],[CONSUMO POL ANIONICO (KG)]] -> 0.19 | S65: =Tabla1[[#This Row],[CONSUMO OXIDANTE SOLUCIÓN(L)]]*Tabla1[[#This Row],[DENSIDAD OXIDANTE]] -> 0 | T65: =(P65*1000)/K65 -> #DIV/0! | U65: =(Q65*1000)/K65 -> #DIV/0! | V65: =(R65*1000)/K65 -> #DIV/0! | W65: =(S65*1000)/K65 -> #DIV/0! | X65: 1240000 | Y65: 1325000 | Z65: 2500 | AA65: 0.042 | AB65: 2446 | AC65: 2498 | AD65: 23800 | AE65: 3010 | AF65: =P65*AB65 -> 0 | AG65: =Q65*AC65 -> 0 | AH65: =R65*AD65 -> 4522 | AI65: =S65*AE65 -> 0 | AJ65: =SUM(Tabla1[[#This Row],[COSTO OPERATIVO ACIDO]:[COSTO OPERATIVO OXIDANTE]]) -> 4522 | AK65: 2500 | AL65: =AJ65/K65 -> #DIV/0!
A66: =A65 -> 46044 | B66: =DAY(Tabla1[[#This Row],[FECHA]]) -> 22 | C66: 2 (MAÑANA) | D66: 2 | E66: FINAL TURNO 1 | F66: 1278 | G66: 1713 | H66: =H65-0.19 -> 92.91 | I66: 21 | J66: 92744 | K66: 78 | L66: =F66-F67 -> 26 | M66: =G66-G67 -> 32 | N66: =H66-H67 -> 0.14 | O66: =Tabla1[[#This Row],[CONSUMO SOLUCIÓN OXIDANTE (L)]] -> 21 | P66: =(L66*$X$2)/1000000 -> 32.24 | Q66: =(M66*$Y$2)/1000000 -> 42.4 | R66: =Tabla1[[#This Row],[CONSUMO POL ANIONICO (KG)]] -> 0.14 | S66: =Tabla1[[#This Row],[CONSUMO OXIDANTE SOLUCIÓN(L)]]*Tabla1[[#This Row],[DENSIDAD OXIDANTE]] -> 0.882 | T66: =(P66*1000)/K66 -> 413.33333 | U66: =(Q66*1000)/K66 -> 543.58974 | V66: =(R66*1000)/K66 -> 1.7948718 | W66: =(S66*1000)/K66 -> 11.307692 | X66: 1240000 | Y66: 1325000 | Z66: 2500 | AA66: 0.042 | AB66: 2446 | AC66: 2498 | AD66: 23800 | AE66: 3010 | AF66: =P66*AB66 -> 78859.04 | AG66: =Q66*AC66 -> 105915.2 | AH66: =R66*AD66 -> 3332 | AI66: =S66*AE66 -> 2654.82 | AJ66: =SUM(Tabla1[[#This Row],[COSTO OPERATIVO ACIDO]:[COSTO OPERATIVO OXIDANTE]]) -> 190761.06 | AK66: 2500 | AL66: =AJ66/K66 -> 2445.6546
A67: =A66 -> 46044 | B67: =DAY(Tabla1[[#This Row],[FECHA]]) -> 22 | C67: 3(TARDE) | D67: 3 | E67: FINAL TURNO 2 | F67: =F66-26 -> 1252 | G67: =G66-32 -> 1681 | H67: =H66-0.14 -> 92.77 | I67: 17 | J67: 92801 | K67: 57 | L67: =F67-F68 -> 20 | M67: =G67-G68 -> 26 | N67: =H67-H68 -> 0 | O67: =Tabla1[[#This Row],[CONSUMO SOLUCIÓN OXIDANTE (L)]] -> 17 | P67: =(L67*$X$2)/1000000 -> 24.8 | Q67: =(M67*$Y$2)/1000000 -> 34.45 | R67: =Tabla1[[#This Row],[CONSUMO POL ANIONICO (KG)]] -> 0 | S67: =Tabla1[[#This Row],[CONSUMO OXIDANTE SOLUCIÓN(L)]]*Tabla1[[#This Row],[DENSIDAD OXIDANTE]] -> 0.714 | T67: =(P67*1000)/K67 -> 435.08772 | U67: =(Q67*1000)/K67 -> 604.38596 | V67: =(R67*1000)/K67 -> 0 | W67: =(S67*1000)/K67 -> 12.526316 | X67: 1240000 | Y67: 1325000 | Z67: 2500 | AA67: 0.042 | AB67: 2446 | AC67: 2498 | AD67: 23800 | AE67: 3010 | AF67: =P67*AB67 -> 60660.8 | AG67: =Q67*AC67 -> 86056.1 | AH67: =R67*AD67 -> 0 | AI67: =S67*AE67 -> 2149.14 | AJ67: =SUM(Tabla1[[#This Row],[COSTO OPERATIVO ACIDO]:[COSTO OPERATIVO OXIDANTE]]) -> 148866.04 | AK67: 2500 | AL67: =AJ67/K67 -> 2611.6849
A68: =A67+1 -> 46045 | B68: =DAY(Tabla1[[#This Row],[FECHA]]) -> 23 | C68: 1 (NOCHE) | D68: 1 | E68: FINAL TURNO 3 | F68: =F67-20 -> 1232 | G68: =G67-26 -> 1655 | H68: 92.77 | I68: 0 | J68: 92801 | K68: 0 | L68: =F68-F69 -> 0 | M68: =G68-G69 -> 0 | N68: =H68-H69 -> 0 | O68: =Tabla1[[#This Row],[CONSUMO SOLUCIÓN OXIDANTE (L)]] -> 0 | P68: =(L68*$X$2)/1000000 -> 0 | Q68: =(M68*$Y$2)/1000000 -> 0 | R68: =Tabla1[[#This Row],[CONSUMO POL ANIONICO (KG)]] -> 0 | S68: =Tabla1[[#This Row],[CONSUMO OXIDANTE SOLUCIÓN(L)]]*Tabla1[[#This Row],[DENSIDAD OXIDANTE]] -> 0 | T68: =(P68*1000)/K68 -> #DIV/0! | U68: =(Q68*1000)/K68 -> #DIV/0! | V68: =(R68*1000)/K68 -> #DIV/0! | W68: =(S68*1000)/K68 -> #DIV/0! | X68: 1240000 | Y68: 1325000 | Z68: 2500 | AA68: 0.042 | AB68: 2446 | AC68: 2498 | AD68: 23800 | AE68: 3010 | AF68: =P68*AB68 -> 0 | AG68: =Q68*AC68 -> 0 | AH68: =R68*AD68 -> 0 | AI68: =S68*AE68 -> 0 | AJ68: =SUM(Tabla1[[#This Row],[COSTO OPERATIVO ACIDO]:[COSTO OPERATIVO OXIDANTE]]) -> 0 | AK68: 2500 | AL68: =AJ68/K68 -> #DIV/0!
A69: =A68 -> 46045 | B69: =DAY(Tabla1[[#This Row],[FECHA]]) -> 23 | C69: 2 (MAÑANA) | D69: 2 | E69: FINAL TURNO 1 | F69: 1232 | G69: 1655 | H69: 92.77 | I69: 0 | J69: 92801 | K69: 0 | L69: =F69-F70 -> 0 | M69: =G69-G70 -> 0 | N69: =H69-H70 -> 0 | O69: =Tabla1[[#This Row],[CONSUMO SOLUCIÓN OXIDANTE (L)]] -> 0 | P69: =(L69*$X$2)/1000000 -> 0 | Q69: =(M69*$Y$2)/1000000 -> 0 | R69: =Tabla1[[#This Row],[CONSUMO POL ANIONICO (KG)]] -> 0 | S69: =Tabla1[[#This Row],[CONSUMO OXIDANTE SOLUCIÓN(L)]]*Tabla1[[#This Row],[DENSIDAD OXIDANTE]] -> 0 | T69: =(P69*1000)/K69 -> #DIV/0! | U69: =(Q69*1000)/K69 -> #DIV/0! | V69: =(R69*1000)/K69 -> #DIV/0! | W69: =(S69*1000)/K69 -> #DIV/0! | X69: 1240000 | Y69: 1325000 | Z69: 2500 | AA69: 0.042 | AB69: 2446 | AC69: 2498 | AD69: 23800 | AE69: 3010 | AF69: =P69*AB69 -> 0 | AG69: =Q69*AC69 -> 0 | AH69: =R69*AD69 -> 0 | AI69: =S69*AE69 -> 0 | AJ69: =SUM(Tabla1[[#This Row],[COSTO OPERATIVO ACIDO]:[COSTO OPERATIVO OXIDANTE]]) -> 0 | AK69: 2500 | AL69: =AJ69/K69 -> #DIV/0!
A70: =A69 -> 46045 | B70: =DAY(Tabla1[[#This Row],[FECHA]]) -> 23 | C70: 3(TARDE) | D70: 3 | E70: FINAL TURNO 2 | F70: 1232 | G70: 1655 | H70: 92.77 | I70: 0 | J70: 92801 | K70: 0 | L70: =F70-F71 -> 0 | M70: =G70-G71 -> 0 | N70: =H70-H71 -> 0 | O70: =Tabla1[[#This Row],[CONSUMO SOLUCIÓN OXIDANTE (L)]] -> 0 | P70: =(L70*$X$2)/1000000 -> 0 | Q70: =(M70*$Y$2)/1000000 -> 0 | R70: =Tabla1[[#This Row],[CONSUMO POL ANIONICO (KG)]] -> 0 | S70: =Tabla1[[#This Row],[CONSUMO OXIDANTE SOLUCIÓN(L)]]*Tabla1[[#This Row],[DENSIDAD OXIDANTE]] -> 0 | T70: =(P70*1000)/K70 -> #DIV/0! | U70: =(Q70*1000)/K70 -> #DIV/0! | V70: =(R70*1000)/K70 -> #DIV/0! | W70: =(S70*1000)/K70 -> #DIV/0! | X70: 1240000 | Y70: 1325000 | Z70: 2500 | AA70: 0.042 | AB70: 2446 | AC70: 2498 | AD70: 23800 | AE70: 3010 | AF70: =P70*AB70 -> 0 | AG70: =Q70*AC70 -> 0 | AH70: =R70*AD70 -> 0 | AI70: =S70*AE70 -> 0 | AJ70: =SUM(Tabla1[[#This Row],[COSTO OPERATIVO ACIDO]:[COSTO OPERATIVO OXIDANTE]]) -> 0 | AK70: 2500 | AL70: =AJ70/K70 -> #DIV/0!
A71: =A70+1 -> 46046 | B71: =DAY(Tabla1[[#This Row],[FECHA]]) -> 24 | C71: 1 (NOCHE) | D71: 1 | E71: FINAL TURNO 3 | F71: 1232 | G71: 1655 | H71: 92.77 | I71: 0 | J71: 92801 | K71: 0 | L71: =F71-F72 -> 0 | M71: =G71-G72 -> 0 | N71: =H71-H72 -> 0 | O71: =Tabla1[[#This Row],[CONSUMO SOLUCIÓN OXIDANTE (L)]] -> 0 | P71: =(L71*$X$2)/1000000 -> 0 | Q71: =(M71*$Y$2)/1000000 -> 0 | R71: =Tabla1[[#This Row],[CONSUMO POL ANIONICO (KG)]] -> 0 | S71: =Tabla1[[#This Row],[CONSUMO OXIDANTE SOLUCIÓN(L)]]*Tabla1[[#This Row],[DENSIDAD OXIDANTE]] -> 0 | T71: =(P71*1000)/K71 -> #DIV/0! | U71: =(Q71*1000)/K71 -> #DIV/0! | V71: =(R71*1000)/K71 -> #DIV/0! | W71: =(S71*1000)/K71 -> #DIV/0! | X71: 1240000 | Y71: 1325000 | Z71: 2500 | AA71: 0.042 | AB71: 2446 | AC71: 2498 | AD71: 23800 | AE71: 3010 | AF71: =P71*AB71 -> 0 | AG71: =Q71*AC71 -> 0 | AH71: =R71*AD71 -> 0 | AI71: =S71*AE71 -> 0 | AJ71: =SUM(Tabla1[[#This Row],[COSTO OPERATIVO ACIDO]:[COSTO OPERATIVO OXIDANTE]]) -> 0 | AK71: 2500 | AL71: =AJ71/K71 -> #DIV/0!
A72: =A71 -> 46046 | B72: =DAY(Tabla1[[#This Row],[FECHA]]) -> 24 | C72: 2 (MAÑANA) | D72: 2 | E72: FINAL TURNO 1 | F72: 1232 | G72: 1655 | H72: 92.77 | I72: 0 | J72: 92801 | K72: 0 | L72: =F72-F73 -> 0 | M72: =G72-G73 -> 0 | N72: =H72-H73 -> 0 | O72: =Tabla1[[#This Row],[CONSUMO SOLUCIÓN OXIDANTE (L)]] -> 0 | P72: =(L72*$X$2)/1000000 -> 0 | Q72: =(M72*$Y$2)/1000000 -> 0 | R72: =Tabla1[[#This Row],[CONSUMO POL ANIONICO (KG)]] -> 0 | S72: =Tabla1[[#This Row],[CONSUMO OXIDANTE SOLUCIÓN(L)]]*Tabla1[[#This Row],[DENSIDAD OXIDANTE]] -> 0 | T72: =(P72*1000)/K72 -> #DIV/0! | U72: =(Q72*1000)/K72 -> #DIV/0! | V72: =(R72*1000)/K72 -> #DIV/0! | W72: =(S72*1000)/K72 -> #DIV/0! | X72: 1240000 | Y72: 1325000 | Z72: 2500 | AA72: 0.042 | AB72: 2446 | AC72: 2498 | AD72: 23800 | AE72: 3010 | AF72: =P72*AB72 -> 0 | AG72: =Q72*AC72 -> 0 | AH72: =R72*AD72 -> 0 | AI72: =S72*AE72 -> 0 | AJ72: =SUM(Tabla1[[#This Row],[COSTO OPERATIVO ACIDO]:[COSTO OPERATIVO OXIDANTE]]) -> 0 | AK72: 2500 | AL72: =AJ72/K72 -> #DIV/0!
A73: =A72 -> 46046 | B73: =DAY(Tabla1[[#This Row],[FECHA]]) -> 24 | C73: 3(TARDE) | D73: 3 | E73: FINAL TURNO 2 | F73: 1232 | G73: 1655 | H73: 92.77 | I73: 0 | J73: 92801 | K73: 0 | L73: =F73-F74 -> 0 | M73: =G73-G74 -> 0 | N73: =H73-H74 -> 0 | O73: =Tabla1[[#This Row],[CONSUMO SOLUCIÓN OXIDANTE (L)]] -> 0 | P73: =(L73*$X$2)/1000000 -> 0 | Q73: =(M73*$Y$2)/1000000 -> 0 | R73: =Tabla1[[#This Row],[CONSUMO POL ANIONICO (KG)]] -> 0 | S73: =Tabla1[[#This Row],[CONSUMO OXIDANTE SOLUCIÓN(L)]]*Tabla1[[#This Row],[DENSIDAD OXIDANTE]] -> 0 | T73: =(P73*1000)/K73 -> #DIV/0! | U73: =(Q73*1000)/K73 -> #DIV/0! | V73: =(R73*1000)/K73 -> #DIV/0! | W73: =(S73*1000)/K73 -> #DIV/0! | X73: 1240000 | Y73: 1325000 | Z73: 2500 | AA73: 0.042 | AB73: 2446 | AC73: 2498 | AD73: 23800 | AE73: 3010 | AF73: =P73*AB73 -> 0 | AG73: =Q73*AC73 -> 0 | AH73: =R73*AD73 -> 0 | AI73: =S73*AE73 -> 0 | AJ73: =SUM(Tabla1[[#This Row],[COSTO OPERATIVO ACIDO]:[COSTO OPERATIVO OXIDANTE]]) -> 0 | AK73: 2500 | AL73: =AJ73/K73 -> #DIV/0!
A74: =A73+1 -> 46047 | B74: =DAY(Tabla1[[#This Row],[FECHA]]) -> 25 | C74: 1 (NOCHE) | D74: 1 | E74: FINAL TURNO 3 | F74: 1232 | G74: 1655 | H74: 92.77 | I74: 0 | J74: 92801 | K74: 0 | L74: =F74-F75 -> 0 | M74: =G74-G75 -> 0 | N74: =H74-H75 -> 0 | O74: =Tabla1[[#This Row],[CONSUMO SOLUCIÓN OXIDANTE (L)]] -> 0 | P74: =(L74*$X$2)/1000000 -> 0 | Q74: =(M74*$Y$2)/1000000 -> 0 | R74: =Tabla1[[#This Row],[CONSUMO POL ANIONICO (KG)]] -> 0 | S74: =Tabla1[[#This Row],[CONSUMO OXIDANTE SOLUCIÓN(L)]]*Tabla1[[#This Row],[DENSIDAD OXIDANTE]] -> 0 | T74: =(P74*1000)/K74 -> #DIV/0! | U74: =(Q74*1000)/K74 -> #DIV/0! | V74: =(R74*1000)/K74 -> #DIV/0! | W74: =(S74*1000)/K74 -> #DIV/0! | X74: 1240000 | Y74: 1325000 | Z74: 2500 | AA74: 0.042 | AB74: 2446 | AC74: 2498 | AD74: 23800 | AE74: 3010 | AF74: =P74*AB74 -> 0 | AG74: =Q74*AC74 -> 0 | AH74: =R74*AD74 -> 0 | AI74: =S74*AE74 -> 0 | AJ74: =SUM(Tabla1[[#This Row],[COSTO OPERATIVO ACIDO]:[COSTO OPERATIVO OXIDANTE]]) -> 0 | AK74: 2500 | AL74: =AJ74/K74 -> #DIV/0!
A75: =A74 -> 46047 | B75: =DAY(Tabla1[[#This Row],[FECHA]]) -> 25 | C75: 2 (MAÑANA) | D75: 2 | E75: FINAL TURNO 1 | F75: 1232 | G75: 1655 | H75: 92.77 | I75: 0 | J75: 92801 | K75: 0 | L75: =F75-F76 -> 0 | M75: =G75-G76 -> 0 | N75: =H75-H76 -> 0 | O75: =Tabla1[[#This Row],[CONSUMO SOLUCIÓN OXIDANTE (L)]] -> 0 | P75: =(L75*$X$2)/1000000 -> 0 | Q75: =(M75*$Y$2)/1000000 -> 0 | R75: =Tabla1[[#This Row],[CONSUMO POL ANIONICO (KG)]] -> 0 | S75: =Tabla1[[#This Row],[CONSUMO OXIDANTE SOLUCIÓN(L)]]*Tabla1[[#This Row],[DENSIDAD OXIDANTE]] -> 0 | T75: =(P75*1000)/K75 -> #DIV/0! | U75: =(Q75*1000)/K75 -> #DIV/0! | V75: =(R75*1000)/K75 -> #DIV/0! | W75: =(S75*1000)/K75 -> #DIV/0! | X75: 1240000 | Y75: 1325000 | Z75: 2500 | AA75: 0.042 | AB75: 2446 | AC75: 2498 | AD75: 23800 | AE75: 3010 | AF75: =P75*AB75 -> 0 | AG75: =Q75*AC75 -> 0 | AH75: =R75*AD75 -> 0 | AI75: =S75*AE75 -> 0 | AJ75: =SUM(Tabla1[[#This Row],[COSTO OPERATIVO ACIDO]:[COSTO OPERATIVO OXIDANTE]]) -> 0 | AK75: 2500 | AL75: =AJ75/K75 -> #DIV/0!
A76: =A75 -> 46047 | B76: =DAY(Tabla1[[#This Row],[FECHA]]) -> 25 | C76: 3(TARDE) | D76: 3 | E76: FINAL TURNO 2 | F76: 1232 | G76: 1655 | H76: 92.77 | I76: 0 | J76: 92801 | K76: 0 | L76: =F76-F77 -> 0 | M76: =G76-G77 -> 0 | N76: =H76-H77 -> 0 | O76: =Tabla1[[#This Row],[CONSUMO SOLUCIÓN OXIDANTE (L)]] -> 0 | P76: =(L76*$X$2)/1000000 -> 0 | Q76: =(M76*$Y$2)/1000000 -> 0 | R76: =Tabla1[[#This Row],[CONSUMO POL ANIONICO (KG)]] -> 0 | S76: =Tabla1[[#This Row],[CONSUMO OXIDANTE SOLUCIÓN(L)]]*Tabla1[[#This Row],[DENSIDAD OXIDANTE]] -> 0 | T76: =(P76*1000)/K76 -> #DIV/0! | U76: =(Q76*1000)/K76 -> #DIV/0! | V76: =(R76*1000)/K76 -> #DIV/0! | W76: =(S76*1000)/K76 -> #DIV/0! | X76: 1240000 | Y76: 1325000 | Z76: 2500 | AA76: 0.042 | AB76: 2446 | AC76: 2498 | AD76: 23800 | AE76: 3010 | AF76: =P76*AB76 -> 0 | AG76: =Q76*AC76 -> 0 | AH76: =R76*AD76 -> 0 | AI76: =S76*AE76 -> 0 | AJ76: =SUM(Tabla1[[#This Row],[COSTO OPERATIVO ACIDO]:[COSTO OPERATIVO OXIDANTE]]) -> 0 | AK76: 2500 | AL76: =AJ76/K76 -> #DIV/0!
A77: =A76+1 -> 46048 | B77: =DAY(Tabla1[[#This Row],[FECHA]]) -> 26 | C77: 1 (NOCHE) | D77: 1 | E77: FINAL TURNO 3 | F77: 1232 | G77: 1655 | H77: 92.77 | I77: 0 | J77: 92801 | K77: 0 | L77: =F77-F78 -> 0 | M77: =G77-G78 -> 0 | N77: =H77-H78 -> 0 | O77: =Tabla1[[#This Row],[CONSUMO SOLUCIÓN OXIDANTE (L)]] -> 0 | P77: =(L77*$X$2)/1000000 -> 0 | Q77: =(M77*$Y$2)/1000000 -> 0 | R77: =Tabla1[[#This Row],[CONSUMO POL ANIONICO (KG)]] -> 0 | S77: =Tabla1[[#This Row],[CONSUMO OXIDANTE SOLUCIÓN(L)]]*Tabla1[[#This Row],[DENSIDAD OXIDANTE]] -> 0 | T77: =(P77*1000)/K77 -> #DIV/0! | U77: =(Q77*1000)/K77 -> #DIV/0! | V77: =(R77*1000)/K77 -> #DIV/0! | W77: =(S77*1000)/K77 -> #DIV/0! | X77: 1240000 | Y77: 1325000 | Z77: 2500 | AA77: 0.042 | AB77: 2446 | AC77: 2498 | AD77: 23800 | AE77: 3010 | AF77: =P77*AB77 -> 0 | AG77: =Q77*AC77 -> 0 | AH77: =R77*AD77 -> 0 | AI77: =S77*AE77 -> 0 | AJ77: =SUM(Tabla1[[#This Row],[COSTO OPERATIVO ACIDO]:[COSTO OPERATIVO OXIDANTE]]) -> 0 | AK77: 2500 | AL77: =AJ77/K77 -> #DIV/0!
A78: =A77 -> 46048 | B78: =DAY(Tabla1[[#This Row],[FECHA]]) -> 26 | C78: 2 (MAÑANA) | D78: 2 | E78: FINAL TURNO 1 | F78: 1232 | G78: 1655 | H78: 92.77 | I78: 0 | J78: 92806 | K78: 0 | L78: =F78-F79 -> 0 | M78: =G78-G79 -> 0 | N78: =H78-H79 -> 0 | O78: =Tabla1[[#This Row],[CONSUMO SOLUCIÓN OXIDANTE (L)]] -> 0 | P78: =(L78*$X$2)/1000000 -> 0 | Q78: =(M78*$Y$2)/1000000 -> 0 | R78: =Tabla1[[#This Row],[CONSUMO POL ANIONICO (KG)]] -> 0 | S78: =Tabla1[[#This Row],[CONSUMO OXIDANTE SOLUCIÓN(L)]]*Tabla1[[#This Row],[DENSIDAD OXIDANTE]] -> 0 | T78: =(P78*1000)/K78 -> #DIV/0! | U78: =(Q78*1000)/K78 -> #DIV/0! | V78: =(R78*1000)/K78 -> #DIV/0! | W78: =(S78*1000)/K78 -> #DIV/0! | X78: 1240000 | Y78: 1325000 | Z78: 2500 | AA78: 0.042 | AB78: 2446 | AC78: 2498 | AD78: 23800 | AE78: 3010 | AF78: =P78*AB78 -> 0 | AG78: =Q78*AC78 -> 0 | AH78: =R78*AD78 -> 0 | AI78: =S78*AE78 -> 0 | AJ78: =SUM(Tabla1[[#This Row],[COSTO OPERATIVO ACIDO]:[COSTO OPERATIVO OXIDANTE]]) -> 0 | AK78: 2500 | AL78: =AJ78/K78 -> #DIV/0!
A79: =A78 -> 46048 | B79: =DAY(Tabla1[[#This Row],[FECHA]]) -> 26 | C79: 3(TARDE) | D79: 3 | E79: FINAL TURNO 2 | F79: 1232 | G79: 1655 | H79: 92.77 | I79: 0 | J79: 92806 | K79: 0 | L79: =F79-F80 -> 0 | M79: =G79-G80 -> 0 | N79: =H79-H80 -> 0 | O79: =Tabla1[[#This Row],[CONSUMO SOLUCIÓN OXIDANTE (L)]] -> 0 | P79: =(L79*$X$2)/1000000 -> 0 | Q79: =(M79*$Y$2)/1000000 -> 0 | R79: =Tabla1[[#This Row],[CONSUMO POL ANIONICO (KG)]] -> 0 | S79: =Tabla1[[#This Row],[CONSUMO OXIDANTE SOLUCIÓN(L)]]*Tabla1[[#This Row],[DENSIDAD OXIDANTE]] -> 0 | T79: =(P79*1000)/K79 -> #DIV/0! | U79: =(Q79*1000)/K79 -> #DIV/0! | V79: =(R79*1000)/K79 -> #DIV/0! | W79: =(S79*1000)/K79 -> #DIV/0! | X79: 1240000 | Y79: 1325000 | Z79: 2500 | AA79: 0.042 | AB79: 2446 | AC79: 2498 | AD79: 23800 | AE79: 3010 | AF79: =P79*AB79 -> 0 | AG79: =Q79*AC79 -> 0 | AH79: =R79*AD79 -> 0 | AI79: =S79*AE79 -> 0 | AJ79: =SUM(Tabla1[[#This Row],[COSTO OPERATIVO ACIDO]:[COSTO OPERATIVO OXIDANTE]]) -> 0 | AK79: 2500 | AL79: =AJ79/K79 -> #DIV/0!
A80: =A79+1 -> 46049 | B80: =DAY(Tabla1[[#This Row],[FECHA]]) -> 27 | C80: 1 (NOCHE) | D80: 1 | E80: FINAL TURNO 3 | F80: 1232 | G80: 1655 | H80: 92.77 | I80: 0 | J80: 92806 | K80: 0 | L80: =F80-F81 -> 0 | M80: =G80-G81 -> 0 | N80: =H80-H81 -> 0 | O80: =Tabla1[[#This Row],[CONSUMO SOLUCIÓN OXIDANTE (L)]] -> 0 | P80: =(L80*$X$2)/1000000 -> 0 | Q80: =(M80*$Y$2)/1000000 -> 0 | R80: =Tabla1[[#This Row],[CONSUMO POL ANIONICO (KG)]] -> 0 | S80: =Tabla1[[#This Row],[CONSUMO OXIDANTE SOLUCIÓN(L)]]*Tabla1[[#This Row],[DENSIDAD OXIDANTE]] -> 0 | T80: =(P80*1000)/K80 -> #DIV/0! | U80: =(Q80*1000)/K80 -> #DIV/0! | V80: =(R80*1000)/K80 -> #DIV/0! | W80: =(S80*1000)/K80 -> #DIV/0! | X80: 1240000 | Y80: 1325000 | Z80: 2500 | AA80: 0.042 | AB80: 2446 | AC80: 2498 | AD80: 23800 | AE80: 3010 | AF80: =P80*AB80 -> 0 | AG80: =Q80*AC80 -> 0 | AH80: =R80*AD80 -> 0 | AI80: =S80*AE80 -> 0 | AJ80: =SUM(Tabla1[[#This Row],[COSTO OPERATIVO ACIDO]:[COSTO OPERATIVO OXIDANTE]]) -> 0 | AK80: 2500 | AL80: =AJ80/K80 -> #DIV/0!
A81: =A80 -> 46049 | B81: =DAY(Tabla1[[#This Row],[FECHA]]) -> 27 | C81: 2 (MAÑANA) | D81: 2 | E81: FINAL TURNO 1 | F81: 1232 | G81: 1655 | H81: 92.77 | I81: 0 | J81: 92806 | K81: 0 | L81: =F81-F82 -> 0 | M81: =G81-G82 -> 0 | N81: =H81-H82 -> 0 | O81: =Tabla1[[#This Row],[CONSUMO SOLUCIÓN OXIDANTE (L)]] -> 0 | P81: =(L81*$X$2)/1000000 -> 0 | Q81: =(M81*$Y$2)/1000000 -> 0 | R81: =Tabla1[[#This Row],[CONSUMO POL ANIONICO (KG)]] -> 0 | S81: =Tabla1[[#This Row],[CONSUMO OXIDANTE SOLUCIÓN(L)]]*Tabla1[[#This Row],[DENSIDAD OXIDANTE]] -> 0 | T81: =(P81*1000)/K81 -> #DIV/0! | U81: =(Q81*1000)/K81 -> #DIV/0! | V81: =(R81*1000)/K81 -> #DIV/0! | W81: =(S81*1000)/K81 -> #DIV/0! | X81: 1240000 | Y81: 1325000 | Z81: 2500 | AA81: 0.042 | AB81: 2446 | AC81: 2498 | AD81: 23800 | AE81: 3010 | AF81: =P81*AB81 -> 0 | AG81: =Q81*AC81 -> 0 | AH81: =R81*AD81 -> 0 | AI81: =S81*AE81 -> 0 | AJ81: =SUM(Tabla1[[#This Row],[COSTO OPERATIVO ACIDO]:[COSTO OPERATIVO OXIDANTE]]) -> 0 | AK81: 2500 | AL81: =AJ81/K81 -> #DIV/0!
A82: =A81 -> 46049 | B82: =DAY(Tabla1[[#This Row],[FECHA]]) -> 27 | C82: 3(TARDE) | D82: 3 | E82: FINAL TURNO 2 | F82: 1232 | G82: 1655 | H82: 92.77 | I82: 0 | J82: 92806 | K82: 0 | L82: =F82-F83 -> 0 | M82: =G82-G83 -> 0 | N82: =H82-H83 -> 0 | O82: =Tabla1[[#This Row],[CONSUMO SOLUCIÓN OXIDANTE (L)]] -> 0 | P82: =(L82*$X$2)/1000000 -> 0 | Q82: =(M82*$Y$2)/1000000 -> 0 | R82: =Tabla1[[#This Row],[CONSUMO POL ANIONICO (KG)]] -> 0 | S82: =Tabla1[[#This Row],[CONSUMO OXIDANTE SOLUCIÓN(L)]]*Tabla1[[#This Row],[DENSIDAD OXIDANTE]] -> 0 | T82: =(P82*1000)/K82 -> #DIV/0! | U82: =(Q82*1000)/K82 -> #DIV/0! | V82: =(R82*1000)/K82 -> #DIV/0! | W82: =(S82*1000)/K82 -> #DIV/0! | X82: 1240000 | Y82: 1325000 | Z82: 2500 | AA82: 0.042 | AB82: 2446 | AC82: 2498 | AD82: 23800 | AE82: 3010 | AF82: =P82*AB82 -> 0 | AG82: =Q82*AC82 -> 0 | AH82: =R82*AD82 -> 0 | AI82: =S82*AE82 -> 0 | AJ82: =SUM(Tabla1[[#This Row],[COSTO OPERATIVO ACIDO]:[COSTO OPERATIVO OXIDANTE]]) -> 0 | AK82: 2500 | AL82: =AJ82/K82 -> #DIV/0!
A83: =A82+1 -> 46050 | B83: =DAY(Tabla1[[#This Row],[FECHA]]) -> 28 | C83: 1 (NOCHE) | D83: 1 | E83: FINAL TURNO 3 | F83: 1232 | G83: 1655 | H83: 92.77 | I83: 0 | J83: 92806 | K83: 0 | L83: =F83-F84 -> 0 | M83: =G83-G84 -> 0 | N83: =H83-H84 -> 0 | O83: =Tabla1[[#This Row],[CONSUMO SOLUCIÓN OXIDANTE (L)]] -> 0 | P83: =(L83*$X$2)/1000000 -> 0 | Q83: =(M83*$Y$2)/1000000 -> 0 | R83: =Tabla1[[#This Row],[CONSUMO POL ANIONICO (KG)]] -> 0 | S83: =Tabla1[[#This Row],[CONSUMO OXIDANTE SOLUCIÓN(L)]]*Tabla1[[#This Row],[DENSIDAD OXIDANTE]] -> 0 | T83: =(P83*1000)/K83 -> #DIV/0! | U83: =(Q83*1000)/K83 -> #DIV/0! | V83: =(R83*1000)/K83 -> #DIV/0! | W83: =(S83*1000)/K83 -> #DIV/0! | X83: 1240000 | Y83: 1325000 | Z83: 2500 | AA83: 0.042 | AB83: 2446 | AC83: 2498 | AD83: 23800 | AE83: 3010 | AF83: =P83*AB83 -> 0 | AG83: =Q83*AC83 -> 0 | AH83: =R83*AD83 -> 0 | AI83: =S83*AE83 -> 0 | AJ83: =SUM(Tabla1[[#This Row],[COSTO OPERATIVO ACIDO]:[COSTO OPERATIVO OXIDANTE]]) -> 0 | AK83: 2500 | AL83: =AJ83/K83 -> #DIV/0!
A84: =A83 -> 46050 | B84: =DAY(Tabla1[[#This Row],[FECHA]]) -> 28 | C84: 2 (MAÑANA) | D84: 2 | E84: FINAL TURNO 1 | F84: =F83 -> 1232 | G84: 1655 | H84: 92.77 | I84: 0 | J84: 92806 | K84: 0 | L84: =F84-F85 -> 0 | M84: =G84-G85 -> 0 | N84: =H84-H85 -> 0 | O84: =Tabla1[[#This Row],[CONSUMO SOLUCIÓN OXIDANTE (L)]] -> 0 | P84: =(L84*$X$2)/1000000 -> 0 | Q84: =(M84*$Y$2)/1000000 -> 0 | R84: =Tabla1[[#This Row],[CONSUMO POL ANIONICO (KG)]] -> 0 | S84: =Tabla1[[#This Row],[CONSUMO OXIDANTE SOLUCIÓN(L)]]*Tabla1[[#This Row],[DENSIDAD OXIDANTE]] -> 0 | T84: =(P84*1000)/K84 -> #DIV/0! | U84: =(Q84*1000)/K84 -> #DIV/0! | V84: =(R84*1000)/K84 -> #DIV/0! | W84: =(S84*1000)/K84 -> #DIV/0! | X84: 1240000 | Y84: 1325000 | Z84: 2500 | AA84: 0.042 | AB84: 2446 | AC84: 2498 | AD84: 23800 | AE84: 3010 | AF84: =P84*AB84 -> 0 | AG84: =Q84*AC84 -> 0 | AH84: =R84*AD84 -> 0 | AI84: =S84*AE84 -> 0 | AJ84: =SUM(Tabla1[[#This Row],[COSTO OPERATIVO ACIDO]:[COSTO OPERATIVO OXIDANTE]]) -> 0 | AK84: 2500 | AL84: =AJ84/K84 -> #DIV/0!
A85: =A84 -> 46050 | B85: =DAY(Tabla1[[#This Row],[FECHA]]) -> 28 | C85: 3(TARDE) | D85: 3 | E85: FINAL TURNO 2 | F85: 1232 | G85: 1655 | H85: 92.77 | I85: 0 | J85: 92806 | K85: 0 | L85: =F85-F86 -> 0 | M85: =G85-G86 -> 0 | N85: =H85-H86 -> 0 | O85: =Tabla1[[#This Row],[CONSUMO SOLUCIÓN OXIDANTE (L)]] -> 0 | P85: =(L85*$X$2)/1000000 -> 0 | Q85: =(M85*$Y$2)/1000000 -> 0 | R85: =Tabla1[[#This Row],[CONSUMO POL ANIONICO (KG)]] -> 0 | S85: =Tabla1[[#This Row],[CONSUMO OXIDANTE SOLUCIÓN(L)]]*Tabla1[[#This Row],[DENSIDAD OXIDANTE]] -> 0 | T85: =(P85*1000)/K85 -> #DIV/0! | U85: =(Q85*1000)/K85 -> #DIV/0! | V85: =(R85*1000)/K85 -> #DIV/0! | W85: =(S85*1000)/K85 -> #DIV/0! | X85: 1240000 | Y85: 1325000 | Z85: 2500 | AA85: 0.042 | AB85: 2446 | AC85: 2498 | AD85: 23800 | AE85: 3010 | AF85: =P85*AB85 -> 0 | AG85: =Q85*AC85 -> 0 | AH85: =R85*AD85 -> 0 | AI85: =S85*AE85 -> 0 | AJ85: =SUM(Tabla1[[#This Row],[COSTO OPERATIVO ACIDO]:[COSTO OPERATIVO OXIDANTE]]) -> 0 | AK85: 2500 | AL85: =AJ85/K85 -> #DIV/0!
A86: =A85+1 -> 46051 | B86: =DAY(Tabla1[[#This Row],[FECHA]]) -> 29 | C86: 1 (NOCHE) | D86: 1 | E86: FINAL TURNO 3 | F86: 1232 | G86: 1655 | H86: 92.77 | I86: 0 | J86: 92806 | K86: 0 | L86: =F86-F87 -> 0 | M86: =G86-G87 -> 0 | N86: =H86-H87 -> 0 | O86: =Tabla1[[#This Row],[CONSUMO SOLUCIÓN OXIDANTE (L)]] -> 0 | P86: =(L86*$X$2)/1000000 -> 0 | Q86: =(M86*$Y$2)/1000000 -> 0 | R86: =Tabla1[[#This Row],[CONSUMO POL ANIONICO (KG)]] -> 0 | S86: =Tabla1[[#This Row],[CONSUMO OXIDANTE SOLUCIÓN(L)]]*Tabla1[[#This Row],[DENSIDAD OXIDANTE]] -> 0 | T86: =(P86*1000)/K86 -> #DIV/0! | U86: =(Q86*1000)/K86 -> #DIV/0! | V86: =(R86*1000)/K86 -> #DIV/0! | W86: =(S86*1000)/K86 -> #DIV/0! | X86: 1240000 | Y86: 1325000 | Z86: 2500 | AA86: 0.042 | AB86: 2446 | AC86: 2498 | AD86: 23800 | AE86: 3010 | AF86: =P86*AB86 -> 0 | AG86: =Q86*AC86 -> 0 | AH86: =R86*AD86 -> 0 | AI86: =S86*AE86 -> 0 | AJ86: =SUM(Tabla1[[#This Row],[COSTO OPERATIVO ACIDO]:[COSTO OPERATIVO OXIDANTE]]) -> 0 | AK86: 2500 | AL86: =AJ86/K86 -> #DIV/0!
A87: =A86 -> 46051 | B87: =DAY(Tabla1[[#This Row],[FECHA]]) -> 29 | C87: 2 (MAÑANA) | D87: 2 | E87: FINAL TURNO 1 | F87: 1232 | G87: 1655 | H87: 92.77 | I87: 0 | J87: 92826 | K87: 0 | L87: =F87-F88 -> 0 | M87: =G87-G88 -> 0 | N87: =H87-H88 -> 0 | O87: =Tabla1[[#This Row],[CONSUMO SOLUCIÓN OXIDANTE (L)]] -> 0 | P87: =(L87*$X$2)/1000000 -> 0 | Q87: =(M87*$Y$2)/1000000 -> 0 | R87: =Tabla1[[#This Row],[CONSUMO POL ANIONICO (KG)]] -> 0 | S87: =Tabla1[[#This Row],[CONSUMO OXIDANTE SOLUCIÓN(L)]]*Tabla1[[#This Row],[DENSIDAD OXIDANTE]] -> 0 | T87: =(P87*1000)/K87 -> #DIV/0! | U87: =(Q87*1000)/K87 -> #DIV/0! | V87: =(R87*1000)/K87 -> #DIV/0! | W87: =(S87*1000)/K87 -> #DIV/0! | X87: 1240000 | Y87: 1325000 | Z87: 2500 | AA87: 0.042 | AB87: 2446 | AC87: 2498 | AD87: 23800 | AE87: 3010 | AF87: =P87*AB87 -> 0 | AG87: =Q87*AC87 -> 0 | AH87: =R87*AD87 -> 0 | AI87: =S87*AE87 -> 0 | AJ87: =SUM(Tabla1[[#This Row],[COSTO OPERATIVO ACIDO]:[COSTO OPERATIVO OXIDANTE]]) -> 0 | AK87: 2500 | AL87: =AJ87/K87 -> #DIV/0!
A88: =A87 -> 46051 | B88: =DAY(Tabla1[[#This Row],[FECHA]]) -> 29 | C88: 3(TARDE) | D88: 3 | E88: FINAL TURNO 2 | F88: 1232 | G88: 1655 | H88: 92.77 | I88: 0 | J88: 92826 | K88: 0 | L88: =F88-F89 -> 0 | M88: =G88-G89 -> 0 | N88: =H88-H89 -> 0 | O88: =Tabla1[[#This Row],[CONSUMO SOLUCIÓN OXIDANTE (L)]] -> 0 | P88: =(L88*$X$2)/1000000 -> 0 | Q88: =(M88*$Y$2)/1000000 -> 0 | R88: =Tabla1[[#This Row],[CONSUMO POL ANIONICO (KG)]] -> 0 | S88: =Tabla1[[#This Row],[CONSUMO OXIDANTE SOLUCIÓN(L)]]*Tabla1[[#This Row],[DENSIDAD OXIDANTE]] -> 0 | T88: =(P88*1000)/K88 -> #DIV/0! | U88: =(Q88*1000)/K88 -> #DIV/0! | V88: =(R88*1000)/K88 -> #DIV/0! | W88: =(S88*1000)/K88 -> #DIV/0! | X88: 1240000 | Y88: 1325000 | Z88: 2500 | AA88: 0.042 | AB88: 2446 | AC88: 2498 | AD88: 23800 | AE88: 3010 | AF88: =P88*AB88 -> 0 | AG88: =Q88*AC88 -> 0 | AH88: =R88*AD88 -> 0 | AI88: =S88*AE88 -> 0 | AJ88: =SUM(Tabla1[[#This Row],[COSTO OPERATIVO ACIDO]:[COSTO OPERATIVO OXIDANTE]]) -> 0 | AK88: 2500 | AL88: =AJ88/K88 -> #DIV/0!
A89: =A88+1 -> 46052 | B89: =DAY(Tabla1[[#This Row],[FECHA]]) -> 30 | C89: 1 (NOCHE) | D89: 1 | E89: FINAL TURNO 3 | F89: 1232 | G89: 1655 | H89: 92.77 | I89: 0 | J89: 92826 | K89: 0 | L89: =F89-F90 -> 0 | M89: =G89-G90 -> 0 | N89: =H89-H90 -> 0 | O89: =Tabla1[[#This Row],[CONSUMO SOLUCIÓN OXIDANTE (L)]] -> 0 | P89: =(L89*$X$2)/1000000 -> 0 | Q89: =(M89*$Y$2)/1000000 -> 0 | R89: =Tabla1[[#This Row],[CONSUMO POL ANIONICO (KG)]] -> 0 | S89: =Tabla1[[#This Row],[CONSUMO OXIDANTE SOLUCIÓN(L)]]*Tabla1[[#This Row],[DENSIDAD OXIDANTE]] -> 0 | T89: =(P89*1000)/K89 -> #DIV/0! | U89: =(Q89*1000)/K89 -> #DIV/0! | V89: =(R89*1000)/K89 -> #DIV/0! | W89: =(S89*1000)/K89 -> #DIV/0! | X89: 1240000 | Y89: 1325000 | Z89: 2500 | AA89: 0.042 | AB89: 2446 | AC89: 2498 | AD89: 23800 | AE89: 3010 | AF89: =P89*AB89 -> 0 | AG89: =Q89*AC89 -> 0 | AH89: =R89*AD89 -> 0 | AI89: =S89*AE89 -> 0 | AJ89: =SUM(Tabla1[[#This Row],[COSTO OPERATIVO ACIDO]:[COSTO OPERATIVO OXIDANTE]]) -> 0 | AK89: 2500 | AL89: =AJ89/K89 -> #DIV/0!
A90: =A89 -> 46052 | B90: =DAY(Tabla1[[#This Row],[FECHA]]) -> 30 | C90: 2 (MAÑANA) | D90: 2 | E90: FINAL TURNO 1 | F90: 1232 | G90: 1655 | H90: 92.77 | I90: 0 | J90: 92826 | K90: 0 | L90: =F90-F91 -> 0 | M90: =G90-G91 -> 0 | N90: =H90-H91 -> 0 | O90: =Tabla1[[#This Row],[CONSUMO SOLUCIÓN OXIDANTE (L)]] -> 0 | P90: =(L90*$X$2)/1000000 -> 0 | Q90: =(M90*$Y$2)/1000000 -> 0 | R90: =Tabla1[[#This Row],[CONSUMO POL ANIONICO (KG)]] -> 0 | S90: =Tabla1[[#This Row],[CONSUMO OXIDANTE SOLUCIÓN(L)]]*Tabla1[[#This Row],[DENSIDAD OXIDANTE]] -> 0 | T90: =(P90*1000)/K90 -> #DIV/0! | U90: =(Q90*1000)/K90 -> #DIV/0! | V90: =(R90*1000)/K90 -> #DIV/0! | W90: =(S90*1000)/K90 -> #DIV/0! | X90: 1240000 | Y90: 1325000 | Z90: 2500 | AA90: 0.042 | AB90: 2446 | AC90: 2498 | AD90: 23800 | AE90: 3010 | AF90: =P90*AB90 -> 0 | AG90: =Q90*AC90 -> 0 | AH90: =R90*AD90 -> 0 | AI90: =S90*AE90 -> 0 | AJ90: =SUM(Tabla1[[#This Row],[COSTO OPERATIVO ACIDO]:[COSTO OPERATIVO OXIDANTE]]) -> 0 | AK90: 2500 | AL90: =AJ90/K90 -> #DIV/0!
A91: =A90 -> 46052 | B91: =DAY(Tabla1[[#This Row],[FECHA]]) -> 30 | C91: 3(TARDE) | D91: 3 | E91: FINAL TURNO 2 | F91: 1232 | G91: 1655 | H91: 92.77 | I91: 0 | J91: 92826 | K91: 0 | L91: =F91-F92 -> 0 | M91: =G91-G92 -> 0 | N91: =H91-H92 -> 0 | O91: =Tabla1[[#This Row],[CONSUMO SOLUCIÓN OXIDANTE (L)]] -> 0 | P91: =(L91*$X$2)/1000000 -> 0 | Q91: =(M91*$Y$2)/1000000 -> 0 | R91: =Tabla1[[#This Row],[CONSUMO POL ANIONICO (KG)]] -> 0 | S91: =Tabla1[[#This Row],[CONSUMO OXIDANTE SOLUCIÓN(L)]]*Tabla1[[#This Row],[DENSIDAD OXIDANTE]] -> 0 | T91: =(P91*1000)/K91 -> #DIV/0! | U91: =(Q91*1000)/K91 -> #DIV/0! | V91: =(R91*1000)/K91 -> #DIV/0! | W91: =(S91*1000)/K91 -> #DIV/0! | X91: 1240000 | Y91: 1325000 | Z91: 2500 | AA91: 0.042 | AB91: 2446 | AC91: 2498 | AD91: 23800 | AE91: 3010 | AF91: =P91*AB91 -> 0 | AG91: =Q91*AC91 -> 0 | AH91: =R91*AD91 -> 0 | AI91: =S91*AE91 -> 0 | AJ91: =SUM(Tabla1[[#This Row],[COSTO OPERATIVO ACIDO]:[COSTO OPERATIVO OXIDANTE]]) -> 0 | AK91: 2500 | AL91: =AJ91/K91 -> #DIV/0!
A92: =A91+1 -> 46053 | B92: =DAY(Tabla1[[#This Row],[FECHA]]) -> 31 | C92: 2 (NOCHE) | D92: 4 | E92: FINAL TURNO 3 | F92: 1232 | G92: 1655 | H92: 92.77 | I92: 0 | J92: 92826 | K92: 0 | L92: =F92-F93 -> 0 | M92: =G92-G93 -> 0 | N92: =H92-H93 -> 0 | O92: =Tabla1[[#This Row],[CONSUMO SOLUCIÓN OXIDANTE (L)]] -> 0 | P92: =(L92*$X$2)/1000000 -> 0 | Q92: =(M92*$Y$2)/1000000 -> 0 | R92: =Tabla1[[#This Row],[CONSUMO POL ANIONICO (KG)]] -> 0 | S92: =Tabla1[[#This Row],[CONSUMO OXIDANTE SOLUCIÓN(L)]]*Tabla1[[#This Row],[DENSIDAD OXIDANTE]] -> 0 | T92: =(P92*1000)/K92 -> #DIV/0! | U92: =(Q92*1000)/K92 -> #DIV/0! | V92: =(R92*1000)/K92 -> #DIV/0! | W92: =(S92*1000)/K92 -> #DIV/0! | X92: 1240000 | Y92: 1325000 | Z92: 2500 | AA92: 0.042 | AB92: 2446 | AC92: 2498 | AD92: 23800 | AE92: 3010 | AF92: =P92*AB92 -> 0 | AG92: =Q92*AC92 -> 0 | AH92: =R92*AD92 -> 0 | AI92: =S92*AE92 -> 0 | AJ92: =SUM(Tabla1[[#This Row],[COSTO OPERATIVO ACIDO]:[COSTO OPERATIVO OXIDANTE]]) -> 0 | AK92: 2500 | AL92: =AJ92/K92 -> #DIV/0!
A93: =A92 -> 46053 | B93: =DAY(Tabla1[[#This Row],[FECHA]]) -> 31 | C93: 3 (MAÑANA) | D93: 5 | E93: FINAL TURNO 1 | F93: 1232 | G93: 1655 | H93: 92.77 | I93: 0 | J93: 92826 | K93: 0 | L93: =F93-F94 -> 0 | M93: =G93-G94 -> 0 | N93: =H93-H94 -> 0 | O93: =Tabla1[[#This Row],[CONSUMO SOLUCIÓN OXIDANTE (L)]] -> 0 | P93: =(L93*$X$2)/1000000 -> 0 | Q93: =(M93*$Y$2)/1000000 -> 0 | R93: =Tabla1[[#This Row],[CONSUMO POL ANIONICO (KG)]] -> 0 | S93: =Tabla1[[#This Row],[CONSUMO OXIDANTE SOLUCIÓN(L)]]*Tabla1[[#This Row],[DENSIDAD OXIDANTE]] -> 0 | T93: =(P93*1000)/K93 -> #DIV/0! | U93: =(Q93*1000)/K93 -> #DIV/0! | V93: =(R93*1000)/K93 -> #DIV/0! | W93: =(S93*1000)/K93 -> #DIV/0! | X93: 1240000 | Y93: 1325000 | Z93: 2500 | AA93: 0.042 | AB93: 2446 | AC93: 2498 | AD93: 23800 | AE93: 3010 | AF93: =P93*AB93 -> 0 | AG93: =Q93*AC93 -> 0 | AH93: =R93*AD93 -> 0 | AI93: =S93*AE93 -> 0 | AJ93: =SUM(Tabla1[[#This Row],[COSTO OPERATIVO ACIDO]:[COSTO OPERATIVO OXIDANTE]]) -> 0 | AK93: 2500 | AL93: =AJ93/K93 -> #DIV/0!
A94: =A93 -> 46053 | B94: =DAY(Tabla1[[#This Row],[FECHA]]) -> 31 | C94: 3(TARDE) | D94: 6 | E94: FINAL TURNO 2 | F94: 1232 | G94: 1655 | H94: 92.77 | I94: 0 | J94: 92826 | K94: 0 | L94: =F94-F95 -> 1232 | M94: =G94-G95 -> 1655 | N94: =H94-H95 -> 92.77 | O94: =Tabla1[[#This Row],[CONSUMO SOLUCIÓN OXIDANTE (L)]] -> 0 | P94: =(L94*$X$2)/1000000 -> 1527.68 | Q94: =(M94*$Y$2)/1000000 -> 2192.875 | R94: =Tabla1[[#This Row],[CONSUMO POL ANIONICO (KG)]] -> 92.77 | S94: =Tabla1[[#This Row],[CONSUMO OXIDANTE SOLUCIÓN(L)]]*Tabla1[[#This Row],[DENSIDAD OXIDANTE]] -> 0 | T94: =(P94*1000)/K94 -> #DIV/0! | U94: =(Q94*1000)/K94 -> #DIV/0! | V94: =(R94*1000)/K94 -> #DIV/0! | W94: =(S94*1000)/K94 -> #DIV/0! | X94: 1240000 | Y94: 1325000 | Z94: 2500 | AA94: 0.042 | AB94: 2446 | AC94: 2498 | AD94: 23800 | AE94: 3010 | AF94: =P94*AB94 -> 3736705.3 | AG94: =Q94*AC94 -> 5477801.8 | AH94: =R94*AD94 -> 2207926 | AI94: =S94*AE94 -> 0 | AJ94: =SUM(Tabla1[[#This Row],[COSTO OPERATIVO ACIDO]:[COSTO OPERATIVO OXIDANTE]]) -> 11422433 | AK94: 2500 | AL94: =AJ94/K94 -> #DIV/0!
S95: =SUM(Tabla1[KG OXIDANTE]) -> 4.368

Sheet DB QUIMICA
A1: CONSUMO DE QUIMICO | M1: TABLA GRAFICA 1 Y 2 . CONSUMO QUIMICO DETALLADO | U1: TABLA GRAFICA 2. COSTO CONSUMO QUIMICO VS $M3
A2: PTAP-PTAR FUNZA
B3: CONSUMO QUIMICO PPM
L4: FECHA | M4: COF 235 - PPM COAGULANTE | N4: COF 280 - PPM ACIDO | O4: COF 440 - PPM POL ANIONICO | P4: COF 494 - PPM POL CATIONICO | U4: DIA | V4: LIMITE INDICADOR M3 | W4: INDICADOR $M3. | X4: CAUDAL TOTAL TRATADO PTAP
L5: 46023 | M5: 0 | N5: 0 | O5: 0 | P5: 0 | U5: 1 | V5: 2500 | W5: 0 | X5: 0
L6: 46024 | M6: 0 | N6: 0 | O6: 0 | P6: 0 | U6: 2 | V6: 2500 | W6: 2549.32 | X6: 18
L7: 46025 | M7: 0 | N7: 0 | O7: 0 | P7: 0 | U7: 3 | V7: 2500 | W7: 2609.4027 | X7: 30
L8: 46026 | M8: 0 | N8: 0 | O8: 0 | P8: 0 | U8: 4 | V8: 2500 | W8: 0 | X8: 0
L9: 46027 | M9: 0 | N9: 0 | O9: 0 | P9: 0 | U9: 5 | V9: 2500 | W9: 0 | X9: 0
L10: 46028 | M10: 0 | N10: 0 | O10: 0 | P10: 0 | U10: 6 | V10: 2500 | W10: 0 | X10: 0
L11: 46029 | M11: 0 | N11: 0 | O11: 0 | P11: 0 | U11: 7 | V11: 2500 | W11: 0 | X11: 0
L12: 46030 | M12: 0 | N12: 0 | O12: 0 | P12: 0 | U12: 8 | V12: 2500 | W12: 0 | X12: 0
L13: 46031 | M13: 0 | N13: 0 | O13: 0 | P13: 0 | U13: 9 | V13: 2500 | W13: 0 | X13: 0
L14: 46032 | M14: 0 | N14: 0 | O14: 0 | P14: 0 | U14: 10 | V14: 2500 | W14: 0 | X14: 0
L15: 46033 | M15: 0 | N15: 0 | O15: 0 | P15: 0 | U15: 11 | V15: 2500 | W15: 0 | X15: 0
L16: 46034 | M16: 0 | N16: 0 | O16: 0 | P16: 0 | U16: 12 | V16: 2500 | W16: 0 | X16: 0
... L27: 46045 | M27: 0 | N27: 0 | O27: 0 | P27: 0 | U27: 23 | V27: 2500 | W27: 0 | X27: 0
B28: COSTO TTO - CAUDAL TRATADO PTAP FUNZA Vs $M3 | L28: 46046 | M28: 0 | N28: 0 | O28: 0 | P28: 0 | U28: 24 | V28: 2500 | W28: 0 | X28: 0
L29: 46047 | M29: 0 | N29: 0 | O29: 0 | P29: 0 | U29: 25 | V29: 2500 | W29: 0 | X29: 0
A30: s | L30: 46048 | M30: 0 | N30: 0 | O30: 0 | P30: 0 | U30: 26 | V30: 2500 | W30: 0 | X30: 0
L31: 46049 | M31: 0 | N31: 0 | O31: 0 | P31: 0 | U31: 27 | V31: 2500 | W31: 0 | X31: 0
L32: 46050 | M32: 0 | N32: 0 | O32: 0 | P32: 0 | U32: 28 | V32: 2500 | W32: 0 | X32: 0
L33: 46051 | M33: 0 | N33: 0 | O33: 0 | P33: 0 | U33: 29 | V33: 2500 | W33: 0 | X33: 0
L34: 46052 | M34: 0 | N34: 0 | O34: 0 | P34: 0 | U34: 30 | V34: 2500 | W34: 0 | X34: 0
L35: 46053 | M35: 0 | N35: 0 | O35: 0 | P35: 0 | U35: 31 | V35: 2500 | W35: 0 | X35: 0
L36: Total general | M36: 0 | N36: 0 | O36: 0 | P36: 0 | U36: Total general | V36: 2500 | W36: 36921.15 | X36: 333
B51: CONSOLIDADO COSTO TTO - CAUDAL TRATADO PTAP Vs $M3
B53: ACUMULADO CAUDAL TRATADO
B54: TOTAL CAUDAL TRATADO | C54: $m3 | D54: 872310
B55: =GETPIVOTDATA("CAUDAL TOTAL TRATADO PTAP ",$U$4) -> 333 | C55: =D54/B55 -> 2619.5495 | D55: =C55*B55 -> 872310
D56: =C55*B55 -> 872310

Sheet CONSUMO QUÍMICA-CAUDALES GEM  
A1: CONSOLIDADO CONSUMO DIARIO QUÍMICA (Litros)
B2: DIAS
A3: PRODUCTOS QUÍMICOS | B3: 1 | C3: 2 | D3: 3 | E3: 4 | F3: 5 | G3: 6 | H3: 7 | I3: 8 | J3: 9 | K3: 10 | L3: 11 | M3: 12 | N3: 13 | O3: 14 | P3: 15 | Q3: 16 | R3: 17 | S3: 18 | T3: 19 | U3: 20 | V3: 21 | W3: 22 | X3: 23 | Y3: 24 | Z3: 25 | AA3: 26 | AB3: 27 | AC3: 28 | AD3: 29 | AE3: 30 | AF3: 31 | AG3: Total general
A4: COF 280 ACIDO (L) | B4: 0 | C4: 6 | D4: 10 | E4: 0 | F4: 0 | G4: 0 | H4: 0 | I4: 0 | J4: 0 | K4: 0 | L4: 0 | M4: 0 | N4: 0 | O4: 0 | P4: 0 | Q4: 28 | R4: 0 | S4: 0 | T4: 0 | U4: 0 | V4: 29 | W4: 46 | X4: 0 | Y4: 0 | Z4: 0 | AA4: 0 | AB4: 0 | AC4: 0 | AD4: 0 | AE4: 0 | AF4: 1232 | AG4: 1351
A5: COF 235 COAGULANTE (L) | B5: 0 | C5: 8 | D5: 14 | E5: 0 | F5: 0 | G5: 0 | H5: 0 | I5: 0 | J5: 0 | K5: 0 | L5: 0 | M5: 0 | N5: 0 | O5: 0 | P5: 0 | Q5: 29 | R5: 0 | S5: 0 | T5: 0 | U5: 0 | V5: 36 | W5: 58 | X5: 0 | Y5: 0 | Z5: 0 | AA5: 0 | AB5: 0 | AC5: 0 | AD5: 0 | AE5: 0 | AF5: 1655 | AG5: 1800
A6: COF 440 POL ANIONICO (KG) | B6: 0 | C6: 0.019 | D6: 0.02 | E6: 0 | F6: 0 | G6: 0 | H6: 0 | I6: 0 | J6: 0 | K6: 0 | L6: 0 | M6: 0 | N6: 0 | O6: 0 | P6: 0 | Q6: 0.2 | R6: 0 | S6: 0 | T6: 0 | U6: 0 | V6: 0.2 | W6: 0.33 | X6: 0 | Y6: 0 | Z6: 0 | AA6: 0 | AB6: 0 | AC6: 0 | AD6: 0 | AE6: 0 | AF6: 92.77 | AG6: 93.539
A7: OXIDANTE SOLUCIÓN(L) | B7: 0 | C7: 6 | D7: 9 | E7: 0 | F7: 0 | G7: 0 | H7: 0 | I7: 0 | J7: 0 | K7: 0 | L7: 0 | M7: 10 | N7: 0 | O7: 0 | P7: 0 | Q7: 17 | R7: 0 | S7: 0 | T7: 0 | U7: 0 | V7: 24 | W7: 38 | X7: 0 | Y7: 0 | Z7: 0 | AA7: 0 | AB7: 0 | AC7: 0 | AD7: 0 | AE7: 0 | AF7: 0 | AG7: 104
A10: CONSOLIDADO CONSUMO DIARIO QUÍMICA (Kg)
B11: DIAS
A12: PRODUCTOS QUÍMICOS | B12: 1 | C12: 2 | D12: 3 | E12: 4 | F12: 5 | G12: 6 | H12: 7 | I12: 8 | J12: 9 | K12: 10 | L12: 11 | M12: 12 | N12: 13 | O12: 14 | P12: 15 | Q12: 16 | R12: 17 | S12: 18 | T12: 19 | U12: 20 | V12: 21 | W12: 22 | X12: 23 | Y12: 24 | Z12: 25 | AA12: 26 | AB12: 27 | AC12: 28 | AD12: 29 | AE12: 30 | AF12: 31 | AG12: Total general
A13: COF 280 - KG ACIDO | B13: 0 | C13: 7.44 | D13: 12.4 | E13: 0 | F13: 0 | G13: 0 | H13: 0 | I13: 0 | J13: 0 | K13: 0 | L13: 0 | M13: 0 | N13: 0 | O13: 0 | P13: 0 | Q13: 34.72 | R13: 0 | S13: 0 | T13: 0 | U13: 0 | V13: 35.96 | W13: 57.04 | X13: 0 | Y13: 0 | Z13: 0 | AA13: 0 | AB13: 0 | AC13: 0 | AD13: 0 | AE13: 0 | AF13: 1527.68 | AG13: 1675.24
A14: COF 235 - KG COAGULANTE | B14: 0 | C14: 10.6 | D14: 18.55 | E14: 0 | F14: 0 | G14: 0 | H14: 0 | I14: 0 | J14: 0 | K14: 0 | L14: 0 | M14: 0 | N14: 0 | O14: 0 | P14: 0 | Q14: 38.425 | R14: 0 | S14: 0 | T14: 0 | U14: 0 | V14: 47.7 | W14: 76.85 | X14: 0 | Y14: 0 | Z14: 0 | AA14: 0 | AB14: 0 | AC14: 0 | AD14: 0 | AE14: 0 | AF14: 2192.875 | AG14: 2385
A15: COF 440 - KG POL ANIONICO | B15: 0 | C15: 0.019 | D15: 0.02 | E15: 0 | F15: 0 | G15: 0 | H15: 0 | I15: 0 | J15: 0 | K15: 0 | L15: 0 | M15: 0 | N15: 0 | O15: 0 | P15: 0 | Q15: 0.2 | R15: 0 | S15: 0 | T15: 0 | U15: 0 | V15: 0.2 | W15: 0.33 | X15: 0 | Y15: 0 | Z15: 0 | AA15: 0 | AB15: 0 | AC15: 0 | AD15: 0 | AE15: 0 | AF15: 92.77 | AG15: 93.539
A16: KG OXIDANTE | B16: 0 | C16: 0.252 | D16: 0.378 | E16: 0 | F16: 0 | G16: 0 | H16: 0 | I16: 0 | J16: 0 | K16: 0 | L16: 0 | M16: 0.42 | N16: 0 | O16: 0 | P16: 0 | Q16: 0.714 | R16: 0 | S16: 0 | T16: 0 | U16: 0 | V16: 1.008 | W16: 1.596 | X16: 0 | Y16: 0 | Z16: 0 | AA16: 0 | AB16: 0 | AC16: 0 | AD16: 0 | AE16: 0 | AF16: 0 | AG16: 4.368
A19: CONSOLIDADO DOSIFICACIÓN QUÍMICA PPM (mg/L)
B20: DIAS
A21: PRODUCTOS QUÍMICOS | B21: 1 | C21: 2 | D21: 3 | E21: 4 | F21: 5 | G21: 6 | H21: 7 | I21: 8 | J21: 9 | K21: 10 | L21: 11 | M21: 12 | N21: 13 | O21: 14 | P21: 15 | Q21: 16 | R21: 17 | S21: 18 | T21: 19 | U21: 20 | V21: 21 | W21: 22 | X21: 23 | Y21: 24 | Z21: 25 | AA21: 26 | AB21: 27 | AC21: 28 | AD21: 29 | AE21: 30 | AF21: 31
A22: COF 280 - PPM ACIDO | B22: #NAME? | C22: #NAME? | D22: #NAME? | E22: #NAME? | F22: #NAME? | G22: #NAME? | H22: #NAME? | I22: #NAME? | J22: #NAME? | K22: #NAME? | L22: #NAME? | M22: #NAME? | N22: #NAME? | O22: #NAME? | P22: #NAME? | Q22: #NAME? | R22: #NAME? | S22: #NAME? | T22: #NAME? | U22: #NAME? | V22: #NAME? | W22: #NAME? | X22: #NAME? | Y22: #NAME? | Z22: #NAME? | AA22: #NAME? | AB22: #NAME? | AC22: #NAME? | AD22: #NAME? | AE22: #NAME? | AF22: #NAME?
A23: COF 235 - PPM COAGULANTE | B23: #NAME? | C23: #NAME? | D23: #NAME? | E23: #NAME? | F23: #NAME? | G23: #NAME? | H23: #NAME? | I23: #NAME? | J23: #NAME? | K23: #NAME? | L23: #NAME? | M23: #NAME? | N23: #NAME? | O23: #NAME? | P23: #NAME? | Q23: #NAME? | R23: #NAME? | S23: #NAME? | T23: #NAME? | U23: #NAME? | V23: #NAME? | W23: #NAME? | X23: #NAME? | Y23: #NAME? | Z23: #NAME? | AA23: #NAME? | AB23: #NAME? | AC23: #NAME? | AD23: #NAME? | AE23: #NAME? | AF23: #NAME?
A24: COF 255 - PPM DECOLORANTE | B24: #NAME? | C24: #NAME? | D24: #NAME? | E24: #NAME? | F24: #NAME? | G24: #NAME? | H24: #NAME? | I24: #NAME? | J24: #NAME? | K24: #NAME? | L24: #NAME? | M24: #NAME? | N24: #NAME? | O24: #NAME? | P24: #NAME? | Q24: #NAME? | R24: #NAME? | S24: #NAME? | T24: #NAME? | U24: #NAME? | V24: #NAME? | W24: #NAME? | X24: #NAME? | Y24: #NAME? | Z24: #NAME? | AA24: #NAME? | AB24: #NAME? | AC24: #NAME? | AD24: #NAME? | AE24: #NAME? | AF24: #NAME?
A25: COF 440 - PPM POL ANIONICO | B25: #NAME? | C25: #NAME? | D25: #NAME? | E25: #NAME? | F25: #NAME? | G25: #NAME? | H25: #NAME? | I25: #NAME? | J25: #NAME? | K25: #NAME? | L25: #NAME? | M25: #NAME? | N25: #NAME? | O25: #NAME? | P25: #NAME? | Q25: #NAME? | R25: #NAME? | S25: #NAME? | T25: #NAME? | U25: #NAME? | V25: #NAME? | W25: #NAME? | X25: #NAME? | Y25: #NAME? | Z25: #NAME? | AA25: #NAME? | AB25: #NAME? | AC25: #NAME? | AD25: #NAME? | AE25: #NAME? | AF25: #NAME?
A26: COF 494 - PPM POL CATIONICO | B26: #NAME? | C26: #NAME? | D26: #NAME? | E26: #NAME? | F26: #NAME? | G26: #NAME? | H26: #NAME? | I26: #NAME? | J26: #NAME? | K26: #NAME? | L26: #NAME? | M26: #NAME? | N26: #NAME? | O26: #NAME? | P26: #NAME? | Q26: #NAME? | R26: #NAME? | S26: #NAME? | T26: #NAME? | U26: #NAME? | V26: #NAME? | W26: #NAME? | X26: #NAME? | Y26: #NAME? | Z26: #NAME? | AA26: #NAME? | AB26: #NAME? | AC26: #NAME? | AD26: #NAME? | AE26: #NAME? | AF26: #NAME?
A29: DIAS
A30: 1 | B30: 2 | C30: 3 | D30: 4 | E30: 5 | F30: 6 | G30: 7 | H30: 8 | I30: 9 | J30: 10 | K30: 11 | L30: 12 | M30: 13 | N30: 14 | O30: 15 | P30: 16 | Q30: 17 | R30: 18 | S30: 19 | T30: 20 | U30: 21 | V30: 22 | W30: 23 | X30: 24 | Y30: 25 | Z30: 26 | AA30: 27 | AB30: 28 | AC30: 29 | AD30: 30 | AE30: 31 | AF30: Total general

Sheet INVENTARIO INSUMOS QUÍMICOS GEM
B2: PRODUCTOS QUÍMICOS | C2: Densidad (g/ml) | D2: INVENTARIO INICIO DE MES | F2: CONSOLIDADO CONSUMO QUÍMICA MENSUAL | H2: TOTAL SUMINISTRO QUÍMICOS (PROVEEDOR) | J2: INVENTARIO ACTUALIZADO | L2: TOTAL EXTRA PROVEDOR | N2: INVENTARIO ACTUALIZADO REAL
D3: Litros | E3: Kg | F3: Litros | G3: Kg | H3: Litros | I3: Kg | J3: Litros | K3: Kg | L3: Litros | M3: Kg | N3: Litros | O3: Kg
B4: Ácido COF280 | C4: 1.24 | D4: 1430 | E4: =D4*C4 -> 1773.2 | F4: =GETPIVOTDATA("COF 280 ACIDO (L)",'CONSUMO QUÍMICA-CAUDALES GEM '!$A$2) -> 1351 | G4: =GETPIVOTDATA("COF 280 - KG ACIDO",'CONSUMO QUÍMICA-CAUDALES GEM '!$A$11) -> 1675.24 | H4: =(+C14+E14+G14+I14+K14+M14+O14+Q14+S14) -> 3000 | I4: =H4*C4 -> 3720 | J4: =(D4+H4)-F4 -> 3079 | K4: =J4*$C4 -> 3817.96 | L4: 0 | M4: =L4*$C4 -> 0 | N4: 0 | O4: =N4*$C4 -> 0
B5: Coagulante COF235 | C5: 1.325 | D5: 770 | E5: =D5*C5 -> 1020.25 | F5: =GETPIVOTDATA("COF 235 COAGULANTE (L)",'CONSUMO QUÍMICA-CAUDALES GEM '!$A$2) -> 1800 | G5: =GETPIVOTDATA("COF 235 - KG COAGULANTE",'CONSUMO QUÍMICA-CAUDALES GEM '!$A$11) -> 2385 | H5: =(+C15+E15+G15+I15+K15+M15+O15+Q15+S15) -> 4000 | I5: =H5*C5 -> 5300 | J5: =(D5+H5)-F5 -> 2970 | K5: =J5*$C5 -> 3935.25 | L5: 0 | M5: =L5*$C5 -> 0 | N5: =J5-L5 -> 2970 | O5: =N5*$C5 -> 3935.25
B6: Polimero COF440 (Aniónico) | C6: 0.0025 | D6: 7700 | E6: =D6*C6 -> 19.25 | F6: =(GETPIVOTDATA("COF 440 POL ANIONICO (KG)",'CONSUMO QUÍMICA-CAUDALES GEM '!$A$2)/C6) -> 37415.6 | G6: =GETPIVOTDATA("COF 440 - KG POL ANIONICO ",'CONSUMO QUÍMICA-CAUDALES GEM '!$A$11) -> 93.539 | H6: =(+C16+E16+G16+I16+K16+M16+O16+Q16+S16) -> 20000 | I6: =H6*C6 -> 50 | J6: =(D6+H6)-F6 -> -9715.6 | K6: =J6*$C6 -> -24.289 | L6: 0 | M6: =L6*$C6 -> 0 | N6: =J6-L6 -> -9715.6 | O6: =N6*$C6 -> -24.289
B7: OXIDANTE | C7: 0.0025 | D7: 0 | E7: =D7*C7 -> 0 | F7: =(GETPIVOTDATA("COF 440 POL ANIONICO (KG)",'CONSUMO QUÍMICA-CAUDALES GEM '!$A$2)/C7) -> 37415.6 | G7: =GETPIVOTDATA("COF 440 - KG POL ANIONICO ",'CONSUMO QUÍMICA-CAUDALES GEM '!$A$11) -> 93.539 | H7: =(+C17+E17+G17+I17+K17+M17+O17+Q17+S17) -> 0 | I7: =H7*C7 -> 0 | J7: =(D7+H7)-F7 -> -37415.6 | K7: =J7*$C7 -> -93.539 | L7: 0 | M7: =L7*$C7 -> 0 | N7: =J7-L7 -> -37415.6 | O7: =N7*$C7 -> -93.539
B9: PRODUCTOS QUÍMICOS | C9: ENTREGAS DE INSUMOS QUÍMICOS PROVEEEDOR COFAI (FECHA)
C10: 45694
C11: REM No | D11: O T | E11: REM No | F11: O T | G11: REM No | H11: O T | I11: REM No | J11: O T | K11: REM No | L11: O T | M11: REM No | N11: O T | O11: REM No | P11: O T | Q11: REM No | R11: O T | S11: REM No | T11: O T
C13: Litros | D13: Kg | E13: Litros | F13: Kg | G13: Litros | H13: Kg | I13: Litros | J13: Kg | K13: Litros | L13: Kg | M13: Litros | N13: Kg | O13: Litros | P13: Kg | Q13: Litros | R13: Kg | S13: Litros | T13: Kg
B14: Ácido COF280 | C14: 3000 | D14: =C14*$C$4 -> 3720 | F14: =E14*$C$4 -> 0 | H14: =G14*$C$4 -> 0
B15: Coagulante COF235 | C15: 4000 | D15: =+C15*$C$5 -> 5300 | F15: =+E15*$C$5 -> 0 | H15: =+G15*$C$5 -> 0
B16: Polimero COF440 (Aniónico) | C16: 20000 | D16: =+C16*$C$6 -> 50 | F16: =+E16*$C$6 -> 0 | H16: =+G16*$C$6 -> 0
B17: OXIDANTE | D17: =+C17*$C$7 -> 0 | F17: =+E17*$C$7 -> 0 | H17: =+G17*$C$7 -> 0
B19: PRODUCTOS QUÍMICOS | C19: REGISTRO DENSIDADES DE INSUMOS QUÍMICOS PROVEEEDOR COFAI (FECHA)
C21: Litros | D21: Densidad (g/ml) | E21: Kg | F21: Litros | G21: Densidad (g/ml) | H21: Kg | I21: Litros | J21: Densidad (g/ml) | K21: Kg | L21: Litros | M21: Densidad (g/ml) | N21: Kg | O21: Litros | P21: Densidad (g/ml) | Q21: Kg | R21: Litros | S21: Densidad (g/ml) | T21: Kg | U21: Litros | V21: Densidad (g/ml) | W21: Kg
B22: Ácido COF280 | E22: =C22*D22 -> 0 | H22: =F22*G22 -> 0 | K22: =I22*J22 -> 0 | N22: =L22*M22 -> 0 | Q22: =O22*P22 -> 0 | T22: =R22*S22 -> 0 | W22: =U22*V22 -> 0
B23: Coagulante COF235 | E23: =C23*D23 -> 0 | H23: =F23*G23 -> 0 | K23: =I23*J23 -> 0 | N23: =L23*M23 -> 0 | Q23: =O23*P23 -> 0 | T23: =R23*S23 -> 0 | W23: =U23*V23 -> 0
B24: Polimero COF440 (Aniónico) | E24: =C24*D24 -> 0 | H24: =F24*G24 -> 0 | K24: =I24*J24 -> 0 | N24: =L24*M24 -> 0 | Q24: =O24*P24 -> 0 | T24: =R24*S24 -> 0 | W24: =U24*V24 -> 0
B25: OXIDANTE | E25: =C25*D25 -> 0 | H25: =F25*G25 -> 0 | K25: =I25*J25 -> 0 | N25: =L25*M25 -> 0 | Q25: =O25*P25 -> 0 | T25: =R25*S25 -> 0 | W25: =U25*V25 -> 0
